#번호	바이트	JP	KO
S00:0:0	80	今年は　ジャムを作って{0d}\nそれから　パイに　ケーキに\nアイスクリームってところね曖{08}	올해는 잼을 만들고{0d}\n그다음엔 파이랑 케이크랑\n아이스크림 정도일까♥{08}
S00:0:1	55	なんだよ　レナ\n去年よりバリエーション\nへってるじゃない{08}	뭐야 레나\n작년보다 종류가\n줄었잖아{08}
S00:0:2	69	あたりまえでしょ\nあのシロップづけったら\nまずくてしょうがないんだもの{08}	당연하지\n그 시럽 절임은\n맛없어서 못 먹겠더라{08}
S00:0:3	76	レナは　気がみじかいんだよ{0d}\n色がぬけるまでつけないと\nダメだって　いったのに{08}	레나는 성격이 너무 급해{0d}\n색이 빠질 때까지 절여야\n한다고 말했잖아{08}
S00:0:4	84	そ　{0d}そりゃ　エリーはうまいから\nいいでしょうけど……{0d}{0d}\nふん……　いつか見てなさいよ{08}	그{0d} 그야 엘리는 잘하니까\n괜찮겠지만……{0d}{0d}\n흥…… 두고 보라고{08}
S00:0:5	54	ふぅ　まいったわい……\nここはいったいどこじゃろうか？{08}	휴우 이거 난처하구먼……\n여기는 대체 어디일꼬?{08}
S00:0:6	51	ちょっと　すまんが\n{0d}……いいかな　お嬢ちゃんたち？{08}	실례지만\n{0d}……잠깐 괜찮겠나 아가씨들?{08}
S00:0:7	11	きゃっ！！{08}	꺄악!!{08}
S00:0:8	30	ど　{0d}どこから出てくんのよっ！{08}	어{0d} 어디서 튀어나온 거예요!{08}
S00:0:9	176	なぁに　あちこち歩いているうちに\n迷い込んでしまってのぉ\nあまり気にせんでくれい{08}\n{0c}と{0d}こ{0d}ろ{0d}で……{0d}\nこのあたりの海辺に\n洞窟があるらしいのじゃが……{08}\nお嬢ちゃんたち　知らんかね？{08}	허허 여기저기 걷다 보니\n길을 잃어버렸지 뭔가\n너무 신경 쓰지 말게나{08}\n{0c}그{0d}건{0d} 그{0d}렇{0d}고……{0d}\n이 근처 바닷가에\n동굴이 있다던데……{08}\n아가씨들 혹시 모르나?{08}
S00:0:10	53	うん　あるけど……{0d}\nおじいちゃん　いってどうするの？{08}	응 있긴 한데……{0d}\n할아버지 가서 뭐 하게요?{08}
S00:0:11	82	なぁ～んか　アヤシイのよねぇ…{0d}\nあそこは　ほとんどひとが\n近づかない場所だし………{08}	뭔가～ 수상하단 말이야…{0d}\n거긴 사람들이 거의\n가지 않는 곳인데………{08}
S00:0:12	19	おーい！　エリー！{08}	어이! 엘리!{08}
S00:0:13	23	なーにぃー　父さーん！{08}	왜～애 아빠～!{08}
S00:0:14	65	ちょっと　高いところのやつを\n採ってきてほしいんだが\n頼めるかぁ？{08}	저기 높은 데 있는 걸\n좀 따다 줬으면 하는데\n부탁해도 되겠니?{08}
S00:0:15	52	うーん　いいよぉー！\nちょっと待っててね　父さーん！{08}	으응 좋아～!\n잠깐만 기다려 아빠～!{08}
S00:0:16	76	ほお！　こいつは驚いた{0d}\n娘っ子があたりまえのように\n空を飛んでいるとはな……{08}	허! 이거 놀랍구먼{0d}\n아가씨가 아무렇지도 않게\n하늘을 날고 있다니……{08}
S00:0:17	25	どうしてぇ？　なんか変？{08}	왜요? 뭐가 이상해요?{08}
S00:0:18	83	これこれ　この村では\nみなが　空を飛べるのかね？{0d}{0d}\n普通　人は飛べないもんじゃろう？{08}	이런 이런 이 마을에선\n모두가 하늘을 날 수 있나?{0d}{0d}\n보통 사람은 못 나는 법일세{08}
S00:0:19	60	あ……　そうかもしれないわね\nでも　わたしたちは見なれてるし{08}	아…… 그럴지도 모르겠네\n하지만 우린 늘 봐서{08}
S00:0:20	44	父さん　ここのカゴの中に\n入れておいたからね{08}	아빠 여기 바구니 안에\n넣어 뒀어{08}
S00:0:21	28	わかった\nありがとな　エリー{08}	알았다\n고맙구나 엘리{08}
S00:0:22	46	で　おじいちゃんさぁ\n洞窟にいくんじゃないの？{08}	그래서 할아버지\n동굴에 가는 거 아니었어요?{08}
S00:0:23	130	ん？　おお\nそうじゃった　そうじゃった…{08}\n{0c}珍しいモノを見たので\nついつい　忘れるところじゃった…{0d}{0d}{0d}\nすまんが　案内してくれるかね？{08}	응? 오오\n그랬지 그랬어…{08}\n{0c}신기한 걸 봐서\n하마터면 잊을 뻔했구먼…{0d}{0d}{0d}\n미안하지만 안내해 주겠나?{08}
S00:0:24	13	うん　いいよ{08}	응 좋아요{08}
S00:0:25	50	ちょ　{0d}ちょっと　{0d}エリー\n本気じゃないでしょうね？{08}	자{0d} 잠깐{0d} 엘리\n진심은 아니지?{08}
S00:0:26	42	だって　困ったときは\nおたがいさまでしょ？{08}	그치만 어려울 땐\n서로 도와야지?{08}
S00:0:27	135	ホントにもぉ　エリーったら\nお人好しなんだからぁ……{08}\n{0c}{0d}{0d}しかたないわねぇ……{0d}{0d}\nじゃあ　わたしも　一緒にいくわ\nエリーだけじゃ心配だもの{08}	정말이지 엘리는\n사람이 너무 좋다니까……{08}\n{0c}{0d}{0d}어쩔 수 없네……{0d}{0d}\n그럼 나도 같이 갈게\n엘리 혼자면 걱정되니까{08}
S00:0:28	17	ありがとう　レナ{08}	고마워 레나{08}
S00:0:29	77	父さーん！\nこのおじいちゃん　迷子らしいから\nレナといっしょに送ってくるねー！{08}	아빠～!\n이 할아버지 길을 잃었대\n레나랑 같이 데려다줄게～!{08}
S00:0:30	73	おおよ！\nまだ　採り終わってないんだから\n案内したらすぐにもどってこいよ！{08}	오냐!\n아직 다 못 땄으니까\n안내하고 바로 돌아오너라!{08}
S00:0:31	21	うんっ　わかったぁー{08}	응 알았어～{08}
S00:0:32	38	ま　{0d}迷子とは…{0d}\nこりゃまいったわい…{08}	기{0d} 길 잃은 노인이라니…{0d}\n이거 참 난처하구먼…{08}
S00:0:33	57	なによ\nせっかく案内してあげるんだから\nゼイタクいわないの{08}	뭐예요\n모처럼 안내해 주는 건데\n투정 부리지 마세요{08}
S00:0:34	31	じゃあ　いくわよ　おじいちゃん{08}	그럼 가요 할아버지{08}
S00:0:35	64	こりゃまいった……{0d}\nとんだ案内人を　つかまえて\nしまったのぉ……{08}	이거 참 난처하구먼……{0d}\n엉뚱한 안내인을\n만나 버렸어……{08}
S00:0:36	33	おじいちゃーん　はやく　はやくー{08}	할아버지～ 빨리 빨리～{08}
S00:0:37	88	もたもたしてないで\nさっさと　いくわよ！{08}\n{0c}こうみえても　わたしたち\nいそがしいんだから！{08}	꾸물대지 말고\n얼른 가자고요!{08}\n{0c}이래 봬도 우린\n바쁜 몸이거든요!{08}
S00:0:38	15	とほほほほ……{08}	허허허허……{08}
S00:1:0	27	ふぅ……{0d}\nやっとついたわね{08}	휴우……{0d}\n겨우 도착했네{08}
S00:1:1	13	なぁ～んだぁ{08}	뭐야～{08}
S00:1:2	77	あまり人が近づかないから\nどんなとこかと思ったけど……{0d}{0d}\nただの海岸じゃないの{08}	사람이 잘 안 오는 곳이라\n어떤 곳인가 했더니……{0d}{0d}\n그냥 바닷가잖아{08}
S00:1:3	64	たぶん　おじいちゃんのいってる\n洞窟って　ここのことだと思うけど{08}	아마 할아버지가 말한\n동굴이 여기일 거예요{08}
S00:1:4	46	そうじゃな……{0d}{0d}\nありがとうな　お嬢ちゃんたち{08}	그렇구먼……{0d}{0d}\n고맙네 아가씨들{08}
S00:1:5	79	後は　わし一人で大丈夫じゃから\nはよう帰って　お父さんの手伝いを\nしてあげなさい{08}	나머진 나 혼자 괜찮으니\n어서 돌아가서 아버지 일을\n도와드리게나{08}
S00:1:6	66	なによ{0d}\nここまで　連れてきてあげたのに\n追い返すことはないでしょう{08}	뭐예요{0d}\n여기까지 데려다줬는데\n쫓아 보낼 건 없잖아요{08}
S00:1:7	58	それよりもさぁ　おじいちゃん\nこれから　ここでなにすんの？{08}	그보다 할아버지\n이제 여기서 뭐 할 거예요?{08}
S00:1:8	148	……お　おお{08}\n{0c}いや　なんと立派な洞窟じゃ\nこれほど風格のあるものは\nヴェーンにもあるまいて……{08}\n{0c}うむ　うわさにたがわぬ美しさじゃ\nまんぞく　まんぞく{08}	……오 오오{08}\n{0c}이야 참으로 멋진 동굴이로다\n이만한 품격을 지닌 것은\n베인에도 없을 게야……{08}\n{0c}음 소문대로 아름답구먼\n만족 만족{08}
S00:1:9	42	ぜんぜん　ひとの話を\n聞いてないわねぇ……{08}	전혀 남의 얘기를\n안 듣네……{08}
S00:1:10	59	ねえ　レナ{0d}{0d}\nもしかして　おじいちゃんって\n探検家なのかな？{08}	있잖아 레나{0d}{0d}\n혹시 할아버지는\n탐험가가 아닐까?{08}
S00:1:11	67	ちょっと　エリー\n勝手に　納得しないでよ\nすっごく　アヤシイんだけど{08}	잠깐 엘리\n멋대로 납득하지 마\n엄청 수상하다고{08}
S00:1:12	18	……キャッ！！{0d}{0d}{0d}\n	……꺄악!!{0d}{0d}{0d}\n
S00:1:13	17	……{0d}{0d}……{0d}{0d}……{08}	……{0d}{0d}……{0d}{0d}……{08}
S00:1:14	89	それにしても　一体だれが……{0d}{0d}{0d}\nとにかく　{0d}ちと　やっかいな\nことになりそうじゃのう………{08}	그건 그렇고 대체 누가……{0d}{0d}{0d}\n아무튼 {0d}조금 골치 아픈\n일이 될 것 같구먼………{08}
S00:1:15	71	おじいちゃん………{0d}{0d}\nなにか　かくしてるわね\nハクジョウしちゃいなさい！{08}	할아버지………{0d}{0d}\n뭔가 숨기고 있죠?\n솔직하게 털어놓으세요!{08}
S00:1:16	47	なっ　{0d}なんじゃな　お嬢ちゃん\n恐い顔して………{08}	뭐{0d} 뭔가 아가씨\n무서운 얼굴을 하고는………{08}
S00:1:17	50	そんな顔してたら\nお嫁さんにいけなくなってしまうぞ{08}	그런 얼굴을 하고 있으면\n시집도 못 간다네{08}
S00:1:18	59	わるかったわね\nどうせ　わたしなんて\nカワイクないですよーだ{08}	미안하게 됐네요\n어차피 저 같은 건\n안 귀엽거든요～다{08}
S00:1:19	101	そ{0d}れ{0d}に　{0d}そんなことでは\nゴマかされませんからね！{08}\n{0c}なんなの　あの\nウエディングケーキみたいなのは？{08}	그{0d}리{0d}고 {0d}그런 걸로는\n안 넘어가거든요!{08}\n{0c}뭐예요 저\n웨딩 케이크 같은 건?{08}
S00:1:20	41	あ　{0d}あれは　じゃなぁ………{0d}{0d}\nう～む……{08}	저{0d} 저건 말일세………{0d}{0d}\n으～음……{08}
S00:1:21	52	別に　ムリして話さなくてもいいよ\nおじいちゃん………{08}	굳이 무리해서 말 안 해도 돼\n할아버지………{08}
S00:1:22	76	ご　{0d}ごほん　実は……{0d}{0d}\nわしは魔法学園のスカウトマンを\nやっとるんじゃが……{08}	크{0d} 크흠 실은……{0d}{0d}\n나는 마법학원의 스카우트맨\n일을 하고 있네만……{08}
S00:1:23	159	実は　まえまえから\nここの村には　魔法の素質がある\n娘っ子がおると　聞いておってな{08}\n今日　この洞窟を見るついでに\nその　娘っ子をむかえにきた\nというわけじゃが……{08}	실은 전부터\n이 마을에 마법 소질이 있는\n아가씨가 있다고 들었지{08}\n오늘 이 동굴을 보는 김에\n그 아가씨를 데리러 왔다\n이 말일세……{08}
S00:1:24	50	どうやら　お嬢ちゃんたちが\nその　娘っ子らしいのぉ{08}	아무래도 아가씨들이\n그 아가씨들인 것 같구먼{08}
S00:1:25	44	{0d}{0d}まだまだね\nちょっとリアリティにかけるもん{08}	{0d}{0d}아직 멀었네요\n좀 현실감이 없잖아요{08}
S00:1:26	145	う　{0d}うそなどいっておらんぞ\nいく先ざきの村で　素質ある子を\n魔法学園にスカウトしとるのじゃ{08}\n空を飛べる力があるのは\nまさに素質がある証拠じゃろうが{08}	거{0d} 거짓말이 아닐세\n가는 마을마다 소질 있는 애를\n마법학원에 스카우트하고 있지{08}\n하늘을 나는 힘이 있다는 건\n바로 소질이 있다는 증거일세{08}
S00:1:27	63	…{0d}…{0d}\nうそはついてないと思うけどぉ…{0d}{0d}\nなにか訳ありそうだよね{08}	…{0d}…{0d}\n거짓말은 아닌 것 같은데…{0d}{0d}\n뭔가 사정이 있는 것 같아{08}
S00:1:28	87	エリーったら　お人好しすぎるわよ\n魔法学園とか　いわれたって\n信用できるわけないじゃない{08}	엘리는 사람이 너무 좋아\n마법학원이니 뭐니 해도\n믿을 수 있을 리 없잖아{08}
S00:1:29	19	おーい！　レナぁ！{08}	어이! 레나!{08}
S00:1:30	52	んっ　なにかしら？\nだれか　わたしを呼んだような……{08}	응? 뭐지?\n누가 날 부른 것 같은데……{08}
S00:1:31	21	おーい！　レナぁー！{08}	어이! 레나아～!{08}
S00:1:32	17	あっ　お父さんだ{08}	아 아빠다{08}
S00:1:33	74	はぁ　はぁ　はぁ…　{0d}ふぅ…{0d}{0d}\nやっぱり　そうだ\nグレンさまじゃないですか！{08}	헉 헉 헉… {0d}휴우…{0d}{0d}\n역시 그랬어\n글렌 님이 아니십니까!{08}
S00:1:34	52	なんで　お父さんが\nこのおじいちゃんを知ってるわけ？{08}	왜 아빠가\n이 할아버지를 아는 건데?{08}
S00:1:35	94	{0d}{0d}{0d}わかった　お父さんもグルで\nわたしたちを売る気なんだわ！？{0d}{0d}\nお母さんにいいつけてやるから！{08}	{0d}{0d}{0d}알았다 아빠도 한패가 돼서\n우릴 팔아넘기려는 거지!?{0d}{0d}\n엄마한테 다 이를 거야!{08}
S00:1:36	161	……あいかわらず　早とちりだな\nいいから　先に話を聞きなさい{08}\nこの方は魔法学園でスカウトマンを\nしていらっしゃるグレンさまだぞ？{0d}\nご無礼なことはしてないだろうな？{08}	……여전히 성급하구나\n됐으니까 먼저 얘기를 들으렴{08}\n이분은 마법학원 스카우트맨\n글렌 님이시다{0d}\n무례한 짓은 안 했겠지?{08}
S00:1:37	70	あ　うん　いま聞いたぁ{0d}\nどうりでりっぱな\nおじいちゃんだと思ったわぁ曖{08}	아 응 방금 들었어{0d}\n어쩐지 훌륭한\n할아버지라고 생각했지♥{08}
S00:1:38	13	やれやれ……{08}	이런 이런……{08}
S01:0:0	177	ここがアギト岬かぁ……\n{0d}あーあ　とうとうきちゃったわねぇ{08}\n{0c}グレンおじいちゃんの話だと\nここで待っていれば　魔法学園から\nむかえがくるっていってたけど……{08}\n{0c}ホントにくるのかしら？{08}	여기가 아기토곶이구나……\n{0d}아～아 결국 와 버렸네{08}\n{0c}글렌 할아버지 말로는\n여기서 기다리면 마법학원에서\n데리러 온다고 했는데……{08}\n{0c}정말로 올까?{08}
S01:0:1	42	なんだよ　レナ\nもしかして　後悔してんの？{08}	뭐야 레나\n혹시 후회하는 거야?{08}
S01:0:2	51	別に……{0d}{0d}{0d}{0d}\n後悔するなら\nここにくる前にしてるわよ{08}	딱히……{0d}{0d}{0d}{0d}\n후회할 거였으면\n여기 오기 전에 했지{08}
S01:0:3	28	そう？\nそれならいいけど……{08}	그래?\n그렇다면 다행이고……{08}
S01:0:4	115	それはそうと\nねえ　エリー{08}\n{0c}ここに集まっている人たちも\n魔法学園に入学するのかしら？{0d}{0d}\nちょっと聞いてみましょうか？{08}	그건 그렇고\n있잖아 엘리{08}\n{0c}여기 모인 사람들도\n마법학원에 입학하는 걸까?{0d}{0d}\n한번 물어볼까?{08}
S01:0:5	50	そうだね　そうしようか\n友達は多いほうがいいもんね{08}	그래 그러자\n친구는 많을수록 좋으니까{08}
S01:0:6	36	カッコいい男の子が\nいたらいいなぁ～{08}	멋진 남자애가\n있으면 좋겠다～{08}
S01:0:7	23	もう　レナったら………{08}	정말 레나도 참………{08}
S01:0:8	91	今まで　見たことも食べたことも\nないような　食べものに　出会える\nだけでもいいんだけど………{08}	지금까지 본 적도 먹은 적도\n없는 음식을 만날 수만\n있어도 좋겠는데………{08}
S01:0:9	40	今度は　突然\n食べものの話になるし……{0d}{0d}{08}	이번엔 갑자기\n먹는 얘기로 넘어가고……{0d}{0d}{08}
S01:0:10	17	それからぁ………{08}	그리고～………{08}
S01:0:11	27	もういいから　早くいこうよ{08}	됐으니까 빨리 가자{08}
S01:0:12	119	魔法学園に入学するためには\nこの岬で待っていればいいと\nいわれたのですが………{0d}{0d}{0d}{08}\nここから\nどうすればいいんでしょうか？{08}	마법학원에 입학하려면\n이 곶에서 기다리면 된다고\n들었는데요………{0d}{0d}{0d}{08}\n여기서부터\n어떻게 하면 될까요?{08}
S01:0:13	50	もしかして　場所を\n間違えてしまったのでしょうか…{08}	혹시 장소를\n잘못 찾아온 걸까요…{08}
S01:0:14	52	先生に弟子入りできないと\n学園を追い出されるって！？{08}	선생님 제자가 못 되면\n학원에서 쫓겨난다고!?{08}
S01:0:15	60	せめて　魔法学園に入るまでは\n喜びをかみしめていたかった……{08}	적어도 마법학원에 들어갈\n때까진 기쁨을 누리고 싶었어{08}
S01:0:16	131	あんた　{0d}{0d}もしかして　あのアンチ\nとかいうヤツの話を信じてるわけ？{08}\nまったく…{0d}{0d}　そんなこと魔法学園に\nいくまで　わからないじゃない{08}	너 {0d}{0d}설마 그 안치라는\n녀석 얘기를 믿는 거야?{08}\n정말…{0d}{0d} 그런 건 마법학원에\n가 보기 전엔 모르잖아{08}
S01:0:17	36	そうだよ\n今気にしてもしょうがないよ{08}	맞아\n지금 신경 써도 소용없어{08}
S01:0:18	29	はぁ…{0d}{0d}　そうですね………{0d}{0d}{08}	하아…{0d}{0d} 그렇네요………{0d}{0d}{08}
S01:0:19	31	ん？　{0d}{0d}なんかさわがしいわねぇ{08}	응? {0d}{0d}뭔가 소란스럽네{08}
S01:0:20	29	あら　なにかもめごとかしら？{08}	어머 무슨 다툼이라도 났나?{08}
S01:0:21	125	とうとう　ここまできました……{0d}{0d}\nでもイェンは　どこなんでしょう？{08}\n約束では　このアギト岬で\n待つことになっていたのですが……{08}	드디어 여기까지 왔어요……{0d}{0d}\n그런데 옌은 어디 있죠?{08}\n약속으론 이 아기토곶에서\n기다리기로 했는데……{08}
S01:0:22	29	イェンは　どこなんでしょう？{08}	옌은 어디 있는 걸까요?{08}
S01:0:23	111	おかしいとは　思ったのです……{08}\nあの　おじいさんに\n声をかけて　いただくだけで\nイェンにいけるというのですから…{08}	이상하다고는 생각했어요……{08}\n그 할아버지가\n말을 걸어 준 것만으로\n옌에 갈 수 있다니요…{08}
S01:0:24	95	はぁ……　{0d}{0d}もうおしまいです……\nいいんです…　{0d}{0d}少しの間とはいえ\nいい夢を見れたのですから……{08}	하아…… {0d}{0d}이젠 끝이에요……\n괜찮아요… {0d}{0d}잠시 동안이지만\n좋은 꿈을 꿨으니까요……{08}
S01:0:25	75	イェンにいく船って　大きいの？{0d}{0d}{0d}{0d}\nこんなに　おおぜい\n乗れるのかしら……？{08}	옌에 가는 배는 커?{0d}{0d}{0d}{0d}\n이렇게 많은 사람이\n다 탈 수 있을까……?{08}
S01:0:26	51	イェンにいく船\n早くこないかしら？\n待ちどおしいわぁ{08}	옌에 가는 배\n빨리 안 오나?\n너무 기다려진다{08}
S01:0:27	112	先生に弟子入りできないと\n学園を追い出されるって　ホント？{08}\nうわさが本当なら\n追い出されないように\nしなくっちゃ！{08}	선생님 제자가 못 되면\n학원에서 쫓겨난다는 게 정말?{08}\n소문이 사실이라면\n쫓겨나지 않게\n해야지!{08}
S01:0:28	50	あなたたちも　追い出されない様に\nガンバリましょう{08}	너희도 쫓겨나지 않게\n힘내자{08}
S01:0:29	114	わたし～　なんだか\nすごくドキドキしてるんです\n船の中は大丈夫かしら～{08}\nお母さんは　気にするなって\nいうんだけど……{08}	저기～ 왠지\n엄청 두근거려요\n배 안은 괜찮을까～{08}\n엄마는 신경 쓰지\n말라고 했지만……{08}
S01:0:30	23	まだ　ドキドキしてます{08}	아직도 두근거려요{08}
S01:0:31	73	ヒドイわ………{0d}{0d}\n急にあんなこと　いわれたって\n弟子入りできる自信ないわ～{08}	너무해………{0d}{0d}\n갑자기 그런 말을 들어도\n제자가 될 자신이 없어～{08}
S01:0:32	23	あ～ん　ど～しましょ～{08}	아～앙 어～떡해～{08}
S01:0:33	29	わたしもいくわ……　{0d}{0d}イェン{08}	나도 갈 거야…… {0d}{0d}옌에{08}
S01:0:34	44	見ていてお母さん……\nわたし……　{0d}{0d}ガンバル{08}	지켜봐 줘 엄마……\n나…… {0d}{0d}힘낼게{08}
S01:0:35	23	わたし……　{0d}{0d}帰らない{08}	나…… {0d}{0d}안 돌아가{08}
S01:0:36	23	わたし……　{0d}{0d}負けない{08}	나…… {0d}{0d}안 질 거야{08}
S01:0:37	19	え～っ{0d}{0d}……こほん{08}	에～{0d}{0d}……크흠{08}
S01:0:38	40	よーし　いってみようぜ！\n突撃だぁー！！{08}	좋아 가 보자고!\n돌격이다～!!{08}
S01:0:39	20	ひ　{0d}ひぇぇぇぇえ！{08}	히{0d} 히이이이익!{08}
S01:0:40	15	きゅう…………{08}	끄응…………{08}
S01:0:41	42	どうする？\nわたしたちも　いってみる……？{08}	어떡할래?\n우리도 가 볼까……?{08}
S01:0:42	68	そ　{0d}そうだね…\nとにかく　イェンにいって\n早く　弟子入りしなくっちゃ{08}	그{0d} 그래…\n아무튼 옌에 가서\n빨리 제자가 돼야지{08}
S01:0:43	17	ちょっと待って！{08}	잠깐 기다려!{08}
S01:0:44	35	やあ\nさっきは　ありがと\n助かったよ{08}	안녕\n아까는 고마웠어\n덕분에 살았어{08}
S01:0:45	40	あなたは　さっきの子ね…\n大丈夫だった？{08}	너는 아까 그 애구나…\n괜찮았어?{08}
S01:0:46	56	あんなぐらい　なんともないよ\nでも　あんたたちもすごいね{08}	그 정도는 아무것도 아냐\n그래도 너희도 대단하던데{08}
S01:0:47	98	な～に\nあのくらい　どうってことないわよ{08}\nそれよりも　あんた\nあんな連中にかかわらない方が\nいいわよ{08}	뭐～\n그 정도쯤은 별거 아냐{08}\n그보다 너\n그런 녀석들이랑은 엮이지\n않는 게 좋아{08}
S01:0:48	29	そうだね　アタシもそう思うよ{08}	그래 나도 그렇게 생각해{08}
S01:0:49	34	そういえば\n自己紹介がまだだったね{08}	그러고 보니\n아직 자기소개를 안 했네{08}
S01:0:50	15	アタシはセニア{08}	나는 세니아{08}
S01:0:51	13	わたしはレナ{08}	나는 레나{08}
S01:0:52	54	で　こっちはエリー{0d}\nブルグの村から来たの\nよろしくね曖{08}	그리고 이쪽은 엘리{0d}\n부르그 마을에서 왔어\n잘 부탁해♥{08}
S01:0:53	21	ところで　え～と……{08}	그런데 음～……{08}
S01:0:54	15	セニアでいいよ{08}	세니아라고 불러{08}
S01:0:55	85	じゃあ　セニア\nもしかして　あなたひとりなの？{08}\nよかったら\nいっしょに先生　探さない？{08}	그럼 세니아\n혹시 너 혼자야?{08}\n괜찮으면\n같이 선생님 찾지 않을래?{08}
S01:0:56	19	うん！　よろこんで{08}	응! 좋아{08}
S01:0:57	71	じゃあ決まりねっ\nわたしたちも　早くイェンに\nいって先生を探しましょうよ{08}	그럼 결정이네\n우리도 빨리 옌에\n가서 선생님을 찾자{08}
S01:0:58	17	大丈夫かなぁ～？{08}	괜찮을까～?{08}
S01:0:59	42	そうね……{0d}{0d}\nいちおう生きてるみたいよ……{08}	글쎄……{0d}{0d}\n일단 살아는 있는 것 같아……{08}
S01:0:60	46	え　こいつは好きで\nここに寝てるんじゃないの？{08}	어 이 녀석 좋아서\n여기 자는 거 아냐?{08}
S01:0:61	19	違うと思うけど……{08}	아닐 것 같은데……{08}
S01:0:62	25	ほっておいて　いいじゃん{08}	그냥 내버려 두자{08}
S01:0:63	46	あの　ここで倒れたままだと\nカゼひきますよ……{08}	저기 여기 쓰러져 있으면\n감기 걸려요……{08}
S01:0:64	20	…{0d}{0d}{0d}{0d}…{0d}{0d}…{0d}はっ！{08}	…{0d}{0d}{0d}{0d}…{0d}{0d}…{0d}헉!{08}
S01:0:65	69	ようこそ　魔法学園へ！！\nここでは　君たちの実力が……{0d}{0d}{0d}\nあ　{0d}あれ？{08}	어서 와라 마법학원에!!\n여기서는 너희의 실력이……{0d}{0d}{0d}\n어{0d} 어라?{08}
S01:0:66	62	あのぉ～　もう　わたしたち以外\nだれもいないみたいですけど……{08}	저어～ 벌써 저희 말고는\n아무도 없는 것 같은데요……{08}
S01:0:67	134	か　{0d}かわいいなぁ………{0d}{0d}{0d}{0d}{0d}{0d}\nいっ　{0d}いやっ　そうじゃないぞ{08}\nたしかぼくは　新入生を\n魔法学園まで　案内しなければ\nいけなかったはず……{08}	귀{0d} 귀엽다………{0d}{0d}{0d}{0d}{0d}{0d}\n아{0d} 아냐 그게 아니지{08}\n분명 나는 신입생을\n마법학원까지 안내해야\n했을 텐데……{08}
S01:0:68	64	どうやら　大丈夫みたいね\nさ……　{0d}ほっといていきましょう\nエリー{08}	아무래도 괜찮은가 봐\n자…… {0d}내버려 두고 가자\n엘리{08}
S01:0:69	77	先生を見つけられなくて\nイェンを追い出されたりしたら\nアタシ　村へ帰れないよ！{08}	선생님을 못 찾아서\n옌에서 쫓겨나기라도 하면\n나 마을에 못 돌아가!{08}
S01:0:70	10	う　{0d}うん{08}	으{0d} 응{08}
S01:0:71	272	おーい　君たち聞こえているかーい{0d}\nぼくは生徒会長のブラウンだー！{0d}\n途中　野生の動物に気をつけなよー{08}\n{0d}{0d}それにしても　なんの話だろう？\nイェンを追い出されるとか\nいってたような気がするが……{0d}{0d}{0d}{08}\nそんな話　ぼくも聞いたことないぞ\nでも　あのエリーとかいうコ…{0d}{0d}\nカワイイなぁ……{08}	어이 너희들 들리니～{0d}\n나는 학생회장 브라운이다～!{0d}\n가는 길에 들짐승 조심해라～{08}\n{0d}{0d}그나저나 무슨 얘기였지?\n옌에서 쫓겨난다느니\n그런 말을 한 것 같은데……{0d}{0d}{0d}{08}\n그런 얘기 나도 들은 적 없어\n그래도 그 엘리라는 애…{0d}{0d}\n귀엽구나……{08}
S01:0:72	58	ぼくは　まだ遅れて来ていない\n新入生をここで待っているんだ{08}	나는 아직 늦게 도착하지\n않은 신입생을 기다리고 있어{08}
S01:0:73	33	もう　イェンの町にはいったかい？{08}	벌써 옌 마을에 들어갔니?{08}
S01:0:74	31	まだ　来ていない人がいるんだよ\n	아직 안 온 사람이 있거든\n
S01:0:75	73	もうイェンがアギト岬から離れるよ\n君たち　向こうへいくのは\nやめた方がいい{08}	곧 옌이 아기토곶을 떠난다\n너희 저쪽으로 가는 건\n그만두는 게 좋아{08}
S01:0:76	42	知ってていくんですから\n止めないでください{08}	알고 가는 거니까\n말리지 마세요{08}
S01:0:77	61	あ　そうだ　エリーくん\nキミだけは　いくのを\nやめた方がいいよ{08}	아 그렇지 엘리 군\n너만은 가는 걸\n그만두는 게 좋겠어{08}
S01:0:78	29	おもしろいこというじゃないか{08}	재미있는 소릴 하는군{08}
S01:0:79	56	間に合ってくれてよかった\nさ　いっしょに学園まで帰ろうか{08}	시간 맞춰 와서 다행이다\n자 같이 학원으로 돌아갈까{08}
S01:0:80	17	勝手に　帰れば？{08}	멋대로 돌아가든가?{08}
S01:0:81	88	チクショー　これだけ探しても\nダディス先生がみつからねぇ！{0d}{0d}{0d}\nいったい　どこにいるんだ！{08}	젠장 이렇게 찾아도\n다디스 선생님이 안 보여!{0d}{0d}{0d}\n대체 어디 있는 거야!{08}
S01:0:82	42	アニキ～\nここは　さっき　きた場所っスよ！{08}	형님～\n여긴 아까 왔던 데예요!{08}
S01:0:83	38	アンチ！\nあそこの洞窟だと思うけど！？{08}	안치!\n저쪽 동굴 같은데!?{08}
S01:0:84	26	………{0d}{0d}\n今度はこっちだ！{08}	………{0d}{0d}\n이번엔 이쪽이다!{08}
S01:0:85	27	なにやってんだ　あいつら？{08}	뭐 하는 거야 쟤네?{08}
S01:0:86	82	さぁ…{0d}{0d}\n新しい遊びなんじゃないの{0d}{0d}{0d}{08}\nそれよりも　ダディス先生を\nさがさなくっちゃ{08}	글쎄…{0d}{0d}\n새로운 놀이 아닐까{0d}{0d}{0d}{08}\n그보다 다디스 선생님을\n찾아야 해{08}
S01:0:87	19	なにかしら　これ？{08}	뭘까 이거?{08}
S01:0:88	29	だれかの荷物じゃないのかなぁ{08}	누구 짐 아닐까{08}
S01:0:89	76	ねぇ　さっきから思ってたんだけど{08}\n{0d}{0d}なんでこんな所に\n荷物が置いてあるわけ？{08}	있잖아 아까부터 생각했는데{08}\n{0d}{0d}왜 이런 곳에\n짐이 놓여 있는 거야?{08}
S01:0:90	80	ほんとだよなぁ～{08}\nだれも取りにこないみたいだし\nジャマだから　落としちまおうか？{08}	정말 그러네～{08}\n가지러 오는 사람도 없고\n거치적거리니까 떨어뜨릴까?{08}
S01:0:91	28	さんせ～\nおもしろそうねっ曖{08}	찬성～\n재밌겠다♥{08}
S01:0:92	25	だめだよ　２人とも………{08}	안 돼 둘 다………{08}
S01:0:93	72	じょーだんよ　じょーだん{0d}{0d}{0d}\nそれにしてもさぁ\n一体　誰の荷物なのかしら？{08}	농담이야 농담{0d}{0d}{0d}\n그나저나\n대체 누구 짐일까?{08}
S01:0:94	15	ジャマよねぇ～{08}	방해된단 말이야～{08}
S01:1:0	144	あー　疲れた……\nせっかくなんだから　あの会長に\n案内させればよかったわ{08}\n{0c}新入生が　いきなり道に迷って\nケガでもしたら\nどうするつもりなのかしらね{08}	아～ 피곤해……\n모처럼이니까 그 회장한테\n안내시킬 걸 그랬어{08}\n{0c}신입생이 다짜고짜 길을 잃고\n다치기라도 하면\n어쩔 셈인지 몰라{08}
S01:1:1	49	レナ～\nそんなに迷わなかったんだから\nいいじゃない{08}	레나～\n그렇게 헤매지도 않았으니까\n괜찮잖아{08}
S01:1:2	62	それにしても　大っきい町だね\nこの町全体が　魔法学園なんだろ？{08}	그나저나 엄청 큰 마을이네\n이 마을 전체가 마법학원이지?{08}
S01:1:3	98	とにかく　いってみましょうか{08}\n{0c}向こうに見える\nあのとんがった　建物にいけば\nなにかわかるんじゃない{08}	아무튼 가 보자{08}\n{0c}저쪽에 보이는\n저 뾰족한 건물에 가면\n뭔가 알 수 있지 않을까{08}
S01:1:4	114	ねえ　レナ\nそんなに　気にしなくても\nいいじゃない？{08}\nこれで　イェンを追い出されるって\n決まったわけじゃないんだから{08}	있잖아 레나\n그렇게 신경 쓰지 않아도\n되잖아?{08}\n이걸로 옌에서 쫓겨난다고\n정해진 건 아니니까{08}
S01:1:5	59	な　{0d}なぐさめなんか　いらないわ！{08}ほっといてちょうだい！！{08}	위{0d} 위로 따윈 필요 없어!{08}날 좀 내버려 둬!!{08}
S01:1:6	33	アタシは　レナらしくないと思うな{08}	나는 레나답지 않은 것 같아{08}
S01:1:7	27	オンチじゃないと思ったのに{08}	음치는 아닐 줄 알았는데{08}
S01:1:8	43	な　{0d}なによっ　セニアなんか…{0d}{0d}\n大っ嫌い！{08}	뭐{0d} 뭐야 세니아 따위…{0d}{0d}\n정말 싫어!{08}
S01:1:9	21	エリー　どうするぅ？{08}	엘리 어떡할래～?{08}
S01:1:10	33	……テレイナ先生は　あきらめる？{08}	……테레이나 선생님은 포기해?{08}
S01:1:11	54	そうしようか{0d}\nほかの先生も見てみないと\nわからないしね{08}	그러자{0d}\n다른 선생님도 봐야\n알 수 있으니까{08}
S01:1:12	80	そ　{0d}そうよね！\nそうよ　他の先生もみてみなきゃ！\nたかがオンチぐらいなによっ……{08}	그{0d} 그래!\n맞아 다른 선생님도 봐야지!\n음치 정도가 뭐 대수라고……{08}
S01:1:13	42	レナぁ～\n自分でいって　傷つくのはやめなよ{08}	레나～\n제 입으로 말하고 상처받지 마{08}
S01:1:14	71	先生……{0d}{0d}\n最後に　なんでわたしが選ばれた\nのか聞いておきたいんですけど{08}	선생님……{0d}{0d}\n마지막으로 왜 제가 뽑혔는지\n여쭤보고 싶은데요{08}
S01:1:15	218	なんだ　まるでわしの実験が失敗\nするかのような口ぶりだな{0d}{0d}{0d}{08}\n{0c}安心せい　人は死ぬ時は死ぬんだ\nそれは人の力ではどうにもならん{08}\nしかし　まあ　わしもオニではない\n心の準備ぐらいはさせてやる{0d}\n目をつぶって　深呼吸でもしなさい{08}	뭐냐 꼭 내 실험이 실패할\n것처럼 말하는구나{0d}{0d}{0d}{08}\n{0c}걱정 마라 죽을 땐 죽는 법\n사람 힘으론 어쩔 수 없단다{08}\n하지만 뭐 나도 악마는 아니다\n마음의 준비 정도는 시켜 주지{0d}\n눈 감고 심호흡이라도 해라{08}
S01:1:16	80	わ　{0d}わかりました{0d}{0d}{0d}\nぜんぜん気は進まないですけど……{0d}{0d}{0d}\nすー　はぁ　すー　はぁ{08}	아{0d} 알겠습니다{0d}{0d}{0d}\n전혀 내키진 않지만……{0d}{0d}{0d}\n스읍 하아 스읍 하아{08}
S01:1:17	74	心の準備などさせておいたら\nおじけづくからな{08}\n{0c}{0d}さて　今回はどこまでいくか{08}	마음의 준비 따위 시키면\n겁을 먹으니까 말이다{08}\n{0c}{0d}자 이번엔 어디까지 갈까{08}
S01:1:18	26	そ　{0d}そんなのありかよ……{08}	그{0d} 그런 게 어디 있어……{08}
S01:1:19	72	お　{0d}おお……　{0d}{0d}まだ　いくか\nよし　今回は燃料の反応がうまく\nいってるな{08}	오{0d} 오오…… {0d}{0d}아직 가는구나\n좋아 이번엔 연료 반응이\n잘 되고 있군{08}
S01:1:20	14	レ　{0d}レナ！！{08}	레{0d} 레나!!{08}
S01:1:21	7	きゅう{08}	끄응{08}
S01:1:22	91	多少　スピードが速すぎるかんじは\nあったが　おおむね良好だったぞ\nどうだ　空を飛んだ気分は？{08}	속도가 좀 지나치게 빠른\n느낌은 있었지만 대체로 양호\n어떠냐 하늘을 난 기분은?{08}
S01:1:23	45	せ　{0d}先生！\nほかにいうことがあるでしょう！！{08}	서{0d} 선생님!\n다른 할 말이 있잖아요!!{08}
S01:1:24	91	そうだよ　センセイさぁ……\nせめて　安全装置つけてあげるとか\nそれに着地のときは網をひくとか{08}	맞아 선생님……\n적어도 안전장치를 달아 주든가\n착지할 때 그물을 깔든가{08}
S01:1:25	50	ちょっと　セニア！\nそういう問題じゃないでしょ！！{08}	잠깐 세니아!\n그런 문제가 아니잖아!!{08}
S01:1:26	105	そ　{0d}そうか！{0d}\nう～む　それはたしかに問題だな{08}\nわしとしたことが……{0d}{0d}{0d}{0d}\nじつは人で試したのは　初めてでな{08}	그{0d} 그런가!{0d}\n으～음 그건 확실히 문제로군{08}\n나로서는 이런 실수를……{0d}{0d}{0d}{0d}\n실은 사람한테는 처음이라{08}
S01:1:27	57	せっ　{0d}先生　わたし　やめますっ！\nお世話になりました！！{08}	서{0d} 선생님 저 그만둘래요!\n신세 많이 졌습니다!!{08}
S01:1:28	63	そうか　しかたない……\nこの問題が解決したら\nまたきてもらおうか{08}	그런가 어쩔 수 없지……\n이 문제가 해결되면\n다시 와 주려무나{08}
S01:1:29	62	だから　そういうことじゃなくて！\nセンセー！　話を聞いてよ！！{08}	그러니까 그런 게 아니라!\n선생님! 말 좀 들어요!!{08}
S01:1:30	32	レナ～\n決めるんじゃなかったの？{08}	레나～\n정하려던 거 아니었어?{08}
S01:1:31	67	そうだよね　べつにいいじゃん\n先生カッコイイしさ\n爆発ぐらいあっても{08}	그러게 뭐 어때\n선생님 멋있잖아\n폭발 정도 있어도{08}
S01:1:32	77	な　{0d}なにいってんのよセニア！{0d}\nこれじゃあ　命がいくつあっても\n足りないわよ！{08}	무{0d} 무슨 소리야 세니아!{0d}\n이러다간 목숨이 몇 개라도\n모자라!{08}
S01:1:33	44	そうかぁ？　アタシは\nいいと思うんだけどなぁ{08}	그런가? 나는\n괜찮은 것 같은데{08}
S01:1:34	12	そ{0d}{0d}れ{0d}{0d}に{0d}{08}	게{0d}{0d}다{0d}{0d}가{0d}{08}
S01:1:35	18	それに　{0d}なんだ？{08}	게다가 {0d}뭔데?{08}
S01:1:36	29	や～ねぇ　セニアったら……{0d}{0d}{08}	어머～ 세니아도 참……{0d}{0d}{08}
S01:1:37	83	毎日　あんな実験ばかりしていたら\nオトメの　キレイなやわ肌に\nキズがついてしまうわ曖{08}	매일 그런 실험만 하다간\n소녀의 곱고 여린 피부에\n상처가 나 버리잖아♥{08}
S01:1:38	13	………………{08}	………………{08}
S01:2:0	120	あら　あなたたち新入生ね\nようこそ魔法学園へ{08}\nまずは　ここの３階に\n学園長がいらっしゃるから\nあいさつしてから　またきてね{08}	어머 너희 신입생이구나\n마법학원에 온 걸 환영해{08}\n우선 이 건물 ３층에\n학원장님이 계시니까\n인사드리고 다시 오렴{08}
S01:2:1	44	どうしたの？\nはやく　あいさつしてらっしゃい{08}	왜 그러니?\n얼른 인사드리고 오렴{08}
S01:2:2	55	先生！\nわたし　どうしても先生の弟子に\nなりたいんです！{08}	선생님!\n저 꼭 선생님의 제자가\n되고 싶어요!{08}
S01:2:3	79	あなたは　さっきもきた子ね\n{0d}{0d}……ごめんなさい\nわたしは　まだ弟子をとらないのよ{08}	너는 아까도 왔던 애구나\n{0d}{0d}……미안해\n나는 아직 제자를 안 받거든{08}
S01:2:4	73	だって　変な先生ばっかりで\nエマ先生じゃないと\nやっていく自信がないんです{08}	그치만 이상한 선생님뿐이라\n에마 선생님이 아니면\n해 나갈 자신이 없어요{08}
S01:2:5	92	ダメよ　そんなこといっちゃ{0d}\nでもどうしたの？　みんな変よ？\nそんなあせらなくてもいいじゃない{08}	그런 말 하면 못써{0d}\n그런데 왜들 그러니? 이상하네\n그렇게 서두르지 않아도 되잖니{08}
S01:2:6	64	も　{0d}もういいです！\nエマ先生だけは\nいいひとだって　思ったのに！{08}	이{0d} 이제 됐어요!\n에마 선생님만은\n좋은 분인 줄 알았는데!{08}
S01:2:7	126	あ　{0d}あら\nあなたたちは　さっきの新入生ね{08}\n{0c}どう？　この魔法学園の印象は？\nいろんな目標をたてて　卒業まで\nがんばってちょうだい{08}	어{0d} 어머\n너희는 아까 그 신입생이구나{08}\n{0c}어때? 마법학원의 첫인상은?\n여러 목표를 세워서 졸업까지\n열심히 하렴{08}
S01:2:8	7	わあっ{08}	와아{08}
S01:2:9	83	わたしは　ここでみんなの\nカウンセラーをしてる　エマよ\nこれから卒業まで　よろしくね{08}	나는 여기서 모두의\n카운슬러를 하는 에마야\n앞으로 졸업까지 잘 부탁해{08}
S01:2:10	37	えっ{0d}{0d}\nあの　{0d}カウンセラーってなに？{08}	네?{0d}{0d}\n저기 {0d}카운슬러가 뭐예요?{08}
S01:2:11	96	そうね……　{0d}{0d}{0d}まあ　簡単にいうと\n保健室の先生ってところかしらね\nわたしは　回復魔法が得意だから{08}	글쎄…… {0d}{0d}{0d}뭐 쉽게 말하면\n보건실 선생님이라고 할까\n나는 회복 마법이 특기거든{08}
S01:2:12	48	じゃあ　どうしてカウンセラーって\nいうんですか？{08}	그럼 왜 카운슬러라고\n하는 거예요?{08}
S01:2:13	69	それは　もちろん{0d}{0d}\n響きが　いいからよ\n働いてる女って気がするでしょ？{08}	그야 물론{0d}{0d}\n어감이 좋으니까\n일하는 여자 같잖아?{08}
S01:2:14	22	す　{0d}すごいステキ……{08}	너{0d} 너무 멋져……{08}
S01:2:15	56	わたしは先生の紹介役も\nかねているから　なんでも聞いてね{08}	나는 선생님 소개 역할도\n맡고 있으니까 뭐든 물어보렴{08}
S01:2:16	29	どうしたの？　ダメだったの？{08}	왜 그러니? 안 됐니?{08}
S01:2:17	39	ええ……　{0d}まあ\nいろいろありまして……{08}	네…… {0d}뭐\n이런저런 일이 있어서……{08}
S01:2:18	21	じゃあ　うーんとねぇ{08}	그럼 음～ 그러니까{08}
S01:2:19	135	あっ　そうだ{0d}\nダディス先生だけ\n外出中だったでしょう？{08}\n{0c}今　スティル学園長から\n予定を聞いたんだけど　どうやら\nグレン島へ出張中らしいの{08}	아 맞다{0d}\n다디스 선생님만\n외출 중이었지?{08}\n{0c}방금 스틸 학원장님께\n일정을 들었는데 아무래도\n글렌섬에 출장 중이신가 봐{08}
S01:2:20	25	グレン島……{0d}{0d}　ですか？{08}	글렌섬……{0d}{0d} 이요?{08}
S01:2:21	17	ええ　グレン島よ{08}	그래 글렌섬{08}
S01:2:22	96	場所はね　このイェンの町をでて\nしばらく東へ歩いていくと\n小さな島があるのよ{08}\n{0c}そこが　グレン島よ{08}	장소는 말이지 이 옌 마을을\n나가서 동쪽으로 한참 걸으면\n작은 섬이 있거든{08}\n{0c}거기가 글렌섬이야{08}
S01:2:23	56	とにかく　その島にいけば\nダディス先生に会えるんですね？{08}	아무튼 그 섬에 가면\n다디스 선생님을 만나겠죠?{08}
S01:2:24	258	そうね{0d}{0d}{08}\nそれと　あなたたち\nグレン島にいくなら　モンスターに\n気をつけるのよ{08}\n{0c}イェンでは　生徒の訓練用に\n何匹か野に放たれているからね{08}\nもし　モンスターと戦って\n危なくなったら{08}\n自分の身を守ることによって\n魔法力が少しだけ回復するから\nそれで　体勢を整えるのよ{08}	그래{0d}{0d}{08}\n그리고 너희\n글렌섬에 갈 거면 몬스터를\n조심하렴{08}\n{0c}옌에서는 학생 훈련용으로\n몇 마리 들판에 풀어 놨거든{08}\n만약 몬스터와 싸우다\n위험해지면{08}\n몸을 지키는 방어를 하면\n마법력이 조금 회복되니까\n그걸로 태세를 가다듬으렴{08}
S01:2:25	23	は～い　わかりましたぁ{08}	네～ 알겠습니다～{08}
S01:2:26	59	あと　もうひとつ\nイェンの町の北側には\nいかない方がいいわよ{08}	그리고 하나 더\n옌 마을 북쪽에는\n안 가는 게 좋아{08}
S01:2:27	17	どうしてですか？{08}	왜요?{08}
S01:2:28	129	北側の方にはね\n上級者のために　少しだけ\nレベルの高いモンスターがいるのよ{08}\n{0c}今の　あなたたちのレベルじゃあ\nちょっと　苦しいかもね{08}	북쪽에는 말이지\n상급생을 위해 조금\n레벨 높은 몬스터가 있거든{08}\n{0c}지금 너희 레벨로는\n좀 힘들지도 몰라{08}
S01:2:29	36	わかりました　エマ先生\n気をつけます{08}	알겠어요 에마 선생님\n조심할게요{08}
S01:2:30	93	ダディス先生はグレン島に出張中よ\nこの町をでて　東に歩いていくと\nグレン島にいくことができるわ{08}	다디스 선생님은 글렌섬 출장중\n이 마을을 나가 동쪽으로 가면\n글렌섬에 갈 수 있단다{08}
S01:2:31	61	せんせ～\nダディス先生　グレン島に\nいなかったんですけどぉ……{08}	선생님～\n다디스 선생님 글렌섬에\n안 계셨는데요……{08}
S01:2:32	57	えっ？\nおかしいわねぇ～…\nどこにいってしまったのかしら？{08}	어?\n이상하네～…\n어디 가 버리신 걸까?{08}
S01:2:33	75	グレンおじいちゃんが\n島にはきたけど　あわてて\n帰ったって　いってました……{08}	글렌 할아버지가\n섬에 오긴 했는데 허둥지둥\n돌아갔다고 했어요……{08}
S01:2:34	118	う～ん…{0d}{0d}あまり考えたくないけど…{08}\n{0c}もしかしたら　ダディス先生\nグレン島と　アギト岬を\n間違えてるかもしれないわねぇ～{08}	으～음…{0d}{0d}별로 생각하기 싫지만…{08}\n{0c}어쩌면 다디스 선생님\n글렌섬이랑 아기토곶을\n착각하셨는지도 몰라～{08}
S01:2:35	17	そうなんですか？{08}	그래요?{08}
S01:2:36	161	ええ……{0d}\nあのね　実はダディス先生って\nもの忘れの　はげしい先生なのよ…{08}\nだから　歩いている途中でグレン島とアギト岬が判別できなく\nなってしまったのかもしれないわ{08}	응……{0d}\n있잖아 실은 다디스 선생님은\n건망증이 아주 심하시거든…{08}\n그래서 걷다가 글렌섬과 아기토곶을 헷갈려\n버리셨는지도 몰라{08}
S01:2:37	140	もう　イェン島が\n動き出すころだから\nダディス先生も帰ってるはずだけど{08}\n{0c}あなたたち　悪いけれど\nダディス先生の様子を見てきて\nもらえるかしら？{08}	곧 옌섬이\n움직이기 시작할 때니까\n다디스 선생님도 돌아오셨을걸{08}\n{0c}너희 미안하지만\n다디스 선생님이 어떠신지\n좀 보고 와 줄래?{08}
S01:2:38	28	わかりました\n見てきてみます{08}	알겠어요\n가 볼게요{08}
S01:2:39	52	あなたたち　悪いけど\n様子を見てきてもらえるかしら？{08}	너희 미안하지만\n좀 보고 와 줄래?{08}
S01:2:40	46	どうだった？\nダディス先生は　つかまえられた？{08}	어땠니?\n다디스 선생님은 만났니?{08}
S01:2:41	33	先生って　ほんとにキレイですねー{08}	선생님은 정말 예쁘시네요～{08}
S01:2:42	9	ほーんと{08}	정～말{08}
S01:2:43	59	……{0d}あとでエリーからゆっくり話を\n聞かせてもらいますからね{08}	……{0d}나중에 엘리한테 천천히\n얘기 좀 들어야겠구나{08}
S01:2:44	17	……{0d}は　{0d}ははは{08}	……{0d}하{0d} 하하하{08}
S01:2:45	62	わたしのところで時間をつぶしても\n自分のためにはならないわよ！{08}	내 방에서 시간 때워 봤자\n너희한테 도움 안 된단다!{08}
S01:2:46	25	そこを　先生なんとか……{08}	거기를 선생님 어떻게……{08}
S01:2:47	55	なるわけないでしょう！\nまったく\nあなたたちときたら……{08}	될 리가 없잖니!\n정말이지\n너희들이란……{08}
S01:2:48	124	川を渡って　上から二番目の建物が\nテレイナ先生の教室になってるわ{08}\n{0c}先生は　歌の魔法を教えていて\n女の子たちに　人気があるのよ{08}	강 건너 위에서 두 번째 집이\n테레이나 선생님 교실이야{08}\n{0c}노래 마법을 가르치시는데\n여자애들한테 인기가 많단다{08}
S01:2:49	54	わたしの村には　キレイな歌姫の\n伝説が残っているんです{08}	저희 마을엔 아름다운 노래\n공주 전설이 남아 있어요{08}
S01:2:50	38	あら\nじゃあ　いってみるのもいいかもね{08}	어머\n그럼 가 보는 것도 좋겠네{08}
S01:2:51	38	でもさ　先生\n歌をうたってどうするの？{08}	근데 선생님\n노래를 불러서 뭐 해요?{08}
S01:2:52	79	歌声にはもともと魔法の力があって\nテレイナ先生は\nその使い方を教えてくださるのよ{08}	노래엔 원래 마법 힘이 있어서\n테레이나 선생님은\n그 쓰는 법을 가르쳐 주신단다{08}
S01:2:53	32	へー\nアタシ　そういうのもいいな{08}	오～\n나 그런 것도 좋은데{08}
S01:2:54	124	町の南東にあるのが　ラルフ先生の\n教室をかねた図書館になってるわよ{08}\n{0c}ちょっと　わかりにくいから\n直接　いったほうがいいかもね{08}	마을 남동쪽에 랄프 선생님\n교실을 겸한 도서관이 있어{08}\n{0c}좀 찾기 어려우니까\n직접 가 보는 게 좋을 거야{08}
S01:2:55	54	どういう先生なんですか？\nまさか　本に埋まってるとか？{08}	어떤 선생님이에요?\n설마 책에 파묻혀 있다든가?{08}
S01:2:56	49	え　{0d}えーとねぇ……\nあなたたちの想像にまかせるわ{08}	그{0d} 글쎄……\n너희 상상에 맡길게{08}
S01:2:57	31	面白そうだから　いってみようよ{08}	재밌을 것 같으니까 가 보자{08}
S01:2:58	125	橋を渡って\n一番上にある大きな建物が\n化粧魔法のダディス先生の教室よ{08}\n{0c}男の先生だけど　留学の経験も\nあるそうだから腕はたしかね{08}	다리를 건너\n맨 위에 있는 큰 건물이\n화장 마법 다디스 선생님 교실{08}\n{0c}남자 선생님인데 유학\n경험도 있으셔서 실력은 확실해{08}
S01:2:59	52	やっぱり化粧魔法ってさ\n化粧で魔法を　かけんのかな？{08}	역시 화장 마법이라는 건\n화장으로 마법을 거는 걸까?{08}
S01:2:60	33	魔法で化粧は　かけないでしょうね{08}	마법으로 화장하진 않겠지{08}
S01:2:61	13	ふーん？？？{08}	흐응???{08}
S01:2:62	103	くすくす……{08}{0c}まったく　おもしろい子たちね\nでも　あと三年もたてばどうしても\n必要になるかもしれないわよ{08}	쿡쿡……{08}{0c}정말 재밌는 애들이구나\n그래도 ３년쯤 지나면 분명\n필요해질지도 몰라{08}
S01:2:63	34	アタシはエマ先生から\n教わりたいな{08}	나는 에마 선생님한테\n배우고 싶은데{08}
S01:2:64	57	ええ　いいわよ\n相手の人を　先生にも紹介して\nくれたらね曖{08}	그래 좋아\n상대분을 선생님한테도\n소개해 준다면♥{08}
S01:2:65	73	橋を渡って一番上の大きな建物が\n化粧魔法のダディス先生の\n教室になってるわ{08}	다리 건너 맨 위의 큰 건물이\n화장 마법 다디스 선생님\n교실이란다{08}
S01:2:66	77	ブルーン先生の教室が\nこの建物の　すぐ下にあるの\n薬草学を教えている先生なのよ{08}	브룬 선생님 교실은\n이 건물 바로 아래에 있어\n약초학을 가르치는 선생님이야{08}
S01:2:67	56	落ち着いた先生がいいよね\nずっと　いっしょにいるわけだし{08}	차분한 선생님이 좋겠다\n계속 같이 있어야 하니까{08}
S01:2:68	50	強いセンセイがいい\nやっぱり　女はつよくなくっちゃ{08}	강한 선생님이 좋아\n역시 여자는 강해야지{08}
S01:2:69	60	とにかく　いってみようよ！\nそのどっちでもないかもしれないし{08}	아무튼 가 보자!\n둘 다 아닐지도 모르잖아{08}
S01:2:70	11	エリー！！{08}	엘리!!{08}
S01:2:71	114	えーと　そうね　大丈夫かもね…{0d}{0d}{08}\n{0c}となりにある　大きな建物は\nイアソン先生の道場なの\n参考までに　のぞいてみたら？{08}	음 그러네 괜찮을지도…{0d}{0d}{08}\n{0c}옆에 있는 큰 건물은\n이아손 선생님 도장이야\n참고로 한번 들여다볼래?{08}
S01:2:72	64	エマ先生{0d}\nそんないい方されると\nいきなり不安になるんですけど……{08}	에마 선생님{0d}\n그렇게 말씀하시니까\n갑자기 불안해지는데요……{08}
S01:2:73	40	イアソン先生って\nなにを教えてくれるの？{08}	이아손 선생님은\n뭘 가르쳐 주세요?{08}
S01:2:74	69	魔法剣っていう\n魔法と剣の技を合体させた\n攻撃方法を教えてくれるそうよ{08}	마법검이라고 해서\n마법과 검술을 합친\n공격 방법을 가르쳐 준대{08}
S01:2:75	62	その　人から聞いたようないい方も\nすごく気になるんですけど……{08}	그 남 얘기 같은 말투도\n엄청 신경 쓰이는데요……{08}
S01:2:76	79	となりにある　大きな建物は\nイアソン先生の道場なの\n参考までに　のぞいてみたら？{08}	옆에 있는 큰 건물은\n이아손 선생님 도장이야\n참고로 한번 들여다볼래?{08}
S01:2:77	83	あ　道具屋さんをかねて\n教室を開いているケント先生が\n学園塔から２棟下の建物にいるわ{08}	아 도구점을 겸해서\n교실을 연 켄트 선생님이\n학원탑에서 두 동 아래 계셔{08}
S01:2:78	31	なるほど　道具屋もあるんですね{08}	그렇구나 도구점도 있네요{08}
S01:2:79	109	だいたい自給自足できるような\n設備はあるわね{08}\n{0c}ケント先生は\n生徒を探していたみたいだから\n一度たずねてみれば？{08}	웬만한 건 자급자족할 수 있는\n설비가 있단다{08}\n{0c}켄트 선생님은\n학생을 찾고 계신 것 같던데\n한번 찾아가 보면 어때?{08}
S01:2:80	19	はーい　そうします{08}	네～ 그럴게요{08}
S01:2:81	83	道具屋さんといっしょに\n教室を開いているケント先生が\n学園塔から２棟下の建物にいるわ{08}	도구점과 함께\n교실을 연 켄트 선생님이\n학원탑에서 두 동 아래 계셔{08}
S01:2:82	50	あとね……{0d}{0d}うーん\n{0d}{0d}あ　ごめんね　なんでもないわ{08}	그리고……{0d}{0d}으음\n{0d}{0d}아 미안 아무것도 아니야{08}
S01:2:83	40	先生～\nそういういい方は　やめましょうよ{08}	선생님～\n그런 말투는 그만해요{08}
S01:2:84	122	でもねぇ……{0d}{0d}まあ　いうだけよ？{0d}{08}\nイェンの町を東にいくと\nしばらくして大きな塔が見えるの\nそこにハイド先生がいるけれど……{08}	그치만……{0d}{0d}뭐 말만 할게?{0d}{08}\n옌 마을을 동쪽으로 가면\n한참 뒤 큰 탑이 보이거든\n거기 하이드 선생님이 계신데{08}
S01:2:85	21	……性格が悪いとか？{08}	……성격이 나쁘다든가?{08}
S01:2:86	142	そうじゃないの　ハイド先生は\n天文学の先生なんだけど　ただ……{0d}{0d}\n人嫌いなのよ{08}\n{0c}わたしも　ほとんど\n会ったことないし\n弟子を採用したこともないの{08}	그게 아니라 하이드 선생님은\n천문학 선생님인데 다만……{0d}{0d}\n사람을 싫어하셔{08}\n{0c}나도 거의\n만나 본 적이 없고\n제자를 받은 적도 없어{08}
S01:2:87	59	そういう人って　いるんですね……{0d}\nどうしたらいいんですか？{08}	그런 사람도 있군요……{0d}\n어떻게 하면 돼요?{08}
S01:2:88	123	人と　どうつき合っていくかは\n本人しだいね{08}\n{0c}わたしは　強制するつもりはないわ\nでも　自分も会ってみて\nそれから判断しないとね{08}	사람과 어떻게 지내느냐는\n본인 하기 나름이지{08}\n{0c}나는 강요할 생각은 없어\n하지만 직접 만나 보고\n그다음에 판단해야지{08}
S01:2:89	7	はーい{08}	네～{08}
S01:2:90	40	ハイド先生だけは\nあきらめた方がいいわね{08}	하이드 선생님만은\n포기하는 게 좋겠구나{08}
S01:2:91	72	あら　少しケガしているわね{0d}\nちょっと痛いかもしれないけれど\nがまんしてよ{08}	어머 조금 다쳤구나{0d}\n좀 아플지도 모르지만\n참으렴{08}
S01:2:92	40	えっ……？{0d}{0d}\n先生！！　い　い　いたい！{08}	네……?{0d}{0d}\n선생님!! 아 아 아파요!{08}
S01:2:93	9	…………{08}	…………{08}
S01:2:94	31	どう？　でも楽になったでしょ？{08}	어때? 그래도 편해졌지?{08}
S01:2:95	44	えーっ　でも\nどうしてこんなに痛いんですか？{08}	에～ 그치만\n왜 이렇게 아픈 거예요?{08}
S01:2:96	68	決まってるじゃない{0d}\n楽しようと思っている子たちを\n甘やかさないためよ{08}	뻔하잖니{0d}\n편하게 하려는 애들을\n오냐오냐하지 않으려고지{08}
S01:2:97	29	わたしのことをいわれたような{08}	내 얘기를 하는 것 같아{08}
S01:2:98	57	あら　少しケガしているわね{0d}\nちょっと痛いけどがまんしてよ{08}	어머 조금 다쳤구나{0d}\n좀 아프겠지만 참으렴{08}
S01:2:99	31	生徒会で　いっしょに働きたいね{08}	학생회에서 같이 일하고 싶구나{08}
S01:2:100	23	気が向いたらそうします{08}	내키면 그럴게요{08}
S01:2:101	125	あら　新入生の方ですね\nはじめまして　生徒会副会長の\nエルノラともうします{08}\n{0c}よろしければ　ゆっくり学園を\n見ていってくださいね{08}	어머 신입생분들이군요\n처음 뵙겠어요 학생회 부회장\n엘노라라고 합니다{08}\n{0c}괜찮으시면 천천히 학원을\n둘러보고 가세요{08}
S01:2:102	43	は　{0d}はじめまして\nわたし　レナっていいます{08}	처{0d} 처음 뵙겠습니다\n저는 레나라고 해요{08}
S01:2:103	75	はじめまして　エルノラさん\nわたし　エリーっていいます\nよろしくお願いします{08}	처음 뵙겠습니다 엘노라 씨\n저는 엘리라고 해요\n잘 부탁드려요{08}
S01:2:104	40	アタシはセニア\nよろしく　エルノラさん！{08}	나는 세니아\n잘 부탁해 엘노라 씨!{08}
S01:2:105	60	ありがとう　うれしいですわ\nこれからも　よろしくお願いします{08}	고마워요 기뻐요\n앞으로도 잘 부탁드려요{08}
S01:2:106	66	……？\nな　{0d}なにか調子くるうわ……\nこういうタイプは　苦手なのよね{08}	……?\n뭐{0d} 뭔가 페이스가 말려……\n이런 타입은 영 거북해{08}
S01:2:107	73	あら　新入生の方ですね\nはじめまして　生徒会副会長の\nエルノラともうします{08}	어머 신입생분들이군요\n처음 뵙겠어요 학생회 부회장\n엘노라라고 합니다{08}
S01:2:108	89	こちらこそ　よろしくお願いします\nところで　みなさんはもう\n自分の先生を見つけたのですか？{08}	저야말로 잘 부탁드려요\n그런데 여러분은 벌써\n자기 선생님을 찾으셨나요?{08}
S01:2:109	27	えぇ……　まあなんとか……{08}	네…… 뭐 그럭저럭……{08}
S01:2:110	23	背が高いし　美人だよね{08}	키도 크고 미인이다{08}
S01:2:111	34	それをどうして\nわたしにいうわけ？{08}	그걸 왜\n나한테 말하는 건데?{08}
S01:2:112	11	へへへ……{08}	헤헤헤……{08}
S01:2:113	36	楽しそうですね\nどうかしたんですか？{08}	즐거워 보이네요\n무슨 일 있어요?{08}
S01:2:114	32	いーえー\nなんでも　ありませーん{08}	아니～요\n아무것도 아니에요～{08}
S01:2:115	23	君たち　入学おめでとう{08}	너희 입학 축하한다{08}
S01:2:116	50	まあ　ゆっくりと自分に合った\n先生をさがすことだね{08}	뭐 천천히 자기한테 맞는\n선생님을 찾아보렴{08}
S01:2:117	40	町の外にも　先生はいるんだ……\nけど……{08}	마을 밖에도 선생님이 있어……\n그런데……{08}
S01:2:118	141	君たちが最後だな　入学おめでとう\n私が学園長のスティルだ{08}\n{0c}レナ君と　エリー君……うわさは\n聞いているよ　空を飛べるそうだね\nそれと　セニア君か{08}	너희가 마지막이군 입학 축하해\n내가 학원장 스틸이다{08}\n{0c}레나 군과 엘리 군……소문은\n들었다 하늘을 날 수 있다지\n그리고 세니아 군인가{08}
S01:2:119	23	アタシは女ですけど！？{08}	나 여자거든요!?{08}
S01:2:120	17	セニア　違うって{08}	세니아 그게 아니야{08}
S01:2:121	58	はーい！　追い出されないように\n一生懸命がんばりまぁ～す！{08}	네～! 쫓겨나지 않도록\n열심히 노력하겠습니다～!{08}
S01:2:122	202	ま　{0d}まあ　元気があってよろしい{0d}\n当学園のモットーは生徒の自由を\nおもんじることだ{0d}{08}\n{0c}しかし　かんちがいしてはだめだぞ{08}\n{0c}自由と責任をわけることはできない\n自分の決定を他人のせいにする\nことはできないからな{08}	뭐{0d} 뭐 기운이 넘쳐서 좋군{0d}\n본 학원의 모토는 학생의\n자유를 존중하는 것이다{0d}{08}\n{0c}하지만 착각해선 안 된다{08}\n{0c}자유와 책임은 나눌 수 없다\n자기가 정한 일을 남의 탓으로\n돌릴 수는 없으니까{08}
S01:2:123	61	紅茶にクッキーがついている\nようなものですよね\n大丈夫でーす！{08}	홍차에 쿠키가 딸려 나오는\n거랑 비슷한 거죠\n문제없어요～!{08}
S01:2:124	146	……ま　いいだろう\n自分なりの解釈ができるのなら\nなにも問題はない{08}\n{0c}学園生活をたんのうしてほしいな\n勉学とは　ほんらい楽しんで\n学ぶものなのだからね{08}	……뭐 좋다\n자기 나름대로 해석한다면\n아무 문제 없지{08}\n{0c}학원 생활을 마음껏 즐기거라\n공부란 본디 즐기면서\n배우는 것이니까{08}
S01:2:125	9	は～い！{08}	네～!{08}
S01:2:126	169	これで　君たちも\n魔法学園の生徒となったわけだ{08}\n{0c}その他の細かいことは\nここの１階にいるエマ先生に\nまかせてある{08}\n{0c}おっと　べつに女性だから\n雑用をまかせているわけじゃないぞ{08}	이로써 너희도\n마법학원의 학생이 되었다{08}\n{0c}그 밖의 자세한 일은\n이 건물 １층의 에마 선생에게\n맡겨 두었다{08}\n{0c}아 딱히 여자라서\n잡일을 맡긴 건 아니다{08}
S01:2:127	105	まずは　エマ先生から\nこのイェンにいる先生について聞き{08}\nそれから自分の足で会って\nみるといいんじゃないかな{08}	우선 에마 선생에게\n옌에 있는 선생들 얘기를 듣고{08}\n그다음 직접 발로 찾아가\n만나 보는 게 좋겠지{08}
S01:2:128	31	もう　先生は見つかったのかい？{08}	벌써 선생님은 찾았니?{08}
S01:2:129	116	君たち知っているかい？{08}\n{0c}イェンで　まじめに勉強していれば\nいろいろな先生から　魔法を\n教えてもらうことができるんだよ{08}	너희 그거 아니?{08}\n{0c}옌에서 성실히 공부하면\n여러 선생님께 마법을\n배울 수 있단다{08}
S01:2:130	46	まあ　先生に弟子入りしてからの\n話なんだけどね{08}	뭐 선생님 제자가 되고 나서의\n이야기지만{08}
S01:3:0	136	ここの料理はうめえっ！\nだが　ステラおばさんがいない！\nだから　飯がない！{08}\n{0c}早く帰ってきてくれぇぇ！\nあん？　おばさんは\n実家に里帰りだよ{08}	여기 요리는 맛있어!\n그런데 스텔라 아줌마가 없어!\n그래서 밥이 없어!{08}\n{0c}빨리 돌아와 줘어어!\n응? 아줌마는\n친정에 가셨어{08}
S01:3:1	33	ステラおばさんは　ここの寮母だよ{08}	스텔라 아줌마는 여기 사감이야{08}
S01:3:2	63	エマ先生っていう\n美人の先生がいるんだけど\nこれが……ふっふっふ{08}	에마 선생님이라는\n미인 선생님이 있는데\n이게 또……후후후{08}
S01:3:3	88	あら　やだ……\nなんだか年を追うごとに\n新入生の質がおちていきますわね{08}\n{0c}どうしてかしら？{08}	어머 싫어라……\n어째 해가 갈수록\n신입생 수준이 떨어지네요{08}\n{0c}왜 그럴까요?{08}
S01:3:4	71	でも　みんなに同じ力があるから\n魔法学園にスカウトされたんじゃ\nないかな{08}	그래도 다들 같은 힘이 있어서\n마법학원에 스카우트된 거\n아닐까{08}
S01:3:5	85	そうとも限らないんじゃないかしら\nわたくしは単に基準が\n下がっただけだと思いますけど？{08}	꼭 그렇지도 않을걸요\n저는 그저 기준이\n낮아졌을 뿐이라고 보는데요?{08}
S01:3:6	40	なんだと！\nいきなりなんだよ　こいつ！！{08}	뭐라고!\n갑자기 뭐야 이 녀석!!{08}
S01:3:7	50	オーホッホッホッ\n別に　強がらなくてもよろしくてよ{08}	오～호호호\n굳이 센 척 안 하셔도 돼요{08}
S01:3:8	23	もう　ほっときましょう{08}	이제 내버려 두자{08}
S01:3:9	9	いーだっ{08}	메～롱{08}
S01:3:10	63	おいおい　わたくしのことも\nわからせてあげますから\n安心なさって{08}	어머어머 저에 대해서도\n곧 알게 해 드릴 테니\n안심하세요{08}
S01:3:11	36	そっちこそ後悔しなければ\nいいけどね{08}	그쪽이야말로 후회나\n안 하면 좋겠네{08}
S01:3:12	87	ひとつだけ　いっておいてあげる！\nイェンにはいろんな先生がいるわ！\nかくごしておいてね曖{08}	하나만 말해 줄게!\n옌엔 여러 선생님이 있어!\n각오해 둬♥{08}
S01:3:13	96	あの……新入生の人？　よかったぁ{0d}\n生徒会のサロンが　学園塔にあるの\n一応　あいさつしておいたら？{08}	저기……신입생이야? 다행이다{0d}\n학생회 살롱이 학원탑에 있어\n일단 인사해 두는 게 어때?{08}
S01:3:14	27	なにが入っているのかしら？{08}	뭐가 들었을까?{08}
S01:3:15	7	さぁな{08}	글쎄{08}
S01:3:16	27	わたし　食べ物だと思うわ！{08}	난 먹을 거라고 생각해!{08}
S01:3:17	13	いうと思った{08}	그럴 줄 알았어{08}
S01:4:0	132	ん　{0d}なに用だ？{08}\n{0c}ここの道場は　女子供のくるところ\nではないぞ　ここは男の道場だ！{0d}{08}\nそして　オレはこの道場をあずかる\nイアソンだ！！{08}	음 {0d}무슨 볼일이냐?{08}\n{0c}이 도장은 여자애들이 올 곳이\n아니다 여기는 사나이의 도장!{0d}{08}\n그리고 나는 이 도장을 맡은\n이아손이다!!{08}
S01:4:1	51	な　{0d}なに！？{0d}\nこのわけのわからない\nテンションは？{08}	뭐{0d} 뭐야!?{0d}\n이 영문 모를\n텐션은?{08}
S01:4:2	41	あ…　{0d}あの～\n弟子は　募集していますか？{08}	저…… {0d}저기～\n제자는 모집하고 있나요?{08}
S01:4:3	79	募集はしているぞ　ただし男をな\nその中でも真の男をだ\nそれ以外　ここには必要ない{08}	모집은 한다 단 사나이만\n그중에서도 진정한 사나이다\n그 외에는 여기 필요 없다{08}
S01:4:4	32	じゃあ　しかたないね\n帰ろう……{08}	그럼 어쩔 수 없네\n돌아가자……{08}
S01:4:5	75	えーっ　それって\n女はとらないってことか！？\nそんなの　ひきょうじゃないか！{08}	에～ 그 말은\n여자는 안 받는다는 거야!?\n그런 건 치사하잖아!{08}
S01:4:6	65	なにをいうか\nオレは真の男と　そうでない者の\n区別をしているだけだ{08}	무슨 소리냐\n나는 진정한 사나이와 아닌\n자를 구별할 뿐이다{08}
S01:4:7	54	そんなの　ひどいよ！\n村じゃ女だって狩りをするんだぞ！{08}	그런 건 너무해!\n마을에선 여자도 사냥한다고!{08}
S01:4:8	27	地域別の諸事情は考慮しよう{08}	지역별 사정은 고려하마{08}
S01:4:9	32	うっ{0d}\nむっ　{0d}難しいこというな！{08}	윽{0d}\n어{0d} 어려운 말 하지 마!{08}
S01:4:10	31	セニア　ここはわたしにまかせて{08}	세니아 여긴 나한테 맡겨{08}
S01:4:11	83	じゃあ　イアソン先生　聞きますが\n真の男と　そうでない者の区別は\nどうするんですか？{08}	그럼 이아손 선생님 묻겠는데\n진정한 사나이인지 아닌지\n어떻게 구별하죠?{08}
S01:4:12	21	もちろん　オレがする{08}	물론 내가 한다{08}
S01:4:13	56	ということは　先生がＯＫといえば\nいいってことですよね？{08}	그렇다는 건 선생님이 ＯＫ하면\n된다는 거죠?{08}
S01:4:14	27	まあな　たしかにそうなるな{08}	뭐 확실히 그렇게 되지{08}
S01:4:15	159	じゃあ　女であるかそうでないかは\n関係ない　{0d}{0d}{0d}と{08}\n{0c}つまり真の男であれば　女でも問題\nないんですよね？{08}\n{0c}あ　そうそう　ところで　イアソン\n先生は　真の男ですか？{08}	그럼 여자인지 아닌지는\n상관없다 {0d}{0d}{0d}라고{08}\n{0c}즉 진정한 사나이라면 여자라도\n문제없는 거죠?{08}\n{0c}아 맞다 그런데 이아손\n선생님은 진정한 사나이예요?{08}
S01:4:16	82	ん？　{0d}ちが……{0d}なに！？　そうだ！{0d}\nそうだとも　この世でオレだけが\n真の男なのだ！{08}	응? {0d}아니……{0d}뭐!? 그렇다!{0d}\n그렇고말고 이 세상에서 나만이\n진정한 사나이다!{08}
S01:4:17	84	じゃあ　ここにいる人たちは？{0d}{0d}{0d}\nただの男が　どうして先生の弟子に\nなってるんですか？{08}	그럼 여기 있는 사람들은?{0d}{0d}{0d}\n그냥 남자가 왜 선생님 제자가\n된 거예요?{08}
S01:4:18	99	あ　{0d}く　{0d}う　{0d}な　{0d}に　{0d}く　{0d}そ……{0d}\nちが　{0d}うう　{0d}その　{0d}だが　{0d}むっ{0d}{0d}{0d}\nなんてことを　こいつら！{08}	아{0d} 크{0d} 으{0d} 뭐{0d} 라{0d} 젠{0d} 장……{0d}\n아니{0d} 으으{0d} 그{0d} 하지만{0d} 음{0d}{0d}{0d}\n이 녀석들 무슨 소리를!{08}
S01:4:19	88	先生　言葉は正しく使ってください{0d}\nそれに　真の男はいいわけなんか\nしないと思いまーす！！{08}	선생님 말은 똑바로 하세요{0d}\n게다가 진정한 사나이는\n변명 따위 안 할걸요!!{08}
S01:4:20	28	そうだ　そうだ\nさんせーい！{08}	맞아 맞아\n찬성～!{08}
S01:4:21	29	どっちでもいいと思うけど……{08}	아무래도 좋은 것 같은데……{08}
S01:4:22	42	テ　{0d}テストだけは受けさせてやる！{0d}\nこい！{08}	테{0d} 테스트만은 보게 해 주마!{0d}\n따라와라!{08}
S01:4:23	11	やったね曖{08}	해냈다♥{08}
S01:4:24	28	じゃあ　先生\nお願いしま～す{08}	그럼 선생님\n잘 부탁드려요～{08}
S01:4:25	22	い　{0d}いつか覚えていろ{08}	언{0d} 언젠가 두고 보자{08}
S01:4:26	56	もっと強くなってから　こい！\n挑戦はいつでも受けるぞ！！{08}	더 강해지고 나서 와라!\n도전은 언제든 받아 주마!!{08}
S01:4:27	63	じゃあ　いますぐ\n挑戦を受けてください\nいつでも　いいんでしょ？{08}	그럼 지금 당장\n도전을 받아 주세요\n언제든 된다면서요?{08}
S01:4:28	33	だから　もっと強くなってからだ！{08}	그러니까 더 강해지고 나서다!{08}
S01:4:29	37	……ど　{0d}どうして\nいい負けるのかしら{08}	……어{0d} 어째서\n말싸움에서 지는 거지{08}
S01:4:30	63	戦いとは　正面から\n攻めているだけでは勝てん\n出直してくるがいい{08}	싸움이란 정면으로\n공격만 해서는 이길 수 없다\n다시 오너라{08}
S01:4:31	18	くっ　{0d}くやしい！{08}	윽{0d} 분해!{08}
S01:4:32	62	さて……{0d}\n真の男についてどれだけわかったか\nオレに説明してみろ{08}	자……{0d}\n진정한 사나이에 대해\n뭘 알았는지 설명해 봐라{08}
S01:4:33	46	ごめんなさい　先生\nちょっとバカにしていました{08}	죄송해요 선생님\n조금 얕보고 있었어요{08}
S01:4:34	93	……ほう{0d}\nその女の子は\nなかなか見所があるな{08}\nそこの二人は　セニアとレナとか\nいうそうだが……{08}	……호오{0d}\n그 여자아이는\n꽤 싹수가 있군{08}\n거기 둘은 세니아와 레나라고\n했던가……{08}
S01:4:35	12	な　{0d}なによ{08}	뭐{0d} 뭐야{08}
S01:4:36	139	とにかく　試験は不合格だ\nおまえたちを　オレの弟子に\nするわけにはいかん{08}\nしかし　挑戦はいつでもまってるぞ\nまあ……そういうわけだ\n去るがいい{08}	아무튼 시험은 불합격이다\n너희를 내 제자로\n삼을 수는 없다{08}\n하지만 도전은 언제든 기다리마\n뭐……그런 것이다\n돌아가거라{08}
S01:4:37	20	わ　{0d}わかったわよ！{08}	알{0d} 알았다고!{08}
S01:4:38	32	わたしたちの負けだよ\nいこう……{08}	우리가 졌어\n가자……{08}
S01:4:39	10	う　{0d}うん{08}	으{0d} 응{08}
S01:4:40	19	まだまだ　だぜ！！{08}	아직 멀었다고!!{08}
S01:4:41	38	イアソン先生\nどこまでもついていくぜ！{08}	이아손 선생님\n어디까지든 따라갈게요!{08}
S01:4:42	52	ひぃ　もうダメだよ\nこんなキツイこと　やってられない{08}	히익 이젠 못 하겠어\n이런 힘든 거 못 해 먹겠어{08}
S01:4:43	52	こんなこと　やってられっか\nひぃ　でも後２０００回！{08}	이딴 거 못 해 먹겠어\n히익 그래도 앞으로 ２０００번{08}
S01:4:44	113	ちょっと疲れたなぁ……{0d}{0d}{0d}\nこういうときは　しばらく\n休んでいれば　体力も魔法力も\n回復することができるんだけど……{08}	좀 지쳤네……{0d}{0d}{0d}\n이럴 땐 잠시\n쉬고 있으면 체력도 마법력도\n회복할 수 있는데……{08}
S01:4:45	56	なにサボってるんですか！\nあと　たかが５００回ですよ！！{08}	뭘 땡땡이치는 거예요!\n겨우 ５００번 남았어요!!{08}
S01:4:46	46	まだまだです\nたかが　２０００回じゃないですか{08}	아직 멀었어요\n겨우 ２０００번이잖아요{08}
S01:4:47	135	いいですか！\n実戦において　危なくなったら\nまず　防御！{08}\nそうすれば　受けるダメージも\n半減できるし　おまけに\n魔法力も少し回復するんだ！{08}	알겠어요!\n실전에서 위험해지면\n우선 방어!{08}\n그러면 받는 대미지도\n반으로 줄고 게다가\n마법력도 조금 회복된다!{08}
S01:4:48	90	こ　{0d}この先生　きびしすぎるじゃん\nとっとと出ていきたいけど\nもう　いくところがないんだ～！{08}	이{0d} 이 선생님 너무 엄하잖아\n당장 나가고 싶은데\n이젠 갈 데가 없어～!{08}
S01:4:49	11	どうした？{08}	왜 그러냐?{08}
S01:4:50	71	なにかわからないことがあったら\nこのとなりにある\n建物にいってみるんだな{08}	모르는 게 있으면\n이 옆에 있는\n건물에 가 보거라{08}
S01:5:0	46	先生も最初から素直に\nこうすればよかったのにね{08}	선생님도 처음부터 순순히\n이렇게 했으면 됐잖아요{08}
S01:5:1	17	そうだ　そうだ！{08}	맞아 맞아!{08}
S01:5:2	94	ええい！　{0d}女ってやつは！\nどうして　テレイナ先生のように\n素直でつつましい……{0d}{0d}{08}\\n{0c}はっ！！！{08}	에잇! {0d}여자란 것들은!\n어째서 테레이나 선생님처럼\n순하고 얌전한……{0d}{0d}{08}\n{0c}헉!!!{08}
S01:5:3	56	へーぇ　イアソン先生にも\nそう　想う人がいたんですねぇ～{08}	호오～ 이아손 선생님한테도\n마음에 둔 사람이 있었네요～{08}
S01:5:4	70	さ　{0d}さっさといけ！\nここから出られたら　弟子でも\nなんでもなってやる！{08}	어{0d} 얼른 가라!\n여기서 나가면 제자든\n뭐든 시켜 주마!{08}
S01:5:5	95	わたしたちは弟子入りしたい\nだけなのに　{08}{0c}なんでこんなオリの中に\n入れられなきゃ　ならないのよ！{08}	우린 제자가 되고 싶은\n것뿐인데 {08}{0c}왜 이런 우리 안에\n갇혀야 하는 거야!{08}
S01:5:6	45	な　{0d}なんという生意気な女だ！\nおぼえてろよ！{08}	무{0d} 무슨 이런 건방진 여자가!\n두고 보자!{08}
S01:5:7	34	なにをしている！\nさっさといけ！！{08}	뭘 하고 있나!\n얼른 가라!!{08}
S01:5:8	29	男がふりかえるとは何事だ！！{08}	사나이가 뒤를 돌아보다니!!{08}
S01:5:9	27	なにいってんの？　エリー？{08}	무슨 소리야? 엘리?{08}
S01:5:10	44	なにって　ここに書いてあるの\n読んだだけだよ{08}	뭐긴 여기 적힌 걸\n읽었을 뿐이야{08}
S01:6:0	52	……えーと　どこへいったっけな\nうーん{0d}{0d}　わからんぞ{08}	……음 어디 갔더라\n으음{0d}{0d} 모르겠군{08}
S01:6:1	25	あの　ここの先生ですか？{08}	저기 여기 선생님이세요?{08}
S01:6:2	11	ほいほい？{08}	응 응?{08}
S01:6:3	42	うーん……\nねえ　下働きの人じゃないのか？{08}	으음……\n저기 일하는 사람 아냐?{08}
S01:6:4	38	聞かないでよ\nわたしも自信ないんだから{08}	나한테 묻지 마\n나도 자신 없으니까{08}
S01:6:5	138	どうかしたのか？{08}\nいかにも　わたしが魔法史担当の\nラルフだが……君たちはなんだ？{08}\n{0c}ヒマだったら　ちょっと手伝って\nほしいことがあるんだがね{08}	무슨 일이지?{08}\n그래 내가 마법사 담당\n랄프다만……너희는 뭐지?{08}\n{0c}한가하면 좀 도와줬으면\n하는 일이 있는데{08}
S01:6:6	66	よ　{0d}よろこんで　先生\nその代わり弟子にしてくださいね\n約束ですよ曖{08}	기{0d} 기꺼이요 선생님\n그 대신 제자로 삼아 주세요\n약속이에요♥{08}
S01:6:7	46	ふーん……{0d}{0d}なるほど……{0d}{0d}\nまあ　考えておくよ{08}	흐음……{0d}{0d}그렇군……{0d}{0d}\n뭐 생각해 보지{08}
S01:6:8	78	な　{0d}なんですか？\n手伝うから　弟子にしてもらう\nこれって　弟子入り試験でしょ？{08}	뭐{0d} 뭐예요?\n도와주면 제자로 삼는다\n이거 제자 시험이죠?{08}
S01:6:9	121	{0d}ま　いいだろ　よろしく頼もうか{08}\n{0c}魔法力学第二法則における\nブラウン運動とその振る舞いって\n本がどこかにあるはずなんだが…{08}	{0d}뭐 좋아 잘 부탁하지{08}\n{0c}「마법역학 제２법칙에서의\n브라운 운동과 그 거동」이라는\n책이 어딘가 있을 텐데…{08}
S01:6:10	30	えーっ！\nこの中から探すの！？{08}	에～!\n이 안에서 찾으라고!?{08}
S01:6:11	48	しょうがないでしょ\n一冊ずつみていくしかないわね{08}	어쩔 수 없잖아\n한 권씩 볼 수밖에 없겠네{08}
S01:6:12	33	センセ　なんていう本でしたっけ？{08}	쌤 무슨 책이라고 했죠?{08}
S01:6:13	96	魔法力学第二法則における\nブラウン運動とその振る舞い{0d}{0d}{08}\n{0c}それから\nセンセという　いい方は嫌いだな{08}	「마법역학 제２법칙에서의\n브라운 운동과 그 거동」{0d}{0d}{08}\n{0c}그리고\n쌤이라는 말은 싫다{08}
S01:6:14	47	そんなに　{0d}怒らなくったって\nいいじゃないですか{08}	그렇게 {0d}화내지 않아도\n되잖아요{08}
S01:6:15	103	いや　さっき気づいたんだがね{0d}{0d}{08}\n魔法力学第二法則における\nブラウン運動とその振る舞いは\n必要ないんだった{08}	아니 방금 깨달았는데{0d}{0d}{08}\n「마법역학 제２법칙에서의\n브라운 운동과 그 거동」은\n필요 없었어{08}
S01:6:16	49	わ　{0d}わざとね！\nまいったのは　こっちの方です！！{08}	일{0d} 일부러 그랬죠!\n곤란한 건 저희라고요!!{08}
S01:6:17	92	なんだよ　人聞きの悪い{0d}{08}\n約束はきちんと守るさ\n君たちを　ちゃんと\nわたしの生徒にしてあげるよ{08}	뭐야 듣기 거북하게{0d}{08}\n약속은 제대로 지킨다\n너희를 확실히\n내 학생으로 삼아 주지{08}
S01:6:18	38	先生　大好き！\nわたしがんばりまーす！{08}	선생님 정말 좋아요!\n저 열심히 할게요～!{08}
S01:6:19	42	ふーん……{0d}{0d}なるほどね\nそうか　そうか……{08}	흐음……{0d}{0d}그렇군\n그래 그래……{08}
S01:6:20	54	先生　その顔はやめてください\nもしかして　疑ってます？{08}	선생님 그 표정은 그만하세요\n혹시 의심하시는 거예요?{08}
S01:6:21	137	……まあ　いいさ{0d}{08}\nでも　わたしが教えることは\n特にないよ{08}\nわからないことは　本に聞いてくれ\n以上　ま　がんばってくれることを\n期待している{08}	……뭐 됐어{0d}{08}\n하지만 내가 가르칠 건\n딱히 없어{08}\n모르는 건 책한테 물어봐\n이상 뭐 열심히 하기를\n기대하지{08}
S01:6:22	9	えっ！？{08}	네!?{08}
S01:6:23	141	まあ　本を読んでいれば\nわからなかったことも\nいずれわかるだろうし{08}\n魔法を覚えたいのであれば\n魔法書を読めば　いろいろな魔法を\n習得できるだろう{08}	뭐 책을 읽다 보면\n몰랐던 것도\n언젠간 알게 될 테고{08}\n마법을 익히고 싶다면\n마법서를 읽으면 여러 마법을\n익힐 수 있을 거다{08}
S01:6:24	36	ラルフ先生\nよろしくおねがいしま……{08}	랄프 선생님\n잘 부탁드립니……{08}
S01:6:25	21	ちょっと　待ったー！{08}	잠깐 기다려～!{08}
S01:6:26	50	エリー　早まっちゃダメよ\nここは　よ～く考えないと{08}	엘리 서두르면 안 돼\n여긴 잘～ 생각해야 해{08}
S01:6:27	63	なんで？\nわたしは　ここに弟子入りしても\nいいと思うんだけど……{08}	왜?\n나는 여기 제자로 들어가도\n괜찮을 것 같은데……{08}
S01:6:28	55	ア　{0d}アタシはパス……{0d}{0d}\nなんか　頭痛くなってきたよ……{08}	나{0d} 나는 패스……{0d}{0d}\n왠지 머리가 아파 와……{08}
S01:6:29	65	しょうがないわねぇ～\nまあ　このままだとセニアが\n大変そうだし……{08}	어쩔 수 없네～\n뭐 이대로면 세니아가\n힘들 것 같으니……{08}
S01:6:30	25	ここは　あきらめましょう{08}	여긴 포기하자{08}
S01:6:31	9	…………{08}	…………{08}
S01:6:32	109	どうしたんだ？\nわたしの弟子になりたいのならば\nそこの机にある本を読むといいよ{08}\n本の読み方が書かれているからね{08}	왜 그러지?\n내 제자가 되고 싶다면\n저기 책상의 책을 읽으렴{08}\n책 읽는 법이 적혀 있으니까{08}
S01:6:33	44	いえ　もう少し他の先生を\n見てからにしますぅ{08}	아뇨 다른 선생님을 좀 더\n보고 나서 할게요～{08}
S01:6:34	109	君たち　新入生だね{08}\nここは　イェンで唯一の図書館さ\nなにか　わからないことがあったら\nここに来て調べるといいよ{08}	너희 신입생이구나{08}\n여긴 옌에서 하나뿐인 도서관\n모르는 게 있으면\n여기 와서 찾아보렴{08}
S01:6:35	81	うちの先生ってさ\n一度　本を読み出すと夢中になって\n周りが見えなくなっちゃうんだよ{08}	우리 선생님은 말이야\n한번 책을 읽기 시작하면\n주변이 안 보이게 되거든{08}
S01:6:36	77	君たち　試験中だろ？\n試験中の人は　外に出ちゃいけない\nことになっているんだよ{08}	너희 시험 중이지?\n시험 중인 사람은 밖에\n나가면 안 되게 돼 있어{08}
S01:6:37	52	この中から探すのは大変だけど\n必ずどこかにあるからね{08}	이 안에서 찾기는 힘들지만\n반드시 어딘가 있을 거야{08}
S01:6:38	46	まだ　先生が決まらないんだ？\n知らないからなぁ{08}	아직 선생님을 못 정했어?\n난 모르겠다{08}
S01:6:39	85	ふう……わたしも本が好きなので\nこうしてきたのですが\nちょっと先生と　あわないようです{08}	휴……저도 책을 좋아해서\n이렇게 왔는데\n선생님과는 좀 안 맞나 봐요{08}
S01:6:40	46	この図書館には　めずらしい\n本がたくさんあるよ{08}	이 도서관엔 진귀한\n책이 잔뜩 있어{08}
S01:6:41	31	君たちも　たくさん本を読みなよ{08}	너희도 책 많이 읽으렴{08}
S01:6:42	25	女神アルテナの幻影だって{08}	「여신 알테나의 환영」이래{08}
S01:6:43	33	へえー　ブルグの村を思い出すよね{08}	와 부르그 마을이 생각난다{08}
S01:6:44	52	え　なにがあるの？\nブルグって　レナとエリーの村だろ{08}	어 뭐가 있는데?\n부르그는 레나랑 엘리 마을이지{08}
S01:6:45	57	アルテナさまが\n一年に一度　降臨するっていう\n泉があるのよ{08}	알테나 님이\n일 년에 한 번 강림한다는\n샘이 있거든{08}
S01:6:46	46	コウリンねぇ\nアルテナさまも昔のひとだからなー{08}	강림이라～\n알테나 님도 옛날 사람이니까{08}
S01:6:47	73	なにいってんの　セニア\nアルテナさまには\nちゃんと敬意をはらわなきゃダメよ{08}	무슨 소리야 세니아\n알테나 님에게는\n제대로 경의를 표해야지{08}
S01:6:48	42	女神アルテナの幻影かぁ\n読んでもいいけどね{08}	「여신 알테나의 환영」이라\n읽어도 괜찮겠는데{08}
S01:6:49	31	これは……{0d}{0d}失われた文明の謎？{08}	이건……{0d}{0d}\n「잃어버린 문명의 수수께끼」?{08}
S01:6:50	85	あっ　アタシ知ってるよ\nむかしは　ほんとに飛ぶ鉄の船や\n雲を越える筒とかあったんだって{08}	아 나 알아\n옛날엔 진짜로 나는 쇠배랑\n구름을 넘는 통이 있었대{08}
S01:6:51	51	セニア～\n調子にのって\n口からでまかせ　いってない？{08}	세니아～\n신이 나서\n아무 말이나 하는 거 아냐?{08}
S01:6:52	15	いってないよ！{08}	아니거든!{08}
S01:6:53	21	失われた文明の謎ねぇ{08}	「잃어버린 문명의 수수께끼」라{08}
S01:6:54	40	これ……　{0d}{0d}題名がないけど\nなにかしら？{08}	이거…… {0d}{0d}제목이 없는데\n뭘까?{08}
S01:6:55	13	なにそれ……{08}	뭐야 그거……{08}
S01:6:56	28	な　{0d}なんだよ　これーっ！！{08}	뭐{0d} 뭐야 이거～!!{08}
S01:6:57	46	なにって　猫の写真集じゃない\n猫　キライなの？{08}	뭐긴 고양이 사진집이잖아\n고양이 싫어해?{08}
S01:6:58	46	キ　{0d}キライじゃない……{0d}よ\nぜーんぜん　へいき{08}	시{0d} 싫지 않……{0d}아\n전～혀 아무렇지도 않아{08}
S01:6:59	40	へーっ　セニアって\n猫がキライなんだぁー{08}	호오～ 세니아는\n고양이를 싫어하는구나～{08}
S01:6:60	34	そ　{0d}そんなこといってないだろー！{08}	그{0d} 그런 말 안 했잖아～!{08}
S01:6:61	35	ふーん　そーお？{0d}{0d}{0d}\nよかったわね～{08}	흐응 그래～?{0d}{0d}{0d}\n다행이네～{08}
S01:6:62	50	楽しい魔法の使い方？\nなにが書いてあるの　これ……{08}	「즐거운 마법 사용법」?\n뭐가 적혀 있는 거야 이거……{08}
S01:6:63	38	へ～　アタシ興味あるなー\nどれどれ……{08}	오～ 나 관심 있는데\n어디 보자……{08}
S01:6:64	89	え～と……{0d}{0d}{0d}\nサイスエアの魔法で\nスカートをめくる……？\nなによこれ！　バカじゃないの！？{08}	음……{0d}{0d}{0d}\n사이스에어 마법으로\n치마를 들춘다……?\n뭐야 이거! 바보 아냐!?{08}
S01:6:65	75	ホント　サイテーだよな\nなんで　こんなものが\n図書館においてあるんだよーっ！{08}	진짜 최악이다\n왜 이런 게\n도서관에 있는 거야～!{08}
S01:6:66	46	こんなものを見てるなんて\nろくな男じゃないわね{08}	이런 걸 보다니\n변변찮은 남자겠네{08}
S01:6:67	33	でも　これ図書館のマークないよ？{08}	여기 도서관 표시가 없는데?{08}
S01:6:68	57	グレン旅行記……\nふうん　世の中には\nひまな人がいるもんね{08}	「글렌 여행기」……\n흐응 세상엔\n한가한 사람도 있네{08}
S01:6:69	31	それは　ちょっと違うと思う……{08}	그건 좀 아닌 것 같은데……{08}
S01:6:70	67	あっ　これって　もしかすると\nあの　グレンおじいちゃん\nじゃないの？{08}	아 이거 혹시\n그 글렌 할아버지\n아냐?{08}
S01:6:71	44	あっ　ほんとだ\nすごい　おじいちゃんなんだね{08}	아 정말이네\n대단한 할아버지구나{08}
S01:6:72	33	グレン……？　{0d}{0d}だれなんだ　それ{08}	글렌……? {0d}{0d}누군데 그게{08}
S01:6:73	73	なにいってんのよ　セニア\nあんたをスカウトしにきた\nおじいちゃんじゃないの{08}	무슨 소리야 세니아\n너를 스카우트하러 온\n할아버지잖아{08}
S01:6:74	30	う～ん……{0d}そうだったかなぁ～{08}	으～음……{0d}그랬던가～{08}
S01:6:75	52	魔法力学第二法則における\nブラウン運動とその振る舞い{08}	「마법역학 제２법칙에서의\n브라운 운동과 그 거동」{08}
S01:6:76	41	あった～　たしかに　これよ！{0d}\nやったね！{08}	찾았다～ 분명 이거야!{0d}\n해냈다!{08}
S01:6:77	50	こんなこと毎日繰り返してたら\n学者になっちゃうよ～{08}	이런 걸 매일 하다간\n학자가 되겠어～{08}
S01:6:78	56	それって　いいことだよね\nわたし　それでも十分だけど……{08}	그거 좋은 거잖아\n나는 그걸로도 충분한데……{08}
S01:6:79	24	な　{0d}なによ　これ～！！{08}	뭐{0d} 뭐야 이거～!!{08}
S01:6:80	17	二人とも逃げて！{08}	둘 다 도망쳐!{08}
S01:6:81	48	いたたたたた……\nなんで　通り抜けちゃったんだろ{08}	아야야야야……\n왜 통과해 버린 거지{08}
S01:6:82	51	ちょっと　エリー\n大丈夫！？\nすごい音がしたけど……{08}	잠깐 엘리\n괜찮아!?\n엄청난 소리가 났는데……{08}
S01:6:83	65	あははははっ\nエリーも　レナもこんな\n子供だましにひっかかるなんて{08}	아하하하하\n엘리도 레나도 이런\n애들 장난에 걸리다니{08}
S01:6:84	73	ったく　紛らわしいよなぁ\nこの手の本は　ちゃんとべつに\nしとけばいいのにね{08}	정말 헷갈리게\n이런 책은 따로\n좀 두면 좋을 텐데{08}
S01:6:85	60	えっ　ちょっとセニアってば\nあんた　この本の正体知ってんの？{08}	어 잠깐 세니아\n너 이 책 정체 알아?{08}
S01:6:86	56	うん　家に一冊置いてあったし\nだって　こんなの常識じゃん{08}	응 집에 한 권 있었거든\n이 정도는 상식이잖아{08}
S01:6:87	33	どっかの田舎と一緒にしないでよ！{08}	어디 시골이랑 같이 보지 마!{08}
S01:6:88	75	べつにとって食いやしないから\n安心しろって\nレナも　けっこうおくびょうだなぁ{08}	잡아먹진 않으니까\n안심하라고\n레나도 꽤 겁쟁이구나{08}
S01:6:89	29	う～んと　確かこの辺に………{08}	으～음 분명 이 근처에………{08}
S01:6:90	13	すいませ～ん{08}	실례합니다～{08}
S01:6:91	65	ちょっと今　手が離せないんだ\n悪いけど\nまた後にしてもらえるかな？{08}	지금 좀 손을 뗄 수가 없거든\n미안하지만\n나중에 다시 와 줄래？{08}
S01:7:0	61	あら　新入生ね？\nそちらの小さい子は　どうしたの\n迷子かしら？{08}	어머 신입생이군요?\n그쪽 작은 아이는 왜 그래요\n길을 잃었나요?{08}
S01:7:1	42	じつは　そうなんです\nそれでセンセイの所へ{08}	실은 그래요\n그래서 선생님께{08}
S01:7:2	18	ち　{0d}ちがいます！{08}	아{0d} 아니에요!{08}
S01:7:3	106	……え　新入生なの？{0d}\nごめんなさい\nわたくし　ちょっと目が悪くて……{0d}{0d}{0d}{0d}{08}\nあの　{0d}{0d}ほんとに　ごめんなさいね{08}	……어 신입생이에요?{0d}\n미안해요\n제가 눈이 좀 나빠서……{0d}{0d}{0d}{0d}{08}\n저 {0d}{0d}정말 미안해요{08}
S01:7:4	29	ねえ　悪気はないみたいだけど{08}	있잖아 악의는 없는 것 같은데{08}
S01:7:5	46	わかってるわよ\nあったのは　あんたのほうでしょ{08}	알아\n찔린 건 너잖아{08}
S01:7:6	30	え　わかった？\nどうしてだろ？{08}	어 알았어?\n어떻게 알았지?{08}
S01:7:7	114	くすくすくす………{0d}{0d}{0d}\nわたくしは　歌の魔法を教えている\nテレイナといいます{08}\n{0c}気を悪くしないでくださいね\nええと……{08}	쿡쿡쿡………{0d}{0d}{0d}\n저는 노래 마법을 가르치는\n테레이나라고 해요{08}\n{0c}기분 나빠하지 말아 줘요\n그러니까……{08}
S01:7:8	9	レナです{08}	레나예요{08}
S01:7:9	19	こっちが　エリーで{08}	이쪽이 엘리고{08}
S01:7:10	19	この子がセニアです{08}	이 애가 세니아예요{08}
S01:7:11	42	よろしく　先生\nついでに弟子にしてください{08}	잘 부탁해요 선생님\n겸사겸사 제자로 받아 주세요{08}
S01:7:12	52	それでは　歌のテストを受けて\nもらうことになりますね{08}	그럼 노래 테스트를\n받아야겠네요{08}
S01:7:13	29	やった！　なんとかなりそうね{08}	해냈다! 어떻게든 되겠어{08}
S01:7:14	97	では　さっそく\nテストをしてみましょう{08}\n{0c}それでは　え～っと………{0d}{0d}{0d}\nエリーさんからいきましょうか{08}	그럼 바로\n테스트를 해 볼까요{08}\n{0c}그럼 음～………{0d}{0d}{0d}\n엘리 양부터 해 볼까요{08}
S01:7:15	32	はい！\nいいですよ　テレイナ先生{08}	네!\n좋아요 테레이나 선생님{08}
S01:7:16	29	オンチの人はいないでしょうね{08}	음치인 사람은 없겠죠{08}
S01:7:17	81	このメロディですからね{08}\n{0c}ラ～ラ　{0d}{0d}ラララ　{0d}ラ　{0d}ラッラ♪\n{0d}ラーラ　{0d}ラララ～ラ♪{08}	이 멜로디예요{08}\n{0c}라～라 {0d}{0d}라라라 {0d}라 {0d}랏라♪\n{0d}라～라 {0d}라라라～라♪{08}
S01:7:18	31	さすが　センセイ！{0d}\nうまいな～{08}	역시 선생님!{0d}\n잘한다～{08}
S01:7:19	86	いきますよ\nわたくしのメロディにあわせて\n口ずさんでくださいね{0d}{0d}{08}\n１{0d}{0d}　２{0d}{0d}　３{0d}{0d}\nはい{08}	갑니다\n제 멜로디에 맞춰서\n따라 불러 보세요{0d}{0d}{08}\n１{0d}{0d} ２{0d}{0d} ３{0d}{0d}\n자{08}
S01:7:20	93	お上手ですね\nエリーさんは　なにも\n問題ありません　合格です{08}\nつぎはレナさん　よろしいですか？{08}	잘하네요\n엘리 양은 아무\n문제없어요 합격이에요{08}\n다음은 레나 양 괜찮나요?{08}
S01:7:21	9	はーい！{08}	네～!{08}
S01:7:22	31	それでは\n１{0d}{0d}　２{0d}{0d}　３{0d}{0d}\nはい{08}	그럼\n１{0d}{0d} ２{0d}{0d} ３{0d}{0d}\n자{08}
S01:7:23	47	レ　{0d}レナ……？\nあんまり　フザけないほうが……{08}	레{0d} 레나……?\n너무 장난치지 않는 게……{08}
S01:7:24	46	まあまあでしょ\nへへ　歌はけっこう得意な方なの{08}	그럭저럭이지?\n헤헤 노래는 꽤 자신 있거든{08}
S01:7:25	62	もう一度だけ　歌ってみてください\nでも　こんどは本番ですからね{08}	한 번만 더 불러 보세요\n하지만 이번엔 실전이에요{08}
S01:7:26	11	……はい？{08}	……네?{08}
S01:7:27	22	１{0d}{0d}　２{0d}{0d}　３{0d}{0d}\nはい{08}	１{0d}{0d} ２{0d}{0d} ３{0d}{0d}\n자{08}
S01:7:28	63	レナさん\nオンチでは歌の魔法を\nつかうことはできないんですよ……{08}	레나 양\n음치는 노래 마법을\n쓸 수가 없답니다……{08}
S01:7:29	46	だれか他の先生を　あたった方が\nよいと思います{08}	다른 선생님을 알아보는 게\n좋을 것 같아요{08}
S01:7:30	16	あ！　レナ！！{08}\n	아! 레나!!{08}\n
S01:7:31	63	なにも先生　そこまではっきり……{0d}{0d}{0d}\nまあ　わからせるのもいっか{08}	선생님도 그렇게 딱 잘라……{0d}{0d}{0d}\n뭐 알게 하는 것도 괜찮나{08}
S01:7:32	32	まったく　世話の焼ける女だな～{08}\n	정말 손이 많이 가는 애라니까{08}\n
S01:7:33	9	いこう！{08}	가자!{08}
S01:7:34	76	ごめんなさいね{0d}\nオンチは直るものではありませんし\n採用は見送らせてもらいます{08}	미안해요{0d}\n음치는 고쳐지는 게 아니라서\n채용은 보류할게요{08}
S01:7:35	39	せ　{0d}先生！\nその話はもうやめましょう！{08}	서{0d} 선생님!\n그 얘긴 이제 그만해요!{08}
S01:7:36	64	いらっしゃい　新入生のみなさん\nここは　テレイナ先生の音楽教室よ{08}	어서 와요 신입생 여러분\n테레이나 선생님 음악 교실이야{08}
S01:7:37	38	あなたたちも　ここに\n弟子入りするの？{08}	너희도 여기에\n제자로 들어오는 거야?{08}
S01:7:38	105	歌の魔法をならえるなんて\nわたし　すごい幸せよね……{08}\n練習なんて　苦にならないの\nそれが普通なんだから……{08}	노래 마법을 배울 수 있다니\n난 정말 행복해……{08}\n연습 따윈 힘들지 않아\n그게 당연하니까……{08}
S01:7:39	60	そういえばさっき　変な音が\n聞こえたけど　なんだったのかしら{08}	그러고 보니 아까 이상한\n소리가 났는데 뭐였을까{08}
S01:7:40	75	へえ　こういう楽器もあるんだ\nここの弟子になったら\nいろいろ教わっちゃおっと{08}	와 이런 악기도 있구나\n여기 제자가 되면\n이것저것 배워야지{08}
S01:7:41	38	三人で　曲をひいたりするのも\nいいよね{08}	셋이서 곡을 연주하는 것도\n좋겠다{08}
S01:7:42	148	歌ならまかせて！{08}\nブルグに歌姫が住んでいたっていう\n伝説の泉があるんだけど\nわたしが歌うと　急に静かになるの{08}\nきっと　虫たちも\n聞き入るんだと思うな～{08}	노래라면 맡겨 둬!{08}\n부르그엔 노래 공주가 살았다는\n전설의 샘이 있는데\n내가 노래하면 갑자기 조용해져{08}\n분명 벌레들도\n귀 기울여 듣는 걸 거야～{08}
S01:7:43	54	へえー　すごいじゃん\nもしかして　エリーも歌うまいの？{08}	오～ 대단한데\n혹시 엘리도 노래 잘해?{08}
S01:7:44	38	わたしは　あんまり\n歌ったことないんだ{08}	나는 별로\n노래해 본 적이 없어{08}
S01:7:45	25	まあ　楽しみにしていてね{08}	뭐 기대하고 있어{08}
S01:7:46	41	こっ　{0d}こんなものは\nもう見たくないわよ！{08}	이{0d} 이런 건\n다신 보고 싶지 않아!{08}
S01:7:47	27	しばらく　ほっとくのが一番{08}	당분간 내버려 두는 게 제일{08}
S01:7:48	71	レナ　そんな顔するなって\nべつに　この楽器は\nもんくいったりしないからさ{08}	레나 그런 얼굴 하지 마\n딱히 이 악기가\n불평하는 것도 아니잖아{08}
S01:7:49	54	それじゃあ　なんでこの楽器の前で\nわざわざとまるのよ！{08}	그럼 왜 이 악기 앞에서\n일부러 멈추는 건데!{08}
S01:7:50	13	なに　これ？{08}	뭐야 이거?{08}
S01:7:51	21	普通こんな動きする？{08}	보통 이렇게 움직여?{08}
S01:7:52	29	きっと魔法がかかってるんだよ{08}	분명 마법이 걸려 있을 거야{08}
S01:7:53	81	こほん………{0d}{0d}{0d}{0d}\nア　{0d}ア　{0d}ア　{0d}ア　{0d}アァ～♪{0d}{0d}\nここは　こんな感じでいいかしらね{08}	크흠………{0d}{0d}{0d}{0d}\n아{0d} 아{0d} 아{0d} 아{0d} 아아～♪{0d}{0d}\n여긴 이런 느낌이면 되려나{08}
S01:7:54	25	なにか　いそがしそうだね{08}	뭔가 바빠 보이네{08}
S01:7:55	31	そうね{0d}{0d}{0d}\nまた後で　きましょう{08}	그러게{0d}{0d}{0d}\n나중에 다시 오자{08}
S01:8:0	50	ダディス先生は　出かけてるんだ\nまた今度きてくれよ{08}	다디스 선생님은 외출 중이야\n다음에 다시 와 줘{08}
S01:8:1	162	ちょ　{0d}ちょうどいい！\n君たちも　ダディス先生を探しに\nいってくれないか？{08}\nグレン島とアギト岬をかんちがい\nしたみたいで　今度はアギト岬に\nいったきり帰ってこないんだ{08}	마{0d} 마침 잘됐다!\n너희도 다디스 선생님을\n찾으러 가 주지 않을래?{08}\n글렌섬과 아기토곶을 착각\n하셨는지 이번엔 아기토곶에\n가신 채 안 돌아오셔{08}
S01:8:2	34	……その先生\nほんとに大丈夫なの？{08}	……그 선생님\n정말 괜찮은 거야?{08}
S01:8:3	89	今はそれどころじゃないんだよ！\nもうすぐイェンは　アギト岬から\n離れるんだ！　急がないと！{08}	지금 그럴 때가 아니야!\n곧 옌이 아기토곶에서\n떠난다고! 서둘러야 해!{08}
S01:8:4	61	世話のやける先生ね……\nでも　もう\nここの先生しか残ってないし{08}	손이 많이 가는 선생님이네……\n그래도 이제\n여기 선생님밖에 안 남았어{08}
S01:8:5	51	あっ　わかった！{0d}\nだから　あいつら急いでいたんだ！{08}	아 알았다!{0d}\n그래서 걔네가 서둘렀구나!{08}
S01:8:6	63	あんなやつらに先をこされて\nたまりますか！\nみんな　いきましょ！{08}	그런 녀석들한테 선수를\n뺏길 수야 없지!\n다들 가자!{08}
S01:8:7	56	だからって　弟子になれるとは\nかぎらないと思うけどな……{08}	그렇다고 제자가 될 수\n있는 건 아닐 것 같은데……{08}
S01:8:8	50	いそがないと先生がアギト岬に\nとりのこされちゃうよ{08}	서두르지 않으면 선생님이\n아기토곶에 남겨지고 말 거야{08}
S01:8:9	44	ありがとう　おかげで先生が\n無事帰ってきたよ{08}	고마워 덕분에 선생님이\n무사히 돌아오셨어{08}
S01:8:10	53	ダディス先生は\nいま　出かけているわ\nまた　後できてね{08}	다디스 선생님은\n지금 외출 중이야\n나중에 다시 와 줘{08}
S01:8:11	46	ダディス先生がでかけたきり\n帰ってこないの……{08}	다디스 선생님이 나가신 뒤로\n돌아오질 않으셔……{08}
S01:8:12	74	あなたたち　ありがとう{0d}{0d}{0d}\nダディス先生は物忘れがひどいから\n心配してたのよ{08}	너희 고마워{0d}{0d}{0d}\n다디스 선생님은 건망증이 심해\n걱정했거든{08}
S01:8:13	73	おまえら　もう先生は決まったか？\nオレ様たちは決まったも同然だぜ\nあばよ！{08}	너희 선생님은 정했냐?\n이 몸들은 정한 거나 다름없지\n잘 있어라!{08}
S01:8:14	13	お先にっス！{08}	먼저 갑니다요!{08}
S01:8:15	17	お先に失礼するよ{08}	먼저 실례할게{08}
S01:8:16	38	あいつらー！\nいつか見ていなさいよ！！{08}	저 녀석들～!\n언젠가 두고 보라고!!{08}
S01:8:17	52	それにしても　あいつら……{0d}{0d}\nなにを　慌ててたんだ？{08}	그나저나 쟤네……{0d}{0d}\n뭘 그렇게 서두른 거지?{08}
S01:8:18	73	さあ……{0d}{0d}\nな～んか　ひっかかるのよねぇ…{0d}{0d}\nちょっと聞いてみましょうか？{08}	글쎄……{0d}{0d}\n뭔가～ 마음에 걸린단 말이야…{0d}{0d}\n좀 물어볼까?{08}
S01:8:19	28	お前ら　なんだ？\n新入生か？{08}	너희는 뭐냐?\n신입생이냐?{08}
S01:8:20	62	さっき　先生をむかえにいった\nレナと　エリーと　セニアです！！{08}	아까 선생님을 모시러 간\n레나랑 엘리랑 세니아예요!!{08}
S01:8:21	63	はて……{0d}{0d}\nわしを　むかえにきたのは\nそこの三人じゃなかったか？{08}	글쎄……{0d}{0d}\n나를 데리러 온 건\n저기 셋 아니었나?{08}
S01:8:22	77	なんだ　今ごろきたのかよ\nダディス先生なら　オレ様たちが\n連れもどしてきたぜ！{08}	뭐야 이제야 왔냐\n다디스 선생님이라면 이 몸들이\n모셔 왔다고!{08}
S01:8:23	25	あっ　{0d}{0d}あんたたちねぇ！{08}	아{0d}{0d} 너희들 정말!{08}
S01:8:24	64	これで　オレ様たちは弟子入りさ\nおまえらは見つかったのかよ　先生{08}	이걸로 이 몸들은 제자 입문\n너희는 찾았냐 선생님{08}
S01:8:25	25	……見つからなかったわよ{08}	……못 찾았어{08}
S01:8:26	71	きみたち\n先生が　見つからなかったんなら\nかわいそうだけど　これで退学さ{08}	너희\n선생님을 못 찾았다면\n불쌍하지만 이걸로 퇴학이야{08}
S01:8:27	25	あ　{0d}{0d}あんたたちねぇ！！{08}	아{0d}{0d} 너희들 정말!!{08}
S01:8:28	82	まあ連れてきた人間は誰でもいいが{0d}\n弟子とか退学とか……\nなんのことをいっておるのだ{08}	데려온 건 누구든 상관없다만{0d}\n제자니 퇴학이니……\n무슨 소리를 하는 게냐{08}
S01:8:29	75	なにいってんだよ！\nだって　ここは弟子になれないと\n追い出されるんだろーっ！{08}	무슨 소리예요!\n여긴 제자가 못 되면\n쫓겨나는 거잖아요～!{08}
S01:8:30	71	……そうだったか？\nわしは　そういう気がしないような\nするような気がする{08}	……그랬던가?\n나는 그런 것 같지 않은 것\n같기도 한 것 같구나{08}
S01:8:31	58	……はじめて聞きましたけど\n今年から　校則変わったのかなぁ{08}	……처음 듣는데요\n올해부터 교칙이 바뀌었나{08}
S01:8:32	49	え？　ちょっと　まって{0d}\nそれってもしかして……？{08}	어? 잠깐만{0d}\n그거 혹시……?{08}
S01:8:33	60	アンチ　あんた　この話をどこで\n聞いたか　いってみなさいよ！{08}	안치 너 이 얘길 어디서\n들었는지 말해 봐!{08}
S01:8:34	40	さ　さあ\nそんな遠い昔のことは忘れたぜ！{08}	글 글쎄\n그런 먼 옛날 일은 잊었어!{08}
S01:8:35	47	そうっス！\nアンチのアニキが\nいいふらしたっス！{08}	맞아요!\n안치 형님이\n퍼뜨렸어요!{08}
S01:8:36	19	リック　だまれ！！{08}	릭 입 다물어!!{08}
S01:8:37	27	もう　ゆるさないからなー！{08}	이제 용서 안 할 거야～!{08}
S01:8:38	44	べつに弟子など　いくらいても\nかまわんのにな{08}	딱히 제자야 몇 명이 있든\n상관없는데 말이다{08}
S01:8:39	9	えっ！？{08}	네!?{08}
S01:8:40	36	センセイ\nよろしく　お願いしま～す！{08}	선생님\n잘 부탁드려요～!{08}
S01:8:41	60	よし　そろそろ新入生がくる時期だ\nみんなで　準備をはじめるぞ{08}	좋아 슬슬 신입생이 올 때다\n다 같이 준비를 시작하자{08}
S01:8:42	61	ダディス先生！\nだから新入生は　わたしたちのこと\nですってば！{08}	다디스 선생님!\n그러니까 신입생이\n저희라니까요!{08}
S01:8:43	85	おー　そうかそうか\nそれでは実習のために　グレン島へ\n材料を取りいかなければならなんな{08}	오 그래 그래\n그럼 실습을 위해 글렌섬에\n재료를 가지러 가야겠구나{08}
S01:8:44	71	いいかげんにしてよー！\nもう一度　同じことをするのは\nぜ～ったいイヤ！！{08}	적당히 좀 해요～!\n똑같은 걸 또 하는 건\n저～얼대 싫어!!{08}
S01:8:45	57	へっへっへっ\nひと足　おそかったな\nこれでおまえらは退学だ{08}	헤헤헤\n한발 늦었군\n이걸로 너희는 퇴학이다{08}
S01:8:46	42	なによっ！\nイチイチ　カンにさわるわねっ！{08}	뭐야!\n일일이 신경을 긁네!{08}
S01:8:47	21	ザンネンだったっスね{08}	안됐네요～{08}
S01:8:48	67	ザンネンだったね\nまあ　今回は縁がなかったと思って\nあきらめるんだね{08}	안됐구나\n뭐 이번엔 인연이 없었다\n생각하고 포기하렴{08}
S01:8:49	139	新入生の人たちだね\nまずは　そこの橋を渡った所に\n大きな建物があるだろ{08}\nそこに　学園長がいるから\nいろいろ　この町について\n聞いてみるといいよ{08}	신입생들이구나\n우선 저 다리를 건너면\n큰 건물이 있지?{08}\n거기 학원장님이 계시니까\n이 마을에 대해 이것저것\n여쭤보면 좋아{08}
S01:8:50	31	もう　学園長にはあったのかい？{08}	학원장님은 벌써 만났니?{08}
S01:8:51	21	ようこそ　魔法学園へ{08}	마법학원에 온 걸 환영해{08}
S01:9:0	34	あのぉ～\n先生を探しているんですが{08}	저어～\n선생님을 찾고 있는데요{08}
S01:9:1	23	お？　なんだ新入生か？{08}	오? 뭐냐 신입생이냐?{08}
S01:9:2	20	……{0d}{0d}{0d}ふむ　採用だ{08}	……{0d}{0d}{0d}흠 채용이다{08}
S01:9:3	48	……{0d}え？\n採用って　弟子にして\nくれるんですか？{08}	……{0d}네?\n채용이라니 제자로\n받아 주시는 거예요?{08}
S01:9:4	89	ふむふむ　よしよし　問題はないな\nちょっと髪が長いのが気になるが\nまあ　この際だ　よかろう{08}	흠흠 좋아 좋아 문제없군\n머리가 좀 긴 게 걸리지만\n뭐 이참에 괜찮겠지{08}
S01:9:5	50	あ　{0d}あのう……{0d}\nひとつだけ　しつもんいいですか？{08}	저{0d} 저기……{0d}\n하나만 여쭤봐도 될까요?{08}
S01:9:6	84	それは君にとって　人生に関わる\nような大事な質問なのかね？{08}\nそうでなければ　後回しだ{08}	그건 너에게 인생이 걸린\n중요한 질문이냐?{08}\n그게 아니면 나중에 해라{08}
S01:9:7	21	すごいイヤな予感……{08}	엄청 불길한 예감……{08}
S01:9:8	124	わしの弟子になりたいんだろ？\n君なら　まったく問題はない{08}\nそこの二人も助手として\n引き受けるので\nさっそく頼まれてほしいのだが{08}	내 제자가 되고 싶은 거지?\n너라면 전혀 문제없다{08}\n거기 둘도 조수로\n받아 줄 테니\n당장 부탁 좀 들어 다오{08}
S01:9:9	25	ということで　お願いね曖{08}	그런 거니까 잘 부탁해♥{08}
S01:9:10	46	ちょっと　セニア\nひとごとだと思ってるわね！！{08}	잠깐 세니아\n남 일이라고 생각하지!!{08}
S01:9:11	87	さあ　これをつけなさい\nそして　いくぞ　空へ！{08}\n君は　はじめて空を飛ぶ\n生徒となるのだ！{08}	자 이걸 차거라\n그리고 가자 하늘로!{08}\n너는 처음으로 하늘을 나는\n학생이 되는 것이다!{08}
S01:9:12	84	と　{0d}とってください！\n空を飛ぶなんて　冗談じゃないわ！\nエリー　セニア　助けてよぉ！{08}	벗{0d} 벗겨 주세요!\n하늘을 날다니 말도 안 돼!\n엘리 세니아 살려 줘～!{08}
S01:9:13	63	まあ　これもイェンから\n追い出されないためだから\nしかたないよね{08}	뭐 이것도 옌에서\n쫓겨나지 않기 위해서니까\n어쩔 수 없지{08}
S01:9:14	32	うーん……{0d}{0d}\nレナ　がんばってね{08}	으음……{0d}{0d}\n레나 힘내{08}
S01:9:15	57	うっ　{0d}うらぎりもの！{0d}\nせ　{0d}先生　やり直しを要求します！{08}	배{0d} 배신자!{0d}\n서{0d} 선생님 재시험 해 줘요!{08}
S01:9:16	30	却下だな\nさあ　きりきり歩け！{08}	기각이다\n자 얼른 걸어라!{08}
S01:9:17	40	一応　見届けてあげるのが\nスジってものか{08}	일단 지켜봐 주는 게\n도리겠지{08}
S01:9:18	23	友達じゃあなくて……？{08}	친구로서가 아니고……?{08}
S01:9:19	81	わしの助手として登録しておいたぞ\nなにか問題があれば　今のうちに\nいっておきなさい{08}	내 조수로 등록해 두었다\n뭔가 문제가 있으면 지금\n말하거라{08}
S01:9:20	29	その登録うんぬんが問題で～す{08}	그 등록 어쩌고가 문제예요～{08}
S01:9:21	77	まあ　いいわい\n気が向いたらいつでもきておくれ\nいつでも席は空けておくからのう{08}	뭐 좋다\n마음 내키면 언제든 오너라\n언제든 자리는 비워 둘 테니{08}
S01:9:22	28	え　{0d}えんりょしておきま～す{08}	사{0d} 사양할게요～{08}
S01:9:23	25	新入生の人　いらっしゃい{08}	어서 와 신입생{08}
S01:9:24	40	もう　弟子入りする先生は\n決めたのかい？{08}	벌써 제자로 들어갈 선생님은\n정했니?{08}
S01:9:25	65	あの～　{0d}さっきからケント先生が\nあなたのことを待ってるんですけど{08}	저기～ {0d}아까부터 켄트 선생님이\n당신을 기다리고 계신데요{08}
S01:9:26	179	わっ　{0d}わたしのことをですか？{0d}{0d}\nなんでかしらねぇ　あはははは……{08}\n{0c}もし　弟子入りのことでしたら\nお断りしなくちゃ{08}\n{0c}実はわたしたち　もう弟子入りする\n先生を決めちゃっているんですよ{08}	저{0d} 저를요?{0d}{0d}\n왜일까요 아하하하……{08}\n{0c}혹시 제자 얘기라면\n거절해야겠네요{08}\n{0c}실은 저희 제자로 들어갈\n선생님을 벌써 정했거든요{08}
S01:9:27	27	…はぁ　{0d}{0d}そうですか………{08}	…하아 {0d}{0d}그렇군요………{08}
S01:9:28	66	わたしたちの夢が実現できる\nチャンスと思ったのですが…{0d}{0d}{0d}\nはぁ……{08}	저희의 꿈을 이룰 수 있는\n기회라고 생각했는데…{0d}{0d}{0d}\n하아……{08}
S01:9:29	11	こんにちは{08}	안녕하세요{08}
S01:9:30	60	う～む………{0d}{0d}{0d}\nこれが　こうなって\nあれが　そうなって………{08}	으～음………{0d}{0d}{0d}\n이게 이렇게 돼서\n저게 그렇게 돼서………{08}
S01:9:31	23	なにかいそがしそうだな{08}	뭔가 바빠 보이네{08}
S01:9:32	7	そうね{08}	그러게{08}
S01:9:33	19	後で　またこようよ{08}	나중에 다시 오자{08}
S01:10:0	73	やあ　新入生だね\nちょっと先生の人数が多いけど\n時間をかけてえらぶといいよ{08}	안녕 신입생이구나\n선생님 수가 좀 많지만\n시간을 들여 고르렴{08}
S01:10:1	76	ってことは……やっぱり先生ですね\nあ　{0d}あの　まだ弟子は募集\nしてるんですか？{08}	그렇다는 건……역시 선생님이죠\n저{0d} 저기 아직 제자\n모집하세요?{08}
S01:10:2	156	うん　してるけれど……？\n今年は　なんだか慌ただしいなあ\nやる気があるのは問題ないんだけど{08}\nちょっと実験中なんで　わるいけど\nそこのビーカーをとってくれるかな{08}	응 하는데……?\n올해는 어째 부산하네\n의욕 있는 건 좋지만{08}\n좀 실험 중이라 미안하지만\n거기 비커 좀 집어 줄래?{08}
S01:10:3	13	よろこんで！{08}	기꺼이요!{08}
S01:10:4	73	あの……先生？\nひとつだけ聞きたいんですが\nこれは　いやがらせなんですか？{08}	저기……선생님?\n하나만 묻고 싶은데\n이거 괴롭히는 거예요?{08}
S01:10:5	86	あ　そうか！　すまなかったね\nきちんと説明しなくて……{0d}\nあ　危険だから　ちょっと離れて{08}	아 그렇지! 미안했다\n제대로 설명을 안 해서……{0d}\n아 위험하니까 좀 떨어져{08}
S01:10:6	21	ねえ　どうする……？{08}	있잖아 어떡해……?{08}
S01:10:7	27	うーん……また　失敗かな？{08}	으음……또 실패인가?{08}
S01:10:8	31	ちょっと……じょーだんでしょ？{08}	잠깐……농담이지?{08}
S01:10:9	89	あっ　先生のいうとおり\nじっくり選んだ方がいいですよね！\nそうします！　先生さようならっ！{08}	아 선생님 말씀대로\n천천히 고르는 게 좋겠죠!\n그럴게요! 선생님 안녕히!{08}
S01:10:10	34	ちょっと　レナー！？\n待てよ～！！{08}	잠깐 레나～!?\n기다려～!!{08}
S01:10:11	48	あの……{0d}{0d}先生　ごめんなさい\nまたくると思います{08}	저기……{0d}{0d}선생님 죄송해요\n또 올 것 같아요{08}
S01:10:12	19	あ　がんばりなよ～{08}	아 힘내렴～{08}
S01:10:13	81	でも　先生がみつからなかったら\n遠慮なくおいで{08}\n{0c}ぼくは　いつでもかまわないからね{08}	그래도 선생님을 못 찾으면\n사양 말고 오렴{08}\n{0c}나는 언제든 괜찮으니까{08}
S01:10:14	30	ま　{0d}前向きにけんとうしますぅ{08}	기{0d} 긍정적으로 검토할게요～{08}
S01:10:15	15	がんばりなよ～{08}	힘내렴～{08}
S01:10:16	48	新入生　よくきたな\nまあ　ゆっくりしていってくれ{08}	신입생 잘 왔다\n뭐 편히 있다 가{08}
S01:10:17	71	君たち　ちょっと\n静かにしてもらえないか\n先生が　薬の調合をしているんだ{08}	너희 좀\n조용히 해 줄래?\n선생님이 약을 조합하고 계셔{08}
S01:10:18	42	薬の調合は神経を使うから\nすごく大変なんだ{08}	약 조합은 신경을 써서\n엄청 힘들거든{08}
S01:10:19	33	どうすれば　失敗しないんだろう…{08}	어떻게 하면 실패 안 할까…{08}
S01:10:20	65	あなたたち……\nまだ　弟子になってないの……\nわたし　知らないから{08}	너희……\n아직 제자가 안 됐어……\n난 모른다{08}
S01:10:21	29	なにか　変なニオイしないか？{08}	뭔가 이상한 냄새 안 나?{08}
S01:10:22	7	そお？{08}	그래?{08}
S01:10:23	21	ちょっといいですか？{08}	잠깐 괜찮아요?{08}
S01:10:24	29	これと　これを混ぜれば………{08}	이거랑 이걸 섞으면………{08}
S01:10:25	56	……ぜんぜん聞こえてないみたいね\nまた後できましょうか？{08}	……전혀 안 들리나 봐\n나중에 다시 올까？{08}
S01:11:0	124	そこの橋を渡って東に歩いていくと\n図書館があるのじゃが　そこに\nラルフ先生ってのが住んでおる{08}\n{0c}本が好きだとかいうわからん人さ{08}	저 다리를 건너 동쪽으로 가면\n도서관이 있는데 거기\n랄프 선생이란 사람이 살지{08}\n{0c}책을 좋아하는 별난 사람이야{08}
S01:11:1	66	いつもいつも　本ばかり読んでいて\n食事とかはどうしているんじゃろう{08}	맨날 책만 읽고 있는데\n밥은 어떻게 먹는지 몰라{08}
S01:11:2	87	イアソン先生って魔法剣を教えて\nいらっしゃるんですって……\n真の男とか　なんか不思議ねぇ{08}	이아손 선생님은 마법검을\n가르치신대요……\n진정한 사나이라니 신기하네{08}
S01:11:3	73	ねえねえ　今年の新入生って\nすごく慌ただしいけど……\nなにかあったのかい？{08}	있잖아 올해 신입생들\n엄청 부산하던데……\n무슨 일 있었어?{08}
S01:11:4	188	このイェンの町の北西に　ちょっと\n大きめの建物があったでしょう？{08}\nそこには　化粧魔法というものを\n教えてくれる　ダディス先生が\n住んでるんだけど……{08}\n{0c}くすくすくす……\n会うとびっくりするかも{08}	이 옌 마을 북서쪽에 좀\n커다란 건물이 있었지?{08}\n거기엔 화장 마법이란 걸\n가르쳐 주는 다디스 선생님이\n사시는데……{08}\n{0c}쿡쿡쿡……\n만나면 깜짝 놀랄지도{08}
S01:11:5	44	まあ　一度のぞいてみたら\nすぐにわかるよ……{08}	뭐 한번 들여다보면\n금방 알 거야……{08}
S01:11:6	19	なにも入ってないわ{08}	아무것도 안 들어 있어{08}
S01:11:7	11	あんたねぇ{08}	너 정말{08}
S01:11:8	22	レナぁ{0d}　飲まないでね{08}	레나～{0d} 마시지 마{08}
S01:11:9	28	の{0d}{0d}　み{0d}{0d}　ま{0d}{0d}　せ{0d}{0d}　ん{0d}{08}	안{0d}{0d} 마{0d}{0d} 셔{0d}{0d} 요{0d}{0d} 오{0d}{08}
S01:11:10	19	これ　食べていい？{08}	이거 먹어도 돼?{08}
S01:11:11	9	だ{0d}{0d}め！{08}	안{0d}{0d}돼!{08}
S01:11:12	19	お　{0d}{0d}おいしそー曖{08}	맛{0d}{0d} 맛있겠다♥{08}
S01:11:13	19	食べちゃだめだよ！{08}	먹으면 안 돼!{08}
S01:12:0	95	イェンの先生は　一度会うだけでは\nその性格は　はあくできないよ\nでも皆　よい先生たちばかりですよ{08}	옌의 선생님은 한 번 만나서는\n그 성격을 알 수 없어요\n하지만 다들 좋은 분들이에요{08}
S01:12:1	60	もうあなたたちは　どの先生に\n弟子入りするか決めたのですか？{08}	벌써 어느 선생님께\n제자로 들어갈지 정했나요?{08}
S01:12:2	122	おっ　新入生か\nなにかこまったことがあったら\nこの先にある学園塔にいきなさい{08}\n最上階には　学園長もいるはずだぞ\nわははははっ{08}	오 신입생이구나\n뭔가 곤란한 일이 있으면\n이 앞의 학원탑으로 가거라{08}\n꼭대기엔 학원장님도 계실 거야\n와하하하{08}
S01:12:3	23	学園長には会えたかい？{08}	학원장님은 만났니?{08}
S01:12:4	126	よおっ！　新入生じゃないか\nところでとんがり帽子の\n建物には　いったかい？{08}\nあれが学園塔だから\n最初はいろいろ　世話になるといい{08}	여어! 신입생 아니냐\n그런데 뾰족 모자 모양\n건물엔 가 봤니?{08}\n저게 학원탑이니까\n처음엔 이것저것 신세 지렴{08}
S01:12:5	44	ゴメンなぁ……\n今ちょっと手が離せないんだよ{08}	미안해……\n지금 좀 손을 뗄 수가 없어{08}
S01:12:6	75	あら～　新入生ね\nいま新作をデザインするところなの\n楽しみにしてちょうだい曖{08}	어머～ 신입생이구나\n지금 새 옷을 디자인하는 중\n기대해 줘♥{08}
S01:12:7	83	うふふっ　待っててちょうだい\nあなたたちにぴったりの服を\nデザインしてあげるからね曖{08}	우후훗 기다려 줘\n너희한테 딱 맞는 옷을\n디자인해 줄 테니까♥{08}
S01:12:8	23	うーん　いいかおりね曖{08}	으음 좋은 향기♥{08}
S01:12:9	37	あ　{0d}{0d}あ　{0d}{0d}こ　{0d}{0d}こんなにいっぱい曖{08}	이{0d}{0d} 이{0d}{0d} 이{0d}{0d} 이렇게나 많이♥{08}
S01:12:10	11	落ち着け！{08}	진정해！{08}
S01:13:0	69	オレ様たちが\n見つからねえってことは\nおまえらも弟子になってねえな！？{08}	이 몸들이\n못 찾았다는 건\n너희도 제자가 못 됐겠지!?{08}
S01:13:1	51	まったく　{0d}その自信は\nいったいどこからでてくるのよ{08}	정말 {0d}그 자신감은\n대체 어디서 나오는 거야{08}
S01:13:2	111	こいつらに負けたら\n全員に負けたとおなじだぜ！\n誰でもいいから弟子になるんだ！{08}\nもう一度いくぞ　リック　クール！{08}	이 녀석들한테 지면\n모두한테 진 거나 마찬가지다!\n아무나 좋으니 제자가 되자!{08}\n다시 간다 릭 쿨!{08}
S01:13:3	54	誰でもいいって　……あんたら\nそんな気持ちでいいわけ？{08}	아무나 좋다니 ……너희\n그런 마음이면 되는 거야?{08}
S01:13:4	40	まずいっス～！\n先生が見つけられないっス{08}	큰일이에요～!\n선생님을 못 찾겠어요{08}
S01:13:5	75	ほかの先生方も　見る目がないな\nこんな優秀な生徒たちがいるって\nいうのに……{08}	다른 선생님들도 눈이 없군\n이렇게 우수한 학생들이\n있는데 말이야……{08}
S01:13:6	73	先生が見つからないんですか？\n大丈夫ですよ\nいつか向こうから　きてくれます{08}	선생님을 못 찾았어요?\n괜찮아요\n언젠가 저쪽에서 와 줄 거예요{08}
S01:13:7	72	わたしもこうして\n待っているんですが……{0d}\n一向に　先生があらわれませんわ{08}	저도 이렇게\n기다리고 있는데……{0d}\n도무지 선생님이 안 나타나요{08}
S01:13:8	105	どの先生につけば　卒業してから\n一番お得かしら！？{08}\n歌でも　薬草でも　楽ができれば\nそれでいいんだけどなぁ{08}	어느 선생님한테 가야 졸업 후\n제일 이득일까!?{08}\n노래든 약초든 편하기만 하면\n그걸로 좋은데{08}
S01:13:9	57	ブルーン先生かしら……{0d}\nやっぱりカッコイイのが一番よね！{08}	브룬 선생님일까……{0d}\n역시 멋있는 게 최고지!{08}
S01:13:10	40	ああ　お嬢さんたち\nイェン島へ　ようこそ{08}	아아 아가씨들\n옌섬에 온 걸 환영해{08}
S01:13:11	56	まだ先生が決まらないのか？\nわたしは……　どうしようかな{08}	아직 선생님을 못 정했니?\n나는…… 어떡하지{08}
S01:13:12	68	ど　{0d}どうしよ～\n先生がみつからない～\nここに先生はいないのかしら～？{08}	어{0d} 어떡해～\n선생님을 못 찾겠어～\n여긴 선생님이 없는 걸까～?{08}
S01:13:13	66	あ～　どうしても　みつからない～\nふぇ～ん　どうしよ～　お母さ～ん{08}	아～ 도저히 못 찾겠어～\n흐아앙 어떡해～ 엄마～{08}
S01:13:14	58	どうせ　おまえたちは　まだ\n学園長にもあってないんだろう？{08}	어차피 너희는 아직\n학원장도 못 만났지?{08}
S01:13:15	51	う　{0d}うるさいわね！\nこれからいこうと思っていたのよ{08}	시{0d} 시끄러워!\n지금 가려던 참이었어{08}
S01:13:16	61	ふんっ{08}\nまあ　せいぜい\n退学させられないように\nガンバルんだな{08}	흥{08}\n뭐 부디\n퇴학당하지 않게\n힘내 보시지{08}
S01:13:17	44	チックショ～\nなんか　すっごく腹がたつなぁ～{08}	젠자앙～\n왠지 엄청 열받네～{08}
S01:13:18	27	はやく　アイサツしてこいよ{08}	얼른 인사하고 와{08}
S01:13:19	32	いわれなくったって\nいくわよっ！{08}	말 안 해도\n갈 거거든!{08}
S01:13:20	28	チクショー\nまた失敗かぁ……{08}	젠장\n또 실패인가……{08}
S01:16:0	48	おっ　見かけない顔だね～\nもしかして新入生かい？{08}	오 처음 보는 얼굴이네～\n혹시 신입생이니?{08}
S01:16:1	73	どうだい　まさか船じゃなくて\nこの島自体が動いて来るとは\n思わなかったろう{08}	어때 설마 배가 아니라\n이 섬 자체가 움직여 올 줄은\n몰랐지?{08}
S01:16:2	50	どうやら　イェン島がアギト岬から\n離れたみたいだな{08}	아무래도 옌섬이 아기토곶에서\n떨어진 모양이군{08}
S01:16:3	71	あら　あなたたち新入生ね\nわたしはここで船番をしているのよ\nよろしくね曖{08}	어머 너희 신입생이구나\n나는 여기서 배를 지키고 있어\n잘 부탁해♥{08}
S01:16:4	93	イェンの町には図書館があってね\nよくそこを利用させてもらって\n借りてきた本をここで読んでるのよ{08}	옌 마을엔 도서관이 있어서\n자주 거기를 이용해\n빌려 온 책을 여기서 읽어{08}
S01:16:5	81	イェンは魔法の力で動いているのよ\nわたしも　詳しいことは\nよくわからないんだけどね{08}	옌은 마법의 힘으로 움직여\n나도 자세한 건\n잘 모르지만{08}
S01:17:0	54	あれ　じーさんじゃないか\nどうしたのさ　こんなところで{08}	어 할아버지잖아\n웬일이야 이런 데서{08}
S01:17:1	58	おや　お嬢ちゃんたちか\nやっときおったな{0d}{0d}……待ちわびたぞ{08}	오 아가씨들이구먼\n드디어 왔군{0d}{0d}……기다렸다네{08}
S01:17:2	32	え？　{0d}わたしたちを待ってたの？{08}	어? {0d}우릴 기다렸어요?{08}
S01:17:3	39	ほっほっほっ{08}\nなに　ワシではなく魚がな{08}	호호호{08}\n뭐 내가 아니라 물고기가 말야{08}
S01:17:4	25	……また　とぼけてるわね{08}	……또 시치미 떼네{08}
S01:17:5	17	どうしたのじゃ？{08}	무슨 일인가?{08}
S01:17:6	117	ねえねえ　おじいちゃん{0d}{0d}\nここにダディス先生がきているって\nエマ先生から　聞いてきたんだけど{08}\nおじいちゃん　知らない？{08}	있잖아요 할아버지{0d}{0d}\n여기 다디스 선생님이 왔다고\n에마 선생님한테 들었는데{08}\n할아버지 몰라요?{08}
S01:17:7	60	ダディス先生なら　ここにくるなり\n慌てた様子で帰っていったぞ{08}	다디스 선생이라면 오자마자\n허둥지둥 돌아갔다네{08}
S01:17:8	37	えーっ！{0d}\nどこで　すれ違ったのかしら{08}	에～!{0d}\n어디서 엇갈렸지{08}
S01:17:9	31	ほっほっ　ザンネンじゃったのう{08}	호호 안됐구먼{08}
S01:17:10	38	とにかく\nダディス先生をおいかけよう！{08}	아무튼\n다디스 선생님을 쫓아가자!{08}
S01:17:11	21	そうね　急ぎましょう{08}	그래 서두르자{08}
S01:17:12	77	そうそう\nちょっと待つんじゃ\nうっかり忘れる所じゃった{08}\nわしからの入学祝いじゃ{08}	그렇지 그렇지\n잠깐 기다리게\n깜빡 잊을 뻔했구먼{08}\n내가 주는 입학 선물일세{08}
S01:17:13	23	エリーはフレイを覚えた{08}	엘리는 프레이를 익혔다{08}
S01:17:14	53	あっ！　ズルーイ\nネェネェ　わたしには？\nわたしには？{08}	앗! 치사해～\n있잖아요 나는?\n나는요?{08}
S01:17:15	127	ふぉふぉふぉ\nおまえさんは\nまだ修練が足らんようじゃのぉ{08}\nちゃんと努力すれば\nイェンではいろんな先生が\n魔法を教えてくれるはずじゃ{08}	허허허\n자네는\n아직 수련이 부족한 듯하구먼{08}\n제대로 노력하면\n옌에선 여러 선생님이\n마법을 가르쳐 줄 걸세{08}
S01:17:16	30	おじいちゃん\nどうもありがとう{08}	할아버지\n정말 고마워요{08}
S01:17:17	53	ひさびさのあたりじゃ！\nお　{0d}おお　{0d}{0d}大物かもしれん！{08}	오랜만의 입질이구먼!\n오{0d} 오오{0d}{0d} 대어일지도 몰라!{08}
S01:17:18	21	変なもの釣らないでね{08}	이상한 거 낚지 마{08}
S01:19:0	91	やあ　新入生だね\nイェンの町は　ここを出て\nまっすぐ北にいったところだ{08}\n気をつけていくんだぞ{08}	안녕 신입생이구나\n옌 마을은 여길 나가서\n곧장 북쪽으로 가면 있어{08}\n조심해서 가거라{08}
S01:19:1	54	なんだ　おまえたち？\nイェンの町にいかなくていいのか？{08}	뭐냐 너희?\n옌 마을에 안 가도 되냐?{08}
S01:19:2	42	ここから　君たちが来た\nアギト岬にいけるぞ{08}	여기서 너희가 온\n아기토곶에 갈 수 있다{08}
S01:19:3	40	ああ　ダディス先生なら\n町の方へいったぞ{08}	아아 다디스 선생님이라면\n마을 쪽으로 갔다{08}
S01:19:4	59	故郷が恋しいか？\nイェン島は　もうアギト岬を\nはなれたからな{08}	고향이 그리우냐?\n옌섬은 이미 아기토곶을\n떠났으니까{08}
S01:19:5	46	早いうちに　イェンの生活に\nなれておくことだな{08}	일찌감치 옌 생활에\n익숙해지거라{08}
S01:21:0	10	台詞なし{08}\n	대사없음{08}\n
S01:22:0	10	台詞なし{08}\n	대사없음{08}\n
S01:23:0	21	な　{0d}{0d}なに…！？{0d}{0d}{0d}{0d}\n	뭐{0d}{0d} 뭐야…!?{0d}{0d}{0d}{0d}\n
S01:23:1	19	じ　{0d}{0d}地震だ！{0d}{0d}{0d}{0d}\n	지{0d}{0d} 지진이다!{0d}{0d}{0d}{0d}\n
S01:23:2	44	見て！\nイェンがアギト岬から離れてくよ！{0d}{0d}{0d}{0d}\n	봐!\n옌이 아기토곶에서 떨어져 가!{0d}{0d}{0d}{0d}\n
S01:23:3	25	あーっ！　ホントだぁ{0d}{0d}{0d}{0d}\n	아～! 정말이다{0d}{0d}{0d}{0d}\n
S01:23:4	31	イェンも　そうぞうしいわね{0d}{0d}{0d}{0d}\n	옌도 참 요란하네{0d}{0d}{0d}{0d}\n
S01:23:5	42	橋がこわれていて\nこっちは進めないみたいね{08}	다리가 부서져서\n이쪽으론 못 가겠네{08}
S01:23:6	32	しょうがない\n他の道をさがそうよ{08}	어쩔 수 없지\n다른 길을 찾자{08}
S01:23:7	79	ちょっとちょっと　エリー\nどこいくつもりなのよ\nイェンの町はこっちじゃないでしょ{08}	잠깐 잠깐 엘리\n어디 가려는 거야\n옌 마을은 이쪽이 아니잖아{08}
S01:23:8	57	そうだよ　エリー\nイェンの町は東の方じゃなくて\n北の方だろ{08}	맞아 엘리\n옌 마을은 동쪽이 아니라\n북쪽이잖아{08}
S01:23:9	11	ごめん……{08}	미안……{08}
S01:23:10	32	エリ～ぃ\nいいかげんにしなさいよ{08}	엘리～이\n적당히 좀 해{08}
S01:23:11	49	エっ　{0d}エリー？\nあそこがイェンの町じゃないのか？{08}	엘{0d} 엘리?\n저기가 옌 마을 아냐?{08}
S01:23:12	19	わたしもそう思うわ{08}	나도 그렇게 생각해{08}
S01:23:13	107	エリー　もたもたしていると\n弟子入りできないまま\nイェンを追い出されちゃうぞ{08}\nアタシはそんなのイヤだからね！{08}	엘리 꾸물대다간\n제자도 못 된 채\n옌에서 쫓겨난다고{08}\n나는 그런 거 싫다고!{08}
S01:23:14	58	そっ　{0d}そうだね\nごめん　レナ　セニア\nイェンの町にいそごう{08}	그{0d} 그렇지\n미안 레나 세니아\n옌 마을로 서두르자{08}
S01:23:15	63	エリー……\nもしかして　イェンにきたこと\n後悔してるの…………？{08}	엘리……\n혹시 옌에 온 걸\n후회하는 거야…………？{08}
S01:24:0	107	よお　おまえら知ってるかよ{08}\nイェンじゃ　色々な魔法があるから\n専門の先生に弟子入りして\n魔法の勉強するんだぜ{08}	어이 너희 그거 아냐{08}\n옌에선 여러 마법이 있어서\n전문 선생님 제자로 들어가\n마법 공부를 한다고{08}
S01:24:1	20	ふ～ん　そうなの？{08}\n	흐응 그래?{08}\n
S01:24:2	72	ま　{0d}このアンチ様にかかれば\nどんな魔法でも覚えちまうから\n関係ねえけどな{08}	뭐 {0d}이 안치 님이라면\n어떤 마법이든 익혀 버리니\n상관없지만{08}
S01:24:3	78	さ　{0d}さすが　アニキっス！\nほんとにできそうなのが\nアニキの　すごいところっス！{08}	역{0d} 역시 형님이에요!\n정말로 할 것 같은 게\n형님의 대단한 점이죠!{08}
S01:24:4	87	お嬢さんたち　そういうことだから\nアンチの顔をよく覚えておくんだね\nきっと後悔はしないさ{08}	아가씨들 그런 거니까\n안치 얼굴 잘 기억해 둬\n분명 후회 안 할 거야{08}
S01:24:5	58	なんか　感じワルイわねぇ～{0d}{0d}{0d}\n印象　サ　{0d}{0d}イ　{0d}{0d}テ　{0d}{0d}イ{0d}{08}	뭔가 기분 나쁘네～{0d}{0d}{0d}\n인상 최{0d}{0d} 악{0d}{0d} 이{0d}{0d} 야{0d}{08}
S01:24:6	159	せっかくだから　いっとくぜ\n弟子になれないやつは\nイェンの町を　追い出されるってよ{08}\nせいぜい　気をつけな\nあと　オレ様たちに逆らうのだけは\nやめといた方がいいぜ！{08}	모처럼이니 말해 두지\n제자가 못 되는 녀석은\n옌 마을에서 쫓겨난대{08}\n부디 조심하라고\n그리고 이 몸들한테 대드는 건\n관두는 게 좋을걸!{08}
S01:24:7	63	そうっス\n追い出されるに決まってるっス！\n逆らうのはやめるっス！{08}	맞아요\n쫓겨날 게 뻔해요!\n대드는 건 관둬요!{08}
S01:24:8	65	まあ　気をつけるんだね\nそれに　長いものには\n巻かれろっていうだろ{08}	뭐 조심하렴\n그리고 센 놈한테는\n숙이라는 말도 있잖아{08}
S01:24:9	38	追い出されちゃうって\nほんとだと思う？{08}	쫓겨난다는 거\n진짜일까?{08}
S01:24:10	23	さあ……{0d}{0d}　わからない{08}	글쎄……{0d}{0d} 모르겠어{08}
S01:24:11	66	ホント　感じわるいわねぇ～{08}\nあんなのには\nかかわらない方がいいわね{08}	진짜 기분 나쁘다～{08}\n저런 애들이랑은\n엮이지 않는 게 좋겠어{08}
S01:24:12	38	まずアンチのアニキに\n話かけてくれっス{08}	먼저 안치 형님한테\n말을 걸어 줘요{08}
S01:24:13	34	アンチをさしおいて\n話はできないよ{08}	안치를 제쳐 두고\n얘기할 순 없어{08}
S01:25:0	53	ねえ　エリー\nあれってもしかして\nダディス先生かしら？{08}	있잖아 엘리\n저거 혹시\n다디스 선생님 아닐까?{08}
S01:25:1	26	う～ん……{0d}{0d}\nどうかなぁ～{08}	으～음……{0d}{0d}\n글쎄～{08}
S01:25:2	25	とにかくいってみようよ！{08}	아무튼 가 보자!{08}
S01:25:3	85	ダディス先生……{0d}{0d}ですよね……？{0d}{0d}\nもう　ダディス先生ったら\nみんな心配してますのよ曖{08}	다디스 선생님……{0d}{0d}맞죠……?{0d}{0d}\n정말 다디스 선생님도 참\n다들 걱정하고 있어요♥{08}
S01:25:4	28	ちょ　{0d}ちょっとレナってば！{08}	잠{0d} 잠깐 레나!{08}
S01:25:5	34	おおっ　すまんすまん……{0d}{0d}\nんん？{08}	오오 미안 미안……{0d}{0d}\n음음?{08}
S01:25:6	56	あ　{0d}あらぁ\nセンセイったら　わたしの顔を\nお忘れですか？{08}	어{0d} 어머～\n선생님도 참 제 얼굴을\n잊으셨어요?{08}
S01:25:7	108	おおーっ　思い出したぞ\nたしか五年前に卒業した\nエリカだったかな？{08}\nそこの二人は　なんだ？\nどうした　いまごろ{08}	오오 생각났다\n분명 ５년 전에 졸업한\n에리카였던가?{08}\n거기 둘은 뭐냐?\n무슨 일이냐 이제 와서{08}
S01:25:8	32	な　{0d}なにいってんのかしら……？{08}	무{0d} 무슨 소리지……?{08}
S01:25:9	7	さぁ…{08}	글쎄…{08}
S01:25:10	128	あの　わたしたち\n先生を呼んでくるようにいわれて\nここまで　きたんです{08}\n早く帰らないとイェン島が遠くに\nいっちゃうそうですけど……{08}	저기 저희는\n선생님을 모셔 오라고 해서\n여기까지 왔어요{08}\n빨리 안 돌아가면 옌섬이\n멀리 가 버린대요……{08}
S01:25:11	33	帰るなら　いまのうちだよ　センセ{08}	돌아가려면 지금이야 선생님{08}
S01:25:12	91	おお　そうか　そうか\n遠い昔に　そんなことを\nいわれたような……{08}\nすまんな　先に帰っておるぞ{08}	오오 그래 그래\n먼 옛날에 그런 말을\n들었던 것 같구나……{08}\n미안하다 먼저 돌아가마{08}
S01:25:13	41	せ　{0d}せんせ？\n帰りは一人で大丈夫ですか？{08}	서{0d} 선생님?\n혼자 돌아가셔도 괜찮아요?{08}
S01:25:14	73	なにをいうんじゃ\nイェンなぞ　わしの庭みたいものだ\n目をつぶっても帰れるぞ{08}	무슨 소리냐\n옌은 내 집 마당 같은 곳이다\n눈 감고도 돌아간다{08}
S01:25:15	42	ふぇ～ん……\nぜんぜん　安心できないよぉ～{08}	흐아앙……\n전혀 안심이 안 돼～{08}
S01:25:16	18	だ　{0d}大丈夫かな～{08}	괘{0d} 괜찮을까～{08}
S01:25:17	31	まあ　これで弟子入りはＯＫね曖{08}	뭐 이걸로 제자는 ＯＫ네♥{08}
S01:25:18	25	あんなやり方で　大丈夫？{08}	그런 식으로 괜찮아?{08}
S01:25:19	139	大丈夫よ！！{08}\nだって　ダディス先生を\n連れ戻したのは\nわたしたちなんだもん{08}\nそれに　なんかいわれたら\nそのときは　そのときで\nなんとかなるわよ{08}	괜찮아!!{08}\n다디스 선생님을\n모셔 온 건\n우리니까{08}\n그리고 뭐라고 하면\n그때는 그때 가서\n어떻게든 될 거야{08}
S01:25:20	58	とにかく　アタシたちもイェン島が\nはなれる前に　もどろうよ{08}	어쨌든 우리도 옌 섬이\n떠나기 전에 돌아가자{08}
S02:0:0	38	ダディス先生って\nおもしろい先生だよね{08}	다디스 선생님은\n재밌는 선생님이야{08}
S02:0:1	71	おもしろいっていうよりは\nつかれる先生だよ\nホントに物忘れひどいからなぁ{08}	재밌다기보다는\n피곤한 선생님이야\n건망증이 정말 심하니까{08}
S02:0:2	73	そうよね……\nでもおかげで何もしないで遊んで\nいられるからいいんじゃない？{08}	그렇지……\n그래도 덕분에 아무 일 없이\n놀 수 있으니 좋잖아?{08}
S02:0:3	26	そうだね\n楽チンでいいよね{08}	맞아\n편해서 좋아{08}
S02:0:4	71	でもホントにいいのかなぁ\nこのままじゃいけない\n気がするんだけどなぁ……{08}	그래도 정말 괜찮을까\n이대로면 안 될 것\n같은데……{08}
S02:0:5	17	いいの　いいの！{08}	괜찮아 괜찮아!{08}
S02:0:6	24	そうそう\nいいんだって！{08}	그래그래\n괜찮다니까!{08}
S02:0:7	34	うーん\n{0d}{0d}{0d}……あれ？\nなんだろう？{08}	으음\n{0d}{0d}{0d}……어라?\n뭐지?{08}
S02:0:8	21	エリー　どうしたの？{08}	엘리 왜 그래?{08}
S02:0:9	40	ちょ　ちょっと　エリー\nどこいくんだよー{08}	자 잠깐 엘리\n어디 가는 거야～{08}
S02:0:10	30	ちょっと　エリー！\n大丈夫！？{08}	잠깐 엘리!\n괜찮아!?{08}
S02:0:11	32	あらら……\nハデに落ちちゃったね{08}	어라라……\n요란하게 떨어졌네{08}
S02:0:12	7	きゅう{08}	끄응{08}
S02:0:13	53	そういえば\n前にも同じようなことが\nあった気がする……{08}	그러고 보니\n전에도 비슷한 일이\n있었던 것 같은데……{08}
S02:0:14	68	うるさいわね　セニア！{0d}\nそんなことより\nエリーをどうにかしなくっちゃ{08}	시끄러워 세니아!{0d}\n그보다\n엘리를 어떻게 해야지{08}
S02:0:15	15	いたたたた……{08}	아야야야……{08}
S02:0:16	32	待ってて\nいま楽にしてあげるから{08}	기다려\n지금 편하게 해 줄게{08}
S02:0:17	21	どう？　楽になった？{08}	어때? 좀 나아?{08}
S02:0:18	47	う　うん　けっこう効いたみたい{0d}\nいたたたた……{08}	으 응 꽤 효과 있나 봐{0d}\n아야야야……{08}
S02:0:19	50	エマ先生のところに\n連れていくしかないんじゃない？{08}	에마 선생님한테\n데려갈 수밖에 없지 않아?{08}
S02:0:20	48	エリー　歩ける？\nエマ先生のところへいきましょう{08}	엘리 걸을 수 있어?\n에마 선생님한테 가자{08}
S02:0:21	61	ものすごい音だったぞ！\nまるでカミナリでも\n落ちたみたいだぜ！{08}	엄청난 소리였어!\n꼭 벼락이라도\n떨어진 것 같았다고!{08}
S02:0:22	38	はやくエマ先生の所に\nいった方がいいよ{08}	빨리 에마 선생님께\n가는 게 좋겠어{08}
S02:0:23	69	あんたたち　なにやってるの！？\nはやくエマ先生に\n治してもらいなさいよ{08}	너희 뭐 하는 거야!?\n얼른 에마 선생님한테\n치료받아{08}
S02:0:24	49	だ　大丈夫？\nエマ先生に見てもらった\nほうがいいわ{08}	괘 괜찮아?\n에마 선생님께 보이는\n게 좋겠어{08}
S02:0:25	27	ちょ　ちょっと　エリー！？{08}	자 잠깐 엘리!?{08}
S02:0:26	63	やっぱりさ～\nケガしてるんだから\n連れまわさないほうがいいんだよ{08}	역시～\n다쳤으니까\n끌고 다니면 안 되는 거야{08}
S02:0:27	29	今さらいっても遅いわよッ！！{08}	이제 와서 말해도 늦었어!!{08}
S02:0:28	49	ふふふ……\nおチビさんたち\n盗み聞きはよくないわよ{08}	후후후……\n꼬맹이들\n엿듣는 건 나쁜 짓이야{08}
S02:0:29	116	チ　チビっていったことはこの際\n聞き逃しておいてあげるわ……{08}\nそれよりあんた！\nウチのラルフ先生を\nどうするつもり！？{08}	꼬 꼬맹이라고 한 건 이번만\n못 들은 걸로 해 줄게……{08}\n그보다 당신!\n우리 랄프 선생님을\n어쩔 셈이야!?{08}
S02:0:30	57	どうするも何も\nラルフはもうワタシのものよ……\nふふふ……{08}	어쩌고 자시고\n랄프는 이미 내 거야……\n후후후……{08}
S02:0:31	29	よくも　エリーをやったな！！{08}	감히 엘리를 해치다니!!{08}
S02:0:32	55	元気なおチビちゃんたちねぇ{0d}{0d}{0d}\nただし　相手が悪かったわ{08}	기운찬 꼬맹이들이네{0d}{0d}{0d}\n다만 상대를 잘못 골랐어{08}
S02:0:33	29	余裕かましてくれるじゃない！{08}	여유 부리시겠다 이거지!{08}
S02:0:34	58	いずれ　この島を手に入れたら\nゆっくり可愛がってあげるわよ{08}	이 섬을 손에 넣으면\n천천히 귀여워해 줄게{08}
S02:0:35	42	そんなこと　させるもんかっ！\nえーいっ！！{08}	그렇게 두지 않겠어!\n에잇!!{08}
S02:0:36	52	面白い……\n{0d}{0d}そのていどの力で\nむかってくるなんてね{08}\n	재밌네……\n{0d}{0d}그 정도 힘으로\n덤벼들다니{08}\n
S02:0:37	19	な　なんの音だ！！{08}	무 무슨 소리야!!{08}
S02:0:38	71	またね　おチビさんたち\nこれからは覚悟しておかないと\n長生きできないわよ{08}	또 보자 꼬맹이들\n앞으로 각오하지 않으면\n오래 못 살 거야{08}
S02:0:39	40	キャア！\nいったい　どうしたんですか！？{08}	꺄악!\n대체 무슨 일이에요!?{08}
S02:0:40	64	ぜったい信じてもらうんだから！\nそのためならなんでもしてやるわ！{08}	꼭 믿게 만들 거야!\n그걸 위해서라면 뭐든 하겠어!{08}
S02:0:41	53	さすが　レナ！\nそうこなくっちゃ！！\nで　どうするの？{08}	역시 레나!\n그래야지!!\n그래서 어떡할 건데?{08}
S02:0:42	94	ラルフ先生には\nそうね……{08}\nブルーン先生特製の\n気付け薬を飲んでもらう……\n{0d}{0d}{0d}{0d}というのはどう？{08}	랄프 선생님한테는\n그렇지……{08}\n브룬 선생님 특제\n정신 드는 약을 먹인다……\n{0d}{0d}{0d}{0d}는 건 어때?{08}
S02:0:43	42	いくらなんでも\nそれはマズイと思うけど……{08}	아무리 그래도\n그건 좀 위험할 것 같은데……{08}
S02:0:44	91	そんなことないよ\nいいアイディアじゃないか{08}\n目を覚ますためなんだから\nそのくらい当然だって！{08}	그렇지 않아\n좋은 아이디어잖아{08}\n정신 차리게 하려는 거니까\n그 정도는 당연하지!{08}
S02:0:45	44	う　うーん\nブルーン先生がいいっていうかな～{08}	으 으음\n브룬 선생님이 허락하실까～{08}
S02:0:46	42	なんだーぁ？\nオレ様たちに　殺されにきたか{08}	뭐냐～아?\n이 몸들한테 죽으러 왔냐{08}
S02:0:47	11	きたっスか{08}	왔어요?{08}
S02:0:48	13	きたのかい？{08}	왔니?{08}
S02:0:49	77	まったく……こいつらのせいで\nみんな手が出せないでいるのね！\n迷惑なんだから！{08}	정말……이 녀석들 때문에\n다들 손을 못 쓰고 있잖아!\n민폐라니까!{08}
S02:0:50	73	あの薬　飲ませちゃえば？\nついでに　性格が変わっちゃえば\nもうけもんだしさ{08}	그 약 먹여 버릴까?\n겸사겸사 성격이라도 바뀌면\n횡재잖아{08}
S02:0:51	27	やっぱりそれは乱暴だよ……{08}	역시 그건 너무 거칠어……{08}
S02:0:52	69	別に死にはしないって\nひとの裸を平気でのぞくやつに\nお仕置きするだけよ{08}	딱히 죽진 않는다니까\n남의 알몸을 태연히 훔쳐보는\n녀석한테 벌을 줄 뿐이야{08}
S02:0:53	17	あーぁ　もう……{08}	아～아 정말……{08}
S02:0:54	15	う　うーん……{08}	으 으음……{08}
S02:0:55	38	これでよしっと！！\nひとつ片付いたわね{08}	이걸로 됐다!!\n하나 해치웠네{08}
S02:0:56	21	い　いいのかなぁ……{08}	괘 괜찮을까……{08}
S02:0:57	13	うーんうーん{08}	으음 으음{08}
S02:0:58	42	よかった\nちゃんと　うなされてるみたいね曖{08}	다행이다\n제대로 앓고 있나 봐♥{08}
S02:0:59	9	…………{08}	…………{08}
S02:0:60	29	うーっ　もう歩けないっスよう{08}	으～ 이제 못 걷겠어요{08}
S02:0:61	25	なんのゆめをみてるんだ？{08}	무슨 꿈을 꾸는 거지?{08}
S02:0:62	23	すごい……泣いてる……{08}	대단해……울고 있어……{08}
S02:0:63	9	…………{08}	…………{08}
S02:0:64	69	息はしてるけど\n身動きひとつしないわね\nちょっと強くやりすぎたかしら曖{08}	숨은 쉬는데\n꼼짝도 안 하네\n좀 세게 했나♥{08}
S02:0:65	9	…………{08}	…………{08}
S02:0:66	42	こいつを倒さないと\n中に入れないわけね……{08}	이 녀석을 쓰러뜨려야\n안에 들어갈 수 있구나……{08}
S02:0:67	67	まともに戦えなくて\nイライラしてたんだ\nちょうどいいや　やっちゃおう{08}	제대로 못 싸워서\n답답했는데\n마침 잘됐다 해치우자{08}
S02:0:68	30	どこいくんだよ\n外へ出ちゃうよ{08}	어디 가는 거야\n밖으로 나가 버리잖아{08}
S02:0:69	36	そうね\nブルーン先生のところが先よね{08}	그렇지\n브룬 선생님한테 먼저 가야지{08}
S02:0:70	32	エリーのあけた穴\nかなり深いよね{08}	엘리가 뚫은 구멍\n꽤 깊다{08}
S02:0:71	32	今かんがえると\nよく生きてたわね{08}	지금 생각하면\n용케 살았네{08}
S02:0:72	49	やっぱりこれ\nわたしがうめなきゃ\nいけないのかな？{08}	역시 이거\n내가 메워야\n하는 걸까?{08}
S02:0:73	75	べつにいいんじゃない？\nほっといたってこんな穴に\nはまるヤツはいないだろうし{08}	딱히 괜찮지 않아?\n내버려 둬도 이런 구멍에\n빠질 녀석은 없을 테고{08}
S02:0:74	7	うーん{08}	으음{08}
S02:2:0	11	う　うーん{08}	으 으음{08}
S02:2:1	9	エリー！{08}	엘리!{08}
S02:2:2	73	気がついてよかったわ\nあなたたちいったい何をしてて\nこんなことになったの？{08}	정신이 들어서 다행이야\n너희 대체 뭘 하다가\n이렇게 된 거니?{08}
S02:2:3	106	いったいどうしたの？\n上から落ちてくるなんて\nエリーらしくないじゃない{08}\nさ　とにかくベッドに\n横になりなさい{08}	대체 무슨 일이니?\n위에서 떨어지다니\n엘리답지 않잖아{08}\n자 아무튼 침대에\n누우렴{08}
S02:2:4	70	女の人が……いてててて{0d}\n学園塔のところに浮いていたから\n先生かと思って{08}	여자가……아야야야{0d}\n학원탑 근처에 떠 있어서\n선생님인 줄 알고{08}
S02:2:5	83	……そうなの？　でも学園には\n空を飛べる先生なんかいないわ\n特別なのは　あなただけよ{08}	……그래? 하지만 학원엔\n하늘을 나는 선생님은 없어\n특별한 건 너뿐이란다{08}
S02:2:6	71	見たのはエリーだけなんです\nセニアもわたしも\n建物の影になって見えなくて{08}	본 건 엘리뿐이에요\n세니아도 저도\n건물에 가려서 못 봤어요{08}
S02:2:7	44	エリーくんが空から落ちたって？\n大丈夫かい？{08}	엘리 군이 떨어졌다고?\n괜찮니?{08}
S02:2:8	62	すいません　学園長\nみんなに心配させてしまって……{0d}\nあいたたた{08}	죄송해요 학원장님\n다들 걱정시켜 버려서……{0d}\n아야야{08}
S02:2:9	73	ほら　まだ無理はしてはいかん\nしかし　君の能力は\nそんなに不安定なのかい？{08}	자 아직 무리하면 안 된다\n그런데 네 능력은\n그렇게 불안정한 거냐?{08}
S02:2:10	83	そんなことはありません\nエリーは　学園塔の二階あたりで\n女の人を見たっていってました{08}	그렇지 않아요\n엘리는 학원탑 ２층쯤에서\n여자를 봤다고 했어요{08}
S02:2:11	15	その女の人に？{08}	그 여자한테?{08}
S02:2:12	32	そうです！\nそうに決まってます！{08}	맞아요!\n그게 틀림없어요!{08}
S02:2:13	164	うーん\nイェンに空を飛べる\n先生はいないし{08}\n生徒でもエリーくんだけの\nはずなのだが……{08}\nまあ　私の方で調べてみよう\nとにかく今は身体を治すことが先だ\nゆっくり休みなさい{08}	으음\n옌에 하늘을 나는\n선생은 없고{08}\n학생 중에서도 엘리 군뿐일\n텐데……{08}\n뭐 내 쪽에서 조사해 보마\n아무튼 지금은 몸부터 고치자\n푹 쉬거라{08}
S02:2:14	36	エマ先生\n後は　よろしくお願いします{08}	에마 선생\n나머진 잘 부탁하오{08}
S02:2:15	32	何しにきたのかしら\n学園長ったら{08}	뭐 하러 오신 걸까\n학원장님도 참{08}
S02:2:16	36	エリーのことが\n心配だからじゃない？{08}	엘리가\n걱정돼서 아닐까?{08}
S02:2:17	83	しずかになさい\nさ　エリーをなおさないとね{08}\nやさしい魔法をかけてあげるから\n安心して{08}	조용히 하렴\n자 엘리를 고쳐야지{08}\n부드러운 마법을 걸어 줄 테니\n안심해{08}
S02:2:18	73	これで大丈夫\nちょっと　ふらつくかもしれないわ\nしばらくは無理しないことね{08}	이제 괜찮아\n조금 어지러울지도 몰라\n당분간 무리하지 마렴{08}
S02:2:19	17	エリー　大丈夫？{08}	엘리 괜찮아?{08}
S02:2:20	54	うーん　よくわからないけど\nなんだか　くらくらする……{08}	으음 잘 모르겠는데\n왠지 어질어질해……{08}
S02:2:21	50	えーっ　おっかしーなー\nレナは　平気だったのにね～{08}	에～ 이상하다～\n레나는 멀쩡했는데～{08}
S02:2:22	42	ず　頭痛ぐらいしたわよ！\nうるさいわね！！{08}	두 두통 정도는 있었거든!\n시끄러워!!{08}
S02:2:23	128	もう　あなたたちは場所を\nわきまえなさい！{08}\nでも　そうなるとブルーン先生に\nお願いするしかないわ\nわけを話して力になってもらってね{08}	정말 너희는 장소를\n좀 가리렴!{08}\n그래도 그렇다면 브룬 선생님께\n부탁할 수밖에 없겠구나\n사정을 말해서 도움을 받으렴{08}
S02:2:24	79	ブルーン先生の薬には助かってるわ\nそれに　やさしいしね\n遠慮なく頼っちゃってるの{08}	브룬 선생님 약엔 신세를 져\n게다가 다정하시고\n사양 않고 기대고 있단다{08}
S02:2:25	38	えーっ　先生\nそれって　もしかして……{08}	에～ 선생님\n그거 혹시……{08}
S02:2:26	42	ざんねんでした\n恋愛の対象にはなりません曖{08}	아쉽게 됐네\n연애 대상은 아니란다♥{08}
S02:2:27	21	エマ先生　ほんとー？{08}	에마 선생님 진짜～?{08}
S02:2:28	31	ブルーン先生の薬はどうだった？{08}	브룬 선생님 약은 어땠니?{08}
S02:2:29	31	死なないだけ　もうけもんでした{08}	안 죽은 것만도 다행이었어요{08}
S02:2:30	65	さすが　薬草の先生ですよね\nまた　そのうち\nお礼をしようと思います{08}	역시 약초 선생님이에요\n나중에 언젠가\n답례하려고요{08}
S02:2:31	73	それは　よかった\nブルーン先生って　ちょっと\nとぼけてるけど　腕はいいから{08}	그거 잘됐구나\n브룬 선생님은 좀\n엉뚱하셔도 실력은 좋으니까{08}
S02:2:32	11	……あれ？{08}	……어라?{08}
S02:2:33	73	エリーはもうよくなったと\n思うんだけど……\n他に相談ごとでもあるのかしら？{08}	엘리는 이제 나은 것\n같은데……\n다른 상담할 일이라도 있니?{08}
S02:2:34	61	あの……不安なんです\nちゃんと飛ぶ力が\nもとどおりになったのか{08}	저기……불안해요\n나는 힘이 제대로\n돌아왔는지{08}
S02:2:35	141	{0d}{0d}残念だけど\nわたしには飛ぶ力のことは\nよくわからないの{08}\nそうね……とりあえず担任の\nダディス先生に相談したら？\nきっと力になってくれると思うわ{08}	{0d}{0d}안타깝지만\n나는 나는 힘에 대해선\n잘 모른단다{08}\n그래……우선 담임인\n다디스 선생님께 상담해 보렴\n분명 도움이 될 거야{08}
S02:2:36	28	わかりました\nそうしてみます{08}	알겠어요\n그렇게 해 볼게요{08}
S02:2:37	42	とりあえず\nダディス先生に相談してみたら？{08}	우선\n다디스 선생님께 상담해 보렴{08}
S02:2:38	29	あ　ダディス先生から聞いた？{08}	아 다디스 선생님께 들었니?{08}
S02:2:39	23	え　どんなことですか？{08}	네 뭘요?{08}
S02:2:40	77	町の外のモンスターが\nどうも増えているらしいの\n外出する時は十分に気をつけてね{08}	마을 밖의 몬스터가\n아무래도 늘고 있나 봐\n외출할 땐 충분히 조심하렴{08}
S02:2:41	63	ところで先生\nエリーが見た女の人について\nわかったことあります？{08}	그런데 선생님\n엘리가 본 여자에 대해서\n알아낸 거 있어요?{08}
S02:2:42	69	あなたたちもこりないわね……\n悪いこといわないから\nやめておきなさいよ{08}	너희도 참 질리지도 않는구나\n나쁜 말 안 할 테니\n그만두렴{08}
S02:2:43	19	わ　わかりましたぁ{08}	아 알겠어요～{08}
S02:2:44	65	ここにくれば治してあげるけど\nだからといって\n無茶をしないようにね{08}	여기 오면 고쳐 주겠지만\n그렇다고 해서\n무리는 하지 마렴{08}
S02:2:45	7	はーい{08}	네～{08}
S02:2:46	42	何をしているのか知らないけど\nほどほどにね{08}	뭘 하는지는 모르지만\n적당히 하렴{08}
S02:2:47	83	もう先生は止めないわ\nあなたたちの正義を信じなさい\nわたしもできる限りのことはします{08}	이제 말리지 않을게\n너희의 정의를 믿으렴\n나도 할 수 있는 건 할게{08}
S02:2:48	21	ありがとう　先生……{08}	고마워요 선생님……{08}
S02:2:49	133	今のあなたたちには\n納得出来ないかもしれない\nでも　学園長を恨んじゃダメよ{08}\n学園長は責任者だから\nこんなとき自由に感情を\n外にだせないの{08}	지금 너희는\n납득 못 할지도 모르지만\n학원장님을 원망하면 안 돼{08}\n학원장님은 책임자라서\n이럴 때 감정을 마음대로\n드러낼 수 없단다{08}
S02:2:50	53	わかってるって！\n人の上に立つってのは\n大変なんだよね{08}	알고 있어요!\n남 위에 선다는 건\n힘든 일이죠{08}
S02:2:51	50	あ　あれ　セニアあんた\n本気で怒ってなかったっけ？{08}	어 어라 세니아 너\n진심으로 화내지 않았어?{08}
S02:2:52	40	アタシ　学園長には\nなにもいってないもん{08}	나 학원장님한텐\n아무 말도 안 했는걸{08}
S02:2:53	29	えーっ　そんなのってあり！？{08}	에～ 그런 게 어디 있어!?{08}
S02:2:54	71	うーん　やっぱり心配だわ\nもしもの時のために\nこの魔法を覚えておきなさい{08}	으음 역시 걱정이구나\n만일을 위해서\n이 마법을 익혀 두렴{08}
S02:2:55	23	レナはヤクドウを覚えた{08}	레나는 야쿠도를 익혔다{08}
S02:2:56	63	わかってるわね？\n新しい魔法を覚えたからって\n無茶をしちゃダメよ{08}	알고 있지?\n새 마법을 익혔다고\n무리하면 안 돼{08}
S02:2:57	93	ううっ！　エリーくんの\nそんな姿は見ていられない！{08}\n早くエマ先生になおして\nもらった方がいいよ{08}	으윽! 엘리 군의\n그런 모습은 못 보겠어!{08}\n얼른 에마 선생님께\n치료받는 게 좋아{08}
S02:2:58	21	わ　わかってるわよ！{08}	아 알거든!{08}
S02:2:59	52	わかってんなら　エリーを\n連れていってあげようよ……{08}	알면 엘리를\n데려가 주자……{08}
S02:2:60	75	まだいかないのかい？\nじゃあ　ぼくが君たちに代わって\nエマ先生のところに……{08}	아직 안 가니?\n그럼 내가 너희 대신\n에마 선생님께……{08}
S02:2:61	23	い　いえ　遠慮します！{08}	아 아뇨 사양할게요!{08}
S02:2:62	55	さすが　エマ先生の魔法だね\nエリーくん\n調子はどうだい？{08}	역시 에마 선생님 마법이군\n엘리 군\n몸은 좀 어때?{08}
S02:2:63	42	それが……ちょっとまだ\nくらくらしてて……{08}	그게……아직 좀\n어질어질해서……{08}
S02:2:64	61	無理をしてはいけないよ\n休んでいた方が\nいいんじゃないのかい？{08}	무리하면 안 돼\n쉬는 게\n좋지 않겠니?{08}
S02:2:65	45	エリーくん\n本当に休まなくて\n大丈夫なのかい？{08}	엘리 군\n정말 안 쉬어도\n괜찮은 거니?{08}
S02:2:66	24	よかった\n顔色も正常だね{08}	다행이다\n안색도 정상이구나{08}
S02:2:67	51	ブラウンさんにも\n心配かけましたけど\nもう大丈夫です{08}	브라운 씨께도\n걱정 끼쳤지만\n이젠 괜찮아요{08}
S02:2:68	44	エリー　こいつには\n気をつけたほうがいいわよ{08}	엘리 이 녀석은\n조심하는 게 좋아{08}
S02:2:69	25	レナってば心配しすぎー！{08}	레나는 걱정이 너무 많아～!{08}
S02:2:70	51	つもる話もあるけど\n君の身体が心配だから\n後にしよう{08}	할 얘기가 많지만\n네 몸이 걱정되니\n나중에 하자{08}
S02:2:71	38	わたしたちが\nじゃまなだけじゃないの？{08}	우리가\n방해되는 거 아냐?{08}
S02:2:72	55	……なにか\nエリーくんの身体から\n変わったにおいがするね{08}	……뭔가\n엘리 군 몸에서\n특이한 냄새가 나는구나{08}
S02:2:73	23	ええ　ダディス先生に…{08}	네 다디스 선생님한테…{08}
S02:2:74	67	い　いえ　何でもないんです\nそれじゃ……\n{0d}{0d}ほら　いくわよ　エリー！{08}	아 아뇨 아무것도 아니에요\n그럼……\n{0d}{0d}자 가자 엘리!{08}
S02:2:75	11	……？？？{08}	……???{08}
S02:2:76	25	さっきはどうしたんだい？{08}	아까는 왜 그랬니?{08}
S02:2:77	51	あ　あははは\n何でもないんです\n気にしないでください{08}	아 아하하\n아무것도 아니에요\n신경 쓰지 마세요{08}
S02:2:78	40	今は生徒会の職務に忙しいんだ\nごめんよ！{08}	지금은 학생회 일로 바빠\n미안해!{08}
S02:2:79	23	いえ　どういたしまして{08}	아뇨 천만에요{08}
S02:2:80	50	君たちも気をつけたほうがいい\n特にエリーくんは……{08}	너희도 조심하는 게 좋아\n특히 엘리 군은……{08}
S02:2:81	17	まあ　いいけどさ{08}	뭐 상관없지만{08}
S02:2:82	23	ぜんぜん　よくないわよ{08}	전혀 안 괜찮거든{08}
S02:2:83	75	みんな　ダメじゃないか\nなんでも　ラルフ先生の\nお見合いをじゃましたとか……{08}	다들 안 되잖니\n듣자 하니 랄프 선생님\n맞선을 방해했다던데……{08}
S02:2:84	33	なんなら　そういうことでいいわよ{08}	차라리 그런 걸로 해 둬{08}
S02:2:85	53	エリーくん\n安心したまえ\nいいふらしたりはしないからね{08}	엘리 군\n안심하렴\n소문내지는 않을 테니까{08}
S02:2:86	9	は　はい{08}	네 네{08}
S02:2:87	36	そーねー\nその方があなたのためかもね{08}	그러게～\n그게 너를 위한 걸지도{08}
S02:2:88	38	さっきのすごい音は\nエリーさんですか？{08}	아까 그 엄청난 소리는\n엘리 씨였나요?{08}
S02:2:89	48	ええ　大したことには\nならなかったんですけど……{08}	네 큰일은\n안 났지만요……{08}
S02:2:90	46	地面に穴をほるなら\nもっとよい魔法がありますわ{08}	땅에 구멍을 판다면\n더 좋은 마법이 있어요{08}
S02:2:91	32	いや　あの\nちがうんですけど……{08}	아뇨 그게\n그런 게 아니라……{08}
S02:2:92	73	そうすると\n音の方が目的だったのですか？\nそれならいい魔法を知っていますよ{08}	그렇다면\n소리 쪽이 목적이었나요?\n그렇다면 좋은 마법을 알아요{08}
S02:2:93	38	いえ　その\nそれもちがうんですけど……{08}	아뇨 그게\n그것도 아니라……{08}
S02:2:94	34	それでは何が\n目的だったのですか？{08}	그럼 대체 뭐가\n목적이었나요?{08}
S02:2:95	50	エリーさんのケガは\nなおしていただいたみたいですね{08}	엘리 씨 부상은\n치료받으셨나 보네요{08}
S02:2:96	30	エマ先生って\nいい先生ですよね{08}	에마 선생님은\n좋은 선생님이죠{08}
S02:2:97	41	はい\nわたくしも時折\nお世話になるんですよ{08}	네\n저도 가끔\n신세를 진답니다{08}
S02:2:98	45	と……ときおり？{0d}\nえー　そ　そうなんですか？{08}	가……가끔?{0d}\n에～ 그 그래요?{08}
S02:2:99	31	エルノラさんって病弱なのかな？{08}	엘노라 씨는 몸이 약한가?{08}
S02:2:100	58	エマ先生はケガのこと以外でも\n相談にのってくださいますから{08}	에마 선생님은 부상 말고도\n상담을 해 주시니까요{08}
S02:2:101	17	あ　なるほど……{08}	아 그렇구나……{08}
S02:2:102	75	エリーさん　おめでとうございます\n回復なされたようで\nわたくしも安心しました{08}	엘리 씨 축하드려요\n회복하신 것 같아\n저도 안심했어요{08}
S02:2:103	27	はい　ありがとうございます{08}	네 고맙습니다{08}
S02:2:104	34	これでまた\n落ちることができますね{08}	이걸로 또\n떨어질 수 있겠네요{08}
S02:2:105	15	はい　えっ！？{08}	네 네에!?{08}
S02:2:106	54	みなさんこれいかがですか？\nクッキーを焼いてみましたの{08}	여러분 이거 드실래요?\n쿠키를 구워 봤어요{08}
S02:2:107	17	あ　いただきます{08}	아 잘 먹겠습니다{08}
S02:2:108	55	お味はどうですか？\n少し甘みが\n強かったかもしれませんが{08}	맛은 어떠세요?\n조금 단맛이\n강했을지도 모르겠는데{08}
S02:2:109	47	……{0d}{0d}\nそんなことないです！\nすごくおいしいです{08}	……{0d}{0d}\n그렇지 않아요!\n엄청 맛있어요{08}
S02:2:110	50	わたしもエルノラさんのこと\n少し誤解してたかも……{08}	나도 엘노라 씨를\n조금 오해했는지도……{08}
S02:2:111	36	よろこんでいただけて\nうれしいですわ{08}	기뻐해 주시니\n저도 기뻐요{08}
S02:2:112	67	お気づきになりました？\n町の外のモンスターが\n増えているようなのです{08}	눈치채셨어요?\n마을 밖의 몬스터가\n늘고 있는 것 같아요{08}
S02:2:113	38	ど　どうしてでしょうね～\nそんな　突然{08}	와 왜일까요～\n그렇게 갑자기{08}
S02:2:114	70	ひとつだけ確かなのは……{0d}\nわたくしのせいじゃないという\nことでしょうか{08}	한 가지 확실한 건……{0d}\n제 탓은 아니라는\n거겠죠{08}
S02:2:115	25	は　ははは……なるほどぉ{08}	하 하하……그렇군요{08}
S02:2:116	29	この人本気でいってるのかな？{08}	이 사람 진심일까?{08}
S02:2:117	81	ダディス先生に化粧を？\nそれは　よかったですわね\nよろしければ　一度見せてください{08}	다디스 선생님께 화장을?\n그거 잘됐네요\n괜찮으시면 한번 보여 주세요{08}
S02:2:118	11	いいですよ{08}	좋아요{08}
S02:2:119	28	エリー！？\nちょ　ちょっと！{08}	엘리!?\n자 잠깐!{08}
S02:2:120	67	エ　エルノラさん\n今ちょっと急いでいるんで……\nまた今度ということで{08}	엘 엘노라 씨\n지금 좀 급해서……\n다음에 보여 드릴게요{08}
S02:2:121	57	あら　残念ですね\nあとで　ぜひ\nわたくしにも見せてください{08}	어머 아쉽네요\n나중에 꼭\n저한테도 보여 주세요{08}
S02:2:122	42	あとで　ぜひ\nわたくしにも見せてくださいね{08}	나중에 꼭\n저한테도 보여 주세요{08}
S02:2:123	89	ラルフ先生が弟子を\n新たに募集しているそうですよ{08}\n前の弟子の方に\n逃げられたのでしょうか？{08}	랄프 선생님이 제자를\n새로 모집하신대요{08}\n전 제자분이\n도망가 버렸을까요?{08}
S02:2:124	38	そ　そんなこと\nないと思いますけど……{08}	그 그럴 리는\n없을 것 같은데……{08}
S02:2:125	69	……どなたか本当のことを\n知っていらっしゃる方は\nいないのでしょうか？{08}	……누군가 진실을\n알고 계신 분은\n안 계실까요?{08}
S02:2:126	13	さ　さあ……{08}	글 글쎄요……{08}
S02:2:127	25	本当にまた落ちたんですね{08}	정말 또 떨어지셨네요{08}
S02:2:128	23	そうなってしまいました{08}	그렇게 돼 버렸어요{08}
S02:2:129	65	二度あることは\n三度あるとよくいいます\n気をつけたほうがいいですよ{08}	두 번 있는 일은\n세 번 있다고들 하죠\n조심하시는 게 좋아요{08}
S02:2:130	48	今度はそれほど顔色も悪く\nなっていないようですね{08}	이번엔 그렇게 안색이\n나빠지지 않았네요{08}
S02:2:131	61	ケガしたの……？\nすぐにエマ先生のところに\nいかなきゃダメだよ{08}	다쳤어……?\n얼른 에마 선생님한테\n가야 해{08}
S02:2:132	30	まだ顔色が悪いよ\n大丈夫かい？{08}	아직 안색이 안 좋아\n괜찮아?{08}
S02:2:133	36	君たち　よく来るね\nここが楽しいの？{08}	너희 자주 오는구나\n여기가 재밌니?{08}
S02:2:134	81	生徒がモンスターに\nおそわれているらしいよ……{08}\n生徒会で対策を\n考えているけど……{08}	학생들이 몬스터한테\n습격당하고 있대……{08}\n학생회에서 대책을\n생각하고 있지만……{08}
S02:2:135	65	ラルフ先生のところに\nみんな集まっているみたいだけど\n何かあるの？{08}	랄프 선생님한테\n다들 모여 있던데\n무슨 일 있어?{08}
S02:2:136	53	また……落ちたの？\nもう飛ぶのは\nやめた方がいいと思う{08}	또……떨어졌어?\n이제 나는 건\n그만두는 게 좋겠어{08}
S02:2:137	61	……これからは\nエリーくんは飛行について\n多少考えねばならんな{08}	……앞으로\n엘리 군은 비행에 대해\n좀 생각해 봐야겠구나{08}
S02:2:138	19	はい……すみません{08}	네……죄송해요{08}
S02:2:139	169	何あやまってんのよエリー！？\n学園長　だからさっきから\nいってるじゃないですか！{08}\nエリーは女の人に\n落とされたんです！{08}\nそれから　ラルフ先生が\nその女に操られているんです！{08}	왜 사과하는 거야 엘리!?\n학원장님 그러니까 아까부터\n말하고 있잖아요!{08}\n엘리는 여자한테\n떨어뜨려진 거예요!{08}\n그리고 랄프 선생님이\n그 여자한테 조종당하고 있어요{08}
S02:2:140	23	そうはいってもだな……{08}	그렇게 말해도 말이다……{08}
S02:2:141	71	もともと彼女たちは\nいたずら好きでしたが……\nでも今回は　度が過ぎますね{08}	원래 저 애들은\n장난을 좋아했지만……\n이번엔 도가 지나치군요{08}
S02:2:142	56	なんだよ！　あんな女に\nべったりくっついていたくせに！！{08}	뭐야! 그런 여자한테\n착 달라붙어 있던 주제에!!{08}
S02:2:143	15	こら　やめんか{08}	이놈 그만두지 못해{08}
S02:2:144	119	なんでも彼女たちは\n海岸近くの森に\nいっていたそうじゃないですか{08}\nたしかあの辺りでは\n幻覚効果のある薬草が\nとれるとか……{08}	듣자 하니 저 애들은\n바닷가 근처 숲에\n갔었다지 않습니까{08}\n분명 그 근처에서는\n환각 효과가 있는 약초가\n난다던데……{08}
S02:2:145	19	それは聞いています{08}	그건 들었소{08}
S02:2:146	29	エマ先生はどう思われますか？{08}	에마 선생은 어떻게 생각하오?{08}
S02:2:147	136	わたくしがみたところ\nこの子たちは正常です{08}\nですが　その女性の存在については\nなんとも……{0d}{0d}もっともわたくしは\nこの子たちを信じていますが{08}	제가 보기에\n이 애들은 정상이에요{08}\n하지만 그 여자의 존재는\n뭐라고……{0d}{0d}물론 저는\n이 애들을 믿지만요{08}
S02:2:148	134	肝心の女性を見たのは君たちだけだ\n君たちの話が本当だとして\n他の生徒たちはどうしていたのかね{08}\n当時の図書館には\n生徒があふれていたはずだ{08}	정작 여자를 본 건 너희뿐이다\n너희 말이 사실이라면\n다른 학생들은 뭘 했느냐{08}\n그때 도서관에는\n학생들이 넘쳤을 텐데{08}
S02:2:149	77	ええ　その時は新しい弟子を\n募集していましたから\nかなりの人数がいたと思います{08}	네 그때는 새 제자를\n모집하고 있었으니\n꽤 많은 인원이 있었을 겁니다{08}
S02:2:150	67	そんなのウソです！！\nラルフ先生のバカ！　スケベ！\nこの　女好き！！{08}	그런 거 거짓말이에요!!\n랄프 선생님 바보! 변태!\n이 바람둥이!!{08}
S02:2:151	13	やれやれ……{08}	이런 이런……{08}
S02:2:152	161	学園長　先程もいいましたとおり\nこの子たちは正常ですわ\nそれはわたくしが責任を持ちます{08}\nですが……{0d}{0d}ラルフ先生？\nあなたはいつから薬草学に\nお詳しくなったんですか？{08}	학원장님 아까 말했듯이\n이 애들은 정상이에요\n그건 제가 책임지겠어요{08}\n그런데……{0d}{0d}랄프 선생님?\n언제부터 약초학에\n그렇게 밝으셨죠?{08}
S02:2:153	50	図書館の本を読んでいれば……\nそ　それぐらいは……{08}	도서관 책을 읽다 보면……\n그 그 정도는……{08}
S02:2:154	45	あら？\nずいぶんとらしくない\nものいいですね？{08}	어머?\n평소 선생님답지 않은\n말투네요?{08}
S02:2:155	75	エマ先生　やめなさい\nとにかく　レナくんたちは\n今日の出来事を反省することだ{08}	에마 선생 그만하시오\n아무튼 레나 군 일행은\n오늘 일을 반성하도록{08}
S02:2:156	43	わかりました……{0d}\nと　答えればいいんですね{08}	알겠습니다……{0d}\n라고 대답하면 되는 거죠{08}
S02:2:157	13	レ　レナ！？{08}	레 레나!?{08}
S02:2:158	71	ラルフ先生のバカ！\n学園長のわからずや！\nなにが起こっても知らないから！{08}	랄프 선생님 바보!\n학원장님 벽창호!\n무슨 일이 생겨도 난 몰라요!{08}
S02:2:159	44	ふん　早々に\nバルアさまの軍門に下るのだ！！{08}	흥 얼른\n바르아 님께 항복해라!!{08}
S02:2:160	29	先生　あなたは正気なのか！？{08}	선생 제정신이오!?{08}
S02:2:161	147	まあ　一応はね……\nもっとも　どの状態をして\n正気というのかにもよりますがね{08}\nそもそも正気なんて状態が\n存在するのかどうかも\n疑わしいと思いませんか？{08}	뭐 일단은요……\n다만 어떤 상태를\n제정신이라 하느냐에 달렸죠{08}\n애초에 제정신이란 상태가\n존재하는지조차\n의심스럽지 않습니까?{08}
S02:2:162	9	…………{08}	…………{08}
S02:2:163	25	先生　やめてください！！{08}	선생님 그만하세요!!{08}
S02:2:164	49	君たちは……\nここは危険だから\n早く逃げるんだ！！{08}	너희는……\n여긴 위험하니\n얼른 도망쳐라!!{08}
S02:2:165	69	また　おまえたちか……\nせっかくバルア様に\n見逃してもらったというのに{08}	또 너희냐……\n모처럼 바르아 님이\n봐주셨는데{08}
S02:2:166	85	なによ　バルア　バルアって\nラルフ先生は　あんな女と\nわたしたちのどっちが大事なのよ！{08}	뭐야 바르아 바르아 하고\n랄프 선생님은 그 여자랑\n우리 중 누가 더 소중해요!{08}
S02:2:167	65	おまえたちは何をいっているのだ？\n大事も何も……{0d}{0d}\nあ　ううう……{08}	너희 무슨 소리를 하는 거냐?\n소중하고 뭐고……{0d}{0d}\n아 으으으……{08}
S02:2:168	73	よく　わからないけれど\n混乱してるみたいね\nセニア！　いまのうちに薬を……{08}	잘 모르겠지만\n혼란스러운가 봐\n세니아! 지금 약을……{08}
S02:2:169	15	よ　よしっ！！{08}	조 좋아!!{08}
S02:2:170	31	セニア　なにも投げなくても……{08}	세니아 던질 것까진……{08}
S02:2:171	9	学園長！{08}	학원장님!{08}
S02:2:172	23	身体が動かない……！？{08}	몸이 안 움직여……!?{08}
S02:2:173	108	少しばかり楽しくさせて\nくれるのはいいけど{08}\nここまでくると\nちょっと目ざわりね……\nそこでおとなしくしてなさい{08}	조금 즐겁게 해 주는 건\n좋지만{08}\n여기까지 오니\n좀 거슬리네……\n거기서 얌전히 있어{08}
S02:2:174	127	ふふふ……さて　学園長さん\nこうしてお目にかかるのは\n初めてだったわね{08}\nワタシはバルア……\nさっそくだけど\nこのイェンをいただくわ{08}	후후후……자 학원장님\n이렇게 뵙는 건\n처음이죠{08}\n나는 바르아……\n다짜고짜지만\n이 옌을 가져가겠어{08}
S02:2:175	23	そんなことはさせない！{08}	그렇게 두지 않겠다!{08}
S02:2:176	133	ニンゲンのいうことはみんな同じね\n少しは気のきいた返事が\nできないのかしら{08}\nふふふ……\nそれにワタシはお願いをしている\nわけじゃないのよ{08}	인간들은 다 똑같은 말만 하네\n좀 더 재치 있는 대답은\n못 하는 걸까{08}\n후후후……\n게다가 나는 부탁하는 게\n아니거든{08}
S02:2:177	42	……魔族よ！\nなぜ　イェンを　つけねらう？{08}	……마족이여!\n어째서 옌을 노리는 거냐?{08}
S02:2:178	52	そんなこといちいち親切に\n教えてやるいわれはないわね{08}	그런 걸 일일이 친절하게\n가르쳐 줄 이유는 없지{08}
S02:2:179	131	ふふふ……\nさあ　イェンの秘密を\n教えてもらいましょうか{08}\nそうそう　抵抗しようなどとは\n思わないほうがいいわ\nこのチビどもが大事ならね{08}	후후후……\n자 옌의 비밀을\n알려 주실까{08}\n참 저항하려는 생각은\n안 하는 게 좋아\n이 꼬맹이들이 소중하다면{08}
S02:2:180	9	むぅ……{08}	으음……{08}
S02:2:181	17	ひきょうだぞ！！{08}	비겁하다!!{08}
S02:2:182	25	そうだ　ひきょうだぞ！！{08}	맞아 비겁해!!{08}
S02:2:183	79	が　学園長？\nなるべく　その両方が無事なような\n選択をお願いしたいんですけど……{08}	하 학원장님?\n되도록 둘 다 무사한\n선택을 부탁드리고 싶은데……{08}
S02:2:184	23	よ　よせ　やめるんだ！{08}	그 그만둬 멈춰라!{08}
S02:2:185	159	ふふふ……そうはいかないわ学園長\nさあ　あなた自身の記憶から\n情報をいただきましょうか{08}\n{0c}……{0d}{0d}{0d}{0d}ほう{0d}・{0d}・{0d}・\nなかなか興味深い映像ね……\nん？　こ　この男は！？{08}	후후후……그렇겐 안 되지\n자 당신의 기억에서\n정보를 받아 갈까{08}\n{0c}……{0d}{0d}{0d}{0d}호오{0d}・{0d}・{0d}・\n꽤 흥미로운 영상이네……\n응? 이 이 남자는!?{08}
S02:2:186	61	グレン……！？\nまさかグレンがっ！！\nやつがこの島にいるのか！{08}	글렌……!?\n설마 글렌이!!\n그자가 이 섬에 있단 말인가!{08}
S02:2:187	89	いるもなにも……{0d}{0d}{0d}{0d}まさかあんた\nおじいちゃんが恐いの？\nじゃ　逃げるなら　いまのうちね！{08}	있고 말고……{0d}{0d}{0d}{0d}설마 당신\n할아버지가 무서워?\n그럼 도망치려면 지금이야!{08}
S02:2:188	138	いちいちうるさいわね\nこの　いまいましいチビが！！{08}\nグレンが健在となると\n条件が変わるわね……{0d}{0d}{0d}{0d}念のため\nここは一度ひきあげておきましょう{08}	일일이 시끄럽네\n이 괘씸한 꼬맹이가!!{08}\n글렌이 건재하다면\n조건이 달라지지……{0d}{0d}{0d}{0d}만일을 위해\n여긴 일단 물러나 두자{08}
S02:2:189	26	まてーっ！\nにがさないぞ！{08}	거기 서～!\n안 놓칠 거야!{08}
S02:2:190	106	もう大丈夫なのかい\nエリーくん{08}\n君のいう女の人については\n調べてみているのだが……\n{0d}{0d}まだよくわからないのだ{08}	이제 괜찮니\n엘리 군{08}\n네가 말한 여자에 대해서는\n조사해 보고 있다만……\n{0d}{0d}아직 잘 모르겠구나{08}
S02:2:191	71	ところで学園長　魔法の力が\n急になくなったりすることって\nあるんですか？{08}	그런데 학원장님 마법의 힘이\n갑자기 없어지는 일도\n있나요?{08}
S02:2:192	159	理論的にはありえない\nといいたいが……{08}\n現にエリーくんは\n落ちたわけだからな……\n残念だが今は何ともいえない{08}\nなにしろ空を飛ぶ事に関しては\n何もわかってないからね{08}	이론적으론 있을 수 없다\n고 말하고 싶다만……{08}\n실제로 엘리 군은\n떨어졌으니까……\n안타깝지만 지금은 모르겠구나{08}\n무엇보다 하늘을 나는 것에\n대해선 아무것도 모르니까{08}
S02:2:193	46	要するに何一つ進展していない\nという事ですね？{08}	한마디로 아무 진전도\n없다는 거죠?{08}
S02:2:194	50	ごほん　とにかくエリーくんは\n無理をしないようにね{08}	크흠 아무튼 엘리 군은\n무리하지 않도록{08}
S02:2:195	17	反省してます……{08}	반성하고 있어요……{08}
S02:2:196	49	ご　ごほん\nとにかく　エリーくんが\n無事でよかった{08}	크 크흠\n아무튼 엘리 군이\n무사해서 다행이다{08}
S02:2:197	48	すいませんでした　学園長\nもう　ご迷惑かけません{08}	죄송했어요 학원장님\n더는 폐 끼치지 않을게요{08}
S02:2:198	38	とにかく　エリーくんが\n無事でよかった{08}	아무튼 엘리 군이\n무사해서 다행이다{08}
S02:2:199	55	学園長！\nエリーを落とした犯人の\n目星はつきましたか！？{08}	학원장님!\n엘리를 떨어뜨린 범인은\n짐작 가셨어요!?{08}
S02:2:200	147	だ　大丈夫だとも\n手はつくしている{08}\nそれより勉強の方は\nはかどっているのかな？\n君たちにはそれが最優先だからね{08}\nしっかりダディス先生の所で\n学ぶんだよ{08}	괘 괜찮고말고\n손은 다 쓰고 있다{08}\n그보다 공부는\n잘되고 있니?\n너희에겐 그게 최우선이니까{08}\n다디스 선생님 밑에서\n제대로 배우거라{08}
S02:2:201	71	は　はーい\nでも学園長　人手が足りなかったら\nわたしたちがいますからね曖{08}	네 네～\n그래도 일손이 모자라면\n저희가 있으니까요♥{08}
S02:2:202	27	学園長　犯人は誰だと思う？{08}	학원장님 범인은 누구 같아요?{08}
S02:2:203	31	……レナくんでないことを祈るね{08}	……레나 군이 아니길 빌지{08}
S02:2:204	63	私も　君たちも\n今は微妙な立場におかれているのを\n自覚してほしい{08}	나도 너희도\n지금은 미묘한 입장이라는 걸\n자각해 주었으면 한다{08}
S02:2:205	9	…………{08}	…………{08}
S02:2:206	61	ダメだよ　レナ\nそんな顔しちゃ……\n学園長も苦しいと思うよ……{08}	안 돼 레나\n그런 얼굴 하면……\n학원장님도 괴로우실 거야……{08}
S02:2:207	52	わたし　いつか学園長に\n信じてもらえると思っています{08}	저 언젠가 학원장님이\n믿어 주실 거라 생각해요{08}
S02:2:208	15	……エリーくん{08}	……엘리 군{08}
S02:2:209	73	ケガしているのかい？\nまだ入学したばかりなんだから\n無理しないほうがいいよ{08}	다쳤니?\n아직 막 입학했으니\n무리하지 않는 게 좋아{08}
S02:2:210	58	君　顔色わるいけど大丈夫？\n無理は　がまんの次に悪いからね{08}	너 안색 나쁜데 괜찮니?\n무리는 참는 것 다음으로 나빠{08}
S02:2:211	38	先生のところで\nちゃんと勉強しないとね{08}	선생님 밑에서\n제대로 공부해야지{08}
S02:2:212	79	ラルフ先生が\n弟子を再募集している\nようなんだけど……{08}\n新入生こなかったのかな？{08}	랄프 선생님이\n제자를 다시 모집하는\n것 같던데……{08}\n신입생은 안 왔나?{08}
S02:2:213	93	みんなラルフ先生のところへ\nいっちゃったみたいだなぁ{08}\n……何かプレゼントでも\nもらえるのかな？{08}	다들 랄프 선생님한테\n가 버린 것 같아{08}\n……뭐 선물이라도\n받을 수 있나?{08}
S02:2:214	57	身体を休める意味でも\n静かにしていたら\nいいんじゃないかな{08}	몸을 쉬게 한다는 뜻에서도\n조용히 있는 게\n좋지 않을까{08}
S02:3:0	71	もう　代理の人間が\nつくる飯には飽きた！\nステラおばさん　カムバーック！{08}	이제 대리가 만든\n밥은 질렸어!\n스텔라 아줌마 컴백～!{08}
S02:3:1	87	ステラおばさんがいなくなって\nはじめて気付いたぜ　オレは\nおばさんの料理を愛していたんだ{08}	스텔라 아줌마가 없어지고\n처음 깨달았어 나는\n아줌마 요리를 사랑했던 거야{08}
S02:3:2	40	オレにおばさんの料理を\n食わせろーっ！！{08}	나한테 아줌마 요리를\n먹게 해 줘～!!{08}
S02:3:3	48	いやー　すごい音だったなー\nもう一度聞きたいぜ！{08}	야～ 엄청난 소리였어～\n한 번 더 듣고 싶다!{08}
S02:3:4	38	やっぱり少し体を\nきたえてみようかなー{08}	역시 몸을 좀\n단련해 볼까～{08}
S02:3:5	49	あれ……\nみんな図書館にいったきり\n帰ってこないぞ{08}	어라……\n다들 도서관에 간 채\n안 돌아오네{08}
S02:3:6	52	いったい　なにがどうしたんだか\nぜんぜんわからないぞ{08}	대체 뭐가 어떻게 된 건지\n전혀 모르겠어{08}
S02:3:7	42	ブルーン先生って\n薬草オタクなんですよねぇ{08}	브룬 선생님은\n약초 오타쿠래요{08}
S02:3:8	75	天文学のハイド先生は\n星見の塔にいるんだけれど\nめったに人と会わないんだよね{08}	천문학의 하이드 선생님은\n별보기 탑에 계신데\n좀처럼 사람을 안 만나셔{08}
S02:3:9	120	あら　聞きましたわよ\nエリーさんたら　大衆の面前で\n地面に人型をつくったあげく{08}\nレナさんとセニアさんに\n踏まれて重傷だとか{08}	어머 들었어요\n엘리 씨가 여러 사람 앞에서\n땅에 사람 모양을 찍고는{08}\n레나 씨와 세니아 씨한테\n밟혀서 중상이라면서요{08}
S02:3:10	19	な　なんだってー！{08}	뭐 뭐라고～!{08}
S02:3:11	29	挑発にのっちゃダメよ　セニア{08}	도발에 넘어가지 마 세니아{08}
S02:3:12	48	こんな女なんか　ほっといて\n先生の所にいきましょ{08}	이런 여자는 내버려 두고\n선생님한테 가자{08}
S02:3:13	78	でも　レナさんが落ちて　これ以上\n背が縮まなくてよかったですわ{0d}\nオホホホホ……{08}	그래도 레나 씨가 떨어져서\n키가 더 줄지 않아 다행이에요{0d}\n오호호호호……{08}
S02:3:14	33	こっ　この借りはきっと返すから！{08}	이 이 빚은 꼭 갚을 거야!{08}
S02:3:15	51	あなたたち\nダディス先生の弟子に\nなったんですって？{08}	당신들\n다디스 선생님의 제자가\n됐다면서요?{08}
S02:3:16	19	だ　だからなんだよ{08}	그 그래서 뭐{08}
S02:3:17	71	類は友を呼ぶって　ご存知かしら？\nふふん\nあなたたちには　お似合いですわ{08}	끼리끼리 논다는 말 아시나요?\n흐흥\n당신들한테 딱 어울려요{08}
S02:3:18	73	そうよね　わたしもそう思うわ\nあなたに友達がいないのと\n同じ理由ね　きっと{08}	그래 나도 그렇게 생각해\n네가 친구가 없는 것과\n같은 이유겠지 분명{08}
S02:3:19	40	なんですって！\nく　口をつつしみなさい！{08}	뭐라고요!\n마 말조심하세요!{08}
S02:3:20	153	まだここにいるということは\n先程の話はまったく理解して\nいただけなかったということね{08}\nはっきりいいましょう\nうるさくて迷惑ですから\n出ていってくださらない？{08}	아직 여기 있다는 건\n아까 한 말을 전혀 이해\n못 하셨다는 거군요{08}\n분명히 말하죠\n시끄럽고 민폐니까\n나가 주시겠어요?{08}
S02:3:21	73	そんなにここがうるさくて\nいやなら自分が出ていったら？\nその方が早いわよ曖{08}	여기가 그렇게 시끄러워서\n싫으면 네가 나가면?\n그게 더 빠르잖아♥{08}
S02:3:22	50	すこしは他人の迷惑を\n考えてはいただけないかしら？{08}	조금은 남의 민폐도\n생각해 주시겠어요?{08}
S02:3:23	151	この寮に住んでいない人は\nあんまり出入りして\nいただきたくないのですけど{08}\nいつもドタバタうるさくて\nかないませんわ　すこしは\n他人の迷惑を考えたらいかが？{08}	이 기숙사에 안 사는 분은\n너무 드나들지\n않았으면 하는데요{08}\n늘 우당탕 시끄러워서\n못 견디겠어요 조금은\n남의 민폐도 생각하시죠?{08}
S02:3:24	44	いつわたしたちが\nうるさくしたっていうのよ！{08}	우리가 언제\n시끄럽게 했다는 거야!{08}
S02:3:25	81	関係のない方がいるというだけで\n住人には不快だということを\n申し上げているのですわ{08}	관계없는 분이 있다는 것만으로\n주민에겐 불쾌하다는 걸\n말씀드리는 거예요{08}
S02:3:26	25	ず　ずいぶんないいぐさね{08}	꽤 너 너무하는 말투네{08}
S02:3:27	65	なによ　あんたも友達３人\n連れてこられるもんなら\n連れてきなさいよ{08}	뭐야 너도 친구 셋\n데려올 수 있으면\n데려와 보시지{08}
S02:3:28	52	そんな　無理なこといっても\nしょうがないんじゃない？{08}	그런 무리한 말을 해 봤자\n소용없잖아?{08}
S02:3:29	25	い　いいましたわねぇ！！{08}	마 말했겠다!!{08}
S02:3:30	99	なんでも　エリーさんは\n落ちたことを人のせいにしている\nそうですが……{08}\nまったく　こりないですわねぇ{08}	듣자 하니 엘리 씨는\n떨어진 걸 남 탓 한다던데\n……{08}\n정말 질리지도 않네요{08}
S02:3:31	9	……うん{08}	……응{08}
S02:3:32	51	いったいどこから\nそんな話を聞いてくるんだ\nこの女！{08}	대체 어디서\n그런 얘길 듣고 오는 거야\n이 여자!{08}
S02:3:33	42	きっと　アンチたちからよ！\nあいつら～！！{08}	분명 안치네한테서야!\n그 녀석들～!!{08}
S02:3:34	55	どうせ　バカ同士\n裏でつながってるに\nきまってんじゃない{08}	어차피 바보끼리\n뒤에서 이어져 있는 게\n뻔하잖아{08}
S02:3:35	11	やっぱり？{08}	역시?{08}
S02:3:36	42	あっ　あいかわらず\n口だけは達者ですわね！{08}	어 여전히\n입만 살았네요!{08}
S02:3:37	56	外がずいぶん騒がしいから\nまたあなたたちかと思いましたわ{08}	밖이 꽤 소란스러워서\n또 당신들인 줄 알았어요{08}
S02:3:38	53	残念だけど違うわ\n疑うなら\n自分の目で確かめてくれば？{08}	안됐지만 아니야\n의심스러우면\n직접 가서 확인해 보든가?{08}
S02:3:39	69	でもどうせ\n関わっているのでしょう？\n下手ないいのがれは見苦しくってよ{08}	그래도 어차피\n관련돼 있겠죠?\n어설픈 핑계는 보기 흉해요{08}
S02:3:40	69	顔色悪いけど平気？\nわたしが持ってる薬でよかったら\nあげるけど……胃薬{08}	안색 나쁜데 괜찮아?\n내가 가진 약이라도 괜찮으면\n줄게……위장약{08}
S02:3:41	73	あなたたちは何をしているの？\nわたしは少ししたら\n図書館までいくつもりなの{08}	너희는 뭐 하고 있어?\n나는 좀 있다가\n도서관에 갈 거야{08}
S02:3:42	71	図書館に本を借りにいったら\n追い返されたわ！\nまったく　どういうこと！？{08}	도서관에 책 빌리러 갔더니\n쫓겨났어!\n대체 어떻게 된 거야!?{08}
S02:3:43	23	みんな……どうしたの？{08}	다들……왜 그래?{08}
S02:3:44	67	生徒会長のブラウンさんって\n背も高くて　ステキ……\n恋人いるのかしら{08}	학생회장 브라운 씨는\n키도 크고 멋져……\n애인 있을까{08}
S02:3:45	38	ブラウンさんって\nけっこういいかも……{08}	브라운 씨\n꽤 괜찮은 것 같아……{08}
S02:3:46	56	生徒会長のブラウンさん……\n仲良くなれたら……いいのにな{08}	학생회장 브라운 씨……\n친해질 수 있으면……좋을 텐데{08}
S02:3:47	59	図書館に女の子は近づいちゃ\nいけないんだって……\nひどいよね{08}	도서관에 여자애는 가까이\n가면 안 된대……\n너무하지{08}
S02:3:48	44	こんなときこそ\nブラウンさんにいて欲しいのに{08}	이럴 때일수록\n브라운 씨가 있어 줬으면{08}
S02:3:49	49	エリー　大丈夫？\n薬飲むより\n寝てたほうがいいわよ{08}	엘리 괜찮아?\n약 먹는 것보다\n자는 게 나아{08}
S02:3:50	55	レイラって大人の前では\nいい子なのよ\nしょうがないわよね{08}	레이라는 어른들 앞에선\n착한 애거든\n어쩔 수 없지{08}
S02:3:51	52	あやしい女ですって？\nわたしは見かけなかったけど……{08}	수상한 여자라고?\n나는 못 봤는데……{08}
S02:3:52	53	あんなにあばれちゃ\nムダにカロリー消費する\nだけなのに{08}	그렇게 날뛰면\n쓸데없이 칼로리만\n소모할 뿐인데{08}
S02:4:0	89	なんだ　エリーが\nケガしているじゃないか{08}\nはやくエマ先生のところへ\n連れていってやらんか！{08}	뭐냐 엘리가\n다쳤잖아{08}\n얼른 에마 선생님한테\n데려가지 못하겠냐!{08}
S02:4:1	31	いいから　エリーをつれていけ！{08}	됐으니까 엘리를 데려가라!{08}
S02:4:2	13	は　はーい！{08}	네 네～!{08}
S02:4:3	126	ここは男の道場だ！\n真の男を目指す者の修行場だ！{08}\n剣を振れ！　汗を流せ！\n少しぐらいの痛みや具合の悪さなど\n気合いで吹き飛ばせ！{08}	여긴 사나이의 도장이다!\n진정한 사나이의 수련장이다!{08}\n검을 휘둘러라! 땀을 흘려라!\n조금의 아픔이나 몸살 따위\n기합으로 날려 버려라!{08}
S02:4:4	11	ははは……{08}	하하하……{08}
S02:4:5	15	あ　暑苦しい！{08}	더 더워 죽겠네!{08}
S02:4:6	48	そこにいられるとじゃまだ\n向こうへいっていてくれ{08}	거기 있으면 방해다\n저쪽으로 가 있어라{08}
S02:4:7	82	この道場には\n熱き心の持ち主だけが入れるのだ{08}\nレナ\nおまえの魂は\n熱く輝いているか？{08}	이 도장에는\n뜨거운 자만 들어올 수 있다{08}\n레나\n네 영혼은\n뜨겁게 빛나고 있느냐?{08}
S02:4:8	29	別にそんなことはないですけど{08}	딱히 그렇진 않은데요{08}
S02:4:9	63	ならばここには用はないはずだ\n修行のじゃまだから\n出ていってくれ{08}	그렇다면 여기 볼일은 없을 터\n수련에 방해되니\n나가 다오{08}
S02:4:10	59	ちょっと顔出すくらい\nいいじゃないですか！\n先生の意地悪！！{08}	잠깐 들르는 것쯤\n괜찮잖아요!\n선생님 심술쟁이!!{08}
S02:4:11	63	えーい！　ここでうろつくのは\nいい加減によさんかッ！\nしっしっ！{08}	에잇! 여기서 어슬렁대는 건\n적당히 하지 못하겠냐!\n훠이 훠이!{08}
S02:4:12	48	なんか頭にきたから\nもう　しばらく見学しましょう{08}	왠지 열받으니까\n좀 더 구경하자{08}
S02:4:13	42	レナは　エリーのこと\n心配じゃないのかよ～{08}	레나는 엘리가\n걱정 안 되는 거야～{08}
S02:4:14	29	弟子たちはどこへいった……？{08}	제자들은 어디 갔지……?{08}
S02:4:15	75	きっとイアソン先生が\nイヤで逃げ出したんですよ\nあんなにきびしくするから……{08}	분명 이아손 선생님이\n싫어서 도망친 거예요\n그렇게 엄하게 하니까……{08}
S02:4:16	5	……{08}	……{08}
S02:4:17	74	{0d}{0d}{0d}……イ　イアソン先生？\nこのおも～い沈黙を\nどうにかしてくださいません曖{08}	{0d}{0d}{0d}……이 이아손 선생님?\n이 무거～운 침묵을\n어떻게 좀 해 주시겠어요♥{08}
S02:4:18	69	この有り様はどういうことだ！\nん！？　まさか\nおまえたちのしわざか！？{08}	이 꼴은 어떻게 된 거냐!\n응!? 설마\n너희 짓이냐!?{08}
S02:4:19	17	ち　ちがいます！{08}	아 아니에요!{08}
S02:4:20	38	ならば危ないから\n入ってくるんじゃない{08}	그렇다면 위험하니\n들어오지 마라{08}
S02:4:21	60	その程度でオレに勝てるか！\nどうせなら死ぬ気でかかってこい！{08}	그 정도로 날 이길 성싶으냐!\n죽을 각오로 덤벼라!{08}
S02:4:22	48	なんだその攻撃はっ！\nまだまだ修行がたりんぞ！！{08}	뭐냐 그 공격은!\n아직 수련이 부족하다!!{08}
S02:4:23	34	なーんか方向が\nズレはじめてない？{08}	뭔가 방향이\n어긋나기 시작한 거 아냐?{08}
S02:4:24	36	気合いで打てっ！\n腹の底から叫べ！！{08}	기합으로 쳐라!\n배 속에서부터 외쳐라!!{08}
S02:4:25	28	ケガ程度で\nぐだぐだ　いうな{08}	부상 정도로\n투덜대지 마라{08}
S02:4:26	40	おい女！\n修行のジャマするとゆるさんぞ！{08}	어이 여자!\n수련을 방해하면 용서 없다!{08}
S02:4:27	50	男を　みがくんだ！\n尊敬するイアソン先生のように！{08}	사나이를 갈고닦는다!\n존경하는 이아손 선생님처럼!{08}
S02:4:28	61	外がさわがしいようだが\nそんなものは\n剣を振っていれば忘れる！{08}	밖이 소란스러운 것 같지만\n그런 건\n검을 휘두르면 잊는다!{08}
S02:4:29	31	なにをやっている　おまえら！！{08}	뭘 하는 거냐 너희!!{08}
S02:4:30	42	そんなケガ\nどうしたら　できるんだっつーの{08}	그런 부상은\n어떻게 하면 생기는 거냐고{08}
S02:4:31	53	うひゃ～\n今日のイアソン先生\nいつにも増して厳しいぞ～{08}	우햐～\n오늘 이아손 선생님\n평소보다 더 엄하다～{08}
S02:4:32	70	も　もう疲れたよ～\nこんなこと　やってられっか！{0d}\nでも　やめられない～{08}	이 이제 지쳤어～\n이런 거 못 해 먹겠어!{0d}\n그래도 그만둘 수 없어～{08}
S02:4:33	17	バルアさま～！！{08}	바르아 님～!!{08}
S02:4:34	45	なんだよ\nケガしてるじゃん\n学園塔にいったら？{08}	뭐야\n다쳤잖아\n학원탑에 가 보지?{08}
S02:4:35	42	おいらもケガしないように\nがんばらないとね{08}	나도 다치지 않게\n열심히 해야지{08}
S02:4:36	51	てい　やあ　とう！！\nまだまだいけるぜ！\nまだまだ！{08}	얍 야 토!!\n아직 할 수 있어!\n아직 아직!{08}
S02:4:37	25	なんて　いい壁なんだ！！{08}	이 얼마나 멋진 벽이냐!!{08}
S02:4:38	44	ケガなんかしちゃダメじゃんか～\n間抜けだな～{08}	다치면 안 되지～\n얼간이네～{08}
S02:4:39	45	なんだ～\n顔色悪いのに出歩いてると\n倒れるぞ～{08}	뭐야～\n안색 나쁜데 돌아다니면\n쓰러진다～{08}
S02:4:40	38	今日も　剣の練習か～\nどうでもいいや～{08}	오늘도 검술 연습이냐～\n아무래도 좋아～{08}
S02:4:41	34	うほっ！　うほっ！\nうほほほほっ！{08}	우홋! 우홋!\n우호호호홋!{08}
S02:4:42	44	み　みんな　おちついて！\nおとなしくするんだ{08}	다 다들 진정해!\n얌전히 있어{08}
S02:4:43	49	みなさん！\nそういうことは\n放課後やってください！{08}	여러분!\n그런 건\n방과 후에 하세요!{08}
S02:4:44	34	痛い！　痛い！\nけど　やめられない{08}	아파! 아파!\n그래도 멈출 수 없어{08}
S02:4:45	42	あなたたち　何をしているの！\nやめなさい！{08}	너희 뭐 하는 거니!\n그만두렴!{08}
S02:4:46	17	エ　エマ先生……{08}	에 에마 선생님……{08}
S02:4:47	79	レナ？　エリーにセニアも……\nとにかくここは危ないから\n３人とも外へ出ていなさい{08}	레나? 엘리랑 세니아도……\n아무튼 여긴 위험하니\n셋 다 밖에 나가 있으렴{08}
S02:4:48	77	何回いわせるの？！\nここはわたしたちで何とかするから\nおとなしくしていなさい！{08}	몇 번을 말하게 하니?!\n여긴 우리가 어떻게든 할 테니\n얌전히 있으렴!{08}
S02:4:49	42	はい……でも先生も\nあぶないことしないでね{08}	네……그래도 선생님도\n위험한 일은 하지 마세요{08}
S02:4:50	13	あのねぇ……{08}	저기 말이야……{08}
S02:6:0	103	ん……？{0d}\nなんだ　そのケガは……{08}\nわたしは自慢じゃないが\n人を治したことはないぞ\nだから　エマ先生がいる{08}	음……?{0d}\n뭐냐 그 부상은……{08}\n자랑은 아니지만 나는\n사람을 고쳐 본 적이 없다\n그래서 에마 선생님이 있지{08}
S02:6:1	29	先生さ　エマ先生のこと好き？{08}	선생님 에마 선생님 좋아해요?{08}
S02:6:2	71	あ　ああ……{0d}{0d}\nテレイナ先生も好きだぞ\nどっちが好きかといわれても困るが{08}	아 아아……{0d}{0d}\n테레이나 선생님도 좋다\n누가 더 좋냐 물으면 곤란하다{08}
S02:6:3	13	だめだこりゃ{08}	글렀네 이거{08}
S02:6:4	58	もう　おまえらには付き合えん\nエリーが死んでも知らんからな{08}	이제 너희랑은 못 어울리겠다\n엘리가 죽어도 난 모른다{08}
S02:6:5	67	なんだ　おまえたちか……\nわたしは忙しいんだ\nじゃましないでくれるか{08}	뭐야 너희냐……\n나는 바쁘다\n방해하지 말아 줄래{08}
S02:6:6	65	かわいい生徒のために\n少しくらい時間をさいてくれても\nいいじゃない{08}	귀여운 학생을 위해\n시간 좀 내 줘도\n되잖아요{08}
S02:6:7	48	ほー　かわいい？\n言葉は正確に使うようにな　レナ{08}	호오 귀여운?\n말은 정확하게 쓰도록 해 레나{08}
S02:6:8	17	えー　どうして？{08}	에～ 왜요?{08}
S02:6:9	35	……{0d}とにかく\nもう話かけないでくれ{08}	……{0d}아무튼\n더는 말 걸지 말아 줘{08}
S02:6:10	5	……{08}	……{08}
S02:6:11	7	先生？{08}	선생님?{08}
S02:6:12	57	今日はこれを\n読んでしまいたいんだよ\nだからだまっててくれ{08}	오늘은 이걸\n다 읽고 싶거든\n그러니 조용히 해 줘{08}
S02:6:13	5	……{08}	……{08}
S02:6:14	55	……{08}\nやっぱりいるだけで\n気が散るから\n出てってくれ……{08}	……{08}\n역시 있기만 해도\n신경 쓰이니까\n나가 줘……{08}
S02:6:15	23	おまえらどうしたんだ？{08}	너희 무슨 일이냐?{08}
S02:6:16	31	あれ？　先生が本を読んでない！{08}	어라? 선생님이 책을 안 봐!{08}
S02:6:17	112	ちょっと気分転換を\nしていた所なんだよ{08}\nいくらわたしが本好きでも\n３０時間も読み続けていると\nさすがに疲れるからね{08}	잠깐 기분 전환을\n하던 참이다{08}\n아무리 내가 책을 좋아해도\n３０시간이나 계속 읽으면\n역시 지치거든{08}
S02:6:18	42	３０時間！？\nアタシには考えられないよ……{08}	３０시간!?\n나는 상상도 못 하겠어……{08}
S02:6:19	19	さ　続きを読むかな{08}	자 계속 읽어 볼까{08}
S02:6:20	11	え　先生？{08}	어 선생님?{08}
S02:6:21	9	…………{08}	…………{08}
S02:6:22	9	…………{08}	…………{08}
S02:6:23	17	ダメだこりゃ……{08}	글렀네 이거……{08}
S02:6:24	48	なんだ　帰れ！\nこれから大事な用があるんだからな{08}	뭐냐 돌아가라!\n지금부터 중요한 볼일이 있다{08}
S02:6:25	19	せ　せんせい……？{08}	서 선생님……?{08}
S02:6:26	47	ラルフ先生\nど　どうしちゃったんだよ\n変だよ！！{08}	랄프 선생님\n왜 왜 그래요\n이상해요!!{08}
S02:6:27	162	あ　ああ　すまんな\nちょっとイライラしていたんだ{08}\nそうそう　おまえたち\nエリーを突き落とした\n犯人を探しているそうだな{08}\nブルーン先生が何か\n知っているらしいぞ\n以上だ{08}	아 아아 미안하다\n좀 짜증이 나 있었다{08}\n그렇지 너희\n엘리를 떨어뜨린\n범인을 찾고 있다며{08}\n브룬 선생님이 뭔가\n아는 것 같다\n이상이다{08}
S02:6:28	38	ラルフ先生？\nどうかしたんですか……？{08}	랄프 선생님?\n무슨 일 있어요……?{08}
S02:6:29	83	……とにかく\n今はじゃまをしないでくれ{08}\n何か知りたかったら\nブルーン先生に会うんだな{08}	……아무튼\n지금은 방해하지 말아 줘{08}\n뭔가 알고 싶으면\n브룬 선생님을 만나 봐라{08}
S02:6:30	61	図書館にはケガを\nなおしてからきなよ\nいつ倒れても知らないぜ？{08}	도서관엔 부상을\n고치고 와\n언제 쓰러져도 난 모른다?{08}
S02:6:31	59	ラルフ先生は\n本の変わった読み方を\nいろいろ教えてくれるんだ{08}	랄프 선생님은\n특이한 책 읽는 법을\n여러 가지 가르쳐 줘{08}
S02:6:32	59	どうでもいいけど\n本の読み方以外も\n教えてくれるんだろうなぁ{08}	아무래도 좋지만\n책 읽는 법 말고도\n가르쳐 주시겠지{08}
S02:6:33	81	ここじゃ　ケ　ケンカはなしだぜ\nお　男はものを壊すわけには\nいか　いかねえからな！{08}	여기선 싸 싸움은 안 된다\n사 사나이는 물건을 부술 수\n어 없으니까!{08}
S02:6:34	38	……あんたたち\nここでなにやってんのよ{08}	……너희\n여기서 뭐 하는 거야{08}
S02:6:35	32	オレ様も\nたまには　ど　読書をな{08}	이 몸도\n가끔은 도 독서를 말이지{08}
S02:6:36	57	あんた\n使い慣れてない言葉しゃべるから\n舌まわってないわよ{08}	너\n안 쓰던 말 하니까\n혀가 꼬였잖아{08}
S02:6:37	55	ダディス先生に\nいいつけてやるから\nかくごしときなさいよ{08}	다디스 선생님한테\n일러바칠 테니까\n각오해 둬{08}
S02:6:38	67	へっ　か　勝手にしやがれ！\nやっぱ　化粧なんて\n女のやるもんだぜ！！{08}	흥 마 마음대로 해라!\n역시 화장 따위\n여자나 하는 거야!!{08}
S02:6:39	29	その女にかなわないヤロウが！{08}	여자한테도 못 이기는 녀석이!{08}
S02:6:40	17	う　うるせー！！{08}	시 시끄러～!!{08}
S02:6:41	21	ど　どくしょっス！！{08}	도 독서예요!!{08}
S02:6:42	54	読書したっていいだろ\nここはみんなの図書館なんだからさ{08}	독서 좀 해도 되잖아\n여긴 모두의 도서관인데{08}
S02:6:43	33	なにか　食べさせてくれるのかなぁ{08}	뭔가 먹을 걸 주려나{08}
S02:6:44	40	ラルフ先生が魔法を\n教えてくれるんだって{08}	랄프 선생님이 마법을\n가르쳐 준대{08}
S02:6:45	47	なんでも\n簡単に魔法を教えてくれるって\n話だけど{08}	듣자 하니\n마법을 쉽게 가르쳐 준다는\n얘기던데{08}
S02:6:46	21	はやく教えてくれよー{08}	빨리 가르쳐 줘～{08}
S02:6:47	56	どうして女の子がいないんだろ？\nまさか……ラルフ先生って{08}	왜 여자애가 없지?\n설마……랄프 선생님이{08}
S02:6:48	23	ねえ　誰もいないよ……{08}	있잖아 아무도 없어……{08}
S02:6:49	23	２階を見てみないと……{08}	２층을 봐야……{08}
S02:6:50	17	やな予感するなー{08}	불길한 예감이 들어～{08}
S02:6:51	46	どこいくんだよ！\n早く学園長に知らせようよ！！{08}	어디 가는 거야!\n빨리 학원장님께 알리자!!{08}
S02:6:52	60	卒業までに\nここにある本をぜんぶ読んでも……{0d}\n覚えきれないよ{08}	졸업까지 여기 있는\n책을 다 읽어도……{0d}\n다 못 외우겠어{08}
S02:6:53	54	ここの本　一生読みつづけたら\nいつか死んじゃうよな……{08}	여기 책 평생 읽다 보면\n언젠가 죽어 버리겠지……{08}
S02:6:54	44	一日三冊読んだとして\n何年かかるんだろう……{08}	하루 세 권 읽는다 치면\n몇 년 걸릴까……{08}
S02:6:55	42	ううっ……\nラルフ先生たちが怪しい女に……{08}	으윽……\n랄프 선생님들이\n수상한 여자한테……{08}
S02:6:56	52	魔法物理学入門……だって\nちょ　ちょっと難しいかもね{08}	「마법물리학 입문」……이래\n조 좀 어려울지도{08}
S02:6:57	17	……アタシ　パス{08}	……나 패스{08}
S02:6:58	13	わたしも……{08}	나도……{08}
S02:6:59	48	誰が　読むっていうのかしらね\nイヤミよ　ぜったい{08}	누가 읽는다는 걸까\n약 올리는 거야 분명{08}
S02:6:60	31	そういうつもりはないと思う……{08}	그런 뜻은 아닐 것 같은데……{08}
S02:6:61	19	竜の生態……だって{08}	「용의 생태」……래{08}
S02:6:62	33	どうして　こんな本があるんだろう{08}	왜 이런 책이 있는 걸까{08}
S02:6:63	46	まあ　この図書館に\nないものなんてなさそうだし{08}	뭐 이 도서관엔\n없는 게 없을 것 같으니까{08}
S02:6:64	31	そうだよなぁ　この本の量だもん{08}	그렇지 이 책의 양이니까{08}
S02:6:65	40	……中身は　まともなこと\n書いてあるわね{08}	……내용은 제대로 된 게\n적혀 있네{08}
S02:6:66	63	伝説の杖と少女……物語ね\nここにも資料以外の本が\nおいてあるんだ{08}	「전설의 지팡이와 소녀」……\n이야기책이네 여기도 자료\n말고 다른 책이 있구나{08}
S02:6:67	60	へえ　見せて見せて……{0d}\nふーん　この絵の女の人って\n美人だね{08}	오 보여 줘 보여 줘……{0d}\n흐응 이 그림 속 여자\n미인이다{08}
S02:6:68	33	あれ？　あの女の人の声がする……{08}	어라? 그 여자 목소리가……{08}
S02:6:69	17	え！？　ホント？{08}	어!? 정말?{08}
S02:6:70	23	セニアっ！　しーっ！！{08}	세니아! 쉿!!{08}
S02:6:71	154	バルア様の仰せのとおりに\n男子生徒をかき集めておきました{08}\n数名　行動のあやしい生徒を\n見かけましたが……{08}\n言葉たくみに誘導しましたので\nどうかご安心ください{08}	바르아 님 분부대로\n남학생들을 모아 두었습니다{08}\n몇몇 행동이 수상한 학생을\n봤습니다만……{08}\n말로 교묘히 유도했으니\n부디 안심하십시오{08}
S02:6:72	75	イイ子ね　ラルフ……\n頭もキレて　顔もイイ男は　大好き\nこっちへ来なさい……{08}	착하지 랄프……\n똑똑하고 잘생긴 남자는 좋아\n이리 오렴……{08}
S02:6:73	13	バルア様……{08}	바르아 님……{08}
S02:6:74	93	せ　せんせいのスケベ　女好き！\nわかったわよ　そういうことね！！\nまったく　どうして男って……{08}	선 선생님 변태 바람둥이!\n알았어 그런 거였구나!!\n정말 남자들은 왜……{08}
S02:6:75	29	こ　こうふんするなよ　レナ！{08}	흐 흥분하지 마 레나!{08}
S02:6:76	33	あの女の人バルアっていうんだ……{08}	저 여자 바르아라는구나……{08}
S02:6:77	73	ふふふ　そうよ……\nおまえにはまだやってもらいたい\nことがあるんだから……{08}	후후후 그래……\n너한테는 아직 시킬\n일이 있으니까……{08}
S02:6:78	40	は　早く　学園長に\n知らせにいこうよ！！{08}	빠 빨리 학원장님께\n알리러 가자!!{08}
S02:6:79	19	も　もう少しだけ！{08}	조 조금만 더!{08}
S02:6:80	13	レナってば！{08}	레나도 참!{08}
S02:6:81	21	わ　わかったわよ！！{08}	아 알았다고!!{08}
S02:6:82	45	レナッ！！\n本を読んでる\n場合じゃないでしょ！{08}	레나!!\n책 읽을\n때가 아니잖아!{08}
S02:6:83	21	わ　わかってるわよ！{08}	아 알고 있다니까！{08}
S02:7:0	58	あら　ずいぶん元気のない人が\nいますが　どうかしましたか？{08}	어머 꽤 기운 없는 분이\n있네요 무슨 일이죠?{08}
S02:7:1	40	あの　ええと\nエリー　ケガしているんです{08}	저기 그게\n엘리가 다쳤어요{08}
S02:7:2	166	みなさん……ダメですよ{0d}\n学校には　エマ先生という立派な\n保健の先生がいらっしゃいます{08}\nケガ人は速やかに\nそちらへいくべきです{08}\nわたくしは出しゃばるつもりは\nありませんよ{08}	여러분……안 돼요{0d}\n학교엔 에마 선생님이라는\n훌륭한 보건 선생님이 계세요{08}\n다친 사람은 얼른\n그쪽으로 가야 해요{08}\n저는 나설 생각은\n없어요{08}
S02:7:3	17	……ごめんなさい{08}	……죄송해요{08}
S02:7:4	23	さあ　はやくいきなさい{08}	자 얼른 가세요{08}
S02:7:5	124	エリーさん　大丈夫ですか？\n顔色がすぐれないようですけど{08}\nまあ　あなたのことだから\n大したことにならないと\n思いますが安静にね{08}	엘리 양 괜찮아요?\n안색이 안 좋아 보이는데{08}\n뭐 엘리 양이니까\n큰일은 안 날 거라\n생각하지만 안정하세요{08}
S02:7:6	23	はい　あいたたたた……{08}	네 아야야야……{08}
S02:7:7	91	ここへ来るのは\n元気になってからにしてください{08}\n体調がよくないのに\n無理をしてもムダですから{08}	여긴 기운을 차린 뒤에\n오세요{08}\n몸이 안 좋은데\n무리해 봤자 소용없으니까요{08}
S02:7:8	128	いつまでウロウロしているのです？\nレナさん　エリーさんを\n無理につれまわしていますね？{08}\nちゃんと休ませてあげなくては\nいけませんよ{08}	언제까지 어슬렁거릴 건가요?\n레나 양 엘리 양을\n억지로 끌고 다니죠?{08}\n제대로 쉬게 해 줘야\n해요{08}
S02:7:9	25	え　わたしのせいですか？{08}	네 제 탓이에요?{08}
S02:7:10	57	あなた以外の誰が\nやるというのですか？\nそんなひどいことを{08}	레나 양 말고 누가\n그러겠어요?\n그런 심한 짓을{08}
S02:7:11	15	ひどいこと！？{08}	심한 짓!?{08}
S02:7:12	33	いつまでウロウロしているのです？{08}	언제까지 어슬렁거릴 건가요?{08}
S02:7:13	52	ダディス先生のところでの勉強は\nはかどっていますか？{08}	다디스 선생님 밑에서 공부는\n잘되고 있나요?{08}
S02:7:14	21	いきなりですね　先生{08}	갑자기네요 선생님{08}
S02:7:15	99	忘れているかもしれませんが\nあなたたちの本分は勉強です{08}\n今のままでは本当に\n落ちこぼれてしまいますよ{08}	잊었을지 모르지만\n여러분 본분은 공부예요{08}\n지금 이대로면 정말\n낙제생이 되고 말아요{08}
S02:7:16	21	う　痛いところを……{08}	아 아픈 데를……{08}
S02:7:17	11	ははは……{08}	하하하……{08}
S02:7:18	61	セニアさん\n他人事じゃないですよ\nあなたの方が危ないんですから{08}	세니아 양\n남 일이 아니에요\n세니아 양이 더 위험하니까요{08}
S02:7:19	19	え！？　ええっ！？{08}	어!? 에에!?{08}
S02:7:20	73	さ　みなさん　帰ってください\nこれから授業をはじめなくては\nいけませんから{08}	자 여러분 돌아가세요\n이제 수업을 시작해야\n하니까요{08}
S02:7:21	45	騒がしいので\n授業がはかどらず\n困っていますわ{08}	소란스러워서\n수업이 잘 안 돼\n곤란해요{08}
S02:7:22	25	ど　どうしたんでしょうね{08}	왜 왜 그럴까요{08}
S02:7:23	34	レナさんたちは\n関係ないのですか？{08}	레나 양 일행은\n관계없나요?{08}
S02:7:24	36	……は　はい\nもちろんです……たぶん{08}	……네 네\n물론이죠……아마도{08}
S02:7:25	81	ケガをいやす魔法をつかえれば……\nとにかく　エマ先生のところへ\nいったほうがいいわ{08}	치유 마법을 쓸 수 있다면……\n아무튼 에마 선생님께\n가 보는 게 좋겠어{08}
S02:7:26	83	顔色が悪いなら……そうだわ\n化粧の魔法でなおせるって話よ\n本当かどうかは知らないけど{08}	안색이 나쁘면……그렇지\n화장 마법으로 고친대\n진짜인지는 모르지만{08}
S02:7:27	79	歌の魔法は　回復の力もあるのよ\nわたしの歌で　いつかみんなを\n幸せにしてあげるの{08}	노래 마법엔 회복의 힘도 있어\n내 노래로 언젠가 모두를\n행복하게 해 줄 거야{08}
S02:7:28	29	あの……外でなにかあったの？{08}	저기……밖에서 무슨 일 있어?{08}
S02:7:29	55	わたし～\nここに入ったんですけど～\n早い歌がにがてなの～{08}	저기～\n여기 들어왔는데요～\n빠른 노래가 어려워요～{08}
S02:7:30	46	なんだかいつもと　ちがうわね～\n元気ないわよ～{08}	어째 평소랑 다르네～\n기운이 없어～{08}
S02:7:31	123	テレイナ先生は～\n思ったことをいってるだけで\n悪気はないのよ～{08}\nたぶん～\nでも　そうじゃなくても\nわたしのせいじゃないからね～{08}	테레이나 선생님은～\n생각한 걸 말할 뿐이지\n악의는 없어～{08}\n아마도～\n그래도 아니라고 해도\n내 탓은 아니야～{08}
S02:7:32	34	う～ん\nどうしてもうまく歌えない～{08}	으～음\n아무리 해도 잘 안 불러져～{08}
S02:7:33	44	こういう楽器を弾けるように\nなりたかったなー{08}	이런 악기를 칠 수 있게\n되고 싶었어～{08}
S02:7:34	23	その目は……な　なによ{08}	그 눈은……뭐 뭐야{08}
S02:7:35	19	……恨みがましい目{08}	……원망스러운 눈{08}
S02:7:36	29	もう　その話はいいでしょ！！{08}	이제 그 얘긴 됐잖아!!{08}
S02:7:37	25	ラララ～　ラ～　ララ～♪{08}	라라라～ 라～ 라라～♪{08}
S02:7:38	27	ラリララ～　ラリラリラ～♪{08}	랄리랄라～ 랄리랄리라～♪{08}
S02:8:0	51	ん？　むむむっ……{0d}\nセニアと　エリーと　レナだな？{08}	응? 으음……{0d}\n세니아랑 엘리랑 레나지?{08}
S02:8:1	27	先生　今日はさえてるじゃん{08}	선생님 오늘은 예리하시네{08}
S02:8:2	23	それは甘いんじゃない？{08}	그건 너무 후한 거 아냐?{08}
S02:8:3	73	先生　わたしケガしちゃって\nエマ先生とブルーン先生に\nお世話になったんです{08}	선생님 저 다쳐서\n에마 선생님과 브룬 선생님께\n신세를 졌어요{08}
S02:8:4	49	ん……？\nむむ　そうかそうか\n聞いておるぞ　セニア{08}	음……?\n으음 그래그래\n들었다 세니아{08}
S02:8:5	13	……やっぱり{08}	……역시{08}
S02:8:6	61	それで　ダディス先生に\n相談するように\nいわれてきたんですけど{08}	그래서 다디스 선생님께\n상담하라고\n해서 왔는데요{08}
S02:8:7	21	相談？　何の相談だ？{08}	상담? 무슨 상담이냐?{08}
S02:8:8	48	魔法力に異常がないか\n先生に見てもらいたいんです{08}	마법력에 이상이 없는지\n선생님이 봐 주셨으면 해요{08}
S02:8:9	58	おーっ！！{0d}\n空から落ちたというのは\nエリーのことだったのか{08}	오오!!{0d}\n하늘에서 떨어졌다는 게\n엘리였구나{08}
S02:8:10	64	先生には　きちんと飛べるように\nエリーをどうにかしてほしいんだ！{08}	선생님이 제대로 날 수 있게\n엘리를 어떻게 좀 해 줘요!{08}
S02:8:11	27	そうか　それは簡単だが……{08}	그래 그건 간단하다만……{08}
S02:8:12	29	えーっ　なにかあるんですか？{08}	에～ 뭔가 있어요?{08}
S02:8:13	29	その　なんだ　この魔法を……{08}	그 뭐냐 이 마법을……{08}
S02:8:14	32	これでよしと……{0d}{0d}\nまあ　以上だ{08}	이걸로 됐다……{0d}{0d}\n뭐 이상이다{08}
S02:8:15	27	何がどう変わったんですか？{08}	뭐가 어떻게 바뀐 거예요?{08}
S02:8:16	155	この化粧の効果は\n魔法力を安定させるためのものだ\nこれで落ちる心配はないだろう{08}\nしかし　化粧魔法というのは\n補助的なものでしかないのだから\n過信してはいかんぞ{08}	이 화장의 효과는\n마법력을 안정시키는 거다\n이제 떨어질 걱정은 없겠지{08}\n하지만 화장 마법이란 건\n보조적인 것일 뿐이니\n너무 믿으면 안 된다{08}
S02:8:17	31	エリーはダイブアタックを覚えた{08}	엘리는 다이브어택을 익혔다{08}
S02:8:18	19	……さすが　先生！{08}	……역시 선생님!{08}
S02:8:19	36	魔法のことは\nぺらぺらしゃべれるのね{08}	마법 얘기는\n술술 잘하시네{08}
S02:8:20	17	セニア　ちょっと{08}	세니아 잠깐{08}
S02:8:21	51	あっ　あんたたちは\nいったいそこで\n何してるのよ！！{08}	아 너희들\n대체 거기서\n뭐 하는 거야!!{08}
S02:8:22	34	や　やばいっス！\n見つかったっス！{08}	크 큰일이에요!\n들켰어요!{08}
S02:8:23	53	な　なんだよ\nべつにエリーの裸なんか\n見てないからな！{08}	뭐 뭐야\n딱히 엘리 알몸 같은 건\n안 봤다고!{08}
S02:8:24	98	このバカ！{0d}\n今　自分でいったじゃないの！！{08}\nもう　今日という今日は\nぜったい　ゆるさないからね！！{08}	이 바보!{0d}\n방금 네 입으로 말했잖아!!{08}\n오늘이야말로\n절대 용서 안 할 거야!!{08}
S02:8:25	19	そこを動くなよ！！{08}	거기서 움직이지 마!!{08}
S02:8:26	46	エリーの裸なんて\n面白くもなんともなかったぜ！{08}	엘리 알몸 따위\n하나도 재미없었다고!{08}
S02:8:27	67	いいたいことはそれだけ？\nずいぶん　少ない遺言ね～\nはい　セニアさん{08}	할 말은 그게 다야?\n꽤 짧은 유언이네～\n자 세니아 씨{08}
S02:8:28	44	こんなへなちょこ電撃\n痛くもかゆくもないぜ！{08}	이런 허접한 전격\n아프지도 간지럽지도 않아!{08}
S02:8:29	29	まだへらず口たたくつもり！！{08}	아직도 입을 놀릴 셈이야!!{08}
S02:8:30	57	へ　へっ！\nエリーの裸なんて\n面白くもなんともなかったぜ！{08}	헤 헹!\n엘리 알몸 따위\n하나도 재미없었다고!{08}
S02:8:31	31	ねえ　もういいんじゃないかなー{08}	있잖아 이제 됐지 않을까～{08}
S02:8:32	36	エリー！\nダメよ　他人事みたいに！！{08}	엘리!\n남 일처럼 굴면 안 돼!!{08}
S02:8:33	44	そうだよ！\nあいつらぜったい許さないからな！{08}	맞아!\n저 녀석들 절대 용서 못 해!{08}
S02:8:34	81	いったいどこの悪ガキだ？\n担任の先生に　しっかり管理する\nよういわなくてはならんな{08}	대체 어디 악동들이냐?\n담임 선생님한테 잘 관리하라고\n일러야겠구나{08}
S02:8:35	116	そ……それはいいとして\nエリーが見たっていう\n女をさがさない？{08}\nわたしたちでエリーを落とした\n犯人を捕まえましょうよ！{08}	그……그건 그렇고\n엘리가 봤다는\n여자를 찾아볼까?{08}\n우리 손으로 엘리를 떨어뜨린\n범인을 잡자!{08}
S02:8:36	89	うん　そうだ！　それがいいよ！！\nおもいしらせてやらなくっちゃ\nあいつらと同じようにね！！{08}	응 맞아! 그게 좋겠어!!\n본때를 보여 줘야지\n저 녀석들처럼 말이야!!{08}
S02:8:37	54	……なんのことだかわからんが\nほどほどにしておくんだぞ{08}	……무슨 얘긴지 모르겠다만\n적당히 하거라{08}
S02:8:38	27	は　はーい　ダディス先生曖{08}	네 네～ 다디스 선생님♥{08}
S02:8:39	40	こんどはレナの番か？\nそれともセニアか？{08}	이번엔 레나 차례냐?\n아니면 세니아냐?{08}
S02:8:40	33	そ　それは遠慮させてもらいまーす{08}	그 그건 사양할게요～{08}
S02:8:41	29	なんだ　そのひきつった笑いは{08}	뭐냐 그 굳은 웃음은{08}
S02:8:42	33	い　いえ　なんでもありませ～ん！{08}	아 아뇨 아무것도 아니에요～!{08}
S02:8:43	62	外が　ずいぶん騒がしいな……\n学園祭は　この間だったと思ったが{08}	밖이 꽤 소란스럽구나……\n학원 축제는 얼마 전이었는데{08}
S02:8:44	21	そ　そうですか……？{08}	그 그래요……?{08}
S02:8:45	56	でも　ダディス先生のボケを聞くと\nなんか　ほっとするよね{08}	그래도 다디스 선생님 건망증을\n들으면 왠지 안심돼{08}
S02:8:46	48	さあ　そろそろ新入生を\n迎える準備をしなければな{08}	자 슬슬 신입생을\n맞을 준비를 해야지{08}
S02:8:47	29	そのネタは聞きあきました……{08}	그 얘긴 질리도록 들었어요……{08}
S02:8:48	23	さすがに　アタシも……{08}	아무리 나라도……{08}
S02:8:49	44	いま材料の準備中だからさ\nちょっと待っててよ{08}	지금 재료 준비 중이니까\n좀 기다려 줘{08}
S02:8:50	65	先生がなんだかいろいろと\n整理しててね\n終わるまで中には入れないよ{08}	선생님이 이것저것\n정리하고 계셔서\n끝날 때까지 못 들어가{08}
S02:8:51	75	ぼくたちがこうやってマジメに\nやってるんだから\n君たちも勉強しなきゃだめだよ{08}	우리가 이렇게 성실하게\n하고 있으니\n너희도 공부해야 해{08}
S02:8:52	44	ぼくは　なにも見ていないし\n聞いていない……{08}	나는 아무것도 못 봤고\n못 들었어……{08}
S02:8:53	40	外がにぎやかだけど\nなんかあったのかい？{08}	밖이 시끌벅적한데\n무슨 일 있어?{08}
S02:8:54	50	ああ　今日もダディス先生の\nサポートでいそがしいよ{08}	아아 오늘도 다디스 선생님\n보조로 바빠{08}
S02:8:55	29	す　すごいことするね　あなた{08}	대 대단한 짓을 하네 너{08}
S02:8:56	67	あなたたちもいつも\n遊んでばかりいないで\nちゃんと勉強しなきゃだめよ{08}	너희도 늘\n놀기만 하지 말고\n제대로 공부해야 한다{08}
S02:9:0	57	なにか修理か？\nそれとも　そっちのおチビさんで\nテストか？{08}	뭔가 수리냐?\n아니면 그쪽 꼬맹이로\n테스트냐?{08}
S02:9:1	23	どっちでもありません！{08}	둘 다 아니에요!{08}
S02:9:2	42	ねえ……\nアタシたちなにやってんだろうね？{08}	있잖아……\n우리 뭐 하는 걸까?{08}
S02:9:3	83	エリーが　ケガしておるんだろう\nいくらわしでも　人の命の方が\n大事なのはわかっとるぞ{08}	엘리가 다쳤다지\n아무리 나라도 사람 목숨이\n중요한 건 안다{08}
S02:9:4	19	ぜ　絶対　うそ！！{08}	저 절대 거짓말!!{08}
S02:9:5	58	エリーの顔色が悪そうだが\nエマ先生の所にはもういったのか？{08}	엘리 안색이 안 좋은데\n에마 선생님한텐 가 봤냐?{08}
S02:9:6	63	はい　それでエマ先生に\nブルーン先生から薬を\nもらうようにと……{08}	네 그래서 에마 선생님이\n브룬 선생님께 약을\n받으라고……{08}
S02:9:7	26	そうだな\nそれがいいだろう{08}	그렇구나\n그게 좋겠지{08}
S02:9:8	65	まだここにいたのか？\nそんなに実験台になりたいか！\nそうかそうか！{08}	아직 여기 있었냐?\n그렇게 실험대가 되고 싶냐!\n그래그래!{08}
S02:9:9	27	そ　そんなことありません！{08}	그 그런 거 아니에요!{08}
S02:9:10	29	なら　ここにこなきゃいいのに{08}	그럼 여기 안 오면 될 텐데{08}
S02:9:11	52	ブルーンのオリジナルの薬を\n飲んだと聞いたが本当か？{08}	브룬이 만든 특제 약을\n먹었다던데 정말이냐?{08}
S02:9:12	23	そうですけど　それが？{08}	그런데요 그게 왜요?{08}
S02:9:13	28	そうか\nいや　べつにいいんだ{08}	그러냐\n아니 딱히 상관없다{08}
S02:9:14	33	ブルーン先生の薬ってやっぱり！？{08}	브룬 선생님 약이 역시!?{08}
S02:9:15	67	レナよろこべ！\nもうすぐ次の試作機が完成する\n今度のは期待していいぞ{08}	레나 기뻐해라!\n곧 다음 시제품이 완성된다\n이번 건 기대해도 좋아{08}
S02:9:16	46	うれしくないです！\n先生自分でやってください！{08}	안 기뻐요!\n선생님이 직접 해요!{08}
S02:9:17	36	どうしてだよ　レナ\n手伝ってやれば？{08}	왜 그래 레나\n도와드리지?{08}
S02:9:18	33	じゃあ　あんたがやりなさいよ！！{08}	그럼 네가 하든가!!{08}
S02:9:19	62	んにゃ　レナでなくてはダメだ\nイヤなら背をもっと伸ばすことだな{08}	아니 레나가 아니면 안 된다\n싫으면 키를 더 키우거라{08}
S02:9:20	9	先生！！{08}	선생님!!{08}
S02:9:21	77	誰か　わしの実験台に\nなってくれる子はおらんかの～\n楽しい実験なんだがなぁ……{08}	누구 내 실험대가\n되어 줄 애는 없나～\n즐거운 실험인데……{08}
S02:9:22	33	先生！　その目はやめてください！{08}	선생님! 그 눈빛 그만해요!{08}
S02:9:23	48	……実験ができなくては\nまったくもってつまらんな{08}	……실험을 못 하니\n정말이지 따분하구나{08}
S02:9:24	53	……先生\n何回いってもムダです！\nわたしはやりません！{08}	……선생님\n몇 번 말해도 소용없어요!\n저 안 해요!{08}
S02:9:25	75	おまえは空を飛びたくはないのか？\n自由にあの大空を飛びたいと\n思わんのかね？{08}	너는 하늘을 날고 싶지 않냐?\n저 넓은 하늘을 자유롭게\n날고 싶지 않느냐?{08}
S02:9:26	40	空を飛びたくても\n落ちたくはありません！{08}	날고 싶어도\n떨어지고 싶진 않아요!{08}
S02:9:27	22	うーん……\nうーん……{08}	으음……\n으음……{08}
S02:9:28	33	せ　先生！　どうしたんですか！？{08}	서 선생님! 왜 그러세요!?{08}
S02:9:29	79	おっ！　ちょっと\nうたた寝してしまったようだな\n実験について考えていたのだが……{08}	오! 잠깐\n졸았나 보구나\n실험 생각을 하고 있었는데……{08}
S02:9:30	46	……ほどほどにしておかないと\nいつか死にますよ{08}	……적당히 안 하시면\n언젠가 죽어요{08}
S02:9:31	9	…………{08}	…………{08}
S02:9:32	40	ケント先生……\nイェンで一番の発明家……{08}	켄트 선생님……\n옌 제일의 발명가……{08}
S02:9:33	54	ケント先生は実験ばかりで\nなにも教えてくれないんだ……{08}	켄트 선생님은 실험만 하고\n아무것도 안 가르쳐 줘……{08}
S02:9:34	36	ケント先生……\n役に立ちたいです……{08}	켄트 선생님……\n도움이 되고 싶어요……{08}
S02:9:35	38	ケント先生みたいに……\nなりたいな……{08}	켄트 선생님처럼……\n되고 싶다……{08}
S02:9:36	46	なんだか外が騒がしいね……\nどうしたんだろ……{08}	왠지 밖이 소란스럽네……\n무슨 일이지……{08}
S02:9:37	101	ラルフ先生をあきらめて\nここにきましたが……{08}\nなかなか　すごいところです\n毎日　何かが起こりますからね{08}	랄프 선생님을 포기하고\n여기 왔는데요……{08}\n꽤 대단한 곳이에요\n매일 뭔가가 일어나니까요{08}
S02:9:38	89	入ってみたのはいいのですが\n実験といっても　空を飛ぶとかいう\n途方もないものばかりなんです{08}	들어와 보긴 했는데\n실험이라곤 하늘을 난다든가\n엉뚱한 것뿐이에요{08}
S02:9:39	63	ほんとうに空から落ちて\nケガをした人もいるという\nことですし……{08}	정말로 하늘에서 떨어져\n다친 사람도 있다고\n하고……{08}
S02:9:40	75	もっとマシな実験が\nたくさんあるような気がします\n他にもやってみたいのですが{08}	더 나은 실험이\n많을 것 같은데\n다른 것도 해 보고 싶어요{08}
S02:9:41	34	外の騒ぎはいったい\n何なのですか？{08}	밖의 소란은 대체\n무슨 일인가요？{08}
S02:10:0	12	{0d}あ……！！{08}	{0d}아……!!{08}
S02:10:1	66	失敗か……まいったな～{0d}\nあ　君たち\nそんなところにいると危険だぞー{08}	실패인가……곤란하네～{0d}\n아 너희\n거기 있으면 위험해～{08}
S02:10:2	54	先生　やっぱりそういうことは\n先にいってくれないと……{08}	선생님 역시 그런 건\n먼저 말해 주셔야……{08}
S02:10:3	42	いやー　ごめんごめん\nところでどうしたの？{08}	야～ 미안 미안\n그런데 무슨 일이니?{08}
S02:10:4	77	なんか貧血っぽいんです\nエマ先生が　ブルーン先生に\nお願いしてみなさいって……{08}	왠지 빈혈 같아요\n에마 선생님이 브룬 선생님께\n부탁해 보라고……{08}
S02:10:5	63	エマ先生と　エリーさんの\n頼みとあらば……\nまかしておいてくれよ{08}	에마 선생님과 엘리 양의\n부탁이라면……\n맡겨 줘{08}
S02:10:6	27	ま　また　実験ですか……？{08}	또 또 실험이에요……?{08}
S02:10:7	69	調合{0d}{0d}といって欲しいな\n人に飲ませるもので\n実験するわけないじゃないか{08}	조합{0d}{0d}이라고 해 줬으면 해\n사람한테 먹일 걸로\n실험할 리가 없잖아{08}
S02:10:8	25	よし　これで間違いなし！{08}	좋아 이걸로 틀림없어!{08}
S02:10:9	31	あの　先生は毒味とかしないの？{08}	선생님은 맛보기 안 해요?{08}
S02:10:10	64	え　だって　普通の人が飲んだら\nし……ししし　しっくりこないよ？{08}	어 그치만 보통 사람이 마시면\n주……주주 죽진 않을걸?{08}
S02:10:11	23	ぜったい　あやしい！！{08}	완전 수상해!!{08}
S02:10:12	41	先生　どうも　ありがとう！{0d}\nいただきます{08}	선생님 고마워요!{0d}\n잘 마실게요{08}
S02:10:13	48	あ　ちょっと\nエリー　待った！！{0d}\nわぁーっ！！！{08}	아 잠깐\n엘리 기다려!!{0d}\n으아～!!!{08}
S02:10:14	11	エリー！？{08}	엘리!?{08}
S02:10:15	26	エリー！\nよ　よかった！！{08}	엘리!\n다 다행이다!!{08}
S02:10:16	85	エリーさん　気分はどうだい？\n君の様子から判断して　ちょっと\n強めにしておいたんだけど{08}	엘리 양 기분은 어때?\n네 상태를 보고 좀\n세게 만들었는데{08}
S02:10:17	45	すごく……{0d}{0d}\n楽になりました\n先生　ありがとう{08}	엄청……{0d}{0d}\n편해졌어요\n선생님 고마워요{08}
S02:10:18	63	まったくぅ\n一時はどうなるかと思ったわよ\n先生　脅かさないでよね{08}	정말\n한때는 어떻게 되나 했어\n선생님 겁주지 마세요{08}
S02:10:19	118	ごめん　でも強い薬だから\nしかたがないんだよ{08}\nぼくのところであつかってるのは\n特殊なものが多いからね\nこの薬もそうなんだ{08}	미안 그래도 강한 약이라\n어쩔 수 없어{08}\n내가 다루는 건\n특수한 게 많거든\n이 약도 그래{08}
S02:10:20	152	ところで　ブルーン先生……{08}\nわたし　落ちるとき\n力が抜けていく感じで……\n飛ぼうと思ってもだめだったんです{08}\nだからわたし\nもう飛べなくなっちゃったかも……{08}	그런데 브룬 선생님……{08}\n저 떨어질 때\n힘이 빠지는 느낌이라……\n날려고 해도 안 됐어요{08}\n그래서 저\n이제 못 날지도……{08}
S02:10:21	67	ん？\nそんなことはないと思うけど……\n飛ぶ気になれば　飛べるはずだよ{08}	응?\n그렇진 않을 것 같은데……\n날려고 하면 날 수 있을 거야{08}
S02:10:22	9	でも……{08}	그래도……{08}
S02:10:23	123	うーん　困ったな……\nぼくにはこれ以上\nどうすることも出来ないよ{08}\n……{0d}{0d}そうだ\nダディス先生に力になって\nもらったらどうだい？{08}	으음 곤란하네……\n나로서는 더 이상\n어쩔 수가 없어{08}\n……{0d}{0d}그렇지\n다디스 선생님께 도움을\n받아 보면 어떨까?{08}
S02:10:24	59	そうよね！　たまには\nあの先生にも\n役に立ってもらわなきゃ！{08}	그래! 가끔은\n그 선생님도\n도움이 돼 줘야지!{08}
S02:10:25	21	レナ　いいすぎだよー{08}	레나 말이 너무 심해～{08}
S02:10:26	55	大丈夫だよ\nダディス先生はあれでも\n立派な先生なんだから{08}	괜찮아\n다디스 선생님은 저래 봬도\n훌륭한 선생님이니까{08}
S02:10:27	79	ふーん　ブルーン先生は\nダディス先生の物忘れについて\nちゃんと自覚があるんですね{08}	흐응 브룬 선생님은\n다디스 선생님 건망증을\n제대로 알고 계시네요{08}
S02:10:28	65	き　君って子は……\nねえ　セニアさん\nいつも彼女はこんな調子なの？{08}	너 너란 애는……\n있잖아 세니아 양\n쟤 늘 이런 식이니?{08}
S02:10:29	34	まあね\nいつもは　もっとひどいんだ{08}	뭐\n평소엔 더 심해{08}
S02:10:30	21	ちょっと　セニア！！{08}	잠깐 세니아!!{08}
S02:10:31	40	先生！　わたしにも\n手伝わせてください！{08}	선생님! 저도\n돕게 해 주세요!{08}
S02:10:32	59	君たちは危険だから……\nといっても\n納得してくれそうにないな{08}	너희는 위험하니까……\n라고 해도\n납득하지 않을 것 같구나{08}
S02:10:33	44	水くさいわよ　エリー\nわたしだって手伝うわよ{08}	섭섭하게 왜 그래 엘리\n나도 도울 거야{08}
S02:10:34	33	そうだよ　アタシたち友達じゃんか{08}	맞아 우리 친구잖아{08}
S02:10:35	48	そうか……じゃあ\n君たちにもこの薬を渡しておこう{08}	그런가……그럼\n너희한테도 이 약을 주마{08}
S02:10:36	21	気付け薬を手に入れた{08}	정신 드는 약을 손에 넣었다{08}
S02:10:37	31	かけられた魔法を解くことが……{08}	걸린 마법을 풀 수 있는……{08}
S02:10:38	59	先生……\nイアソン道場で男の子たちが\nあばれているみたいです{08}	선생님……\n이아손 도장에서 남자애들이\n날뛰고 있는 것 같아요{08}
S02:10:39	29	しまった　間に合わなかったか{08}	이런 늦었나{08}
S02:10:40	17	いってみましょ！{08}	가 보자!{08}
S02:10:41	42	じゃ　あとは\nアタシたちにまかせておいて！{08}	그럼 나머진\n우리한테 맡겨!{08}
S02:10:42	91	不安だけど……しかたないなぁ\nこの調子だと今度はすこし多めに\n薬をつくらなきゃならないし……{08}	불안하지만……어쩔 수 없지\n이 상태면 이번엔 좀 더 많이\n약을 만들어야겠고……{08}
S02:10:43	29	不安だけど……しかたないなぁ{08}	불안하지만……어쩔 수 없지{08}
S02:10:44	38	すまない！\n今ちょっと手が離せないんだ{08}	미안!\n지금 좀 손을 뗄 수가 없어{08}
S02:10:45	33	先生は　植物を育てる魔法が得意だ{08}	선생님은 식물 키우는 마법이\n특기야{08}
S02:10:46	23	めずらしい薬草があるぜ{08}	진귀한 약초가 있다고{08}
S02:10:47	50	ブルーン先生なら\n薬草を海岸の森へ取りにいっている{08}	브룬 선생님이라면\n약초 캐러 바닷가 숲에 가셨어{08}
S02:10:48	36	ブルーン先生は\n海岸の森にいっている{08}	브룬 선생님은\n바닷가 숲에 가셨어{08}
S02:10:49	27	ブルーン先生　帰ってきたぜ{08}	브룬 선생님 돌아오셨어{08}
S02:10:50	33	ふん　いったいどうなっているんだ{08}	흥 대체 어떻게 된 거야{08}
S02:10:51	28	まだ準備中……\n誰も通せない{08}	아직 준비 중……\n아무도 못 지나가{08}
S02:10:52	40	……大丈夫？\n空から落ちたって聞いたけど{08}	……괜찮아?\n하늘에서 떨어졌다던데{08}
S02:10:53	29	動いている植物……危険だから{08}	움직이는 식물……위험하니까{08}
S02:10:54	25	薬草の……命はみじかいわ{08}	약초의……목숨은 짧아{08}
S02:10:55	38	いったい……\nどうなってしまうのかしら{08}	대체……\n어떻게 되는 걸까{08}
S02:10:56	46	なに　これ……\n動いているように見えるけど……{08}	뭐야 이거……\n움직이는 것처럼 보이는데……{08}
S02:10:57	48	それたぶん虫なんかを食べる草\nなんじゃないかな～{08}	그거 아마 벌레 같은 걸\n먹는 풀 아닐까～{08}
S02:10:58	38	へー　そんな植物っているんだ\nどれどれ{08}	오～ 그런 식물도 있구나\n어디 보자{08}
S02:10:59	9	…………{08}	…………{08}
S02:10:60	63	ちょっ　ちょっとセニア！\nもう少しで食べられる\nところだっわよ！{08}	자 잠깐 세니아!\n하마터면 먹힐\n뻔했잖아!{08}
S02:10:61	50	ま　そういうのもいるよ\n別にどうってことないじゃん{08}	뭐 그런 것도 있지\n별거 아니잖아{08}
S02:10:62	29	どうってことなくないわよ！！{08}	별거 아니긴 뭐가 아냐!!{08}
S02:10:63	40	とりあえず食べられなくて\nよかったね……{08}	일단 안 먹혀서\n다행이다……{08}
S02:10:64	40	どうして　こんなものが\n置いてあるのよ！{08}	왜 이런 게\n놓여 있는 거야!{08}
S02:10:65	42	……やっぱりこれも\n薬草なんじゃないかなー{08}	……역시 이것도\n약초 아닐까～{08}
S02:11:0	58	へへっ　学園にはなれたか？\nとばしすぎると　あとで疲れるぞ{08}	헤헤 학원엔 익숙해졌냐?\n너무 달리면 나중에 지친다{08}
S02:11:1	29	ラルフ先生ってかっこいいよな{08}	랄프 선생님 멋있지{08}
S02:11:2	31	はやくおまえらも学園になれろよ{08}	빨리 너희도 학원에 익숙해져{08}
S02:11:3	67	ラルフ先生が変なんだよ\n他の誰にもわからなくても\nオレにはわかるんだ{08}	랄프 선생님이 이상해\n다른 누가 몰라도\n나는 알아{08}
S02:11:4	64	ラルフ先生に恋人ができたって！？\nそりゃあ　とんでもないことだ！{08}	랄프 선생님한테 애인이!?\n그건 보통 일이 아니야!{08}
S02:11:5	17	どーなってんの？{08}	어떻게 된 거야?{08}
S02:11:6	114	あら　ケガですか？\nケガには島で取れるワサビール草が\nよく効きますよ{08}\nそのかわり　失神しそうなくらい\nしみますが……{08}	어머 다쳤어요?\n상처엔 섬에서 나는\n와사비르풀이 잘 들어요{08}\n그 대신 기절할 만큼\n따갑지만……{08}
S02:11:7	73	学園には　なれましたか？\nこんなすばらしい環境で学べるのは\n幸せなことです{08}	학원엔 익숙해졌나요?\n이런 좋은 환경에서 배우는 건\n행복한 일이에요{08}
S02:11:8	27	何かおもしろい話知ってる？{08}	뭐 재밌는 얘기 알아?{08}
S02:11:9	88	今年の新入生は\n元気があっていいわね{08}\nアンチくんたち\nまたイタズラして\n怒られたんですって{08}	올해 신입생은\n기운차서 좋네{08}\n안치 군네가\n또 장난쳐서\n혼났대{08}
S02:11:10	69	うわさが断片で入ってくるから\n落ち着かないの\nラルフ先生がどうしたの？{08}	소문이 조각조각 들려서\n안절부절못하겠어\n랄프 선생님이 왜?{08}
S02:11:11	34	ラルフ先生が\n結婚するってホント？{08}	랄프 선생님이\n결혼한다는 게 정말?{08}
S02:11:12	63	ずいぶん派手に服を汚したわね\n顔色も悪いようだけど\n大丈夫かい？{08}	옷을 꽤 요란하게 더럽혔네\n안색도 안 좋아 보이는데\n괜찮니?{08}
S02:11:13	46	女の子なんだから\n屋根なんかから落ちちゃダメよ{08}	여자애가\n지붕에서 떨어지면 못써{08}
S02:11:14	62	ダディス先生は材料探しのために\nよくイェン中を歩きまわってるわ{08}	다디스 선생님은 재료를 찾느라\n옌 곳곳을 자주 돌아다니셔{08}
S02:11:15	85	しっかり勉強しているかい？\nでもね　部屋の中にこもって\nするのだけが勉強じゃないからね{08}	공부 열심히 하니?\n그래도 방 안에 틀어박혀서\n하는 것만이 공부는 아니란다{08}
S02:11:16	48	ラルフ先生に恋人ってほんと？{0d}{0d}\nおめでたいお話ね{08}	랄프 선생님한테 애인이?{0d}{0d}\n경사스러운 얘기네{08}
S02:11:17	44	あなたたち危ないことして\nケガしないようにね{08}	너희 위험한 짓 하다가\n다치지 않게 조심해{08}
S02:12:0	50	今年の新入生は元気がよくて\n安心して見ていられます{08}	올해 신입생은 기운차서\n안심하고 지켜볼 수 있어요{08}
S02:12:1	71	イェンが海の上を動けるわけを\nごぞんじですか？{0d}{0d}\nわたしはよく知りません{08}	옌이 바다를 움직이는 이유를\n아세요?{0d}{0d}\n저는 잘 몰라요{08}
S02:12:2	25	しっかり勉強するんですよ{08}	공부 열심히 하세요{08}
S02:12:3	79	空を飛ぶ女の人ですか？\nそういう生徒がいるという話は\n聞いたことがありますが……{08}	하늘을 나는 여자요?\n그런 학생이 있다는 얘기는\n들은 적 있지만……{08}
S02:12:4	29	外はどうなっているのですか？{08}	밖은 어떻게 되고 있죠?{08}
S02:12:5	81	このイェンてところは\n１年かけて世界をまわっているのさ\nどうだ　ゆうだいな話だろ？{08}	이 옌이라는 곳은\n１년에 걸쳐 세계를 돌지\n어때 웅대한 얘기지?{08}
S02:12:6	55	自給できない品物は\n陸地にとまるたびに\n仕入れているのさ{08}	자급 못 하는 물건은\n육지에 닿을 때마다\n사들인단다{08}
S02:12:7	44	どこの陸に上がっても\nもう驚かれなくなったね{08}	어느 육지에 올라가도\n이젠 놀라지 않더라{08}
S02:12:8	60	図書館前に美しい女の人がいたな\n先生だと思ったんだが……はて{08}	도서관 앞에 예쁜 여자가 있어\n선생님인 줄 알았는데……글쎄{08}
S02:12:9	65	いいパンのアイディアが\n浮かんだんだ\nできあがるまで少し待ってくれ{08}	좋은 빵 아이디어가\n떠올랐어\n다 될 때까지 좀 기다려 줘{08}
S02:12:10	103	君たちがくる　ちょっと前まで\nサララ草が　咲き乱れていたんだ{08}\nこれで新入生がくるのを\n町中の人が知るのさ{08}	너희가 오기 좀 전까지\n사라라풀이 만발했었어{08}\n그걸로 신입생이 오는 걸\n온 마을 사람들이 알지{08}
S02:12:11	73	服っていうのはね\n布のカットの微妙な違いで\nけっこうシルエットが変わるんだ{08}	옷이란 건 말이야\n천을 자르는 미묘한 차이로\n실루엣이 꽤 달라져{08}
S02:12:12	54	そで口の仕上げのとき手を抜くと\n長持ちしなくなるんだよ{08}	소맷부리 마무리에 손을 빼면\n오래 못 가{08}
S02:12:13	61	大口の注文がはいって\nおおいそがしだよ\nうれしい悲鳴ってヤツさ{08}	큰 주문이 들어와서\n엄청 바빠\n행복한 비명이라는 거지{08}
S02:12:14	44	仕上げが終わらない\n明け方までかかるかも……{08}	마무리가 안 끝나\n새벽까지 걸릴지도……{08}
S02:12:15	74	ねえねえ　今年はカラントレッドが\nはやると思うんだけど～ぉ{08}\nむずかしいわあ{08}	있잖아 올해는 커런트 레드가\n유행할 것 같은데～에{08}\n어렵다아{08}
S02:12:16	42	うーん　やっぱりぃ\n白がはやるのかしらぁん{08}	으음 역시\n흰색이 유행하려나앙{08}
S02:12:17	65	よし！\n今年のデザインと色は決まりね！\nでも　まだ教えられないの曖{08}	좋아!\n올해 디자인이랑 색은 정했어!\n그래도 아직 못 알려 줘♥{08}
S02:12:18	57	やっぱりデザインは\nヴェーンのものを\n参考にするべきかしら{08}	역시 디자인은\n베인 걸\n참고해야 하려나{08}
S02:12:19	51	これだわ！\nこのデザインよ！\nああ　あたしって天才曖{08}	이거야！\n이 디자인이야！\n아아 난 천재야♥{08}
S02:13:0	65	あなたたちは\n不幸に好かれていると思いますの\n気をつけてくださいね{08}	당신들은\n불운이 따라다니는 것 같아요\n조심하세요{08}
S02:13:1	71	みんな　どうして　わたしのこと\nお嬢さまとか　お姫さまとか\nいうのかしら{08}	다들 왜 저를\n아가씨라느니 공주님이라느니\n하는 걸까요{08}
S02:13:2	46	わたしこの公園の雰囲気が\nすごく好きなんですの{08}	저 이 공원 분위기가\n정말 좋아요{08}
S02:13:3	75	何だか大変なことになっている\nみたいですわね\nわたしはどうすればいいのかしら{08}	뭔가 큰일이 난\n것 같네요\n저는 어떻게 하면 될까요{08}
S02:13:4	44	今日もいい天気だな\nここで　昼寝もいいだろう{08}	오늘도 날씨가 좋구나\n여기서 낮잠도 좋겠지{08}
S02:13:5	83	あなたたちは　いつもいっしょだな\n仲良きことは美しきかな\n一生友達でいられるようにな{08}	너희는 늘 같이 있구나\n사이좋은 건 아름다운 법\n평생 친구로 지내렴{08}
S02:13:6	60	勉強なんか　ここでもできるさ\n公園から学べることもあるだろう{08}	공부는 여기서도 할 수 있지\n공원에서 배울 것도 있을 거야{08}
S02:13:7	56	どうなっているんだか　まったく\nこんないい天気の日に……{08}	대체 어떻게 된 건지 원\n이렇게 날씨 좋은 날에……{08}
S02:14:0	29	ニンゲンめ　いい加減にしろ！{08}	인간 주제에 적당히 해라!{08}
S02:14:1	31	こ　この魔法力は……やつか！！{08}	이 이 마법력은……그자인가!!{08}
S02:14:2	23	グレンのおじいちゃん！{08}	글렌 할아버지!{08}
S02:14:3	75	エリー　大丈夫か？\nどうやら　わしの生徒たちを\n散々いたぶってくれたようだの{08}	엘리 괜찮으냐?\n아무래도 내 학생들을\n실컷 괴롭혀 준 모양이구먼{08}
S02:14:4	38	グレン\nおまえがこの島にいたとはな……{08}	글렌\n네가 이 섬에 있었다니……{08}
S02:14:5	69	わかったのなら　イェンから去れ\n今のうちなら\n大目にみないこともないぞ{08}	알았다면 옌에서 떠나거라\n지금이라면\n눈감아 줄 수도 있네{08}
S02:14:6	73	のこのこと姿を見せるとは\nちょうどいい……\n今ここで決着をつけてあげるわ！{08}	어슬렁어슬렁 나타나다니\n마침 잘됐어……\n지금 여기서 결판을 내 주지!{08}
S02:14:7	75	ずいぶんと自信があるようだの\nわしにはもうだいぶ\n疲労しておるように見えるが{08}	꽤 자신 있는 모양이구먼\n내가 보기엔 이미 꽤\n지친 것 같네만{08}
S02:14:8	9	…………{08}	…………{08}
S02:14:9	89	やれやれ……けしかけすぎたかの\nしかし　最悪の組み合わせじゃの～\n面倒なことになりそうじゃ{08}	이런 이런……너무 부추겼나\n그나저나 최악의 조합이구먼～\n귀찮게 될 것 같네{08}
S02:14:10	30	ちょっと　エリー！\n大丈夫！？{08}	잠깐 엘리!\n괜찮아!?{08}
S02:14:11	25	また落とされちゃった……{08}	또 떨어뜨려졌어……{08}
S02:14:12	75	なに　落ち込むことはない\nあの女のせいじゃよ\nあいつは魔族じゃ　人間とは違う{08}	뭐 낙심할 건 없네\n그 여자 탓이야\n그자는 마족일세 인간과는 달라{08}
S02:14:13	44	おじいちゃんて　もしかして……{0d}{0d}\n魔族なの？{08}	할아버지 혹시……{0d}{0d}\n마족이에요?{08}
S02:14:14	17	ち　ちがうわい！{08}	아 아니라네!{08}
S02:14:15	36	じゃあ\nどうして魔族と知り合いなの？{08}	그럼\n왜 마족이랑 아는 사이예요?{08}
S02:14:16	27	魔法学園の先生なんでしょ？{08}	마법학원 선생님이죠?{08}
S02:14:17	60	うう　３人に責めたてられるのが\n最近　一番心臓にわるくてな～{08}	으으 셋한테 몰아세워지는 게\n요즘 제일 심장에 나빠～{08}
S02:14:18	29	また　そうやってごまかすーぅ{08}	또 그렇게 얼버무린다～{08}
S02:14:19	75	とりあえず\n悪魔城とバルアのことは秘密だぞ\nみんなには心配させたくないからの{08}	일단\n악마성과 바르아 일은 비밀이다\n다들 걱정시키고 싶지 않으니{08}
S02:16:0	76	あっ　君たちの背後に不吉な影が！{0d}\nなーんてね……\nどうしたんだい　恐い顔して{08}	앗 너희 뒤에 불길한 그림자!{0d}\n……라는 건 농담이고\n왜 그래 무서운 얼굴로{08}
S02:16:1	52	今日も海は青い……{0d}{0d}\nあたりまえで　少しさびしい……{08}	오늘도 바다는 파랗다……{0d}{0d}\n당연해서 조금 쓸쓸해……{08}
S02:16:2	56	まわりはさわがしいみたいだけど\nここはいつも通り静かだよ{08}	주변은 소란스러운 것 같지만\n여긴 늘 조용해{08}
S02:16:3	45	ふぁ～っ\nあんまりおだやかで\n眠くなっちゃった{08}	하아암～\n너무 평온해서\n졸려졌어{08}
S02:16:4	67	今日は海がおだやかね\n天気がいいと心も平静だわ……{0d}{0d}\nなーんちゃって{08}	오늘은 바다가 잔잔하네\n날이 좋으면 마음도 평온해……{0d}{0d}\n……는 농담{08}
S02:16:5	59	たまに　すれちがう船を\n見ることができるのよ\nすごいでしょー{08}	가끔 스쳐 가는 배를\n볼 수 있어\n대단하지～{08}
S02:16:6	49	海ってずーっと見てても\n飽きないのよね\nふしぎだわ{08}	바다는 계속 봐도\n안 질려\n신기해{08}
S02:16:7	73	かわらない毎日……\nそれがとっても大事なこと\nみんなすぐ忘れてしまうのよね{08}	변함없는 매일……\n그게 아주 소중한 건데\n다들 금방 잊어버리지{08}
S02:18:0	114	おう　ようきたのぉ……\nといいたいところなのじゃが\n今ちとたてこんでいてな{08}\nあまり相手をしておれんのじゃ\nすまんのぉ{08}	오 잘 왔구먼……\n라고 하고 싶다만\n지금 좀 바빠서 말일세{08}\n별로 상대해 줄 수가 없네\n미안하구먼{08}
S02:18:1	15	そうですか……{08}	그래요……{08}
S02:18:2	47	なんじゃ？\nなにか深刻な相談でも\nあるんかいの？{08}	뭔가?\n뭔가 심각한 상담이라도\n있는 겐가?{08}
S02:18:3	25	ちょっとイロイロあってね{08}	좀 이것저것 있어서요{08}
S02:18:4	15	また後でくるよ{08}	나중에 또 올게{08}
S02:18:5	87	わしは今ちょっと忙しくてな\n相談なら担任の先生にしなされ\nきっと力になってくれるはずじゃ{08}	나는 지금 좀 바빠서\n상담이라면 담임 선생님께 하게\n분명 도움이 될 걸세{08}
S02:18:6	79	どうじゃ？　学園生活は順調かの？\nなんでもダディス先生の弟子に\nなったそうじゃな{08}	어떤가? 학원 생활은 괜찮나?\n듣자 하니 다디스 선생의\n제자가 됐다지{08}
S02:18:7	42	うん　おかげでエリーの魔法が\n少し増えたの{08}	응 덕분에 엘리의 마법이\n조금 늘었어{08}
S02:18:8	79	それはよかったのぉ\nそういえばエリーが空から落ちたと\nうわさに聞いたが本当かね？{08}	그거 잘됐구먼\n그러고 보니 엘리가 떨어졌다는\n소문을 들었네만 사실인가?{08}
S02:18:9	106	そうなのよ！\n大騒ぎだったんだから！{08}\nエリーがいうには\n空に浮いていた女の人に\n落とされたらしいんだけど……{08}	맞아요!\n난리도 아니었어요!{08}\n엘리 말로는\n하늘에 떠 있던 여자한테\n떨어뜨려진 것 같대요……{08}
S02:18:10	44	空を飛ぶ女……そうか\nそんなことがあったのか{08}	하늘을 나는 여자……그런가\n그런 일이 있었구먼{08}
S02:18:11	69	なにか知ってる？\n今は学園長がさがしてくれている\nみたいなんだけど……{08}	뭔가 알아요?\n지금은 학원장님이 찾고\n계신 것 같은데……{08}
S02:18:12	97	なら学園長にまかせるがいい\nそれが一番じゃろ{08}\nまあ　もし会ったとしても不用意に\n近づかんことじゃな{08}	그럼 학원장에게 맡기게\n그게 제일일세{08}\n뭐 혹시 만나더라도\n함부로 다가가지 말게{08}
S02:18:13	85	なんか知ってるみたいな口ぶりね～\nがまんは体に悪いわよ\n白状したほうがいいんじゃない？{08}	뭔가 아는 것 같은 말투네～\n참으면 몸에 나빠요\n털어놓는 게 좋지 않아요?{08}
S02:18:14	89	残念じゃが\nわしには見当がつかんよ{08}\nもう少し手がかりがあれば\n調べようもあるんじゃがな……{08}	안타깝지만\n나로선 짐작이 안 가네{08}\n조금만 더 단서가 있으면\n조사해 볼 수도 있네만……{08}
S02:18:15	27	なんだ　じーさんでもだめか{08}	뭐야 할아버지도 안 되나{08}
S02:18:16	51	うーん　でもなんか\n隠してるような\n気がするのよねー{08}	으음 그래도 뭔가\n숨기는 것 같은\n기분이 든단 말이지～{08}
S02:18:17	128	しばらくおとなしくしろと\nいってもムダじゃろうが……{08}\nとにかく　ムチャはせんようにな\n痛い目にあってからでは\n後悔しても遅いからの{08}	한동안 얌전히 있으라\n해도 소용없겠지만……{08}\n아무튼 무리는 말게\n호되게 당하고 나서\n후회해도 늦으니까{08}
S02:18:18	52	だいじょ～ぶ！{0d}\nいつもレナが\n痛い目にはあってるもん{08}	괜찮～아!{0d}\n늘 레나가\n호되게 당하는걸{08}
S02:18:19	48	ち　違うわよ！\nいくらなんでも毎回じゃないわ！！{08}	아 아니거든!\n아무리 그래도 매번은 아냐!!{08}
S02:18:20	46	どう合いの手を\nはさんでいいものやら……とほほ{08}	어떻게 맞장구를\n쳐야 할지……허허{08}
S02:18:21	31	とにかく　ムチャはせんようにな{08}	어쨌든 무리는 하지 말게나{08}
S02:19:0	69	オレはむかし\n船乗りだったんだが……\nどうしてこんなところにいるんだ？{08}	나는 옛날에\n뱃사람이었는데……\n왜 이런 데 있는 거지?{08}
S02:19:1	27	また　あちこち旅がしたいぜ{08}	또 여기저기 여행하고 싶다{08}
S02:19:2	63	モンスターが増えたが\n昔　ヒーローだった俺に\nいわせればだな……{08}	몬스터가 늘었지만\n옛날 영웅이었던 내가\n보기엔 말이지……{08}
S02:19:3	44	ちっ　モンスターめ！\nオレにかかってこい！！{08}	쳇 몬스터 놈들！\n나한테 덤벼라！！{08}
S02:20:0	13	ブルーン先生{08}	브룬 선생님{08}
S02:20:1	9	…………{08}	…………{08}
S02:20:2	25	ブルーン先生ってば！！！{08}	브룬 선생님 좀!!!{08}
S02:20:3	48	わあっ！！！{0d}{0d}\nなんだ　君たちか……大きな声だな{08}	으악!!!{0d}{0d}\n뭐야 너희구나……목소리 크네{08}
S02:20:4	81	ラルフ先生に聞いたんですけど\nエリーを落とした犯人に\n先生　心当たりがあるとか……{08}	랄프 선생님한테 들었는데\n엘리를 떨어뜨린 범인을\n선생님이 짐작한다고……{08}
S02:20:5	47	このぼくが？\nってラルフ先生が？\nおかしいな……{08}	내가?\n랄프 선생님이?\n이상하네……{08}
S02:20:6	62	ねえ　ブルーン先生{0d}\nラルフ先生……\nどうかしちゃったんですか？{08}	있잖아요 브룬 선생님{0d}\n랄프 선생님……\n어떻게 된 거예요?{08}
S02:20:7	48	びっくりした……\nいったい　今のは何だったの？！{08}	깜짝이야……\n대체 방금 건 뭐였어?!{08}
S02:20:8	155	やれやれ……{0d}{0d}話が途中だったね\nエリーくんを落とした\n犯人については何も知らないよ{08}\nラルフ先生は\nどういうつもりでいったのかな？\n何かのまちがいじゃないかなぁ{08}	이런 이런……{0d}{0d}얘기가 끊겼네\n엘리 양을 떨어뜨린\n범인에 대해선 아무것도 몰라{08}\n랄프 선생님은\n무슨 생각으로 그러셨을까?\n뭔가 착오 아닐까{08}
S02:20:9	65	え　それ本当ですか？！\nエリー　これはいったい\nどういうことなの？{08}	어 그거 정말이에요?!\n엘리 이게 대체\n어떻게 된 거야?{08}
S02:20:10	87	わからないよ……{0d}{0d}とりあえず\nラルフ先生のところに戻って\nどういうことか確かめてみようよ{08}	모르겠어……{0d}{0d}일단\n랄프 선생님한테 돌아가서\n어떻게 된 건지 확인해 보자{08}
S02:20:11	52	ぼくはここで薬草を集めているから\n何かあったらおいで{08}	나는 여기서 약초를 모을 테니\n무슨 일 있으면 오렴{08}
S02:20:12	77	ブルーン先生と……なんだ\nおじいちゃんじゃない\nこんなところでなにやってんの？{08}	브룬 선생님이랑……뭐야\n할아버지잖아\n이런 데서 뭐 해요?{08}
S02:20:13	40	い　いつにもまして\nレナは機嫌が悪いのー{08}	오 오늘따라 더\n레나 기분이 나쁘구먼{08}
S02:20:14	63	ラルフ先生が\nバルアっていう女の人に\n操られているみたいなんです{08}	랄프 선생님이\n바르아라는 여자한테\n조종당하는 것 같아요{08}
S02:20:15	75	バルアっていったっけ？\nどうせラルフ先生はその女に\nホレただけじゃないの！？{08}	바르아라고 했던가?\n어차피 랄프 선생님이\n그 여자한테 반한 거 아냐!?{08}
S02:20:16	93	やはりバルアであったか！？{08}\n空を飛べる女と聞いて\nもしや　そうではないかと\n思ってはいたが……{08}	역시 바르아였나!?{08}\n하늘을 나는 여자라 듣고\n혹시 그자가 아닐까\n생각은 했네만……{08}
S02:20:17	47	では……\nさきほどのお話の通りに\nぼくの薬で……{08}	그럼……\n아까 말씀대로\n제 약으로……{08}
S02:20:18	122	うむ　ラルフ先生は\nきゃつに操られているとみて\n間違いないじゃろう{08}\n早速　手を打たなくては……\nたのみましたぞ　ブルーン先生{08}	음 랄프 선생은\n그자에게 조종당하고 있다고\n봐도 틀림없겠지{08}\n당장 손을 써야……\n부탁하네 브룬 선생{08}
S02:20:19	91	やーっぱり　知ってたんじゃない！\n最初から　手伝ってくれれば\nこんなことにならなかったのに！{08}	거봐 알고 있었잖아요!\n처음부터 도와줬으면\n이렇게 안 됐을 텐데!{08}
S02:20:20	100	ひ　ひどい\nいわれようじゃ……{08}\nまあ　それはともかく\nおまえさんたちも\nブルーン先生を手伝ってくれんか{08}	너 너무한\n말이구먼……{08}\n뭐 그건 그렇고\n자네들도\n브룬 선생을 도와주지 않겠나{08}
S02:20:21	17	どうなってるの？{08}	어떻게 된 거야?{08}
S02:20:22	116	すまぬが今はこまかい説明を\nしているヒマはないのでな{08}\nで　おまえさんたちは\nブルーン先生を手伝って\n欲しいのじゃが……{08}	미안하지만 지금은 자세히\n설명할 틈이 없네{08}\n그래서 자네들은\n브룬 선생을 도와\n주었으면 하네만……{08}
S02:20:23	29	いわれなくても　そうします！{08}	말 안 해도 그럴 거예요!{08}
S02:20:24	98	そう責めんでくれ\nそのかわりといっては\n何なのじゃが……{08}\nこの魔法を教えよう\nきっと役に立つはずじゃ{08}	그렇게 몰아세우지 말게\n그 대신이라고 하긴\n뭣하지만……{08}\n이 마법을 가르쳐 주지\n분명 도움이 될 걸세{08}
S02:20:25	25	レナはサイスエアを覚えた{08}	레나는 사이스에어를 익혔다{08}
S02:20:26	86	……みんなして\nそう責めんでくれ{08}\nわしとて好きで\nこんな状態に\nしたわけではないんじゃよ{08}	……다들\n그렇게 탓하지 말게{08}\n나라고 좋아서\n이런 상태로\n만든 건 아니라네{08}
S02:24:0	10	台詞なし{08}\n	대사없음{08}\n
S02:28:0	29	橋が壊れているからいけないね{08}	다리가 부서져서 못 가겠다{08}
S02:28:1	61	そうね\nべつに無理して渡る理由はないし\nとりあえずもどりましょ{08}	그러게\n무리해서 건널 이유도 없고\n일단 돌아가자{08}
S02:28:2	26	ここは渡れないよ\nもどろう{08}	여긴 못 건너\n돌아가자{08}
S03:0:0	59	今日はダディス先生の\nテストの日だよね\nどんなことするんだろ{08}	오늘은 다디스 선생님\n시험 날이지\n뭘 하려나{08}
S03:0:1	44	友達同士で化粧しなさいって\nことじゃないの？{08}	친구끼리 화장해 주라는\n거 아냐?{08}
S03:0:2	77	ふーん　そういうものなんだ\n化粧なんて　大人になってから\nすることだと思ってた{08}	흐응 그런 거구나\n화장은 어른이 되고 나서\n하는 건 줄 알았어{08}
S03:0:3	98	ばかねー　普通の化粧なわけ\nないじゃない\n魔法よ　化粧魔法！{08}\n習ったこと　ちゃんと覚えてる？\nセニア{08}	바보～ 보통 화장일 리가\n없잖아\n마법이야 화장 마법!{08}\n배운 거 제대로 기억해?\n세니아{08}
S03:0:4	58	今　アタシをバカにしたなっ\nこれでも紋様には詳しいんだぞー{08}	방금 나 무시했지\n이래 봬도 문양엔 자신 있다고{08}
S03:0:5	87	も～　テスト当日だっていうのに\n緊張感が全然ないんだから～\nほんとに大丈夫？　二人ともぉ{08}	정말～ 시험 당일인데\n긴장감이 하나도 없다니까～\n정말 괜찮아? 둘 다{08}
S03:0:6	58	何とかなるもんよ　こういうのは！\nもっと気楽に考えましょ！{08}	이런 건 어떻게든 돼!\n좀 더 편하게 생각하자!{08}
S03:0:7	19	そういえばさぁ……{08}	그러고 보니……{08}
S03:0:8	79	この前のバルアとかっていう\n魔族とグレンおじいちゃんって\nどういう関係なのかなぁ{08}	저번의 바르아라는\n마족이랑 글렌 할아버지는\n무슨 관계일까{08}
S03:0:9	31	やっぱり　レナも興味あったんだ{08}	역시 레나도 궁금했구나{08}
S03:0:10	75	今からおじいちゃんのところに\n聞きにいってみようか\n気になってたのよ　ずっと{08}	지금 할아버지한테\n물어보러 가 볼까\n계속 궁금했거든{08}
S03:0:11	57	よし！\nテストまで少し時間がありそうだし\nいってみようぜ！{08}	좋아!\n시험까지 시간이 좀 있으니\n가 보자!{08}
S03:0:12	25	エリーも興味あるでしょ？{08}	엘리도 궁금하지?{08}
S03:0:13	75	ダディス先生なんか\nどうせテスト忘れてるんだからさ！\nいまからいってみようよ{08}	다디스 선생님은\n어차피 시험 잊었을 테니까!\n지금 가 보자{08}
S03:0:14	65	う　うん……　でも…\nダディス先生のテストまでには\n戻ってこようね{08}	으 응…… 그래도…\n다디스 선생님 시험까지는\n돌아오자{08}
S03:0:15	17	じゃ　きまりね！{08}	그럼 결정!{08}
S03:0:16	23	あれ　誰もいないよ……{08}	어라 아무도 없어……{08}
S03:0:17	54	ほら　レナのせいでテストが\n終わっちゃったじゃないか！{08}	봐 레나 때문에 시험이\n끝나 버렸잖아!{08}
S03:0:18	57	だ　大丈夫よー\nそうだ！　予習でもしましょうよ\nね？　ね？{08}	괘 괜찮아～\n맞다! 예습이라도 하자\n응? 응?{08}
S03:0:19	27	ちょっとセニア　こっちきて{08}	잠깐 세니아 이리 와{08}
S03:0:20	40	わ～　セニアって\nキレイな肌してるわね～{08}	와～ 세니아는\n피부가 곱구나～{08}
S03:0:21	38	まだ　１４歳だもん\nあたりまえじゃんか{08}	아직 １４살인걸\n당연하지{08}
S03:0:22	63	えー　そうかなぁ\nそんなことないと思うわぁ{0d}{0d}\nはい　終わったわよ{08}	에～ 그런가～\n그렇진 않은 것 같은데～{0d}{0d}\n자 끝났어{08}
S03:0:23	15	どう？　エリー{08}	어때? 엘리{08}
S03:0:24	50	セニア　きれいだよ\nレナ　いがいとじょうずじゃない{08}	세니아 예쁘다\n레나 의외로 잘하네{08}
S03:0:25	20	エヘヘッ……そう？{08}\n	에헤헤……그래?{08}\n
S03:0:26	31	どういう化粧魔法してくれたの？{08}	무슨 화장 마법을 한 거야?{08}
S03:0:27	68	え？　えーと　\nつかってみたほうが早い……かも\nあは……{0d}あははは……{08}	어? 음～\n써 보는 게 빠를……지도\n아하……{0d}아하하하……{08}
S03:0:28	59	ふ～ん……\nアタシも見てみたいなぁ～\nその辺に鏡　ないかな～{08}	흐응……\n나도 보고 싶다～\n근처에 거울 없나～{08}
S03:0:29	30	ねえ　セニア\n早く試してみてよ{08}	있잖아 세니아\n빨리 써 봐{08}
S03:0:30	26	じゃあ　いくよ……{0d}{0d}{0d}{0d}{0d}{0d}{0d}{0d}	그럼 간다……{0d}{0d}{0d}{0d}{0d}{0d}{0d}{0d}
S03:0:31	9	あっ！！{08}	앗!!{08}
S03:0:32	32	ちょっと　セニア！\nあなたねぇ！{08}	잠깐 세니아!\n너 정말!{08}
S03:0:33	60	なんだよ　レナが悪いんだろ！\nアタシは　ふつうに使ったんだ！{08}	뭐야 레나 잘못이잖아!\n나는 평범하게 썼다고!{08}
S03:0:34	15	い　いたい……{08}	아 아파……{08}
S03:0:35	29	い　いま回復の魔法をかけるわ{08}	지 지금 회복 마법 걸게{08}
S03:0:36	33	セニアはサンダーブレイドを覚えた{08}	세니아는 선더블레이드를 익혔다{08}
S03:0:37	21	うん　もう大丈夫だよ{08}	응 이제 괜찮아{08}
S03:0:38	51	ゴメン　エリー！{0d}{0d}\nところで　アタシの顔も\n大丈夫？{08}	미안 엘리!{0d}{0d}\n그런데 내 얼굴도\n괜찮아?{08}
S03:0:39	50	うむ　全員そろっておるかな？\nではテストを始めるぞ{08}	음 다들 모였느냐?\n그럼 시험을 시작하마{08}
S03:0:40	23	ぎりぎり　セーフッ！！{08}	아슬아슬 세이프!!{08}
S03:0:41	71	さすが　アニキっス！\nこんなタイミングは\n正義の味方だけしかできないっス{08}	역시 형님이에요!\n이런 타이밍은\n정의의 사도만 할 수 있어요{08}
S03:0:42	63	あんたたち　なによ！\nラルフ先生の弟子に\nなったんじゃないの！？{08}	너희 뭐야!\n랄프 선생님 제자가\n된 거 아니었어!?{08}
S03:0:43	63	あれは体験入門さ\nだからといって\n君たちに何の関係があるんだい？{08}	그건 체험 입문이었지\n그렇다고 해서\n너희랑 무슨 상관인데?{08}
S03:0:44	31	ふん　もう助けてやらないから！{08}	흥 이제 안 도와줄 거야!{08}
S03:0:45	38	別に　助けてもらったおぼえは\nないっス{08}	딱히 도움받은 기억은\n없는데요{08}
S03:0:46	31	助けてくれと　いったこともな！{08}	도와 달라고 한 적도 없고!{08}
S03:0:47	19	おぼえてなさいよ！{08}	두고 봐!{08}
S03:0:48	77	ん～　急に弟子が増えたような\n気がするが　まあいいだろう\nさて　テストを行うぞ{08}	음～ 갑자기 제자가 는\n것 같다만 뭐 괜찮겠지\n자 시험을 치르마{08}
S03:0:49	175	ここの地下に　倉庫となっている\nダンジョンがある{08}\nそこから最近　在庫が見当たらない\nパラス石　コスク草　ペール水を\n探し出してくるのだ{08}\nこれがないと\nわしの研究所ではなにもできん{08}	이 아래에 창고로 쓰는\n던전이 있다{08}\n거기서 요즘 재고가 안 보이는\n팔라스석 코스크풀 페일수를\n찾아오는 거다{08}\n이게 없으면\n내 연구소에선 아무것도 못 해{08}
S03:0:50	36	それって\n忘れただけじゃないの……？{08}	그거\n잊어버린 것뿐 아냐……?{08}
S03:0:51	48	倉庫にはモンスターもいるから\n注意していくんだぞ{08}	창고엔 몬스터도 있으니\n조심해서 가거라{08}
S03:0:52	22	先にいくぜ！\nあばよ！{08}	먼저 간다!\n잘 있어라!{08}
S03:0:53	44	あんたたち　ひきょうじゃないの\n待ちなさい！{08}	너희 치사하잖아\n거기 서!{08}
S03:0:54	129	魔法のテストなんだから\nちゃんと魔法力を有効に\n使わなきゃいけないよ{08}\nここからいける地下倉庫に\nオレの先輩がいるから\nたよってみなよ{08}	마법 시험이니까\n마법력을 잘\n써야 해{08}\n여기서 가는 지하 창고에\n내 선배가 있으니\n도움을 받아 봐{08}
S03:0:55	50	パラス石　コスク草　ペール水を\n探し出してくるのだ{08}	팔라스석 코스크풀 페일수를\n찾아오는 거다{08}
S03:0:56	17	なんか棒読み……{08}	뭔가 국어책 읽기……{08}
S03:0:57	52	必死に覚えてきたんだろうから\n先生の努力をたたえよう{08}	필사적으로 외워 왔을 테니\n선생님의 노력을 칭찬하자{08}
S03:0:58	77	うーん　なんだったかな……\n生徒たちが暴れだしたところまでは\n覚えているのだが{08}	으음 뭐였더라……\n학생들이 날뛴 데까지는\n기억하는데{08}
S03:0:59	40	パラス石　コスク草　ペール水\nですよね！{08}	팔라스석 코스크풀 페일수\n맞죠!{08}
S03:0:60	23	う　うむ　そのとおりだ{08}	으 음 그대로다{08}
S03:0:61	13	だめだこりゃ{08}	글렀네 이거{08}
S03:0:62	101	まーた　ダディス先生は～っ{08}\nいっつも　あんなだから\n忘れてるのか　遅れてるのか\nわかんないんだよなーっ{08}	또 다디스 선생님은～{08}\n맨날 저러니까\n잊은 건지 늦은 건지\n모르겠다니까～{08}
S03:0:63	25	モンスターに食われんなよ{08}	몬스터한테 먹히지 마{08}
S03:0:64	23	あの先生もよくやるよね{08}	그 선생님도 참 대단해{08}
S03:0:65	15	がんばりなよ！{08}	힘내!{08}
S03:0:66	27	テストの準備はいつするの？{08}	시험 준비는 언제 해?{08}
S03:0:67	50	おじいちゃんの所から\n帰ってきてからでいいじゃない{08}	할아버지한테서\n돌아온 다음에 하면 되잖아{08}
S03:0:68	91	そうだよ　エリー{08}\nダディス先生が思い出すまでに\n戻ってくればいいんだから\n充分　時間はあるよ{08}	맞아 엘리{08}\n다디스 선생님이 생각해 내기\n전에 돌아오면 되니까\n시간은 충분해{08}
S03:0:69	21	ほんとに大丈夫かなー{08}	정말 괜찮을까～{08}
S03:0:70	73	早くグレンじーさんのトコ\nいこうよ{08}\nあの女の正体を\n絶対に聞き出してやる！{08}	빨리 글렌 할아버지한테\n가자{08}\n그 여자의 정체를\n꼭 알아낼 거야!{08}
S03:0:71	95	そんなに鼻息　荒くしなくたって\n大丈夫よ　忘れてなんかいないから\nエリー　そろそろいきましょうか{08}	그렇게 콧김 세게 안 뿜어도\n괜찮아 안 잊었으니까\n엘리 슬슬 가 볼까{08}
S03:1:0	19	何してるんですか？{08}	뭐 하는 거예요?{08}
S03:1:1	17	む{0d}…{0d}む{0d}む…{0d}…{08}	으{0d}…{0d}으{0d}음…{0d}…{08}
S03:1:2	19	あー　息苦しいわ！{08}	아～ 숨 막혀!{08}
S03:1:3	62	いったい　どーなってるのよ！\nさっきからこのままじゃないのよ！{08}	대체 어떻게 된 거야!\n아까부터 계속 이대로잖아!{08}
S03:1:4	15	わからないっス{08}	모르겠어요{08}
S03:1:5	44	ずーっと　にらみあったまま\n動かないんだ……{08}	계속 서로 노려본 채\n움직이지 않아……{08}
S03:1:6	58	さ　さすが真の男どうしだぜ{0d}…{0d}…\nこっちまで動けねぇ{0d}…{0d}…{08}	역 역시 진정한 사나이다{0d}…{0d}…\n이쪽까지 못 움직이겠어{0d}…{0d}…{08}
S03:1:7	18	…{0d}…{0d}はぁ　{0d}はぁ{08}	…{0d}…{0d}헉{0d} 헉{08}
S03:1:8	25	どうした　もう終わりか？{08}	왜 그러냐 벌써 끝이냐?{08}
S03:1:9	58	{0d}……きょ{0d}　今日のところは\nこのへんで　かんべんしてやるか{08}	{0d}……오{0d} 오늘은\n이쯤에서 봐주도록 하지{08}
S03:1:10	78	うぉーッ！！\nおまえはそんなものかぁ！{08}もっと\nオレをアツくさせてくれぇーッ！！{08}	우오오!!\n너는 그 정도냐!{08}더\n나를 뜨겁게 해 다오!!{08}
S03:1:11	46	それ以上アツくなったら\nまっくろこげになるわよ{08}	거기서 더 뜨거워지면\n새까맣게 타 버릴걸{08}
S03:1:12	23	す　すげぇ戦いだったぜ{08}	대 대단한 싸움이었어{08}
S03:1:13	23	うかうかしてられねぇな{08}	넋 놓고 있을 수 없겠군{08}
S03:1:14	11	…っス～！{08}	…요～!{08}
S03:1:15	25	イアソン先生も結構やるね{08}	이아손 선생님도 꽤 하네{08}
S03:2:0	59	聞いたわよ～\nまた　とんでもないことしたわね\nあなたたちは！{08}	들었어～\n또 엄청난 짓을 했다며\n너희는!{08}
S03:2:1	69	えーっ　もしかして\nラルフ先生の頭に\nビンをぶつけたことですかぁ？？？{08}	에～ 혹시\n랄프 선생님 머리에\n병을 던진 거요???{08}
S03:2:2	48	あ……あきれた\nど　どうして　そんなことしたの？{08}	어……어이가 없네\n왜 왜 그런 짓을 했니?{08}
S03:2:3	46	えっ　じゃあ　アンチたちを\n殴り倒したこと！？{08}	어 그럼 안치네를\n두들겨 팬 거요!?{08}
S03:2:4	50	……あなたとは　ゆっくり話をする\n必要がありそうね{08}	……너랑은 천천히 얘기를\n해야겠구나{08}
S03:2:5	38	レ～ナ～……\n自分でばらしちゃってるよ{08}	레～나～……\n제 입으로 다 불었잖아{08}
S03:2:6	113	水に流してあげないこともないけど\nレナも少しは　自重しなさいね{08}\nまったく……生徒が先生の立場を\nなくしてどうするの{08}	없던 걸로 해 줄 수도 있지만\n레나도 좀 자중하렴{08}\n정말……학생이 선생님 체면을\n구겨서 어쩌려고{08}
S03:2:7	75	い　いいじゃないですか\nべつに　エマ先生へめいわくかけた\nわけじゃないし……{08}	괘 괜찮잖아요\n딱히 에마 선생님께 폐 끼친\n것도 아니고……{08}
S03:2:8	64	レナのそういう根性がよくないの！\nダディス先生にいいつけるわよ！{08}	레나의 그런 태도가 나빠!\n다디스 선생님께 이를 거야!{08}
S03:2:9	19	は　反省してま～す{08}	바 반성하고 있어요～{08}
S03:2:10	58	ちょっと　あなたたち！！\nダディス先生が　さがしてたわよ！{08}	잠깐 너희!!\n다디스 선생님이 찾고 계셨어!{08}
S03:2:11	19	は　反省してま～す{08}	바 반성하고 있어요～{08}
S03:2:12	74	ぜんぜん　してません！！\nも～　留年しても知りませんからね{0d}\n早くいきなさい{08}	전혀 안 하잖아!!\n정말～ 유급해도 난 모른다{0d}\n얼른 가렴{08}
S03:2:13	23	エマ先生　ごめんなさい{08}	에마 선생님 죄송해요{08}
S03:2:14	73	……わかりました\nエリーに　めんじて許してあげます\nいいわね　二人とも！？{08}	……알겠다\n엘리를 봐서 용서해 줄게\n알겠지 둘 다!?{08}
S03:2:15	52	そんなのないよ　先生\nアタシもレナといっしょなの！？{08}	그런 게 어디 있어요 선생님\n나도 레나랑 한 묶음이에요!?{08}
S03:2:16	48	や～ん　セニアさん\nつれないこと　いわないでぇ～{08}	아잉～ 세니아 씨\n매정한 소리 하지 마～{08}
S03:2:17	48	まったく　もう……\n一度は反省ぐらいしてみなさい{08}	정말이지……\n한 번쯤은 반성을 해 보렴{08}
S03:2:18	25	は　はーい　努力しまぁす{08}	네 네～ 노력할게요～{08}
S03:2:19	62	まったく……いい？　これからも\nとにかく問題はおこさないように{08}	정말……알겠니? 앞으로도\n아무튼 문제는 일으키지 마렴{08}
S03:2:20	73	は　はい……でも\nエマ先生まで　ほかの先生と\n同じこといわないでくださぁい{08}	네 네……그래도\n에마 선생님까지 다른 분들이랑\n같은 말 하지 마세요～{08}
S03:2:21	56	あなたたちの度がすぎるから\nいわなくちゃならなくなるの！{08}	너희가 도가 지나치니까\n말할 수밖에 없는 거야!{08}
S03:2:22	71	でも　先生　アタシたちをレナと\nいっしょにするのだけは\nやめてくださーい{08}	그래도 선생님 우리를 레나랑\n한 묶음으로 보는 것만은\n그만둬 주세요～{08}
S03:2:23	89	セニア……あなた　わかってる？\n表情がレナと似てきてるわよ\nレナになってもしらないからね～{08}	세니아……너 알고 있니?\n표정이 레나를 닮아 가고 있어\n레나가 돼도 난 모른다～{08}
S03:2:24	30	えーっ！！\nそんなの　ヤダ！！{08}	에～!!\n그런 거 싫어!!{08}
S03:2:25	31	そ　それってどういう意味よ！！{08}	그 그게 무슨 뜻이에요!!{08}
S03:2:26	75	これは　ぼくにだけ\n聞かされたんだが……エリーくん\n相当な活躍だったそうだね{08}	이건 나한테만\n들려준 얘긴데……엘리 군\n꽤 활약했다면서{08}
S03:2:27	71	あんただけに　いったのなら\nその話は　しゃべっちゃ\nまずいんじゃないの？{08}	너한테만 한 얘기라면\n그 얘기는 하면\n안 되는 거 아냐?{08}
S03:2:28	79	うっ　す　するどい指摘だ！\nぼくの立場に関わることだから\nどうか秘密にしてほしい{08}	윽 예 예리한 지적이다!\n내 입장이 걸린 일이니\n부디 비밀로 해 줘{08}
S03:2:29	36	そのいい草で\n人にものを頼むつもり？{08}	그런 말투로\n남한테 부탁할 셈이야?{08}
S03:2:30	79	そういえば　昨日\nあんたの姿が見えなかったけど？\nエリーが危ないところだったのよ{08}	그러고 보니 어제\n네 모습이 안 보이던데?\n엘리가 위험했다고{08}
S03:2:31	46	あ　いや　その……\nちょうど席を外しててね……{08}	아 아니 그게……\n마침 자리를 비워서……{08}
S03:2:32	38	まったく　あんたは\nウソ　バレバレだよ{08}	정말 너는\n거짓말이 다 티 나{08}
S03:2:33	44	つぎは大丈夫\nエリーくんのためにも活躍するよ{08}	다음엔 괜찮아\n엘리 군을 위해서라도 활약할게{08}
S03:2:34	40	あんなことが\n何度もあってたまりますか！{08}	그런 일이\n몇 번이나 있으면 되겠어!{08}
S03:2:35	63	ちょっと気になったんだけど\nレナくんはいつも\nあんな顔なのかい？{08}	좀 궁금했는데\n레나 군은 늘\n저런 얼굴이니?{08}
S03:2:36	11	……はい？{08}	……네?{08}
S03:2:37	17	ちょっと違います{08}	좀 달라요{08}
S03:2:38	53	卒業するまでには\nぼくだけで活躍できる\n舞台がほしいな{08}	졸업하기 전까지는\n나 혼자 활약할 수 있는\n무대가 있었으면{08}
S03:2:39	48	あんたは学園塔の屋根で\n一人でおどっていなさいよ{08}	넌 학원탑 지붕에서\n혼자 춤이나 추고 있어{08}
S03:2:40	46	ぼくには似合わないだろう？\nなあ　エリーくん？{08}	나한텐 안 어울리겠지?\n그렇지 엘리 군?{08}
S03:2:41	44	どうしても\n話をそっちへもっていきたいわけね{08}	기어코\n얘기를 그쪽으로 끌고 가네{08}
S03:2:42	64	将を射んとすれば　まず馬から……\nやはりそういう手でいくべきかな{08}	장수를 잡으려면 말부터……\n역시 그 방법으로 가야 하나{08}
S03:2:43	27	なに　ぶつぶついってんのよ{08}	뭘 중얼중얼하는 거야{08}
S03:2:44	63	昨日　生徒会長は\nみなさんのいないところで\n活躍されていましたわ{08}	어제 학생회장님은\n여러분이 없는 곳에서\n활약하셨어요{08}
S03:2:45	54	え　そうなんですか？\nまっさきに逃げたかと思ってました{08}	어 그래요?\n제일 먼저 도망친 줄 알았어요{08}
S03:2:46	62	わたくしも　よく存じませんが……\n本人からそう　うかがいました{08}	저도 잘은 모르지만……\n본인한테서 그렇게 들었어요{08}
S03:2:47	54	そんなのウソですよ　ウソ\nあんな男は　信じちゃだめです{08}	그거 거짓말이에요 거짓말\n그런 남자 믿으면 안 돼요{08}
S03:2:48	65	ウソまでついて\n生徒会長は　アリバイをつくって\nいたのでしょうか？{08}	거짓말까지 해서\n학생회장님은 알리바이를\n만들고 계셨던 걸까요?{08}
S03:2:49	63	……ア　アリバイ？\nさ　さあ　本人に聞くのが\n早いと思いますけど{08}	……아 알리바이?\n글 글쎄요 본인한테 묻는 게\n빠를 것 같은데요{08}
S03:2:50	42	あら　みなさん\nテストでは　ないのですか？{08}	어머 여러분\n시험 아니었나요?{08}
S03:2:51	46	レナさ　だから\nここにきてもしょうがないって！{08}	레나 그러니까\n여기 와도 소용없다니까!{08}
S03:2:52	54	な　なにか　ここに来なきゃ\nいけないような気がして……{08}	뭐 뭔가 여기 와야만\n할 것 같은 기분이 들어서……{08}
S03:2:53	67	これから食事にしようと\n思っていたのですが\nごいっしょにどうですか？{08}	이제 식사하려던\n참이었는데\n같이 드실래요?{08}
S03:2:54	48	レナ　アタシはあんたと\n留年する気はないからね！{08}	레나 나는 너랑\n유급할 생각 없거든!{08}
S03:2:55	64	すいません　わたしたちテストを\n受けにいかなくちゃいけないんです{08}	죄송해요 저희 시험을\n보러 가야 해서요{08}
S03:2:56	40	そうですか\nでは　またの機会にしましょう{08}	그래요\n그럼 다음 기회에 해요{08}
S03:2:57	19	エリーのばかぁ……{08}	엘리 바보오……{08}
S03:2:58	115	今日のお弁当の中身は\nローストビーフにチーズトマトカツ\nニンジンサラダと　焼きリンゴ{08}\nそれと干しアンズの紅茶煮ですわ{08}	오늘 도시락 메뉴는\n로스트비프에 치즈토마토커틀릿\n당근 샐러드랑 구운 사과{08}\n그리고 말린 살구 홍차 조림{08}
S03:2:59	17	も　もうだめ……{08}	이 이제 못 참아……{08}
S03:2:60	33	想像で　おなかいっぱいなんでしょ{08}	상상만으로 배부르지{08}
S03:2:61	40	もう　それはいいから\n早くいこうってば！{08}	이제 됐으니까\n빨리 가자니까!{08}
S03:2:62	65	思い出したのですが\n今日は　ダディス先生の\n忘れ物探しの日でしたね{08}	생각났는데\n오늘은 다디스 선생님의\n잃어버린 물건 찾는 날이죠{08}
S03:2:63	44	そ　そんなのがあるんですね……\nどおりで……{08}	그 그런 것도 있군요……\n어쩐지……{08}
S03:2:64	48	でも　よく　エルノラさんさ\nそんなこと覚えてるね{08}	근데 엘노라 씨\n그런 걸 잘도 기억하네{08}
S03:2:65	50	はい　わたくしは学園の行事は\nすべて暗記しています{08}	네 저는 학원 행사를\n전부 외우고 있어요{08}
S03:2:66	54	それで　いくつくらい　あるの？\nダディス先生の行事って{08}	그래서 몇 개나 있어?\n다디스 선생님 행사는{08}
S03:2:67	79	たしか　ダディス先生の忘れ物の\n数だけだと思いますわ\nじつは　わたくしもよく……{08}	분명 다디스 선생님이\n잃어버린 물건 수만큼일 거예요\n실은 저도 잘……{08}
S03:2:68	52	エルノラさんのことだから\nじょうだんをいってないよな{08}	엘노라 씨니까\n농담은 아니겠지{08}
S03:2:69	23	わたしも　そう思う……{08}	나도 그렇게 생각해……{08}
S03:2:70	82	みんな暴れるなんてどうかしてるよ{08}\nぼくも暴れていたの……？\nそ　そんなのウソだ！！{08}	다들 날뛰다니 어떻게 됐나 봐{08}\n나도 날뛰었다고……?\n그 그런 거 거짓말이야!!{08}
S03:2:71	54	エマ先生って美人だよね\nぼく　エマ先生のこと好きなんだ{08}	에마 선생님은 미인이지\n난 에마 선생님이 좋아{08}
S03:2:72	55	エマ先生って美人だなぁ・・・\nハッ！\nひ　ひとりごとだよ{08}	에마 선생님 미인이다……\n헉!\n호 혼잣말이야{08}
S03:2:73	53	君たちか……\nくれぐれも　このあいだのことは\n秘密だぞ{08}	너희로구나……\n아무쪼록 저번 일은\n비밀이다{08}
S03:2:74	44	学園長　元気ありませんね\nどうしたんですか？{08}	학원장님 기운이 없으시네요\n무슨 일 있어요?{08}
S03:2:75	55	まったく……\nあれで元気な君たちの方が\n変じゃないのかな{08}	정말이지……\n그 일을 겪고도 기운찬 너희가\n더 이상한 거 아니냐{08}
S03:2:76	59	……わたしたちは\n学園長みたいに責任が\nないからだと思います{08}	……저희는\n학원장님처럼 책임이\n없어서 그런 것 같아요{08}
S03:2:77	57	……すまない\nそういう意味でいったつもりじゃ\nなかったんだ{08}	……미안하다\n그런 뜻으로 한 말은\n아니었다{08}
S03:2:78	57	そんなことは\nどうでもいいですから\n学園長も元気出してね曖{08}	그런 건\n아무래도 좋으니까\n학원장님도 기운 내세요♥{08}
S03:2:79	52	それで　ラルフ先生に\nきんしんとかは　ないんですか？{08}	그래서 랄프 선생님은\n근신 같은 건 없어요?{08}
S03:2:80	73	もちろん　ないよ\nあれを誰かのせいにしたら\n私はグレン先生に怒られてしまう{08}	물론 없지\n그걸 누구 탓으로 돌리면\n나는 글렌 선생님께 혼난다{08}
S03:2:81	52	それ　どういう意味なんですか？\nくわしく聞きたいな～{08}	그게 무슨 뜻이에요?\n자세히 듣고 싶은데～{08}
S03:2:82	66	な　なんだ　何も聞いてないのか\nごほん{0d}\nなんでもないから忘れなさい{08}	뭐 뭐냐 아무것도 못 들었느냐\n크흠{0d}\n아무것도 아니니 잊거라{08}
S03:2:83	21	はーい　わかりました{08}	네～ 알겠어요{08}
S03:2:84	33	レナ～　そんな顔しちゃダメだよ～{08}	레나～ 그런 얼굴 하면 안 돼{08}
S03:2:85	7	………{08}	………{08}
S03:2:86	23	レナ…　もう　いこうよ{08}	레나… 이제 가자{08}
S03:2:87	23	まったく　君たちは……{08}	정말이지 너희는……{08}
S03:2:88	60	も　もしかして　ダディス先生\nわたしたちを探してました？？？{08}	호 혹시 다디스 선생님이\n저희를 찾고 계셨어요???{08}
S03:2:89	87	そこまでわかっているのなら\n早くいきなさい{08}\n私は　君たちを特別あつかいなど\nしないからな{08}	거기까지 안다면\n얼른 가거라{08}\n나는 너희를 특별 대우\n하지 않을 테니까{08}
S03:2:90	17	す　すいませ～ん{08}	죄 죄송해요～{08}
S03:2:91	67	寄り道もしないようにな\nまっすぐ　ダディス先生のところに\nいくんだぞ{08}	딴 데 들르지 말고\n곧장 다디스 선생님께\n가거라{08}
S03:2:92	11	ギクギクっ{08}	뜨끔뜨끔{08}
S03:2:93	56	魔族がせめてくるのか……\nこれじゃ　みんな幸せになれない{08}	마족이 쳐들어오는 건가……\n이래선 다들 행복할 수 없어{08}
S03:2:94	71	ダディス先生のテストは\nデタラメ……難しいって\nうわさだけど　がんばって{08}	다디스 선생님 시험은\n엉터리……어렵다는\n소문이지만 힘내{08}
S03:2:95	50	学園長は出かけているよ\nしばらく帰ってこないと思う{08}	학원장님은 외출 중이셔\n한동안 안 돌아오실 거야{08}
S03:2:96	52	レナがもう少し　おとなしく\nしていてくれたらねぇ……{08}	레나가 조금만 더 얌전히\n있어 준다면……{08}
S03:2:97	52	おとなしくしていたら\nごちそうしてくれるんですかぁ曖{08}	얌전히 있으면\n맛있는 거 사 주세요♥{08}
S03:2:98	105	ちがうわよ！\nダディス先生のテストを\n受けるっていうから{08}\nレナの回復魔法を\n強力にしてあげようと\n思ったの！{08}	아니거든!\n다디스 선생님 시험을\n본다고 하니까{08}\n레나의 회복 마법을\n강하게 해 주려고\n했던 거야!{08}
S03:2:99	34	うん～……\nおとなしくしちゃ～う曖{08}	으음～……\n얌전히 있을게요♥{08}
S03:2:100	17	ほんとかしら……{08}	정말일까……{08}
S03:2:101	23	レナはヤクドウを覚えた{08}	레나는 야쿠도를 익혔다{08}
S03:2:102	90	レナには　あまり期待は\nしないけど{08}\nとりあえず\nおとなしいふりだけでもしてなさい\nわかった？{08}	레나한텐 별로 기대\n안 하지만{08}\n일단\n얌전한 척이라도 하렴\n알았지?{08}
S03:2:103	11	あらら……{08}	어머나……{08}
S03:3:0	38	オレは　いったい\nなにをしていたんだ！{08}	나는 대체\n뭘 하고 있었던 거야!{08}
S03:3:1	71	メシをうまく食うには\n１に運動　２に運動だな\nあとは　ステラおばさんだぜ{08}	밥을 맛있게 먹으려면\n첫째도 운동 둘째도 운동\n그리고 스텔라 아줌마지{08}
S03:3:2	38	ここにいると\n毎日のように腹がへるぜ！{08}	여기 있으면\n매일같이 배가 고파!{08}
S03:3:3	77	魔族が　ここをおそった理由？\nわかんないよー\nおそわれたこと自体　はじめてだし{08}	마족이 여길 습격한 이유?\n몰라～\n습격당한 것 자체가 처음인걸{08}
S03:3:4	38	ぼくとブラウンが\n生徒会長を争ったんだ{08}	나랑 브라운이\n학생회장 자리를 다퉜어{08}
S03:3:5	60	海を歩く魔法の練習をしていたら\n死にそうになった……わははは{08}	바다 위를 걷는 마법 연습하다\n죽을 뻔했어……와하하하{08}
S03:3:6	59	あのラルフ先生が\n魔族にあやつられてたのかぁ\nびっくりしたよ{08}	그 랄프 선생님이\n마족한테 조종당했다니\n깜짝 놀랐어{08}
S03:3:7	50	テストがイヤなら\n学園をやめればいいんじゃないの？{08}	시험이 싫으면\n학원을 그만두면 되잖아?{08}
S03:3:8	79	エマ先生って　美人だよねえ\n胸もおっきいし　やさしいし\nお嫁さんにほしいなぁ……{08}	에마 선생님은 미인이야\n가슴도 크고 다정하고\n신부로 삼고 싶다……{08}
S03:3:9	87	ラルフ先生をゆうわくし　ブルーン\n先生と森へいき　アンチたちを\n殴り倒したんですって！？{08}	랄프 선생님을 유혹하고\n브룬 선생님이랑 숲에 가고\n안치네를 두들겨 팼다면서요!?{08}
S03:3:10	85	その　ゆうわく　と　森へ　の\n二点が聞きずてならないわね！\n最後のは　どうでもいいけど{08}	그 유혹이랑 숲에 간 거\n두 개는 그냥 못 넘기겠네!\n마지막 건 아무래도 좋지만{08}
S03:3:11	42	あいつらは　ほんとに\n殴ってやればよかった{08}	그 녀석들은 정말\n패 줄 걸 그랬어{08}
S03:3:12	44	ちょっと！\nセニアもエリーも反論しなさいよ！{08}	잠깐!\n세니아도 엘리도 반박 좀 해!{08}
S03:3:13	50	うわさは本当でしたのね\nまったく　いやらしいですわ{08}	소문이 사실이었군요\n정말 불결해요{08}
S03:3:14	47	なんだよ\nほんとは　うらやましい\nだけじゃないか{08}	뭐야\n사실은 부러운\n것뿐이잖아{08}
S03:3:15	78	そ　そんなことは　一言も……！{08}\nまったく　勝手に話を\n作らないでいただけます？{08}	그 그런 말은 한마디도……!{08}\n정말 멋대로 이야기를\n지어내지 말아 주시겠어요?{08}
S03:3:16	25	それはこっちのセリフよ！{08}	그건 이쪽이 할 말이야!{08}
S03:3:17	46	まったく　勝手に話を\n作らないでいただけます？{08}	정말 멋대로 이야기를\n지어내지 말아 주시겠어요?{08}
S03:3:18	25	それはこっちのセリフよ！{08}	그건 이쪽이 할 말이야!{08}
S03:3:19	109	あら　ちょうどよかった{08}\nダディス先生が　あなたたちを\n探していらっしゃったので\n自宅に帰ったと伝えておきました{08}	어머 마침 잘됐네요{08}\n다디스 선생님이 당신들을\n찾고 계셔서\n집에 갔다고 전해 뒀어요{08}
S03:3:20	62	なにがちょうどいいんだよ！！\nテストに落ちたら許さないからな！{08}	뭐가 마침 잘된 건데!!\n시험 떨어지면 가만 안 둬!{08}
S03:3:21	42	あら　心外ですわ\n気をきかせましたのに……{08}	어머 섭섭하네요\n배려해 드렸는데……{08}
S03:3:22	60	どうしてほしいか　あらかじめ\nわたくしにいってくださらないと{08}	어떻게 해 주길 바라는지\n미리 말씀해 주셔야죠{08}
S03:3:23	65	そうね　できれば\nわたしたちのことは\nキレイさっぱり忘れてほしいわ{08}	그러게 가능하면\n우리 일은\n깨끗이 잊어 줬으면 해{08}
S03:3:24	27	……ふふん　了解しましたわ{08}	……흐흥 알겠어요{08}
S03:3:25	87	テスト中にさぼっていられるなんて\nそんな余裕が　どこをどう探せば\nでてくるのかしら……？{08}	시험 중에 땡땡이라니\n그런 여유가 대체 어디서\n나오는 걸까요……?{08}
S03:3:26	40	ほかに　しゃべることはないのか\nこの女！{08}	다른 할 말은 없냐\n이 여자!{08}
S03:3:27	27	でも　ほんとのことだし……{08}	그래도 사실이니까……{08}
S03:3:28	21	ちょっと　エリー！！{08}	잠깐 엘리!!{08}
S03:3:29	46	あら……仲間割れですか？\n見てはいられませんわ{08}	어머……내분인가요?\n차마 못 보겠네요{08}
S03:3:30	34	ふん　友達がいないやつは\nだめねー{08}	흥 친구 없는 애는\n안 된다니까～{08}
S03:3:31	19	さっすが　レナ！！{08}	역시 레나!!{08}
S03:3:32	32	こ　この女！\nおぼえてなさい！！{08}	이 이 여자가!\n두고 봐요!!{08}
S03:3:33	73	ここに魔族がねー\n何よ　わたしにまかせてくれれば\n全部やっつけてあげたのに{08}	여기 마족이 말이지～\n뭐야 나한테 맡겼으면\n다 해치워 줬을 텐데{08}
S03:3:34	53	あ～あ\nお母さんの料理が食べたいな～\n家に帰ろうかしら{08}	아～아\n엄마 요리가 먹고 싶다～\n집에 갈까{08}
S03:3:35	50	あんたたちも　寮に入れば？\nいごこち　いいんだから{08}	너희도 기숙사 들어오지?\n지내기 좋거든{08}
S03:3:36	137	男の子ばかり操られていたわね\n図書館に入れてくれなかったバツよ\nきっと{08}\nでも　ブラウンさんは\nひとりで活躍していたんだって\nカッコイイわよね{08}	남자애들만 조종당했지\n도서관에 못 가게 한 벌이야\n분명{08}\n그래도 브라운 씨는\n혼자 활약했대\n멋있지{08}
S03:3:37	95	エルノラさんって……\nいつもブラウンさんといっしょね\nでも……関係ないよね？{08}\n……やいちゃうわ曖{08}	엘노라 씨는……\n늘 브라운 씨랑 같이 있네\n그래도……상관없겠지?{08}\n……질투 나♥{08}
S03:3:38	63	ステラおばさんから\n料理を教わって\nブラウンさんに食べさせたいわ{08}	스텔라 아줌마한테\n요리를 배워서\n브라운 씨한테 먹이고 싶어{08}
S03:3:39	89	あのレイラも　さすがに\n男の子から　おそわれたときは……{0d}{0d}\nどことなくうれしそうだったわね{08}	그 레이라도 역시\n남자애들한테 습격당했을 땐……{0d}{0d}\n어딘가 기뻐 보였지{08}
S03:3:40	75	レイラなんて　たかが\n都会育ちってだけじゃないの……\nあったまきちゃうわ！！{08}	레이라 따위 고작\n도시에서 자란 것뿐이잖아……\n열받아!!{08}
S03:3:41	135	魔法がわたしよりじょうずなら\nいばるのもわかるけど……\nレイラったらもう……{08}\nあぁっ……{0d}わたしはひとりで\nなにブツブツ　いってるのかしら{08}	마법이 나보다 잘하면\n으스대는 것도 이해하지만……\n레이라도 참……{08}\n아앗……{0d}나 혼자서\n뭘 중얼거리는 걸까{08}
S03:4:0	57	うむ……\nおまえら三人についているものが\nついていれば……{08}	음……\n너희 셋한테 달린 게\n달려 있었다면……{08}
S03:4:1	33	そ　それはどんな意味なんですか？{08}	그 그게 무슨 뜻이에요?{08}
S03:4:2	79	す　すぐにでも　弟子にしたい\nという意味に決まっている！\nなにをいわせるのだ！！{08}	다 당장이라도 제자로 삼고\n싶다는 뜻이다 당연하지!\n무슨 말을 시키는 거냐!!{08}
S03:4:3	29	それは　こっちのセリフよ……{08}	그건 이쪽이 할 말이야……{08}
S03:4:4	62	イアソン先生は　このまえのこと\nどこまで知っているんですかー？{08}	이아손 선생님은 저번 일을\n어디까지 알고 계세요～?{08}
S03:4:5	50	ふん　そんなことで\nしゃべらせようとしても無駄だぞ{08}	흥 그런 걸로\n입을 열게 하려 해도 소용없다{08}
S03:4:6	44	こ　この先生　顔に似合わず\nするどいのよねぇ{08}	이 이 선생님 얼굴과 달리\n예리하단 말이야{08}
S03:4:7	81	まあ　見学なら許してもかまわんぞ\n真の男というものは\n遠まわしに事をはじめるものだ{08}	뭐 견학이라면 허락해 주마\n진정한 사나이란\n돌려서 일을 시작하는 법이다{08}
S03:4:8	59	……ばっかみたい\n弟子入りした方が\n早いに決まってるじゃない{08}	……바보 같아\n제자로 들어가는 게\n빠른 게 당연하잖아{08}
S03:4:9	33	ふん　まだレナはわかっておらんな{08}	흥 레나는 아직 모르는군{08}
S03:4:10	33	わ　わたしもわかりませんけど……{08}	저 저도 모르겠는데요……{08}
S03:4:11	73	せんせーぇ\n真の男がだまっちゃダメじゃない\nテレイナ先生に　嫌われちゃ……{08}	선생니임～\n진정한 사나이가 잠자코 있다니\n테레이나 선생님한테 미움받……{08}
S03:4:12	35	{0d}{0d}{0d}先生？\nとーっても息苦しいですぅ{08}	{0d}{0d}{0d}선생님?\n엄～청 숨 막혀요～{08}
S03:4:13	65	冷やかし　付け届けのたぐいは\nいっさい受けつけんぞ！\n帰れ帰れ！！{08}	놀림이나 뇌물 따위는\n일절 안 받는다!\n돌아가라 돌아가!!{08}
S03:4:14	65	なにをいわれてるのか\nよくわかりませんので\nここにいることにします{08}	무슨 말씀인지\n잘 모르겠으니\n여기 있을게요{08}
S03:4:15	60	ごますり　付け届けのたぐいは\n受けつけない……じゃないのかな{08}	아부나 뇌물 따위는\n안 받는다……가 아닐까{08}
S03:4:16	75	修行するか　自分の先生のところへ\n帰るか　ふたつにひとつ！\n命をかけて選べ！{08}	수련할지 자기 선생에게\n돌아갈지 둘 중 하나!\n목숨을 걸고 골라라!{08}
S03:4:17	67	じゃあ　その命は\nわたしのじゃなくて\nイアソン先生のでいいですかぁ？{08}	그럼 그 목숨은\n제 거 말고\n이아손 선생님 거면 돼요?{08}
S03:4:18	25	テレイナ先生でもいいねー{08}	테레이나 선생님 걸로도 좋고～{08}
S03:4:19	44	なぁ～にぃ～おぉ～っ！！\nきさまらぁーっ！！{08}	뭐～라～고～!!\n네 이놈들～!!{08}
S03:4:20	38	真の男がとりみだしちゃ\nダメですよぉ曖{08}	진정한 사나이가 흥분하면\n안 되죠♥{08}
S03:4:21	17	じゃまだーっ！！{08}	방해다～!!{08}
S03:4:22	29	修行はまだまだ続いている！！{08}	수련은 아직 계속된다!!{08}
S03:4:23	31	修行は命より大事なものなのだ！{08}	수련은 목숨보다 중요하다!{08}
S03:4:24	59	ちっくしょーっ！\nこの間のせいで\nさらに修行が厳しくなったよ{08}	젠장～!\n저번 일 때문에\n수련이 더 엄해졌어{08}
S03:4:25	57	こんなに練習したって\n疲れるだけだって！\n休ませろっつーの{08}	이렇게 연습해 봤자\n지치기만 한다고!\n좀 쉬게 해 달라고{08}
S03:4:26	62	ちょっと休もうとしただけなのに\nあんなに怒ることないじゃないか{08}	잠깐 쉬려고 했을 뿐인데\n그렇게까지 화낼 건 없잖아{08}
S03:4:27	48	よぉし！　真の男になるぞ！\n女はじゃまだぞー！！{08}	좋아! 진정한 사나이가 되자!\n여자는 방해야～!!{08}
S03:4:28	64	剣と魔法　どっちを選べって\nそりゃないよね～{0d}\nえい　やあ　とう！{08}	검이냐 마법이냐 고르라니\n그건 좀 아니잖아～{0d}\n얍 야 토!{08}
S03:4:29	60	休む暇があったら　修行するぞ！\nだぁ！　おぉぉぉぉぉうらぁ！{08}	쉴 틈이 있으면 수련이다!\n다아! 오오오오오라아!{08}
S03:4:30	56	イアソン先生は剣のほかにも\n魔法だって教えてくれるんだぜ{08}	이아손 선생님은 검 말고도\n마법도 가르쳐 준다고{08}
S03:4:31	66	レベルが高いよ～\nついていくのが精一杯って感じ？{0d}\nぜぇ　ぜぇ　ぜぇ{08}	수준이 높아～\n따라가는 게 고작이랄까?{0d}\n헉 헉 헉{08}
S03:4:32	58	まあ　ここで修行していれば\nイヤでも真の男になっちゃうよね{08}	뭐 여기서 수련하다 보면\n싫어도 진정한 사나이가 되겠지{08}
S03:4:33	27	おいおい　なんだ貴様は！！{08}	어이어이 뭐냐 네놈은!!{08}
S03:4:34	40	ここはな　泣く子も黙る\nイアソン道場だぞ{08}	여긴 말이다 우는 애도 그치는\n이아손 도장이다{08}
S03:4:35	17	修行のじゃまだ！{08}	수련에 방해된다!{08}
S03:4:36	13	ま　魔族か？{08}	마 마족이냐?{08}
S03:4:37	27	うるさい！　じゃまだー！！{08}	시끄러워! 방해다～!!{08}
S03:4:38	29	ここには来るなといっただろう{08}	여긴 오지 말라고 했을 텐데{08}
S03:4:39	25	オレは真の男になった……{08}	나는 진정한 사나이가 됐다……{08}
S03:4:40	22	ほう{0d}…{0d}…{0d}表に出ろ…{08}	호오{0d}…{0d}…{0d}밖으로 나와라…{08}
S03:4:41	46	なんかわかんないけど{0d}…{0d}…\n結末が気になるわね{08}	뭔지 모르겠지만{0d}…{0d}…\n결말이 궁금하네{08}
S03:4:42	25	この人たちはどうしよう？{08}	이 사람들은 어떡하지?{08}
S03:4:43	30	ほっとけば気がつくだろ\nきっと{08}	내버려 두면 정신 차리겠지\n아마{08}
S03:4:44	7	きゅう{08}	끄응{08}
S03:4:45	36	セニアよ\nいつも電撃ばかりのようだが{08}	세니아여\n늘 전격만 쓰는 것 같은데{08}
S03:4:46	25	な　なにがいいたいんだよ{08}	뭐 뭐가 하고 싶은 말인데{08}
S03:4:47	34	獣人族だろう\n打撃技も得意そうだな{08}	수인족이지\n타격기도 잘할 것 같군{08}
S03:4:48	42	ああ　ケンカなら誰にも\n負けたことないよ！{08}	아아 싸움이라면 누구한테도\n져 본 적 없어!{08}
S03:4:49	52	電撃と組み合わせてみろ！\n真の男になりたければっ！！{08}	전격과 조합해 봐라!\n진정한 사나이가 되려면!!{08}
S03:4:50	25	セニアは花姫乱舞を覚えた{08}	세니아는 화희난무를 익혔다{08}
S03:4:51	33	どうだ　真の男には　なれそうか？{08}	어때 진정한 사나이 되겠냐?{08}
S03:4:52	19	なるわけないだろっ{08}	그럴 리가 없잖아{08}
S03:5:0	34	ラルフせ～んせっ！\n遊びましょっ！{08}	랄프 선～생님!\n놀아요!{08}
S03:5:1	90	あ　ああ……レナに　それだけは\nやられたくなかったんだがな……{0d}\n何事もなかったようにが……{08}	아 아아……레나한테만은\n그러지 않길 바랐는데……{0d}\n아무 일도 없었던 것처럼……{08}
S03:5:2	54	えーっ　どうしてですかぁ？\nわたし　わかりませ～ぇん曖{08}	에～ 왜요～?\n저 모르겠는데요～♥{08}
S03:5:3	66	そんなに落ち込むなよ　ラルフ先生\nどうせ相手は　魔族だったんだから{08}	너무 풀 죽지 마 랄프 선생님\n어차피 상대는 마족이었잖아{08}
S03:5:4	48	そうだよ　先生\nわたしなんか心配させてばかりだし{08}	맞아요 선생님\n저야말로 걱정만 끼치는걸요{08}
S03:5:5	67	生徒になぐさめられるのも\n悪くないもんだな……\nありがとう　二人とも{08}	학생한테 위로받는 것도\n나쁘지 않구나……\n고맙다 둘 다{08}
S03:5:6	71	う～　頭がいたくてね\n良く覚えてないんだけど\nわたしが何かいってたかい？{08}	으～ 머리가 아파서\n잘 기억이 안 나는데\n내가 무슨 말을 했니?{08}
S03:5:7	21	えーっとね　バル……{08}	음～ 그러니까 바르……{08}
S03:5:8	27	ちょっと　レナってば！！！{08}	잠깐 레나!!!{08}
S03:5:9	99	い　いい……レナの顔を見てたら\n何も聞きたくなくなった\nこの話は今後いっさいなし　以上{08}\nでいいだろ？{08}	아 됐어……레나 얼굴을 보니\n아무것도 듣고 싶지 않아졌다\n이 얘긴 앞으로 일절 금지{08}\n이면 되겠지?{08}
S03:5:10	71	ま　また　おまえらか\nたまには　用件を持って\nわたしのところに来てくれよ{08}	또 또 너희냐\n가끔은 용건을 갖고\n나한테 와 줘{08}
S03:5:11	71	だって～\n先生の弱みを　にぎったんだもん\nつかわないとソンじゃないですか{08}	그치만～\n선생님 약점을 잡았는걸\n안 쓰면 손해잖아요{08}
S03:5:12	59	た　頼む……\nエリーかセニア！\nこいつをどうにかしてくれ！！{08}	부 부탁이다……\n엘리나 세니아!\n얘 좀 어떻게 해 줘!!{08}
S03:5:13	42	やってみますけど……\n期待しないでください{08}	해 보긴 할게요……\n기대는 하지 마세요{08}
S03:5:14	29	アタシは　ムダだと思うな～ぁ{08}	나는 소용없을 것 같은데～{08}
S03:5:15	9	ニコニコ{08}	싱글벙글{08}
S03:5:16	75	こっ　声に出して笑うのはやめろ！\nあ　悪魔の笑いに見える\n……た　助けてくれ{08}	소 소리 내서 웃지 마!\n아 악마의 웃음 같아\n……사 살려 줘{08}
S03:5:17	48	まあ　ある意味さー\n魔族より　やっかいだもんなー{08}	뭐 어떤 의미에선 말이야～\n마족보다 골치 아프니까～{08}
S03:5:18	73	確かに　そのとおりだが……\nだからといって\n何のなぐさめにもなってないぞ！{08}	확실히 그 말대로다만……\n그렇다고 해서\n아무 위로도 안 된다고!{08}
S03:5:19	9	ニコニコ{08}	싱글벙글{08}
S03:5:20	56	……あ～　忙しい忙しい\n今日は他に　どれを読むんだっけな{08}	……아～ 바쁘다 바빠\n오늘은 또 뭘 읽더라{08}
S03:5:21	27	せんせ～　作戦が古いですよ{08}	선생님～ 작전이 낡았어요{08}
S03:5:22	59	甘いな\n古くから残ってきた作戦だからこそ\n勝率がたかい証拠だ{08}	모르는 소리\n오래 살아남은 작전이야말로\n승률이 높다는 증거다{08}
S03:5:23	44	って　完全にのせられてるじゃんか\nラルフ先生{08}	완전히 말려들었잖아\n랄프 선생님{08}
S03:5:24	9	…………{08}	…………{08}
S03:5:25	64	でも　わたしがしゃべろうとしたら\n止めなくちゃいけないんですよ曖{08}	그래도 제가 말하려고 하면\n막으셔야 할걸요♥{08}
S03:5:26	50	うっ{0d}\nあいたたた……\n誰かにビンをぶつけられた頭が{08}	윽{0d}\n아야야……\n누가 병을 던진 머리가{08}
S03:5:27	19	ラルフ先生の勝ち～{08}	랄프 선생님 승～{08}
S03:5:28	44	セニアっ！\nあんたが　やったんでしょうが！！{08}	세니아!\n던진 건 너잖아!!{08}
S03:5:29	40	エリーはフレイの魔法を\n使えるんだったな{08}	엘리는 프레이 마법을\n쓸 수 있었지{08}
S03:5:30	24	はい\nでもまだ弱くて……{08}	네\n그래도 아직 약해서……{08}
S03:5:31	59	ちょうどよかった\n昨日　フレイを強力にする本を\n読んでたんだ{08}	마침 잘됐다\n어제 프레이를 강하게 하는\n책을 읽었거든{08}
S03:5:32	36	本当ですか？\nわたしにもできますか？{08}	정말요?\n저도 할 수 있어요?{08}
S03:5:33	36	あぁ　できると思うよ\n今すぐにでもね{08}	아아 할 수 있을 거야\n지금 당장이라도{08}
S03:5:34	11	やったー！{08}	해냈다～!{08}
S03:5:35	25	エリーはフレイズを覚えた{08}	엘리는 프레이즈를 익혔다{08}
S03:5:36	117	あ～　おしかった！\nもう少しで　魔法を簡単に\n教われそうだったのに～{08}\nけど　世の中\nそんな楽できるわけないか\nトホホ……{08}	아～ 아깝다!\n조금만 더 하면 마법을 쉽게\n배울 수 있었는데～{08}\n그래도 세상이\n그렇게 편할 리가 없지\n아이고……{08}
S03:5:37	59	ラルフ先生が\nなんか元気ないんだよね～\nどうしてか知ってる？{08}	랄프 선생님이\n왠지 기운이 없어～\n왜 그런지 알아?{08}
S03:5:38	85	ラルフ先生って\nほんとに魔法使えるのか～？{08}\n本を　高速で読むところは\nみたことあるけど{08}	랄프 선생님은\n정말 마법을 쓸 수 있나～?{08}\n책을 고속으로 읽는 건\n본 적 있지만{08}
S03:5:39	71	魔族のことが書かれた本もあったさ\nけど　やっぱ\n実戦じゃ役に立たないよな{08}	마족에 관한 책도 있었지\n그래도 역시\n실전에선 쓸모없어{08}
S03:5:40	73	読むより増える方が多いんだ\nこんなの　いつ読み終わるんだよ\n計算できねえよ{08}	읽는 것보다 느는 게 더 많아\n이거 언제 다 읽냐고\n계산이 안 돼{08}
S03:5:41	68	本ばかり読んでいるのも\nつかれたなぁ{08}\nそうだ！　{0d}{0d}べつの本を読もう！{08}	책만 읽는 것도\n지쳤다～{08}\n그렇지! {0d}{0d}다른 책을 읽자!{08}
S03:5:42	73	これって　セニアのことが\n書いてあるみたいよ\nほら　獣人族の暮らし　だって{08}	이거 세니아 얘기가\n적혀 있나 봐\n봐 「수인족의 생활」이래{08}
S03:5:43	48	……なんだよ　それ\nいきなり　やなタイトルだなー{08}	……뭐야 그거\n시작부터 싫은 제목이네{08}
S03:5:44	54	獣人族は　洞窟などに住みつき\n狩りなどで生活をしている{08}	수인족은 동굴 등에 살며\n사냥 등으로 생활한다{08}
S03:5:45	19	その本　貸せよ！！{08}	그 책 이리 줘!!{08}
S03:5:46	27	わーっ　セニア落ち着いて！{08}	와～ 세니아 진정해!{08}
S03:5:47	75	そんな本　捨てちまえ！！\nアタシたちは　みんな普通の生活を\nしているんだ！！{08}	그런 책 버려 버려!!\n우리는 다 평범하게\n생활한다고!!{08}
S03:5:48	52	わ　わかってるわよ\nこんな本は読まなきゃいいんだから{08}	아 알아\n이런 책은 안 읽으면 되니까{08}
S03:5:49	54	でも読むやつがいるし\n信じるやつもいるんじゃないの！？{08}	그래도 읽는 녀석이 있고\n믿는 녀석도 있잖아!?{08}
S03:5:50	38	う……　そ　そうね……\nするどいわ……{08}	으…… 그 그러네……\n예리하네……{08}
S03:5:51	48	巨大化魔法の本……だって\nなにに　つかうのかしら{08}	「거대화 마법의 책」……이래\n어디에 쓰는 걸까{08}
S03:5:52	60	そんなのきまってんじゃない！{0d}{0d}\nレナの背を大きくするためだよ{08}	그거야 뻔하지!{0d}{0d}\n레나 키를 크게 하려고지{08}
S03:5:53	25	ちょっと　セニアーっ！！{08}	잠깐 세니아～!!{08}
S03:5:54	46	こんなのつかったら\n怪獣になっちゃうでしょうが{08}	이런 걸 썼다간\n괴수가 돼 버리잖아{08}
S03:5:55	33	小さなままより　いいんじゃない？{08}	작은 채로 있는 것보단 낫지?{08}
S03:5:56	40	これから背ぐらい\nいくらでも伸びるわよ！{08}	키 정도는 앞으로\n얼마든지 클 거야!{08}
S03:5:57	13	本の整理……{08}	「책 정리」……{08}
S03:5:58	52	……まあ　ラルフ先生が\n読んでないのは　たしかだよね{08}	……뭐 랄프 선생님이\n안 읽은 건 확실하네{08}
S03:5:59	38	やっぱり　飾りの本が\nいっぱいあるのね{08}	역시 장식용 책이\n잔뜩 있구나{08}
S03:5:60	33	そりゃそうだよ　この本の量だもん{08}	그야 그렇지 이 책의 양인데{08}
S03:5:61	50	イェンの歴史……\nこの顔どこかで見たことがあるわね{08}	「옌의 역사」……\n이 얼굴 어디서 본 것 같은데{08}
S03:5:62	29	グレンおじいちゃんだよ……？{08}	글렌 할아버지야……?{08}
S03:5:63	57	えーっ　だって\nそんな大したおじいちゃんには\n見えないしぃ{08}	에～ 그치만\n그렇게 대단한 할아버지로는\n안 보이는걸{08}
S03:5:64	34	でも　あのじーさん\nいくつなんだろ{08}	그래도 그 할아버지\n몇 살일까{08}
S03:5:65	29	歴史の本にのってるんだもんね{08}	역사책에 나올 정도니까{08}
S03:5:66	48	まあ　いくつ生きていても\nわたしの敵じゃないわよ{08}	뭐 몇 살을 먹었든\n내 상대는 안 돼{08}
S03:5:67	44	レナって　ほんと\n恐いもの知らずだもんな……{08}	레나는 정말\n무서운 게 없구나……{08}
S03:5:68	25	うん……昔からこうなんだ{08}	응……옛날부터 이랬어{08}
S03:5:69	23	基本から学ぼう　だって{08}	「기초부터 배우자」래{08}
S03:5:70	23	どれどれ　何の本かな？{08}	어디 보자 무슨 책일까?{08}
S03:5:71	26	ふとんが吹っ飛{0d}ん{0d}だ{0d}…？{08}	이불이 날아가{0d}지{0d}{0d} 않{0d}{0d}았{0d}어…?{08}
S03:5:72	19	あはは{0d}…{0d}は{0d}…{0d}は{08}	아하{0d}…{0d}하{0d}…{0d}하{08}
S03:5:73	27	エリー　どうして笑えるの？{08}	엘리 그게 왜 웃겨?{08}
S03:5:74	73	んーと　この本のタイトルはねぇ\nしゅうかんイェン　だって\nこんなのあるんだ{08}	음～ 이 책 제목은 말이야\n「주간 옌」이래\n이런 것도 있구나{08}
S03:5:75	17	面白いのかしら？{08}	재밌을까?{08}
S03:5:76	15	読んでみようぜ{08}	읽어 보자{08}
S03:5:77	65	かんとうカラー特集\nイェンにさく　あおいばら\n魅惑のエマ先生特集？{08}	권두 컬러 특집\n옌에 피는 푸른 장미\n매혹의 에마 선생님 특집?{08}
S03:5:78	19	う　うわ　きれい…{08}	우 우와 예쁘다…{08}
S03:5:79	23	同じ女とは思えないなぁ{08}	같은 여자라고 생각이 안 드네{08}
S03:6:0	65	レナさん　エリーさん　セニアさん\nいつも……{0d}{0d}{0d}いろいろありますね{08}	레나 양 엘리 양 세니아 양\n늘……{0d}{0d}{0d}이런저런 일이 많네요{08}
S03:6:1	32	は　はい\nいろいろ大変でした……{08}	네 네\n여러모로 힘들었어요……{08}
S03:6:2	71	でも　今日ぐらいは\n静かにしてくださいね\n授業の　さまたげになりますから{08}	하지만 오늘만큼은\n조용히 해 주세요\n수업에 방해되니까요{08}
S03:6:3	25	問題がずれてるような……{08}	문제가 어긋난 것 같은데……{08}
S03:6:4	53	このひとは\n自分の目で見たことしか\n信じないんだな……{08}	이 사람은\n자기 눈으로 본 것만\n믿는구나……{08}
S03:6:5	54	そうでした　みなさん\n１ついっておきたいことがあります{08}	참 여러분\n하나 말해 둘 게 있어요{08}
S03:6:6	33	な　なんですか　テレイナ先生……{08}	뭐 뭔데요 테레이나 선생님……{08}
S03:6:7	42	グレン先生には\nあいさつをすませましたか？{08}	글렌 선생님께는\n인사를 드렸나요?{08}
S03:6:8	19	は　は……い？？？{08}	네 네……에???{08}
S03:6:9	93	レナさんのオンチを\n直したいのはわかりますが……{08}\nそれならケント先生を\n頼ったらいかがですか？{08}	레나 양의 음치를\n고치고 싶은 건 알지만……{08}\n그렇다면 켄트 선생님께\n부탁해 보는 건 어때요?{08}
S03:6:10	61	ぜ　ぜぇったい　えんりょします{0d}\nでも　どうしてケント先生を？{08}	저 절～대 사양할게요{0d}\n그런데 왜 켄트 선생님을?{08}
S03:6:11	56	え　それはその……思いつきです\nいけなかったかしら……？{08}	어 그건 그러니까……그냥요\n안 됐을까요……?{08}
S03:6:12	11	あのね……{08}	저기요……{08}
S03:6:13	44	オンチにも　いいオンチと\n悪いオンチがいます{08}	음치에도 좋은 음치와\n나쁜 음치가 있어요{08}
S03:6:14	33	先生　レナはどっちのオンチなの？{08}	선생님 레나는 어느 쪽이에요?{08}
S03:6:15	38	悪い方です\nそれも　かなり下の方ですね{08}	나쁜 쪽이에요\n그것도 꽤 밑바닥이에요{08}
S03:6:16	9	…………{08}	…………{08}
S03:6:17	48	レナ　こういう時は\nくやしい顔をしたほうがいいよ{08}	레나 이럴 땐\n분한 표정을 짓는 게 좋아{08}
S03:6:18	69	あら　レナさん\nなんでしたら　もう一度だけ\n歌のテストをしてみますか？{08}	어머 레나 양\n괜찮다면 한 번만 더\n노래 테스트를 해 볼래요?{08}
S03:6:19	48	えー　どうしようかな……\nちょっと待ってください{08}	에～ 어떡하지……\n잠깐만 기다려 주세요{08}
S03:6:20	21	レナ　ダメだって！！{08}	레나 안 된다니까!!{08}
S03:6:21	42	大丈夫ですわよ\n気休めなのはわかっています{08}	괜찮아요\n그냥 위안인 건 알고 있어요{08}
S03:6:22	15	せ　せんせぇ～{08}	서 선생니임～{08}
S03:6:23	51	レナさん\nためしにこの音をだしてみて\nはい！　あーー{08}	레나 양\n시험 삼아 이 소리를 내 봐요\n자! 아～～{08}
S03:6:24	6	アー～	아～～
S03:6:25	79	やっぱり声だけはいいのですね……\n……というより　声が大きいのね\nそれじゃあ……{08}	역시 목소리만은 좋네요……\n……라기보다 목소리가 크네요\n그럼……{08}
S03:6:26	23	レナはミナギリを覚えた{08}	레나는 미나기리를 익혔다{08}
S03:6:27	55	そうなんですか！\n声はいいんですか\nじゃあ{08}\n♪☆／ら※♪{08}	그래요!\n목소리는 좋아요?\n그럼{08}\n♪☆／라※♪{08}
S03:6:28	34	………\n声はよくてもオンチではねぇ{08}	………\n목소리가 좋아도 음치면 좀{08}
S03:6:29	48	魔族をかたっぱしから倒せる\n歌はないのかしら……{08}	마족을 닥치는 대로 쓰러뜨릴\n노래는 없을까……{08}
S03:6:30	83	オンチが歌うと　オンチが直る歌が\nあればいいのにね……\nえ　わたしのいってること変？{08}	음치가 부르면 음치가 낫는\n노래가 있으면 좋을 텐데……\n어 내 말 이상해?{08}
S03:6:31	42	今日は歌のテストなの\nがんばらなくっちゃ！{08}	오늘은 노래 테스트야\n열심히 해야지!{08}
S03:6:32	44	どうして～♪\n魔族がイェンにくるのかしら～♪{08}	어째서～♪\n마족이 옌에 오는 걸까～♪{08}
S03:6:33	67	歌の魔法をおぼえられなくても♪\n歌だけで\n食べていけばいいんだわ～♪{08}	노래 마법을 못 익혀도♪\n노래만으로\n먹고살면 되지～♪{08}
S03:6:34	73	よーし～♪　がんばるわよ～♪\nでも♪　その前に♪\n歌詞をおぼえないとね～♪{08}	좋아～♪ 힘낼 거야～♪\n그래도♪ 그 전에♪\n가사부터 외워야지～♪{08}
S03:6:35	48	なんだよ　レナ\nこの楽器のこと忘れられないのか？{08}	뭐야 레나\n이 악기를 못 잊는 거야?{08}
S03:6:36	42	そ　そんなことないわよ\nさあ　いきましょう{08}	그 그런 거 아니야\n자 가자{08}
S03:6:37	60	でも　わたし　ダディス先生の\n生徒になって　よかったと思うな{08}	그래도 난 다디스 선생님의\n학생이 돼서 다행인 것 같아{08}
S03:6:38	73	エリーは甘いよっ！\nそんなこと　いってると\nこの女はすぐ調子にのるんだから{08}	엘리는 너무 물러!\n그런 소리 하면\n이 여자는 금방 우쭐댄다니까{08}
S03:6:39	29	……たとえば　どんな風にぃ？{08}	……예를 들면 어떻게～?{08}
S03:6:40	19	わざとやってるだろ{08}	일부러 그러는 거지{08}
S03:6:41	29	相変わらず気味悪い動きだなぁ{08}	여전히 기분 나쁜 움직임이네{08}
S03:6:42	40	だから魔法がかかっているんだよ\nきっと…{08}	그러니까 마법이 걸려 있다니까\n분명…{08}
S03:6:43	37	わたし　こんな魔法は習いたくないわ！{08}	나 이런 마법은 배우기 싫어!{08}
S03:6:44	35	うんうん{08}●Ｆ２１ON～Ｆ２２ONまで●	응응{08}●Ｆ２１ＯＮ～Ｆ２２ＯＮ까지●
S03:6:45	54	そうでした　みなさん\n１ついっておきたいことがあります{08}	참 여러분\n하나 말해 둘 게 있어요{08}
S03:6:46	27	なんですか　テレイナ先生曖{08}	뭔데요 테레이나 선생님♥{08}
S03:6:47	42	グレン先生には\nあいさつをすませましたか？{08}	글렌 선생님께는\n인사를 드렸나요?{08}
S03:6:48	11	はいっ！！{08}	네!!{08}
S03:6:49	21	そうですか　結構です{08}	그래요 됐어요{08}
S03:6:50	66	………この先生のうろたえた姿って\n一生かかっても見られそうにないわ{08}	………이 선생님이\n당황하는 모습은\n평생 걸려도 못 볼 것 같아{08}
S03:8:0	36	頼む！\nどうか実験につきあってくれ！{08}	부탁이다!\n제발 실험에 어울려 다오!{08}
S03:8:1	27	ていちょうに　お断りします{08}	정중히 사양할게요{08}
S03:8:2	67	よぉし！！　イェンの珍味\n食べ歩きツアーをしてやる！\nこれでどうだ！{08}	좋아!! 옌의 진미\n맛집 투어를 시켜 주마!\n이러면 어떠냐!{08}
S03:8:3	12	{0d}{0d}{0d}…………{08}	{0d}{0d}{0d}…………{08}
S03:8:4	26	レナ！\nヨダレ　ヨダレ！！{08}	레나!\n침 침!!{08}
S03:8:5	44	ケント先生\nやっぱり　やめておきたいんですが{08}	켄트 선생님\n역시 그만두고 싶은데요{08}
S03:8:6	9	…………{08}	…………{08}
S03:8:7	58	ま……まあ　その様子では\n使い物にならんかもしれんしな……{08}	뭐……뭐 그 꼴로는\n쓸모가 없을지도 모르지……{08}
S03:8:8	75	エリーは空を飛べていいな\nわしも飛べれば　レナなど\n実験に使わないのだが……{08}	엘리는 날 수 있어서 좋겠다\n나도 날 수 있으면 레나를\n실험에 안 쓸 텐데……{08}
S03:8:9	33	先生……まだあきらめてませんね？{08}	선생님……아직 포기 안 했죠?{08}
S03:8:10	73	しかし　実験のたびに\nある女の子の顔を思い出す\n実に　おしいことをした……{08}	하지만 실험할 때마다\n어떤 여자애 얼굴이 떠오른다\n참으로 아까운 일을 했지……{08}
S03:8:11	29	わ　わたしは死んでません！！{08}	저 저 안 죽었어요!!{08}
S03:8:12	73	なあ　レナよ\n最新型の飛行具が完成したのだが\n歴史に名を残す気はないかね？{08}	이봐 레나\n최신형 비행구가 완성됐는데\n역사에 이름을 남기지 않겠나?{08}
S03:8:13	33	この命をかけてまでは……ちょっと{08}	이 목숨을 걸면서까지는……좀{08}
S03:8:14	62	危険度を下げるために　わざわざ\n自爆装置をつけたのだがなあ……{08}	위험도를 낮추려고 일부러\n자폭 장치를 달았는데……{08}
S03:8:15	42	先生……\nそれは笑いをとりたいためでしょ？{08}	선생님……\n그건 웃기려고 그런 거죠?{08}
S03:8:16	21	それは　ちょっと違う{08}	그건 좀 아니다{08}
S03:8:17	44	ちょ　ちょっと！？\nなにがちょっとなの……？{08}	자 잠깐!?\n뭐가 좀인데요……?{08}
S03:8:18	38	ケント先生が探してたよ……\nレナさんを{08}	켄트 선생님이 찾으셨어……\n레나 씨를{08}
S03:8:19	33	ケント先生は……青空が好きなんだ{08}	켄트 선생님은……\n파란 하늘을 좋아해{08}
S03:8:20	27	ケント先生が待ってるよ……{08}	켄트 선생님이 기다리셔……{08}
S03:8:21	38	人間が　空を飛べるわけ\nないでしょう？{08}	인간이 하늘을 날 수\n있을 리 없잖아?{08}
S03:8:22	25	空を飛んでばかりじゃねぇ{08}	하늘만 날아서는 말이지{08}
S03:8:23	61	ケント先生……\nたまには有意義な実験も\nおこなってください……{08}	켄트 선생님……\n가끔은 의미 있는 실험도\n해 주세요……{08}
S03:9:0	75	やあ　みんな元気そうだね\nレナさんの機嫌も元通りみたいだし\nよかったよかった{08}	안녕 다들 기운차 보이네\n레나 양 기분도 다시 좋아졌고\n잘됐다 잘됐어{08}
S03:9:1	58	そうやって女の顔色ばかりみてると\nいつか失敗しますよ　先生{08}	그렇게 여자 눈치만 보다간\n언젠가 실패해요 선생님{08}
S03:9:2	57	なーんて　お母さんが\nいっていたんだけど……{0d}{0d}\nあ　あれ？{08}	……라고 우리 엄마가\n말했는데……{0d}{0d}\n어 어라?{08}
S03:9:3	27	ぜんぜん　冗談になってない{08}	전혀 농담이 안 돼{08}
S03:9:4	31	レナ～　そういうのやめようよー{08}	레나～ 그런 거 그만하자～{08}
S03:9:5	44	ねえ　レナさんって\nいつもこの調子なのかい？{08}	있잖아 레나 양은\n늘 이런 식이니?{08}
S03:9:6	29	いつもは　もっとひどいんです{08}	평소엔 더 심해요{08}
S03:9:7	23	ちょっと　セニア～！！{08}	잠깐 세니아～!!{08}
S03:9:8	50	どうだい　君たち\nサムサの花びらからできた香水だよ{08}	어떠니 너희\n사무사 꽃잎으로 만든 향수야{08}
S03:9:9	63	へー　先生には\nそんな特技もあったんだ！\nちょっと貸してください{08}	오～ 선생님한테\n그런 특기도 있었구나!\n좀 빌려주세요{08}
S03:9:10	108	あれ？　あれれ？\nわー　さっきの実験で鼻がばかに\nなってたのか！{08}\nあ　もしかして\n材料も違うんだ……まいったな{08}	어라? 어라라?\n와～ 아까 실험으로 코가\n마비됐었나!{08}\n아 혹시\n재료도 틀렸구나……곤란하네{08}
S03:9:11	69	死ぬかと　思ったじゃないか！\nこういう役は\nレナだけだと思ったのに！！{08}	죽는 줄 알았잖아!\n이런 역할은\n레나만 하는 줄 알았는데!!{08}
S03:9:12	33	たまには　いい経験になるでしょ？{08}	가끔은 좋은 경험이 되잖아?{08}
S03:9:13	62	いや～　なんで君たちがくる時だけ\n失敗するのかな　不思議不思議{08}	야～ 왜 너희가 올 때만\n실패하는 걸까 신기하다 신기해{08}
S03:9:14	31	ブルーン先生の　大ウソつき！！{08}	브룬 선생님 순 거짓말쟁이!!{08}
S03:9:15	50	ぼくが実験に失敗したときは\nいつも爆発するんだ……{08}	내가 실험에 실패하면\n늘 폭발하거든……{08}
S03:9:16	75	わたしたちがブルーン先生を\nたずねてくる時はいつも\nいのちがけなんですよ！！{08}	저희가 브룬 선생님을\n찾아올 때는 늘\n목숨을 건다고요!!{08}
S03:9:17	46	でもね　そんな時にひらめいた\n魔法があるんだよ{08}	그래도 그럴 때 떠오른\n마법이 있단다{08}
S03:9:18	42	じゃあ　この魔法を\nレナさんに教えておくね{08}	그럼 이 마법을\n레나 양한테 가르쳐 줄게{08}
S03:9:19	27	レナはパチパチボムを覚えた{08}	레나는 파치파치 봄을 익혔다{08}
S03:9:20	42	この前はブルーン先生も\n活躍したんだってな{08}	저번엔 브룬 선생님도\n활약했다면서{08}
S03:9:21	55	ここでオレが\nブルーン先生の悪口を\nいうことはありえない{08}	여기서 내가\n브룬 선생님 험담을\n하는 일은 있을 수 없어{08}
S03:9:22	13	先生はいない{08}	선생님은 안 계셔{08}
S03:9:23	29	よかったわね……ブルーン先生{08}	다행이네요……브룬 선생님{08}
S03:9:24	34	ブルーン先生に\nなにか問題あるの？{08}	브룬 선생님한테\n뭔가 문제 있어?{08}
S03:9:25	50	先生なら　公園にいってるわ\n……それ以上は知らない{08}	선생님이라면 공원에 가셨어\n……그 이상은 몰라{08}
S03:10:0	40	やっと　一件落着か\nあっ　めでてぇなっと{08}	드디어 일단락인가\n아～ 경사로세{08}
S03:10:1	71	そういや　魔族のおねえちゃん\n色っぽかったんだって？\nおしいことをしたぜ{08}	그러고 보니 마족 누님\n요염했다면서?\n아까운 짓을 했네{08}
S03:10:2	44	もう一度　その女魔族を\nこの目で見てみたいぜ{08}	그 여자 마족을 한 번 더\n이 눈으로 보고 싶다{08}
S03:10:3	58	生徒があばれてしまったのは\nラルフ先生のせいって本当なの？{08}	학생들이 날뛴 게 랄프\n선생님 탓이라는 게 정말?{08}
S03:10:4	36	今日は安心して\nご飯の準備ができるわ{08}	오늘은 안심하고\n밥 준비를 할 수 있겠어{08}
S03:10:5	40	やっぱり　何も起きないのが\nいいですよね{08}	역시 아무 일도 없는 게\n좋죠{08}
S03:10:6	63	ラルフ先生って魔族の女の人と\nわかれたんですって？\nくすくすくす{08}	랄프 선생님이 마족 여자랑\n헤어졌대?\n쿡쿡쿡{08}
S03:10:7	44	くすくすくす\nなんにも刺激的なことがないわね{08}	쿡쿡쿡\n자극적인 일이 하나도 없네{08}
S03:10:8	46	くすくすくす\nダディス先生のところへ入ったの？{08}	킥킥킥\n다디스 선생님한테 들어갔니？{08}
S03:11:0	65	いつか人と魔族も\nわかりあえるようになりますよ\n人と獣人のようにね{08}	언젠가 사람과 마족도\n서로 이해하게 될 거예요\n사람과 수인처럼요{08}
S03:11:1	42	イェンの中でも\nいろんな食べ物が取れますよ{08}	옌 안에서도\n여러 먹을거리가 나요{08}
S03:11:2	75	イェンは魔法の力で海の上を\n移動しているんですよ\nその無限の魔法力を使ってね{08}	옌은 마법의 힘으로 바다 위를\n이동해요\n그 무한한 마법력을 써서요{08}
S03:11:3	66	店が　めちゃくちゃにされたんだぜ\n誰に怒ればいいんだか……まったく{08}	가게가 엉망이 됐다고\n누구한테 화를 내야 할지……참{08}
S03:11:4	83	イェンは決まった海の道を通るから\n港に入る船は　指定されている\n場所で待ってるわけよ{08}	옌은 정해진 바닷길로 다니니까\n항구에 들어올 배는 정해진\n곳에서 기다리는 거야{08}
S03:11:5	73	ちっ　早く次の陸地につかねえかな\nどーにも　こーにも　不便で\nしょうがねぇ{08}	쳇 빨리 다음 육지에 안 닿나\n이래저래\n불편해 죽겠네{08}
S03:11:6	53	あれが魔族かぁ\n人間とどうちがうのか\n知りたいもんだね{08}	저게 마족인가\n인간이랑 뭐가 다른지\n알고 싶네{08}
S03:11:7	31	さて　次はなにが起こるのかねぇ{08}	자 다음엔 무슨 일이 생기려나{08}
S03:11:8	50	なあ　ここだけの話\nとなりの仕立屋の人……変だよな{08}	있잖아 여기서만 하는 얘긴데\n옆집 재단사……이상하지{08}
S03:11:9	44	うう～ん　魔族の女の人って\n色っぽいのねぇん{08}	으으～음 마족 여자는\n요염하구나앙{08}
S03:11:10	65	わたし　あの魔族の服を見て\nめざめたわ\nもう　迷わないんだからぁ曖{08}	나 그 마족 옷을 보고\n눈을 떴어\n이제 안 망설일 거야♥{08}
S03:11:11	42	やっぱり服は色っぽくなきゃ\nダメよねぇん曖{08}	역시 옷은 섹시해야\n하는 법이지잉♥{08}
S03:12:0	43	魔族の謎が東にある……{0d}\nなんの話でしょう？{08}	마족의 수수께끼가 동쪽에……{0d}\n무슨 얘길까요?{08}
S03:12:1	46	わたしは　いつまでこうしていれば\nいいのかしら{08}	나는 언제까지 이러고\n있어야 할까{08}
S03:12:2	50	今日もうろうろ　明日もうろうろ\nもう　あきちゃった{08}	오늘도 어슬렁 내일도 어슬렁\n이제 질렸어{08}
S03:12:3	75	男たちは　どうしようもないな\nまったく　あなたたちがいたから\nいいものを……{08}	남자들은 구제 불능이야\n정말 너희가 있었으니\n다행이지……{08}
S03:12:4	65	……なんで　あの子\nいつもいっしょに公園を\nうろついているんだろう{08}	……왜 저 애는\n늘 같이 공원을\n어슬렁거릴까{08}
S03:12:5	44	ブルーン先生って\nけっこうイイ線いっているな{08}	브룬 선생님\n꽤 괜찮은데{08}
S03:12:6	29	なにやってるんですか　先生？{08}	뭐 하세요 선생님?{08}
S03:12:7	46	ブルーン先生さぁ\nまた　変なもの集めてないよね{08}	브룬 선생님\n또 이상한 거 모으는 거죠{08}
S03:12:8	61	ちがうちがう\n公園から　実験のサンプルを\n採取しているだけだよ{08}	아냐 아냐\n공원에서 실험 샘플을\n채취하는 것뿐이야{08}
S03:12:9	15	ほら　やっぱり{08}	거봐 역시{08}
S03:12:10	79	どうして　そうなるんだよ……\nわかったよ　もう君たちの前で\n実験なんかしないから{08}	왜 그렇게 되는 거야……\n알았어 이제 너희 앞에서\n실험 같은 건 안 할게{08}
S03:12:11	40	で　でも　先生の薬って\nよく効きますよね{08}	그 그래도 선생님 약은\n잘 듣죠{08}
S03:12:12	15	エリーは　甘い{08}	엘리는 물러{08}
S03:15:0	40	どうだい　このおだやかな海\n最高だろっ！{08}	어때 이 잔잔한 바다\n최고지!{08}
S03:15:1	51	やっぱりさ\nこの　一年中変わらない風景が\n好きなんだ{08}	역시\n일 년 내내 안 변하는 풍경이\n좋아{08}
S03:15:2	44	ここは連絡船がきた時だけ\nいそがしくなるんだ{08}	여긴 연락선이 올 때만\n바빠져{08}
S03:15:3	21	海もやっと元どおりね{08}	바다도 겨우 원래대로네{08}
S03:15:4	53	太陽の光も　場所によって\nちがうものなのよ\n知ってた？{08}	햇빛도 장소에 따라\n다르단다\n알고 있었니?{08}
S03:15:5	44	波の音をずっと聞いてると\nやっぱり眠くなるの{08}	파도 소리를 계속 듣고 있으면\n역시 졸려{08}
S03:17:0	64	恐い顔ならべて　どうしたのじゃ\nもしかしなくてもこの前のことかの{08}	무서운 얼굴들을 하고 웬일인가\n물을 것도 없이 저번 일이겠지{08}
S03:17:1	57	当たり！\nアタシ　じーさんのこと\n嫌いじゃないんだけどさ～{08}	정답!\n나 할아버지를\n싫어하진 않지만～{08}
S03:17:2	107	どうせ　わたしたちが知ってること\nしゃべっても大騒ぎでしょ？{08}\nなら　最後まで教えてくれたって\nいーじゃない？{08}	어차피 우리가 아는 걸\n말해도 난리가 날 거잖아요?{08}\n그럼 끝까지 가르쳐 줘도\n되잖아요?{08}
S03:17:3	67	簡単にいうのう\nこの世の中　そんなに単純なら\nこんなに苦労はせんわい{08}	쉽게 말하는구먼\n세상이 그렇게 단순하다면\n이렇게 고생은 안 하네{08}
S03:17:4	81	おじいちゃん　いいかげんにして！\nもう　わたしたち\n片足つっこんじゃってるのよ！？{08}	할아버지 적당히 좀 해요!\n이제 우리도\n한 발 들여놨다고요!?{08}
S03:17:5	164	まぁ　そうせめるな{0d}…{0d}…{0d}…\n……あの女魔族が　バルアという\nのは知っておるな{08}\nひとの弱い心に　つけこんでくる\nもっとも　やっかいな魔族じゃ\n十分　気をつけるのだぞ……{08}	뭐 너무 몰아세우지 말게{0d}…{0d}…{0d}…\n……그 여자 마족이 바르아라는\n건 알고 있겠지{08}\n사람의 약한 마음을 파고드는\n가장 골치 아픈 마족일세\n충분히 조심하게……{08}
S03:17:6	25	それだけ？　違うでしょう{08}	그게 다예요? 아니잖아요{08}
S03:17:7	81	それじゃ　聞くけど\nおじいちゃんと　そのバルアが\n知り合いなのは　どうしてなのよ？{08}	그럼 묻겠는데\n할아버지랑 그 바르아가\n아는 사이인 건 왜예요?{08}
S03:17:8	52	魔族が知り合いにいる人の言葉を\n頭から信用しろって？{08}	마족을 아는 사람의 말을\n무턱대고 믿으라고요?{08}
S03:17:9	52	そういうことをいってるわけでは\nないつもりじゃが……{08}	그런 말을 하려는 건\n아니네만……{08}
S03:17:10	57	おじいちゃんさ\nあまり見かけないけど\nどこで　何してるの？{08}	할아버지\n잘 안 보이던데\n어디서 뭐 해요?{08}
S03:17:11	73	ま……まいったのう\nなぜ　そう核心をつく言葉だけが\nぽんぽんとでてくるのだ{08}	이……이거 난처하구먼\n어째서 그렇게 핵심을 찌르는\n말만 톡톡 튀어나오는 겐가{08}
S03:17:12	153	おじいちゃん　わたしも聞きたいよ\nあの時のお城が\nどうしてイェンにいるの？{08}\nなぜ　魔族がイェンをほしがるの？\nあの男の人は誰？\nやっぱり　イェンが目的なの？{08}	할아버지 나도 묻고 싶어요\n그때 그 성이\n왜 옌에 있는 거예요?{08}\n왜 마족이 옌을 원해요?\n그 남자는 누구예요?\n역시 옌이 목적이에요?{08}
S03:17:13	58	うーむ　まいったまいった\nエリーにいわれると断りにくいのう{08}	으음 난처하구먼 난처해\n엘리가 말하면 거절하기 힘들어{08}
S03:17:14	54	でも　ウソはダメだからね\nそんなの　すぐわかるんだから{08}	그래도 거짓말은 안 돼요\n그런 건 금방 아니까{08}
S03:17:15	73	あ　あいも変わらず　口達者だのう\nわかったわかった\nいえることだけ　いおう{08}	여 여전히 말솜씨가 좋구먼\n알았네 알았어\n말할 수 있는 것만 말하지{08}
S03:17:16	42	少し　ひっかかるいいかただけど\nがまんする{08}	좀 걸리는 말투지만\n참을게요{08}
S03:17:17	163	バルアについては　いうことはない\nこれは　スティル先生とて同様だぞ\nレナ達だからというわけではない{08}\nあの男についても\n悪魔城を使ってイェンを\nねらっているとしかな……{08}	바르아에 대해선 할 말이 없네\n이건 스틸 선생도 마찬가지일세\n레나네라서 그런 게 아니야{08}\n그 남자에 대해서도\n악마성을 써서 옌을\n노린다는 것밖에……{08}
S03:17:18	73	その悪魔城って　あの\nウェディングケーキみたいなやつね\nいったいなんなの？{08}	그 악마성이란 게 그\n웨딩 케이크 같은 거죠\n대체 뭐예요?{08}
S03:17:19	51	………\nブルグの洞窟で見たのは\n偶然じゃなかったの？{08}	………\n부르그 동굴에서 본 건\n우연이 아니었어요?{08}
S03:17:20	120	うわさはあったのじゃが\n本当かどうかわからなかったのじゃ{08}子供たちをスカウトするついでに\n近くまでいったので立ち寄ったら…{08}	소문은 있었네만\n사실인지 알 수 없었지{08}아이들을 스카우트하는 김에\n근처에 갔길래 들렀더니…{08}
S03:17:21	89	まぁ…{0d}…{0d}\nあの時　いっしょに見たとおりじゃ{08}\nそれ以上のことは\n今はわしも　いいようがない{08}	뭐…{0d}…{0d}\n그때 같이 본 그대로일세{08}\n그 이상은\n지금 나도 말할 수가 없네{08}
S03:17:22	63	わかったよ　おじいちゃん\nでも　またなにかわかったら\nおしえてね{08}	알겠어요 할아버지\n그래도 또 뭔가 알게 되면\n알려 줘요{08}
S03:17:23	34	エリーが納得するなら\nそれでいいや{08}	엘리가 납득한다면\n그걸로 됐어{08}
S03:17:24	69	それじゃあ……\nテストもあるし　帰ろうか\nさぼっちゃっても　いいけどね{08}	그럼……\n시험도 있으니 돌아갈까\n땡땡이쳐도 되지만{08}
S03:17:25	23	レナ　そんなのだめだよ{08}	레나 그러면 안 돼{08}
S03:17:26	48	おこんないでよ\nじょうだんに決まってるでしょ！！{08}	화내지 마\n농담인 게 당연하잖아!!{08}
S03:17:27	116	なんじゃ　今日はテストなのに\nこんなところまで来とるのか\n早く帰りなさい{08}\nそうだ　ついでに\nこの魔法を覚えていくといい{08}	뭔가 오늘 시험인데\n이런 데까지 왔나\n얼른 돌아가게{08}\n그렇지 겸사겸사\n이 마법을 배워 가게{08}
S03:17:28	23	レナはシールドを覚えた{08}	레나는 실드를 익혔다{08}
S03:17:29	63	べつに　こんなことぐらいじゃ\nごまかされないからね\nおじいちゃん{08}	딱히 이 정도로는\n안 넘어가거든요\n할아버지{08}
S03:17:30	32	き　きっついのう\nとほほほほ……{08}	매 매정하구먼\n허허허허……{08}
S03:17:31	42	……まったく\nテストなら　はよういくがいい{08}	……정말이지\n시험이면 얼른 가게{08}
S03:17:32	29	おじいちゃん　冷たいじゃない{08}	할아버지 차갑네{08}
S03:17:33	29	レナがいいすぎるからだよ……{08}	레나가 말이 심해서 그래……{08}
S03:17:34	47	なんじゃ\nダディス先生のテストは\n借り物競争か？{08}	뭔가\n다디스 선생의 시험은\n물건 빌리기 경주인가?{08}
S03:17:35	45	なに　それ？\nそんなんで競争するの？\n変なの～{08}	뭐예요 그게?\n그런 걸로 경주해요?\n이상해～{08}
S03:17:36	27	せ　世代の差をかんじるのう{08}	세 세대 차이가 느껴지는구먼{08}
S03:17:37	59	せっかくの\nぎゃぐ　だったのだが\nこの娘たちには通じんか……{08}	모처럼의\n개그였는데\n이 아가씨들한텐 안 통하나……{08}
S03:17:38	48	おじいちゃんさ\nあらいざらい吐いたら笑ってあげる{08}	할아버지\n다 털어놓으면 웃어 줄게요{08}
S03:17:39	85	ほ　ほんとに　かわいくないのう\n寿命が　本気でちぢむわい\nけっして悪い子ではないのだが{08}	저 정말 귀염성이 없구먼\n수명이 진짜로 줄겠네\n결코 나쁜 아이는 아니지만{08}
S03:17:40	42	悪口は　本人のいる前じゃ\nえんりょしてね曖{08}	험담은 본인 앞에서는\n삼가 줘♥{08}
S03:18:0	61	ここは　さっきまで\nモンスターの墓場だったのさ{0d}{0d}\n本当だぞ！？{08}	여긴 아까까지\n몬스터 무덤이었다고{0d}{0d}\n진짜라니까!?{08}
S03:18:1	50	モンスターなんかよ\nばった　ばった　あっというまよ{08}	몬스터 따위\n퍽퍽 순식간이지{08}
S03:18:2	11	すごいべ！{08}	대단하지!{08}
S03:18:3	61	オレは昔　魔法学園の先生も\nやってたんだ\nウ　ウソじゃねえって{08}	나는 옛날에 마법학원 선생님도\n했었어\n거 거짓말 아니라니까{08}
S03:18:4	62	自慢じゃないが　このおれは\n真の…{0d}…\nい　いや　なんでもねぇ…{08}	자랑은 아니지만 이 몸은\n진정한…{0d}…\n아 아니 아무것도 아냐…{08}
S03:18:5	40	あぁーー　暇だ！\nこれでは腕がなまる！！{08}	아아아 한가하다！\n이래선 팔이 무뎌진다！！{08}
S03:20:0	52	結果はどうでもいいけど\nアンチたちに負けたくないわね{08}	결과는 아무래도 좋지만\n안치네한텐 지기 싫어{08}
S03:20:1	51	そうだね\nでもやっぱり\nいい結果がでるようにしなきゃ{08}	그렇지\n그래도 역시\n좋은 결과가 나오게 해야지{08}
S03:20:2	34	なによ　セニア\nいい子ぶっちゃって{08}	뭐야 세니아\n착한 척하긴{08}
S03:20:3	40	アタシには　村の\nメイヨがかかってるの！{08}	나한텐 마을의\n명예가 걸려 있다고!{08}
S03:20:4	21	よし　いこうみんな！{08}	좋아 가자 다들!{08}
S03:20:5	46	こ　こんなところで\nなに　してるんですか……？{08}	이 이런 데서\n뭐 하세요……?{08}
S03:20:6	89	倉庫の整理をやらされてるんだよ\nったく…やっとダディス先生の\n忘れ物探しの日がきてくれたか{08}	창고 정리를 떠맡았어\n참…드디어 다디스 선생님의\n물건 찾는 날이 왔구나{08}
S03:20:7	40	ふ　ふかく考えないようにして\nおきましょ{08}	기 깊게 생각하지 않기로\n하자{08}
S03:20:8	63	あの～\nパラス石　コスク草　ペール水の\n場所を聞きたいんですけど{08}	저기～\n팔라스석 코스크풀 페일수가\n어디 있는지 묻고 싶은데요{08}
S03:20:9	73	そんなの　わかんないな\nここは　イェンで一番\nたちの悪いところなんだからさ{08}	그런 거 몰라\n여긴 옌에서 제일\n고약한 곳이니까{08}
S03:20:10	57	わかりました\nわたしたち　テストなんで\nこの奥にいきますね{08}	알겠어요\n저희 시험이라서\n이 안쪽으로 갈게요{08}
S03:20:11	109	あっ　待てよ\n倉庫の扉は　入口にあるマスクが\nカギになってるよ{08}\n化粧魔法をつかって\nなんとかしないと開かないぞ{08}\n	앗 기다려\n창고 문은 입구에 있는 가면이\n열쇠로 돼 있어{08}\n화장 마법을 써서\n어떻게든 안 하면 안 열려{08}\n
S03:20:12	59	わかったわ　ありがとう\nじゃあ　死なない程度に\nがんばってね{08}	알았어 고마워\n그럼 안 죽을 정도로\n힘내{08}
S03:20:13	25	うっ　生意気なやつだな～{08}	윽 건방진 녀석이네～{08}
S03:20:14	91	だから　倉庫の扉は入口にある\nマスクに化粧をためしてみなよ\n一応　ドロボウよけになってるのさ{08}	그러니까 창고 문은 입구의\n가면에 화장을 해 봐\n일단 도둑 방지용이거든{08}
S03:20:15	81	おまえら地上に帰れるのか！\nお願いだから　こんどきたら\n差し入れ持ってきてくれよ！{08}	너희 지상에 돌아갈 수 있냐!\n부탁이니까 다음에 올 땐\n먹을 거 좀 가져다줘!{08}
S03:20:16	40	ここは　ほんとに\n魔法学園なのかしら……{08}	여기 정말\n마법학원 맞아……?{08}
S03:20:17	74	こ　この中から　パラス石を\n見つけてほしいんですけど……{0d}\nああ　疲れた……{08}	이 이 중에서 팔라스석을\n찾아 줬으면 하는데요……{0d}\n아아 피곤해……{08}
S03:20:18	29	この中に本物はあるのかな……{08}	이 안에 진짜가 있을까……{08}
S03:20:19	34	はは……\n全部　パラス石だよ　コレ{08}	하하……\n전부 팔라스석이야 이거{08}
S03:20:20	42	いままでの　苦労って\nなんだったんだろ……{08}	지금까지의 고생은\n뭐였을까……{08}
S03:20:21	21	パラス石を手に入れた{08}	팔라스석을 손에 넣었다{08}
S03:20:22	51	なんなら\nぜんぶ持って帰ってくれよ\nここも片づくしさ{08}	괜찮으면\n전부 가져가 줘\n여기도 정리되고{08}
S03:20:23	21	なによ　このお面……{08}	뭐야 이 가면……{08}
S03:20:24	29	アタシの村にある　石像みたい{08}	우리 마을에 있는 석상 같아{08}
S03:20:25	52	まったく悪趣味なんだから……\n落書きしちゃおうかしら{08}	정말 악취미라니까……\n낙서해 버릴까{08}
S03:20:26	21	ダァーディィース！！{08}	다아～디이～스!!{08}
S03:20:27	44	レナが　落書きなんか\nしようとするからだ！！{08}	레나가 낙서하려고\n하니까 그렇지!!{08}
S03:20:28	69	ば　ばかね！\nその前に　セニアのつまらない話を\n聞いていたんでしょ！！{08}	바 바보!\n그 전에 세니아의 시시한\n얘기를 들었잖아!!{08}
S03:20:29	31	ちょっと二人とも　やめようよ！{08}	잠깐 둘 다 그만해!{08}
S03:20:30	38	いいから　もう一度だけ\nよく見てみよう{08}	됐으니까 한 번만 더\n잘 보자{08}
S03:20:31	19	ダァーディィース！{08}	다아～디이～스!{08}
S03:20:32	33	わーっ！！{0d}{0d}{0d}{0d}{0d}\nって{0d}…{0d}…あれ？{08}	으악～!!{0d}{0d}{0d}{0d}{0d}\n……{0d}…{0d}…어라?{08}
S03:20:33	17	声だけみたいだね{08}	목소리뿐인가 봐{08}
S03:20:34	74	なによ　このお面！！{0d}\nべつに　ホメてほしいって\nわけでもなさそうだけど……{08}	뭐야 이 가면!!{0d}\n딱히 칭찬해 달라는\n것 같지도 않은데……{08}
S03:20:35	27	他の道を　さがしてみようよ{08}	다른 길을 찾아보자{08}
S03:20:36	20	ダァーディィース！{08}\n	다아～디이～스!{08}\n
S03:20:37	50	キャーッ！！　{0d}{0d}って\n何度も驚くわけないでしょ！！{08}	꺄악!! {0d}{0d}……이라고\n몇 번이나 놀랄 리 없잖아!!{08}
S03:20:38	54	まったく　こんなことさせて\nなんの意味があるのかしら！{08}	정말 이런 걸 시켜서\n무슨 의미가 있다는 거야!{08}
S03:20:39	54	だ　だからテストなんだろ？\nレナさぁ　お願いだから……{08}	그 그러니까 시험이잖아?\n레나 부탁이니까……{08}
S03:20:40	65	大丈夫　わかってるわよ\nまあ　ここはまかせて\nわたしが開けてあげる{08}	괜찮아 알고 있어\n뭐 여긴 맡겨 둬\n내가 열어 줄게{08}
S03:20:41	104	アルテナさまに\nあこがれた少女は♪{0d}\n青き星に祈り　星空になにを想う？{0d}{08}{0c}\n　\n　　　うつくしの化粧よ！！\n　{08}	알테나 님을\n동경한 소녀는♪{0d}\n푸른 별에 빌며 무얼 그리나?{0d}{08}{0c}\n　\n　　　아름다움의 화장이여!!\n　{08}
S03:20:42	34	魔法なのに\n音程はずしまくりだ～！{08}	마법인데\n음정이 완전 엉망이야～!{08}
S03:20:43	19	ダァーディィース！{08}	다아～디이～스!{08}
S03:20:44	36	いたたた……\nな　なかなか手強いわね{08}	아야야……\n꽤 까다롭네{08}
S03:20:45	9	…………{08}	…………{08}
S03:20:46	42	まあ　とにかく\nちがう魔法をためさないとね{08}	뭐 아무튼\n다른 마법을 시험해 봐야겠어{08}
S03:20:47	83	つるぎのまう大地！{0d}\nあやかしの瞳を　その心で断て！{0d}{08}{0c}\n　\n　　　戦の化粧よ！！！\n　{08}	검이 춤추는 대지여!{0d}\n요사한 눈을 마음으로 베라!{0d}{08}{0c}\n　\n　　　싸움의 화장이여!!!\n　{08}
S03:20:48	19	ダァーディィース！{08}	다아～디이～스!{08}
S03:20:49	31	こんどは　わたしがやってみる！{08}	이번엔 내가 해 볼게!{08}
S03:20:50	54	空を飛ぶことを夢見て♪{0d}\n少女は天使に祈り続けました♪{0d}{08}	하늘을 나는 꿈을 꾸며♪{0d}\n소녀는 천사에게 빌었어요♪{0d}{08}
S03:20:51	33	……つばさよ　この化粧に命を！！{08}	……날개여 이 화장에 생명을!{08}
S03:20:52	46	ちょっと　エリー！\nそんな簡単な魔法でいいの？{08}	잠깐 엘리!\n그런 간단한 마법이면 돼?{08}
S03:20:53	42	でも　一番\n自信あるのはこれだけだから……{08}	그래도 제일\n자신 있는 게 이것뿐이라……{08}
S03:20:54	47	あの先生……{0d}{0d}{0d}\nぜったいどこかで聞いてるな！！{08}	그 선생님……{0d}{0d}{0d}\n분명 어디서 듣고 있어!!{08}
S03:20:55	38	扉が開いたんだから\nすこしは喜んでよ～{08}	문이 열렸으니까\n좀 기뻐해 줘～{08}
S03:20:56	56	どうして　乙女がこんな真似を\nしなくちゃいけないわけ！？{08}	왜 소녀가 이런 짓을\n해야 하는 건데!?{08}
S03:20:57	33	乙女じゃないからに決まってるさ！{08}	소녀가 아니니까 당연하지!{08}
S03:20:58	67	そんなこといいあっても\n力を　つかうだけだよ……？\n静かに運ぼうよ～{08}	그렇게 말다툼해 봤자\n힘만 빠질 뿐이야……?\n조용히 옮기자～{08}
S03:20:59	33	く　苦しいときほど笑わなくっちゃ{08}	괴 괴로울 때일수록 웃어야지{08}
S03:20:60	77	レ　レナの　そういうところ\nたまに　ゆ　ゆるせなくなるんだ{0d}{0d}\n……重いーっ！！{08}	레 레나의 그런 점은\n가끔 요 용서가 안 돼{0d}{0d}\n……무거워～!!{08}
S03:20:61	59	も　もうダメ！\n最後に　おいしいもの\n食べたかったのにー！！{08}	이 이제 못 해!\n마지막으로 맛있는 거\n먹고 싶었는데～!!{08}
S03:20:62	33	お　重いね　わたしも疲れちゃった{08}	무 무겁다 나도 지쳤어{08}
S03:20:63	42	ち　ちょっと　レナ！\nどこまでいくのよ！！{08}	자 잠깐 레나!\n어디까지 가는 거야!!{08}
S03:20:64	60	こ　この苦しみを　みんなにも\nわけてあげようかな～　なんて曖{08}	이 이 괴로움을 모두한테도\n나눠 줄까～ 해서♥{08}
S03:20:65	29	もう　おまえは笑うなーっ！！{08}	이제 넌 웃지 마～!!{08}
S03:20:66	56	な　なにやってんのよ！\nあんたたち　攻撃があまいわよ！！{08}	뭐 뭐 하는 거야!\n너희 공격이 약하잖아!!{08}
S03:20:67	53	う　うるせー！\nこんな敵\nオレ様が本気でやればなあ……{08}	시 시끄러～!\n이런 적은\n이 몸이 진심만 내면……{08}
S03:20:68	85	せっかく気をそらしてやったのに\nどうして　トドメをささないのよ\nこの　モンスターは！！{08}	모처럼 한눈팔게 해 줬는데\n왜 숨통을 안 끊는 거야\n이 몬스터는!!{08}
S03:20:69	9	…………{08}	…………{08}
S03:20:70	85	がんばれー！\nモンスターー！！{08}\nひねりつぶしちゃえー！！\nえんりょしてんじゃないわよー{08}	힘내～!\n몬스터～!!{08}\n짓눌러 버려～!!\n사양하지 말라고～{08}
S03:20:71	23	あ～あ　だまっちゃった{08}	아～아 조용해졌다{08}
S03:20:72	9	……っス{08}	……요{08}
S03:20:73	9	…………{08}	…………{08}
S03:20:74	77	さっすが　レナ……\nあのバカどもをだまらせちゃったよ{0d}{0d}\n……でも　重いよ～！！{08}	역시 레나……\n저 바보들을 입 다물게 했어{0d}{0d}\n……그래도 무거워～!!{08}
S03:20:75	59	やい　見てみやがれ！\nモンスターを\nここまで追いつめたぜ！！{08}	야 봐라!\n몬스터를\n여기까지 몰아붙였다!!{08}
S03:20:76	17	どんなもんだっス{08}	어때요{08}
S03:20:77	25	ぼくたちをあまく見るなよ{08}	우리를 얕보지 마{08}
S03:20:78	25	なに　バカ　やってるのよ{08}	무슨 바보짓이야{08}
S03:20:79	15	一生やってろ！{08}	평생 그러고 있어!{08}
S03:20:80	79	おーい　モンスターッ！\nよくあきずに　こいつらの\n相手なんかしてられるわねぇ！！{08}	어이 몬스터!\n용케 질리지도 않고 이 녀석들\n상대를 해 주는구나!!{08}
S03:20:81	61	アンチたちを足止めしてくれて\nありがとね　\nモンスターちゃん曖{08}	안치네를 붙잡아 둬서\n고마워\n몬스터짱♥{08}
S03:20:82	40	ハダカにしてから\n公園につるそうかな……{08}	벌거벗겨서\n공원에 매달까……{08}
S03:20:83	19	パ……パス　その１{08}	패……패스 그 １{08}
S03:20:84	19	わたしも　反対……{08}	나도 반대……{08}
S03:20:85	46	……考えてたら\nどうでもよくなってきちゃったな{08}	……생각하다 보니\n아무래도 좋아졌어{08}
S03:20:86	31	も　もう　ゆるしてあげようよー{08}	이 이제 용서해 주자～{08}
S03:20:87	50	あれ？　あそこの棚にあるのって\nペール水じゃない？{08}	어라? 저기 선반에 있는 거\n페일수 아냐?{08}
S03:20:88	25	エリー　よくわかったね～{08}	엘리 용케 알았네～{08}
S03:20:89	56	ダディス先生の授業を聞いてれば\nわかるはずなんだけど……{08}	다디스 선생님 수업을 들었으면\n알 텐데……{08}
S03:20:90	21	それじゃ　とりましょ{08}	그럼 꺼내자{08}
S03:20:91	64	なあ　どうして　そうなるんだよ？\nエリーにまかせればいいのに……{08}	야 왜 그렇게 되는 건데?\n엘리한테 맡기면 될 텐데……{08}
S03:20:92	21	あ　あぶない　レナ！{08}	위 위험해 레나!{08}
S03:20:93	15	い　いたいっ！{08}	아 아파!{08}
S03:20:94	68	あ～あ　コナゴナだぁ……\nなんにもなくなっちゃったよ\n……{0d}どうする？{08}	아～아 산산조각이다……\n하나도 안 남았어\n……{0d}어떡해?{08}
S03:20:95	86	いいわよ　わたしがこわしたから{0d}\nわたしがさがすわよ！\nふたりとも　とっちゃダメだからね{08}	됐어 내가 깼으니까{0d}\n내가 찾을 거야!\n둘 다 꺼내면 안 돼{08}
S03:20:96	31	どうして　そうなるんだよーっ！{08}	왜 그렇게 되는 건데～!{08}
S03:20:97	27	ぺール水　見てらっしゃい！{08}	페일수 두고 봐!{08}
S03:20:98	17	レ～ナ～ってばぁ{08}	레～나～ 정말{08}
S03:20:99	36	これって　もしかして\nパラス石かな？{08}	이거 혹시\n팔라스석일까?{08}
S03:20:100	34	なにこれ？\n石に見えないけど{0d}…{0d}…{08}	뭐야 이거?\n돌로 안 보이는데{0d}…{0d}…{08}
S03:20:101	85	……し　しかたないわねぇ\n持てるだけ持って　さっきの人に\n調べてもらうしかないじゃない{08}	……어 어쩔 수 없네\n들 수 있는 만큼 들고 가서\n아까 그 사람한테 묻자{08}
S03:20:102	29	それじゃ　ひとり一個ずつだな{08}	그럼 한 사람당 하나씩이다{08}
S03:20:103	32	お　重い！\nやっぱり石だね　コレ{08}	무 무거워!\n역시 돌이네 이거{08}
S03:20:104	77	３コもあれば　どれかひとつは\n本物があるでしょう\nさ　調べてもらいにいきましょ{08}	３개나 있으면 하나쯤은\n진짜가 있겠지\n자 물어보러 가자{08}
S03:20:105	19	謎の石を手に入れた{08}	수수께끼의 돌을 손에 넣었다{08}
S03:20:106	11	あ　あれ？{08}	어 어라?{08}
S03:20:107	48	あっ　コスク草　見～つけた\nあとは　あの水だけね{08}	앗 코스크풀 찾～았다\n이제 그 물만 남았네{08}
S03:20:108	25	……どうしてわかったの？{08}	……어떻게 알았어?{08}
S03:20:109	73	いためて食べると　おいしいって\nダディス先生がいってたじゃない\n忘れたの？{08}	볶아 먹으면 맛있다고\n다디스 선생님이 말했잖아\n잊었어?{08}
S03:20:110	17	し　知らない……{08}	모 몰라……{08}
S03:20:111	48	１コしかないのね\nこれは当然　わたしのだからね曖{08}	하나밖에 없네\n이건 당연히 내 거야♥{08}
S03:20:112	63	おまえら！！　いっつも{0d}いっつも\nじゃまばっかり　しやがって！！{08}	너희!! 맨날{0d}맨날\n방해만 하고!!{08}
S03:20:113	9	レナッ！{08}	레나!{08}
S03:20:114	42	この草は　イタダキだぜ！\n案内ごくろう！！{08}	이 풀은 받아 간다!\n안내 수고했다!!{08}
S03:20:115	23	も　もう許さないぞ！！{08}	이 이제 용서 못 해!!{08}
S03:20:116	15	き　来たっス！{08}	오 왔어요!{08}
S03:20:117	13	よし　今だ！{08}	좋아 지금이다!{08}
S03:20:118	56	アンチのアニキは　逃げ足だけなら\n誰にも負けないっス！！{08}	안치 형님은 도망치는 발만은\n누구한테도 안 져요!!{08}
S03:20:119	26	そういうことだぜ\n電撃女！{08}	그런 거다\n전격녀!{08}
S03:20:120	19	なんだって～ぇ！！{08}	뭐라고～오!!{08}
S03:20:121	38	ア　アニキーッ！\nつかれたっスぅ～……{08}	혀 형님～!\n지쳤어요～……{08}
S03:20:122	15	ちょっと休もう{08}	좀 쉬자{08}
S03:20:123	36	バ　バカヤロー！！\n休んでる場合か！{08}	바 바보야!!\n쉴 때냐!{08}
S03:20:124	19	へん　残念賞だ！！{08}	흥 아차상이다!!{08}
S03:20:125	17	ちっきしょー！！{08}	젠장～!!{08}
S03:20:126	28	追いつめたぞ！\nかくごしな！{08}	몰아붙였다!\n각오해!{08}
S03:20:127	33	アニキーッ！　　　アンチーッ！！{08}	형님～!　　　안치～!!{08}
S03:20:128	36	うわー！\nタ　{0d}タンマ　タンマッ{0d}！！{08}	으악～!\n자{0d} 잠깐 잠깐{0d}!!{08}
S03:20:129	52	はあはあ……やっとつかまえたぞ\nおい！　あやまれ！！{08}	헉헉……겨우 잡았다\n야! 사과해!!{08}
S03:20:130	34	セニア～\nアンチ　気絶してるよ……{08}	세니아～\n안치 기절했어……{08}
S03:20:131	60	なんか　アンチの名前をいいながら\n逃げていったバカもいるわね{08}	안치 이름을 부르면서\n도망친 바보도 있네{08}
S03:20:132	79	どうする　こいつ！？\nここが　アタシの村だったら\n起こして　ケットウするんだけど{08}	어떡해 이 녀석!?\n여기가 우리 마을이었으면\n깨워서 결투하는 건데{08}
S03:20:133	31	と　とにかく回復してあげようよ{08}	아 아무튼 회복시켜 주자{08}
S03:20:134	54	とりあえず　コスク草を返して\nもらってから考えましょう{08}	일단 코스크풀부터 돌려받고\n생각하자{08}
S03:20:135	21	コスク草を手に入れた{08}	코스크풀을 손에 넣었다{08}
S03:20:136	23	あとはペール水だけだな{08}	이제 페일수만 남았다{08}
S03:20:137	87	わたしの決心はかわってないからね\nぜーったい　自分でとるから\nまだ　さがせばあるはずよ！{08}	내 결심은 안 바뀌었어\n절～대 내가 꺼낼 거야\n더 찾으면 있을 거야!{08}
S03:20:138	45	レナ～\nとりあえず　アンチを\n回復してあげなよ{08}	레나～\n일단 안치를\n회복시켜 줘{08}
S03:20:139	85	うーん……　気が進まないけど\nコスク草も手に入れたことだし\nエリーがそういうなら{0d}…{0d}…{08}	으음…… 내키진 않지만\n코스크풀도 되찾았고\n엘리가 그렇게 말한다면{0d}…{0d}…{08}
S03:20:140	26	あれ？\nリックとクールは？{08}	어라?\n릭이랑 쿨은?{08}
S03:20:141	36	あんたをおいて\nにげてっちゃったわよ{08}	너를 두고\n도망가 버렸어{08}
S03:20:142	30	ちくしょう！\nおぼえてろよー！{08}	젠장!\n두고 보자～!{08}
S03:20:143	21	えーと　なにもないよ{08}	음 아무것도 없어{08}
S03:20:144	54	わけわかんないわねー\nこんなお面　なににつかうのかしら{08}	알 수가 없네～\n이런 가면 어디에 쓰는 걸까{08}
S03:20:145	29	えーっ　祭りの時じゃないの？{08}	에～ 축제 때 아냐?{08}
S03:20:146	62	そのお祭りって　おもしろそうだね\nいつか　遊びにいってもいい？{08}	그 축제 재밌겠다\n언젠가 놀러 가도 돼?{08}
S03:20:147	25	エリーなら　大歓迎だよ！{08}	엘리라면 대환영이야!{08}
S03:20:148	60	あの人さ　ここまで片づけるのかな\nすごく……かわいそうだよね{08}	그 사람 여기까지 치우는 걸까\n엄청……불쌍하다{08}
S03:20:149	36	ま　まさか……\nでも　ありうるわ……{08}	서 설마……\n그래도 있을 법해……{08}
S03:20:150	19	いき止まりよね……{08}	막다른 길이지……{08}
S03:20:151	15	いき止まりだろ{08}	막다른 길이잖아{08}
S03:20:152	21	いき止まりだよね……{08}	막다른 길이네……{08}
S03:20:153	33	つ　つかれる会話はやめなさいよ！{08}	피 피곤한 대화는 그만해!{08}
S03:20:154	93	ねえ……みんなが魔法を使うたびに\nセニアの　こわしたところから\nくずれていくような気がしない？{08}	있잖아……다들 마법 쓸 때마다\n세니아가 부순 데서부터\n무너지는 것 같지 않아?{08}
S03:20:155	36	うん　する\nふつうに戦っててもするよ{08}	응 그래\n그냥 싸워도 그래{08}
S03:20:156	56	な　なにいってんだよー！\n気のせいにきまってるじゃんか！{08}	무 무슨 소리야～!\n기분 탓이 당연하잖아!{08}
S03:20:157	9	…………{08}	…………{08}
S03:20:158	64	どうして　そこで口がとまるんだよ\nアタシも不安になるじゃないか！{08}	왜 거기서 말을 멈추는 거야\n나까지 불안해지잖아!{08}
S03:20:159	38	ねえ　すごくイヤな予感が\nするんだけど{08}	있잖아 엄청 불길한 예감이\n드는데{08}
S03:20:160	48	えーっ　ほんとに！？\nと　とにかく急ぎましょ！！{08}	에～ 정말!?\n아 아무튼 서두르자!!{08}
S03:20:161	77	どうしてそんなに　あせるんだよ\n大丈夫だって！\n二人とも　キモっタマ小さいなー{08}	왜 그렇게 서두르는 거야\n괜찮다니까!\n둘 다 간이 콩알만 하네～{08}
S03:20:162	79	そんなの小さくったっていいわよ\nエリーのカンって昔から外れたこと\nないんだからね{08}	콩알만 해도 괜찮아\n엘리 감은 옛날부터 틀린 적이\n없거든{08}
S03:20:163	44	あ　いま　かんぜんに\nカベがくずれたわね……{08}	아 지금 완전히\n벽이 무너졌네……{08}
S03:20:164	31	そ　そんな目でアタシをみるなよ{08}	그 그런 눈으로 날 보지 마{08}
S03:20:165	13	いそごう！！{08}	서두르자!!{08}
S03:20:166	38	ちょっと　セニア\nどうにかしなさいよ！{08}	잠깐 세니아\n어떻게 좀 해 봐!{08}
S03:20:167	136	そんなの八つ当たりじゃんか！\nじゃあ　レナが素手で敵をたおせば\nいいだろーっ！！{08}\nアタシの魔法が　一番きいてるから\n二人とも無事なんだぞ！{08}	그건 괜한 화풀이잖아!\n그럼 레나가 맨손으로 적을\n쓰러뜨리든가～!!{08}\n내 마법이 제일 잘 먹혀서\n둘 다 무사한 거라고!{08}
S03:20:168	52	ちょっと　二人とも\nそんなことしている場合じゃないよ{08}	잠깐 둘 다\n그럴 때가 아니잖아{08}
S03:20:169	21	は　早くしましょう！{08}	빠 빨리 하자!{08}
S03:20:170	19	うん　急がないとね{08}	응 서둘러야지{08}
S03:20:171	36	ここにもありそうじゃない？\nペール水{08}	여기도 있을 것 같지 않아?\n페일수{08}
S03:20:172	17	よし　さがそう！{08}	좋아 찾자!{08}
S03:20:173	33	げ　芸術のいきに　たっしてるわね{08}	예 예술의 경지에 이르렀네{08}
S03:20:174	21	あった　これだろ！！{08}	찾았다 이거지!!{08}
S03:20:175	21	ペール水を手に入れた{08}	페일수를 손에 넣었다{08}
S03:20:176	126	あぁ！　わたしがみつける\nハズだったのにぃ……\nまぁ　みつかってよかったけど…{08}\nじつは　どうやって責任とろうか\n考えてたのよ……{08}	아아! 내가 찾을\n생각이었는데에……\n뭐 찾았으니 다행이지만…{08}\n실은 어떻게 책임질까\n고민하고 있었어……{08}
S03:20:177	77	さぁ　これで探していたものは\n全部みつけたことになるね\n先生に早くとどけようよ{08}	자 이걸로 찾던 건\n다 찾은 셈이네\n얼른 선생님께 갖다드리자{08}
S03:20:178	40	ちょ　ちょっと\nいきなりなんなのよー！？{08}	자 잠깐\n갑자기 뭐야～!?{08}
S03:20:179	11	くるぞ！！{08}	온다!!{08}
S03:20:180	19	…………{0d}{0d}{0d}{0d}{0d}{0d}{0d}{0d}{0d}{0d}\n	…………{0d}{0d}{0d}{0d}{0d}{0d}{0d}{0d}{0d}{0d}\n
S03:20:181	41	あ　やっぱり　こうなるの……？{0d}{0d}{0d}{0d}{0d}{0d}{0d}{0d}{0d}{0d}\n	아 역시 이렇게 되는 거야?{0d}{0d}{0d}{0d}{0d}{0d}{0d}{0d}{0d}{0d}\n
S03:20:182	27	く　くずれる！！{0d}{0d}{0d}{0d}{0d}{0d}{0d}{0d}{0d}{0d}\n	무 무너진다!!{0d}{0d}{0d}{0d}{0d}{0d}{0d}{0d}{0d}{0d}\n
S03:20:183	59	いつになったら出られるのかなぁ\nブツ……{0d}ブツ……{0d}ブツ……{0d}{08}	언제쯤 나갈 수 있으려나\n중얼……{0d}중얼……{0d}중얼……{0d}{08}
S03:20:184	15	あ　あのぉ……{08}	저 저기……{08}
S03:20:185	49	フロに入りてぇなぁー\nブツ……{0d}ブツ……{0d}ブツ……{0d}{08}	목욕하고 싶다～\n중얼……{0d}중얼……{0d}중얼……{0d}{08}
S03:20:186	21	まっ　また来ます……{08}	또 또 올게요……{08}
S03:20:187	31	じゃ　１個だけもっていきましょ{08}	그럼 하나만 가져가자{08}
S03:20:188	46	天ぷらがいいかしら\nそれともサラダがいいかしら{08}	튀김이 좋을까\n아니면 샐러드가 좋을까{08}
S03:20:189	33	今すぐ　このまま食べちゃおうかな{08}	지금 당장 이대로 먹어 버릴까{08}
S03:20:190	22	う～ん　こまっちゃ……	으～음 곤란해……
S03:20:191	69	レナはわたしにまかせて\nセニアは　コスク草を\nとりかえして！　お願い！{08}	레나는 나한테 맡기고\n세니아는 코스크풀을\n되찾아 줘! 부탁해!{08}
S03:20:192	11	よしっ！！{08}	좋아!!{08}
S03:20:193	36	モンスターがじゃまで\n進めないっス…{08}	몬스터가 방해돼서\n못 가겠어요…{08}
S03:20:194	25	しつこいモンスターだよね{08}	끈질긴 몬스터네{08}
S03:21:0	10	台詞なし{08}\n	대사없음{08}\n
S03:22:0	19	でっかい塔だなぁ～{08}	커다란 탑이다～{08}
S03:22:1	25	橋が壊れてて  入れないね{08}	다리가 부서져서 못 들어가겠어{08}
S04:0:0	251	あっはっは　よくきたね！\nアタシはこの学園寮の寮母　ステラ{08}\nみんなが好きな　おいしいごはんを\n作るのがアタシの仕事さ{08}\nしばらくぶりに帰ってきたと\n思ったら　あんたたちのような子と\n会えるとはねぇ{08}\nすっごいじゃないか\nあんな派手な壊れ方した建物\n初めて見たよ{08}	아하하 잘 왔다!\n나는 이 기숙사 사감 스텔라{08}\n다들 좋아하는 맛있는 밥을\n만드는 게 내 일이야{08}\n오랜만에 돌아왔나 했더니\n너희 같은 애들을\n만나게 될 줄이야{08}\n대단하잖니\n그렇게 요란하게 부서진 건물은\n처음 봤어{08}
S04:0:1	35	も　{0d}{0d}もう　そのお話はできれば……{08}	그{0d}{0d} 그 얘긴 가능하면 좀……{08}
S04:0:2	81	なんでも　建物の大柱を\nぜんぶ素手で壊したんだって？\nアタシも見てみたかったよぉ～{08}	듣자 하니 건물 큰 기둥을\n전부 맨손으로 부쉈다며?\n나도 보고 싶었어～{08}
S04:0:3	55	い　{0d}いや　素手でっていうのは{0d}{0d}\nあの　ちょっと違っ……{08}	아{0d} 아니 맨손이라는 건{0d}{0d}\n저기 좀 다른……{08}
S04:0:4	173	なにいってんだい\nいいわけなんか　いいんだよ{08}\nちょっとくらい元気すぎる方が\n健康的で　アタシは好きだよ{08}\nでも　ここでは\nちょっと　我慢するんだよ\n寝る所がなくなっちまうからね！{08}	무슨 소리니\n변명 같은 건 안 해도 돼{08}\n조금 기운이 넘치는 편이\n건강해서 난 좋단다{08}\n그래도 여기선\n좀 참으렴\n잘 곳이 없어지니까!{08}
S04:0:5	54	あの……{0d}{0d}ステラおばさんは\n誰が元凶かって聞いてます？{08}	저기……{0d}{0d}스텔라 아줌마는\n누가 원흉인지 들으셨어요?{08}
S04:0:6	144	大丈夫！　あんたたちを見れば\nワザとかどうかなんて\n一発でわかるから安心おし！！{08}{0c}さ　２階に空き部屋があるから\nそこをおつかい\nはい　{0d}解散　解散！{08}	괜찮아! 너희를 보면\n일부러인지 아닌지\n한눈에 아니까 안심하렴!!{08}{0c}자 ２층에 빈방이 있으니\n거길 쓰렴\n자 {0d}해산 해산!{08}
S04:0:7	54	は　{0d}{0d}話の流れが変えられないわ\nいちばんの強敵かも……{08}	얘{0d}{0d} 얘기 흐름을 못 바꾸겠어\n최강의 적일지도……{08}
S04:0:8	75	あら……\n何ですの　勝手に入ってきて{08}\nあなたがたは寮の人間では\nないでしょう{08}	어머……\n뭐죠 멋대로 들어오다니{08}\n당신들은 기숙사 사람이\n아니잖아요{08}
S04:0:9	122	なんだよ！\nしらじらしいな　こいつ！{08}{0c}アタシたちはステラおばさんに\n許可もらったんだ{08}\nこれから部屋　探すから\nそこどけよ！！{08}	뭐야!\n시치미 떼기는 이 녀석!{08}{0c}우린 스텔라 아줌마한테\n허락받았어{08}\n이제 방 찾을 거니까\n거기 비켜!!{08}
S04:0:10	83	まあ　こわいですこと……\nさすがに　ダディス先生の研究所を\nこわしただけはありますわ{08}	어머 무서워라……\n역시 다디스 선생님 연구소를\n부순 사람들답네요{08}
S04:0:11	71	いーえー　それほどでもぉ\nもっと　ほめていただいても\nけっこうですわ～曖{08}	아니～에요 뭘 그 정도로～\n더 칭찬해 주셔도\n괜찮아요～♥{08}
S04:0:12	71	レナ　ずるいぞ！\n何してでも　自分は関係ないフリ\nするつもりだなーっ！！{08}	레나 치사해!\n무슨 수를 써서라도 자기는\n상관없는 척할 셈이지～!!{08}
S04:0:13	67	ふぅ　{0d}{0d}{0d}まったく　うるさいですこと\n話を聞いていただけますかしら？{08}	후우 {0d}{0d}{0d}정말 시끄럽네요\n제 얘기 좀 들어 주시겠어요?{08}
S04:0:14	83	寮母さんから　あなたたち３人の\n後始末…ではなくて案内をするよう\n頼まれておりますの{08}	사감님께서 당신들 셋의\n뒤처리…가 아니라 안내를\n부탁받았거든요{08}
S04:0:15	52	そんなのいらない！\n自分の足でいくから　ほっとけよ！{08}	그런 거 필요 없어!\n알아서 갈 테니 내버려 둬!{08}
S04:0:16	100	そうですか……{08}\n野生女　ふたたび問題を起こす{08}\n明日　そんなうわさが\n流れてないことを祈りましょうか？{08}	그래요……{08}\n「야생녀 또 문제를 일으키다」{08}\n내일 그런 소문이\n돌지 않기를 빌까요?{08}
S04:0:17	45	ち　ちくしょう！\nレナ　{0d}なんかいってやれよ！{08}	제 젠장!\n레나 {0d}뭐라고 좀 해 봐!{08}
S04:0:18	13	ニコニコ曖曖{08}	싱글벙글♥♥{08}
S04:0:19	19	こ　この裏切り者ぉ{08}	이 이 배신자～{08}
S04:0:20	30	ふふん　{0d}教えてあげましょう！{08}	흐흥 {0d}가르쳐 드리죠!{08}
S04:0:21	31	あなたたちの部屋は　この右奥っ{08}	당신들 방은 이 오른쪽 안쪽!{08}
S04:0:22	36	そして　{0d}{0d}{0d}あなたはわたくしと同室！{08}	그리고 {0d}{0d}{0d}당신은 저랑 같은 방!{08}
S04:0:23	20	だ…{0d}{0d}だ…{0d}誰が！？{08}	누…{0d}{0d}누…{0d}누가!?{08}
S04:0:24	28	あなたですわ！　{0d}セニアさん{08}	당신이요! {0d}세니아 씨{08}
S04:0:25	78	\nわたくしと　同じ部屋になった以上\n必ず　最低限のお作法は\n学んでいただきます！{08}	\n저랑 같은 방이 된 이상\n반드시 최소한의 예법은\n익히게 해 드리겠어요!{08}
S04:0:26	60	さぁ　いきましょうか　セニアさん\n今日から早速　始めますわよ{08}	자 가요 세니아 씨\n오늘부터 당장 시작해요{08}
S04:0:27	23	えっ？　{0d}{0d}{0d}う　{0d}うわ！{08}	어? {0d}{0d}{0d}으{0d} 으악!{08}
S04:0:28	13	こ　{0d}{0d}このぉ{08}	이{0d}{0d} 이게～{08}
S04:0:29	124	往生際が悪いですわよ　セニアさん{08}\nあなたはっ　{0d}このわたくしがっ\n必ずっ　気品あーるっ！{08}\nハァ{0d}ハァ　{0d}{0d}女性にしてみせますわ～{08}	미련 떨지 마세요 세니아 씨{08}\n당신을 {0d}제가\n반드시 기품 있는!{08}\n헉{0d}헉 {0d}{0d}숙녀로 만들겠어요～{08}
S04:0:30	40	ま　{0d}{0d}まさか\nこんな展開になるなんて……{08}	서{0d}{0d} 설마\n이런 전개가 될 줄이야……{08}
S04:0:31	23	セニア　かわいそう……{08}	세니아 불쌍해……{08}
S04:0:32	148	ま　{0d}{0d}まあ　{0d}{0d}セニアは　あの事故で\n入院したと思えばいいわけよ{08}{0c}ここの右奥の部屋だっけ？\n最初はどうなるかと思ったけど\n野宿にならなくてよかったわねぇ{08}	뭐{0d}{0d} 뭐{0d}{0d} 세니아는 그 사고로\n입원했다고 생각하면 돼{08}{0c}여기 오른쪽 안쪽 방이었지?\n처음엔 어떻게 되나 했는데\n노숙 안 해서 다행이다{08}
S04:0:33	42	セニアはぜったい\n野宿をえらんだと思う……{08}	세니아는 분명\n노숙을 골랐을 거야……{08}
S04:0:34	42	これがセニアを犠牲にして\n手に入れた部屋ね{08}	이게 세니아를 희생해서\n얻은 방이구나{08}
S04:0:35	40	それって　じょうだんに\nなってないよ……{08}	그거 농담이\n안 되잖아……{08}
S04:0:36	36	えーっ　だってぇ\nけっこう　広いしぃ{08}	에～ 그치만～\n꽤 넓은걸～{08}
S04:0:37	89	それに　あの　ぼろい部屋とは\n比べモノにならない位　キレイだし\nああー　セニア様様だわぁ～{08}	게다가 그 낡은 방이랑은\n비교도 안 될 만큼 깨끗하고\n아아～ 세니아 님 만세～{08}
S04:0:38	31	セニア　ほんとにかわいそう……{08}	세니아 정말 불쌍해……{08}
S04:0:39	85	こんなに幸せでいいのかしら\nああ　よみがえってくるわ\nあのつらく　寒かった日々が………{08}	이렇게 행복해도 되는 걸까\n아아 되살아나 그\n괴롭고 추웠던 나날이………{08}
S04:0:40	45	……………{08}\n充分　ワガママしてたよ　レナは…{08}	……………{08}\n레나는 충분히 제멋대로였어…{08}
S04:0:41	75	……………{08}\nで　でも部屋は汚かったわ\nやっぱり　あの頃は\n不幸だったのねぇ～{08}	……………{08}\n그 그래도 방은 더러웠어\n역시 그때는\n불행했던 거야～{08}
S04:0:42	63	わたしが片付けても\nレナとセニアが\n次々に汚してたんじゃないか～{08}	내가 치워도\n레나랑 세니아가\n계속 어지럽혔잖아～{08}
S04:0:43	71	あはははは～\nそういう細かいトコにこだわるのが\nエリーの良くないところよ{08}	아하하하～\n그런 사소한 데 집착하는 게\n엘리의 나쁜 점이야{08}
S04:0:44	48	おおざっぱすぎるのも\n良くないと思うよ　レナ……{08}	너무 대충인 것도\n안 좋다고 생각해 레나……{08}
S04:0:45	124	ま　まあ…………{0d}{0d}ねっ！\n忘れましょ！　昔の事なんか{08}\n明るい未来は　すぐそこよ！\nこーんなにきれいな部屋で\n寝られるんですもの{08}	뭐 뭐…………{0d}{0d}그치!\n잊자! 옛날 일 따위{08}\n밝은 미래는 바로 코앞이야!\n이렇게 깨끗한 방에서\n잘 수 있으니까{08}
S04:0:46	25	エリーさんに　お客さんよ{08}	엘리 씨한테 손님 왔어{08}
S04:0:47	36	今　寮の入口に来てるの\n男の人………{08}	지금 기숙사 입구에 와 있어\n남자분………{08}
S04:0:48	93	はぁ～　{0d}{0d}わたしにもお迎え\n来ないかしら………{08}\nや　やだ　わたしったら\n何　いってるのかしら曖{08}	하아～ {0d}{0d}나한테도 누가\n데리러 안 오려나………{08}\n시 싫다 나도 참\n무슨 소릴 하는 걸까♥{08}
S04:0:49	136	えっ　誰かしら……？\nまさか　あの生徒会長！？{08}\nううん　{0d}{0d}違うわね\nもしそうなら　あの人が\nだまっちゃいないだろうし……{08}\n………う～ん？？{08}	어 누굴까……?\n설마 그 학생회장!?{08}\n아니 {0d}{0d}아니겠지\n그랬다면 그 사람이\n가만있지 않을 테고……{08}\n………으～음??{08}
S04:0:50	33	とりあえず　いってみようか　レナ{08}	일단 가 볼까 레나{08}
S04:0:51	73	誰かしらね　楽しみだわぁ\nエリーにふさわしいかどうか\nわたしが見てあげるわ{08}	누굴까 기대된다～\n엘리한테 어울리는지\n내가 봐 줄게{08}
S04:0:52	28	……何の事？\nへんな　レナ～{08}	……무슨 소리야?\n이상한 레나～{08}
S04:0:53	40	ベッドを見たら\n急に眠くなっちゃった……{08}	침대를 보니까\n갑자기 졸려……{08}
S04:0:54	69	まあ　あれだけ重いもの\nかつぎあげてりゃね\nどうする？　明日はさぼる？{08}	뭐 그렇게 무거운 걸\n짊어졌으니까\n어떡할래? 내일은 땡땡이칠래?{08}
S04:0:55	36	いくから起こして……{0d}{0d}\nおやすみ……{08}	갈 거니까 깨워 줘……{0d}{0d}\n잘 자……{08}
S04:0:56	98	さぼってアンチたちを\nからかいにいきましょうか{0d}{0d}{0d}\nって　{0d}{0d}もう寝てるのね{08}\nわたしも　もう寝ようかな{08}	땡땡이치고 안치네\n놀리러 갈까{0d}{0d}{0d}\n……{0d}{0d}벌써 자네{08}\n나도 이제 잘까{08}
S04:0:57	32	エリー！？\nちょっと　エリー！？{08}	엘리!?\n잠깐 엘리!?{08}
S04:0:58	69	うーん　……レナ？\n……{0d}{0d}{0d}{0d}ちょっと起きるには\nはやいんじゃないかな～{08}	으음 ……레나?\n……{0d}{0d}{0d}{0d}일어나기엔 좀\n이르지 않을까～{08}
S04:0:59	103	えーっ　だってぇ………{08}{0c}ほら！　寝坊したらどうするか\n聞いておくの忘れちゃったから\n今　聞こうかな～って{08}	에～ 그치만………{08}{0c}봐! 늦잠 자면 어떡할지\n물어보는 걸 깜빡해서\n지금 물어볼까～ 하고{08}
S04:0:60	44	………{0d}{0d}{0d}{0d}かんぜんに\n起こしちゃってるけど？{08}	………{0d}{0d}{0d}{0d}완전히\n깨웠잖아?{08}
S04:0:61	93	こ　{0d}{0d}細かいことは気にしないの！\nさあ　無事に起きれたんだし\nイアソン先生のところにいきましょ{08}	사{0d}{0d} 사소한 건 신경 쓰지 마!\n자 무사히 일어났으니\n이아손 선생님한테 가자{08}
S04:0:62	91	２階の空いている部屋がそうだよ\nレイラちゃんに案内してあげるよう\n頼んでおいたから　安心おし{08}	２층 빈방이 너희 방이야\n레이라한테 안내해 주라고\n부탁해 뒀으니 안심하렴{08}
S04:0:63	40	レイラ……？\nなんかイヤな予感がするわね{08}	레이라……?\n왠지 불길한 예감이 드네{08}
S04:0:64	50	ステラおばさん……\n３人用の部屋ってないんですか？{08}	스텔라 아줌마……\n３인실은 없어요?{08}
S04:0:65	116	あったら\nあんたたちを素直に入れてるよ{08}\n部屋の広さが決まっているからねぇ\n立て直しでもしない限り\n３人部屋は無理だねぇ{08}	있었으면\n너희를 순순히 넣어 줬지{08}\n방 넓이가 정해져 있어서\n다시 짓기라도 하지 않는 한\n３인실은 무리야{08}
S04:0:66	21	そ　{0d}{0d}そうですか……{08}	그{0d}{0d} 그래요……{08}
S04:0:67	165	レイラちゃんとの相部屋の相手に\nセニアちゃんを選んだのはね\n学園長の命令だからなんだよ{08}{0c}なんでもセニアちゃんのお父さんが\nしつけには厳しくするように\nいっていたらしいよ{08}	레이라랑 같은 방 짝으로\n세니아를 고른 건\n학원장님 명령이라서야{08}{0c}듣자 하니 세니아 아버지가\n예절 교육은 엄하게 하라고\n했다나 봐{08}
S04:0:68	33	す　{0d}{0d}すこし同情しておこうかしら{08}	조{0d}{0d} 조금 동정해 둘까{08}
S04:0:69	27	それじゃ　仕方ないですよね{08}	그럼 어쩔 수 없네요{08}
S04:0:70	87	ねえねえ\nあれってエリーちゃんの恋人かい？\nやるじゃないのぉ！{08}\nあたしゃ　応援しちゃうよ{08}	있잖아 있잖아\n저 사람 엘리의 애인이니?\n제법인데!{08}\n나는 응원할게{08}
S04:0:71	27	恋人とかとは　ちがうんです{08}	애인 같은 거 아니에요{08}
S04:0:72	65	ステラおばさん\nもしかすると　かんちがい\nなさっているんじゃな……{08}	스텔라 아줌마\n혹시 착각하고\n계신 거 아닌……{08}
S04:0:73	90	アタシが　あんたたちのころはねぇ{0d}{0d}{0d}\nやっぱり時代というやつだね\nエリーちゃん　がんばりなよ{08}	내가 너희만 할 땐 말이야{0d}{0d}{0d}\n역시 시대라는 거구나\n엘리 힘내렴{08}
S04:0:74	19	がんばんなさいよ曖{08}	힘내라고♥{08}
S04:0:75	32	レナまで\nなに　いってるんだよ～{08}	레나까지\n무슨 소리야～{08}
S04:0:76	36	こ　このおばさんには\nかなわないって{08}	이 이 아줌마한텐\n못 당한다니까{08}
S04:0:77	11	うーん……{08}	으음……{08}
S04:0:78	48	あっはっはっ！\nいいね　若いってのは！　うん！！{08}	아하하!\n좋구나 젊다는 건! 응!!{08}
S04:0:79	77	どうしたんだい　エリーちゃん\nそんな　つかれた顔して……\n服も真っ黒じゃないか{08}	왜 그러니 엘리\n그렇게 지친 얼굴을 하고……\n옷도 새까맣잖니{08}
S04:0:80	42	ちょっと\nイアソン先生のところで練習を……{08}	잠깐\n이아손 선생님한테서 연습을……{08}
S04:0:81	57	およし！\nあんなところに\n女の子が　いくもんじゃないよ！！{08}	그만둬!\n그런 데는\n여자애가 가는 데가 아니야!!{08}
S04:0:82	61	あっ　大丈夫です\n……って　おばさんにいっても\nムダなのよねぇ{08}	앗 괜찮아요\n……라고 아줌마한테 말해도\n소용없겠지{08}
S04:0:83	126	アタシが後で　イアソン先生に\nいっといてあげるよ{08}\nまったく　真の男もいいけど\nもう少し女性に対する意識を\n持って欲しいもんだねぇ{08}	내가 나중에 이아손 선생님께\n말해 둘게{08}\n정말 진정한 사나이도 좋지만\n여자에 대한 생각을 좀\n가져 줬으면 좋겠구나{08}
S04:0:84	103	ステラおばさん　心配しないで{08}{0c}イアソン先生だって　少しは\n考えてると思いますし\nわたし　結構丈夫ですから{08}	스텔라 아줌마 걱정 마세요{08}{0c}이아손 선생님도 조금은\n생각하고 계실 거고\n저 꽤 튼튼하거든요{08}
S04:0:85	85	……まぁ　エリーちゃんが\nそういうなら　いいけどね{08}{0c}でも　ほんと\nケガするんじゃないよ{08}	……뭐 엘리가\n그렇게 말한다면 됐지만{08}{0c}그래도 정말\n다치면 안 된다{08}
S04:0:86	9	ハイッ！{08}	네!{08}
S04:0:87	67	女は　力と体力だよ！\nがんばってイアソン先生のところへ\nいっといで！{08}	여자는 힘과 체력이야!\n힘내서 이아손 선생님한테\n다녀오렴!{08}
S04:0:88	79	力……{0d}{0d}と……体力？\nは　{0d}{0d}はーい{08}\n……それって\nステラおばさんだけなんじゃ……{08}	힘……{0d}{0d}이랑……체력?\n네{0d}{0d} 네～{08}\n……그건\n스텔라 아줌마만 그런 거 아냐{08}
S04:0:89	75	ここだけの秘密だけど\n力がつくような特別メニューを\n作っといてあげるからね！{08}	여기서만 하는 비밀인데\n힘이 나는 특별 메뉴를\n만들어 둘게!{08}
S04:0:90	29	ステラおばさん　だ～い好き曖{08}	스텔라 아줌마 너무 좋아♥{08}
S04:0:91	40	レナは力つける必要\nないんじゃないかな～{08}	레나는 힘 기를 필요\n없지 않을까～{08}
S04:0:92	32	あら　見てる方も結構\n力使うのよ{08}	어머 보는 쪽도 꽤\n힘을 쓰거든{08}
S04:0:93	30	うんうん\nがんばっといでよ！！{08}	그래그래\n힘내고 오렴!!{08}
S04:0:94	58	お　おまえらのせいだ！\nうっうっ　{0d}{0d}おまえらのせいだぞ……{08}	너 너희 때문이야!\n흑흑 {0d}{0d}너희 때문이라고……{08}
S04:0:95	42	な　{0d}{0d}なに……？\nあんた　泣いてんの……？{08}	뭐{0d}{0d} 뭐야……?\n너 우는 거야……?{08}
S04:0:96	63	ど　{0d}どうして　オレ様たちまで\n巻きぞえを食わなきゃいけないんだ{08}	왜{0d} 왜 이 몸들까지\n휘말려야 하는 거냐고{08}
S04:0:97	117	男のくせに未練がましいわね～{08}\nいーじゃない　あんなとこより\nずーっときれいなトコに\n移れたんだし{08}\n逆に感謝して欲しいわ{08}	남자가 미련이 많네～{08}\n좋잖아 그런 데보다\n훨씬 깨끗한 데로\n옮겼으니까{08}\n오히려 고마워해야지{08}
S04:0:98	61	そ　それは………{0d}{0d}{0d}オ　オレ様は\nあのベッドが気に入ってたんだ{08}	그 그건………{0d}{0d}{0d}이 이 몸은\n그 침대가 마음에 들었다고{08}
S04:0:99	29	じゃあ　掘り起こしてくれば？{08}	그럼 파내 오든가?{08}
S04:0:100	84	うう　{0d}ちくしょう……\n建て直しが終わるまでの先生を\nまた探さなくちゃいけないのか……{08}	으으 {0d}젠장……\n다시 지을 때까지의 선생님을\n또 찾아야 하는 거냐……{08}
S04:0:101	75	あれだけの騒ぎを起こしたんだもん\nもう　みんな知ってるだろうし\nムリかもねー{08}	그렇게 소동을 일으켰으니\n벌써 다들 알 테고\n무리일지도～{08}
S04:0:102	71	そんなことないよ！　アンチ\nきっと　奇特な先生か誰かが\nひろってくれるよ{08}	그렇지 않아! 안치\n분명 별난 선생님이나 누가\n주워 줄 거야{08}
S04:0:103	49	エリー………\n今　自分が\n何いってるかわかってる？{08}	엘리………\n지금 네가\n무슨 말 하는지 알아?{08}
S04:0:104	97	あ　{0d}{0d}あんたたちの顔は\nもう見たくないっス{08}\nやっと先生　見つけたのに……\nまた　昔に逆戻りっス……{08}	너{0d}{0d} 너희 얼굴은\n이제 보기 싫어요{08}\n겨우 선생님을 찾았는데……\n또 옛날로 되돌아갔어요……{08}
S04:0:105	140	またって　建物が直るまでの\nわずかな期間じゃない{08}\n三度目の正直って　よくいうでしょ\nフリーの時こそ　もっといい先生を\n見つけるチャンスじゃない{08}	또라니 건물 고칠 때까지\n잠깐 동안이잖아{08}\n삼세번이라는 말도 있잖아\n자유로울 때야말로 더 좋은\n선생님을 찾을 기회지{08}
S04:0:106	50	…………\nもう三度以上……{0d}{0d}{0d}\nアタックしたっス……{08}	…………\n벌써 세 번 넘게……{0d}{0d}{0d}\n도전했어요……{08}
S04:0:107	53	レナ～\nもう少し　先読みしてから\nなぐさめ方を決めなよ{08}	레나～\n좀 더 앞을 내다보고\n위로하는 법을 정해{08}
S04:0:108	40	べ　別になぐさめようなんて\n思ってないわ{08}	따 딱히 위로하려고\n한 거 아니야{08}
S04:0:109	73	しょうがないわねー\nリック　どの先生がいいの？\nわたしが聞いてあげるからさ{08}	어쩔 수 없네～\n릭 어느 선생님이 좋아?\n내가 물어봐 줄게{08}
S04:0:110	70	ほ　{0d}ほんとっスか！？\nじ　{0d}{0d}じつは　エマ先生に\nあこがれているっス！！{08}	저{0d} 정말요!?\n시{0d}{0d} 실은 에마 선생님을\n동경하고 있어요!!{08}
S04:0:111	62	……………………\nはい　{0d}{0d}{0d}聞いてあげたわよ\nすっきりした？？？{08}	……………………\n자 {0d}{0d}{0d}물어봐 줬어\n속 시원해???{08}
S04:0:112	25	……{0d}{0d}身も心も凍ったっス{08}	……{0d}{0d}몸도 마음도 얼어붙었어요{08}
S04:0:113	73	起こったことはしょうがない\nまた先生をさがすのも\nそれはそれで　いいものさ{08}	일어난 일은 어쩔 수 없지\n다시 선생님을 찾는 것도\n그건 그것대로 좋은 거야{08}
S04:0:114	75	ねえ……前から思ってたんだけど\nどうしてあんたが\nアンチなんかの子分なわけ？{08}	있잖아……전부터 생각했는데\n왜 네가\n안치 따위 부하인 거야?{08}
S04:0:115	97	そうだね　{0d}{0d}ぼくの持ってないものを\nアンチは持ってるからかな……\nま　{0d}{0d}そういうことにしておいてよ{08}	글쎄 {0d}{0d}내게 없는 걸\n안치는 갖고 있어서일까……\n뭐 {0d}{0d}그렇다고 해 둬{08}
S04:0:116	148	ふーん　けっこういうじゃないの\nわたし　ちょっと見直しちゃった{08}{0c}じゃ　その持ってない物とかを\nうばいとったら　さっさとアンチ\nなんかと絶交しなさいよ？{08}	흐응 꽤 말하는데\n나 좀 다시 봤어{08}{0c}그럼 그 없는 걸\n빼앗으면 얼른 안치\n따위랑 절교해?{08}
S04:0:117	25	レナには　かなわないなぁ{08}	레나한텐 못 당하겠네{08}
S04:0:118	67	アンチには子供のころ\nなんども助けられたしね\n恩返しもかねているのさ{08}	안치한텐 어릴 때\n몇 번이나 도움을 받았거든\n은혜를 갚는 셈이기도 해{08}
S04:0:119	71	ふーん……わからなくはないけど\n勝手にしなさいって状態ね\nもう止めないわ{08}	흐응……모르는 건 아니지만\n마음대로 하라는 상태네\n이제 안 말릴게{08}
S04:0:120	81	ありがとう\n君は　おもしろい女の子だね{08}\n男だったら\nぼくらの仲間にさそったのになぁ{08}	고마워\n넌 재밌는 여자애구나{08}\n남자였으면\n우리 패거리로 끌어들였을 텐데{08}
S04:0:121	56	わたしも時々　レナって実は………\nとか　考えちゃうんです{08}	저도 가끔 레나가 실은………\n하고 생각하곤 해요{08}
S04:0:122	21	ちょっと　エリー！？{08}	잠깐 엘리!?{08}
S04:0:123	50	おまえら　あれだけの事して\nなんで笑ってられんだよ{08}	너희 그런 짓을 해 놓고\n어떻게 웃을 수가 있냐{08}
S04:0:124	91	男のくせに　なにしおれてんのよ\nなんなら女にでもなってみる？\n少しは見られるようになるかもよ{08}	남자가 뭘 풀 죽어 있어\n차라리 여자가 돼 볼래?\n좀 봐줄 만해질지도 몰라{08}
S04:0:125	29	おまえらなんて　大嫌いだ！！{08}	너희 따위 정말 싫어!!{08}
S04:0:126	40	はやく　走って逃げれば？\nいつもみたいに{08}	얼른 뛰어서 도망치지?\n늘 그러듯이{08}
S04:0:127	73	だって　あんたらは誰でもいいって\n根性で先生さがしてたでしょ\nこれは天罰よ{08}	그치만 너희는 아무나 좋다는\n근성으로 선생님을 찾았잖아\n이건 천벌이야{08}
S04:0:128	60	ふ　ふん　いきなり大人ぶるなよな\nおまえらは　ちがうのかよ！{08}	흐 흥 갑자기 어른인 척 마\n너희는 다르냐!{08}
S04:0:129	51	………{0d}{0d}{0d}もちろん　ちがいますわ\nほほ　ほほほほ……{08}	………{0d}{0d}{0d}물론 다르죠\n호호 호호호호……{08}
S04:0:130	81	レナ～　無理がみえみえだよ\nやっぱり　ダメだよね\n自分のこと　棚に上げていっちゃ…{08}	레나～ 무리하는 게 다 보여\n역시 안 되겠다\n제 일은 제쳐 두고 말하면…{08}
S04:0:131	128	別に　誰だっていいんでしょ\nだったらここでウジウジしてないで\n次をあたってみなさいよ{08}\nそうねー　ケント先生なんか\nいーんじゃない？{08}	딱히 누구든 괜찮잖아\n그럼 여기서 끙끙대지 말고\n다음 사람을 알아봐{08}\n그래 켄트 선생님 같은 분\n괜찮지 않아?{08}
S04:0:132	46	それは　そうっスけど……\nアンチの親分が………{08}	그건 그렇지만요……\n안치 두목이………{08}
S04:0:133	122	別に三人一緒じゃなくても\nいいじゃない{08}\nあんたたち　アンチに\nついてまわりすぎよ{08}\nもう少し　自分の意志を\n大事にしなさいよね{08}	딱히 셋이 같이 안 다녀도\n되잖아{08}\n너희 안치를\n너무 따라다녀{08}\n조금은 자기 뜻을\n소중히 하라고{08}
S04:0:134	93	レナ　やっぱり　なぐさめるなんて\nなれないこと　しようとするから\nいつの間にか　また責めてるよ{08}	레나 역시 위로 같은\n안 하던 짓을 하려니까\n어느새 또 몰아세우잖아{08}
S04:0:135	46	そ　そーだったんスか\nお気持ち　ありがたいっス{08}	그 그랬던 거예요\n마음은 고마워요{08}
S04:0:136	95	エマ先生か…………………{08}\nまぁ　どっちにしろ　いった方が\nすっきりするだろうし\nがんばんなさいよ{08}	에마 선생님이라…………………{08}\n뭐 어쨌든 말하는 게\n속 시원할 테니\n힘내{08}
S04:0:137	34	う　うれしいっス\nおいら　幸せっス{08}	기 기뻐요\n저 행복해요{08}
S04:0:138	117	な　なに一人で涙　流してんのよ{08}\nそーゆー事は　無事　先生が\n見つかってからにしなさいよ\nこっちが　てれくさいじゃないの{08}	뭐 뭘 혼자 눈물 흘리고 있어{08}\n그런 건 무사히 선생님을\n찾고 나서 해\n이쪽이 쑥스럽잖아{08}
S04:0:139	48	でも　ほんとにさー\nなにもしないより　マシでしょ{08}	그래도 정말～\n아무것도 안 하는 것보단 낫지{08}
S04:0:140	65	それもそうっスね……！{0d}{0d}\nでも……　どうせ　いっても\nムダっス……{08}	그것도 그렇네요……!{0d}{0d}\n그래도…… 어차피 말해도\n소용없어요……{08}
S04:0:141	91	あんたねっ！\n落ち込むか　元気を出すか\nはっきりしなさいよ　はっきり！{08}\n煮えきらないやつねー{08}	너 정말!\n풀이 죽든지 기운을 내든지\n확실히 해 확실히!{08}\n우유부단한 녀석이네～{08}
S04:0:142	53	レナ～\nなぐさめるのか　そうでないのか\nはっきりしなよ{08}	레나～\n위로하는 건지 아닌지\n확실히 해{08}
S04:0:143	46	ぼくは　とにかく\n二人が立ち直るまでつきそうよ{08}	나는 아무튼\n둘이 일어설 때까지 곁에 있어{08}
S04:0:144	81	あんたも大変ね～{08}\nじゃあ　うっとうしくて\nしょうがないから\nはやく　どうにかしてよ{08}	너도 고생이다～{08}\n그럼 답답해서\n못 견디겠으니까\n얼른 어떻게 좀 해{08}
S04:0:145	27	わたしも大変なんだけど……{08}	나도 힘든데……{08}
S04:0:146	42	レナ　もしかして\n心配してくれてるのかい？{08}	레나 혹시\n걱정해 주는 거야?{08}
S04:0:147	25	爪の白いとこ　くらいわね{08}	손톱의 하얀 부분만큼은{08}
S04:0:148	23	よく　わからないよ……{08}	잘 모르겠어……{08}
S04:0:149	55	テメエら\n女のくせに剣の修行をするなんて\nナマイキだぞ！{08}	너희\n여자 주제에 검술 수련이라니\n건방지다!{08}
S04:0:150	81	なに……{0d}{0d}あんたたち\n１日中ここで時間つぶしてるの？\nバッカね～　先生探しなさいよ{08}	뭐야……{0d}{0d}너희\n하루 종일 여기서 시간 때워?\n바보네～ 선생님 찾아{08}
S04:0:151	51	う　{0d}うるさいっス\nあんたたちにいわれたくないっス！{08}	시{0d} 시끄러워요\n너희한텐 듣고 싶지 않아요!{08}
S04:0:152	71	まあ　気持ちは\n判らないでもないからね\nこうしているのも　たまにはいいさ{08}	뭐 마음은\n모르는 것도 아니니까\n가끔은 이러는 것도 좋지{08}
S04:0:153	67	そういうの\nやさしさとは　いえないわよ\nさっさと見捨てちゃいなさいよ{08}	그런 건\n다정함이라고 안 해\n얼른 버려 버려{08}
S04:0:154	27	レナ！　それはいい過ぎだよ{08}	레나! 그건 말이 심해{08}
S04:0:155	71	やれやれ　なんの希望もなしに\n生きてるやつって　こんなにも\n哀れなのね～{08}	이런 이런 아무 희망 없이\n사는 녀석은 이렇게나\n불쌍하구나～{08}
S04:0:156	81	チクショ～！　イアソン先生の\nところで修行しているからって\nいい気になりやがって！{08}	젠장～! 이아손 선생님한테서\n수련한다고\n우쭐대기는!{08}
S04:0:157	36	あのね\n修行しているのはエリーだけよ{08}	있잖아\n수련하는 건 엘리뿐이야{08}
S04:0:158	46	うっ　うるせー！\nオレ様をバカにしやがって！！{08}	시 시끄러～!\n이 몸을 바보 취급하고!!{08}
S04:0:159	56	ほんとにバカなんだから\nいわれても　しょーがないじゃない{08}	진짜 바보니까\n그런 말 들어도 할 수 없잖아{08}
S04:0:160	11	……………{08}	……………{08}
S04:0:161	109	まったく　情けないやつらねぇ{08}\nそうそう　あんたたち\nエマ先生には頼まない方がいいわよ\n先生が嫌いなタイプだもの{08}	정말 한심한 녀석들이네{08}\n참 너희\n에마 선생님한텐 부탁 마\n선생님이 싫어하는 타입이야{08}
S04:0:162	61	なっ　なんだとぉー\nおまえら！\nいつか思い知らせてやるからな！{08}	뭐 뭐라고～\n너희!\n언젠가 본때를 보여 줄 테다!{08}
S04:0:163	34	ほんと\nやめておいたほうがいいわよ{08}	정말\n그만두는 게 좋아{08}
S04:0:164	48	う　うるせー！\nそんなの　オレ様たちの勝手だろ！{08}	시 시끄러～!\n그건 이 몸들 마음이잖아!{08}
S04:0:165	34	やっぱり……\nいこうとしてたわけね{08}	역시……\n가려던 거구나{08}
S04:0:166	11	……………{08}	……………{08}
S04:0:167	104	じゃまするのは\nやめていただけます……？{08}{0c}もう　このセニアさんは\nあなたたちとは住む世界が\n違うのですわ！{08}	방해하는 건\n그만둬 주시겠어요……?{08}{0c}이제 이 세니아 씨는\n당신들과는 사는 세계가\n다르답니다!{08}
S04:0:168	76	レナ～　エリ～　助けてよぉ！{0d}\nアタシが　アタシじゃ\nなくなっていくよーっ！！{08}	레나～ 엘리～ 살려 줘!{0d}\n내가 내가\n아니게 돼 가～!!{08}
S04:0:169	76	あ　あら　まあ……{0d}\nこんな短時間で　ずいぶん\n哲学者っぽくなっちゃったわね～{08}	어 어머 어머……{0d}\n이렇게 짧은 시간에 꽤\n철학자 같아졌네～{08}
S04:0:170	83	これも　ルームメイトと\n仲良くやっていくためじゃないか\nそんな　おおげさだよ　セニア{08}	이것도 룸메이트랑\n잘 지내기 위해서잖아\n그렇게 과장하지 마 세니아{08}
S04:0:171	62	た　{0d}{0d}たまぁに　エリーの一言って\nわたしより　きびしいのよね～{08}	가{0d}{0d} 가아끔 엘리 한마디가\n나보다 더 가혹하단 말이지～{08}
S04:0:172	81	２人そろって　ひとごとみたいな\n会話をするなぁーっ！\nいいから　助けてくれよーっ！{08}	둘이 같이 남 일 같은\n대화 하지 마～!\n됐으니까 살려 줘～!{08}
S04:0:173	71	さあ　面会はここまでですわ！\nもう関係者以外は\n立ち入り禁止ですからね！{08}	자 면회는 여기까지예요!\n이제 관계자 외에는\n출입 금지예요!{08}
S04:0:174	76	し　{0d}しかたないわ\nここは涙を飲んで　引き上げよ！\nセニア　{0d}{0d}無事でいてね！！{08}	어{0d} 어쩔 수 없어\n여긴 눈물을 삼키고 물러나자!\n세니아 {0d}{0d}무사해야 해!!{08}
S04:0:175	74	う　うらぎりものー！！{0d}\nって　最近　アタシ\nこればっかりじゃないかーっ！！{08}	배 배신자～!!{0d}\n……근데 요즘 나\n맨날 이거잖아～!!{08}
S04:0:176	89	そこまで　じゃまするのでしたら\nあなたたちにも　わたくしの講義を\n受けていただきますわよ！{08}	그렇게까지 방해하신다면\n당신들도 제 강의를\n들으셔야겠네요!{08}
S04:0:177	33	それだけは　かんべんしてほしいわ{08}	그것만은 봐줬으면 해{08}
S04:0:178	60	そんなにいやがる所に　なんで\nアタシを　おいてくんだよーっ！{08}	그렇게 싫어하는 데에 왜\n나를 두고 가는 거야～!{08}
S04:0:179	87	聞きましたわよ　あなた！\nわたくしが　こうして忙しい間に\n男の方と親しくなられたそうね！{08}	들었어요 당신!\n제가 이렇게 바쁜 사이에\n남자분이랑 친해졌다면서요!{08}
S04:0:180	34	あんたは好きで\n忙しいんでしょうが{08}	넌 좋아서\n바쁜 거잖아{08}
S04:0:181	54	い　{0d}{0d}いつか見ていなさい\n次はわたくしの番ですからね！{08}	어{0d}{0d} 언젠가 두고 봐요\n다음은 제 차례니까요!{08}
S04:0:182	31	無理だと思うけど　がんばってね{08}	무리일 것 같지만 힘내{08}
S04:0:183	157	そのためには　さっさと\nセニアさんの調教を\nすませませんと……{08}{0c}ほら　セニアさん\nそこは違うでしょう？{08}{0c}みなさんに思いやりをもって\n接することこそが大事なのです{08}	그러려면 얼른\n세니아 씨 조련을\n끝내야……{08}{0c}자 세니아 씨\n거긴 틀렸잖아요?{08}{0c}모두에게 배려심을 갖고\n대하는 것이야말로 중요해요{08}
S04:0:184	120	セ　{0d}{0d}セニアはモンスター\nあつかいなのね……{08}{0c}それになんだか\nすごくむずかしいことやってるし\nわたしじゃなくて　よかった～{08}	세{0d}{0d} 세니아는 몬스터\n취급이구나……{08}{0c}게다가 왠지\n엄청 어려운 걸 하네\n내가 아니라서 다행이다～{08}
S04:0:185	74	エリー　{0d}なかなかやるじゃんか\nねえ　恋人ってイイ男なの？\n強そう？　人間？{08}	엘리 {0d}제법인데\n있잖아 애인은 멋있어?\n세 보여? 인간이야?{08}
S04:0:186	38	なっ　なんなのよ\nその最後の質問は……{08}	뭐 뭐야\n그 마지막 질문은……{08}
S04:0:187	64	イアソン先生のお使いで来たんだ\nセニアも知っている人だよ　きっと{08}	이아손 선생님 심부름으로 왔대\n세니아도 아는 사람일 거야{08}
S04:0:188	38	なーんだ～\nやっぱり　そういうオチか～{08}	뭐야～\n역시 그런 결말이구나～{08}
S04:0:189	79	セニアさん！！\nなんですか　その口のききかたは！\n最初から　やりなおしですわ！！{08}	세니아 씨!!\n그 말투는 뭔가요!\n처음부터 다시예요!!{08}
S04:0:190	31	えーっ　じょうだんだろーっ！！{08}	에～ 농담이지～!!{08}
S04:0:191	48	レイラの授業が終われば\nきっと　セニアも真人間ね{08}	레이라 수업이 끝나면\n분명 세니아도 사람 되겠네{08}
S04:0:192	23	真顔で　いうなーッ！！{08}	정색하고 말하지 마～!!{08}
S04:0:193	65	あら　レナさん\nはじめて　あなたと意見が\nあったような気がしますわ{08}	어머 레나 씨\n처음으로 당신이랑 의견이\n맞은 것 같네요{08}
S04:0:194	71	こんどは２人そろって\nイアソン先生のところへ\n通っていらっしゃるそうねぇ{08}	이번엔 둘이 같이\n이아손 선생님한테\n다닌다면서요{08}
S04:0:195	73	あ　{0d}{0d}あんたも\n情報仕入れるのが　マメね～\n人の話をこそこそ聞いて楽しい？{08}	너{0d}{0d} 너도\n정보 모으는 데 부지런하다～\n남 얘기 몰래 들으면 재밌어?{08}
S04:0:196	48	たっ　{0d}{0d}楽しいだなんて\nそんな　ヤバンですわ！！{08}	재{0d}{0d} 재밌다니\n그런 야만적인!!{08}
S04:0:197	50	じゃあ　ひとの話を\nこそこそ聞かないでくれるかしら{08}	그럼 남 얘기를\n몰래 듣지 말아 줄래{08}
S04:0:198	82	ひ　{0d}ひとぎきの悪い！\nセニアさんが　そばにいるから\n自然に聞こえてくるだけですわ！{08}	드{0d} 듣기 거북하게!\n세니아 씨가 옆에 있으니\n저절로 들리는 거예요!{08}
S04:0:199	119	まあ　そういうことにしておくから\nいいかげんに　セニアを返してよ{08}\n人質取られてるみたいで\nぜーんぜん落ち着かないのよねー{08}	뭐 그런 걸로 해 줄 테니\n이제 그만 세니아를 돌려줘{08}\n인질 잡힌 것 같아서\n하나도 진정이 안 돼{08}
S04:0:200	99	な　{0d}{0d}なんですってーぇ！\nせっかく人が　ただで\n教えてあげているというのに{08}\n前言をてっかいしなさい！{08}	뭐{0d}{0d} 뭐라고요～!\n모처럼 공짜로\n가르쳐 주고 있는데{08}\n방금 한 말 철회하세요!{08}
S04:0:201	44	てっ・か・い{0d}{0d}\nはい　人質　返してちょうだい{08}	철・회{0d}{0d}\n자 인질 돌려줘{08}
S04:0:202	30	こっ　{0d}こにくたらしい女ッ！！{08}	이{0d} 이 얄미운 여자가!!{08}
S04:0:203	66	あーら　レナさんとエリーさん\nご機嫌うるわしゅう……{0d}\nオホホホホホ{08}	어머 레나 씨 엘리 씨\n안녕하시와요……{0d}\n오호호호호호{08}
S04:0:204	81	カ　{0d}{0d}カンペキですわ！！\nこれでわたくしのお教えすることの\n一割は吸収なされました{08}	와{0d}{0d} 완벽해요!!\n이로써 제가 가르칠 것의\n１할은 흡수하셨어요{08}
S04:0:205	79	ねえ　エリー　わたしダメ……{08}\nこんなになったセニア\nもう見てらんない\n助けて……{08}	있잖아 엘리 나 안 되겠어……{08}\n이렇게 된 세니아\n더는 못 보겠어\n살려 줘……{08}
S04:0:206	24	うーん\n……どうやって？{08}	으음\n……어떻게?{08}
S04:0:207	46	オーホホホホホッ\nこうでしたかしら　レイラさん{08}	오～호호호호홋\n이렇게였나요 레이라 씨{08}
S04:0:208	65	わずかにテンポが　はやいようです\nオーッホホホホホッ\nこうですわね{08}	약간 템포가 빠른 것 같네요\n오～홋호호호호홋\n이렇게요{08}
S04:0:209	69	さすがは　レイラさん……\n笑い方にも上品さが\nにじみでておられますわ～{08}	역시 레이라 씨……\n웃음에도 기품이\n배어 나오시네요～{08}
S04:0:210	61	だ　{0d}{0d}だれでもいいから\nわたしを　この世界から\n助け出して……{08}	누{0d}{0d} 누구든 좋으니까\n나를 이 세계에서\n구해 줘……{08}
S04:0:211	112	もともとセニアって\nこういう素質\nあったんじゃないかなぁ{08}\nお父さんがしつけに厳しくって\n学園長にいってるくらいだし{08}	원래 세니아는\n이런 소질이\n있었던 게 아닐까{08}\n아버지가 예절에 엄해서\n학원장님께 말할 정도니까{08}
S04:0:212	78	そうね　{0d}{0d}{0d}そうかもね\nセニアさん　さようなら\nあなたと過ごした日々　忘れないわ{08}	그렇지 {0d}{0d}{0d}그럴지도\n세니아 씨 안녕히\n함께한 나날 잊지 않을게{08}
S04:0:213	51	ハッ！{0d}{0d}\nレナーっ！\nわかって　やってるだろーっ！！{08}	헉!{0d}{0d}\n레나～!\n알고 그러는 거지～!!{08}
S04:0:214	100	ま　{0d}まぁ……セニアさん\nなんてキタない言葉づかいを……！{08}\nなげかわしい！\n最初からやり直しですわ！！{08}	어{0d} 어머……세니아 씨\n어쩜 그리 천박한 말투를……!{08}\n한심해라!\n처음부터 다시예요!!{08}
S04:0:215	39	も　{0d}もういや～\nエリー　助けてーっ！！{08}	이{0d} 이제 싫어～\n엘리 살려 줘～!!{08}
S04:0:216	33	最初から　そういえばいいのに……{08}	처음부터 그렇게 말하면 될걸{08}
S04:0:217	67	さ　いきましょう\nセニアお嬢さまには\nお上品になっていただかないとね{08}	자 가요\n세니아 아가씨께는\n우아해지셔야 하니까요{08}
S04:0:218	87	エリー　レナ～{08}\nもう十分　上品になったから\nお願いだから\nこいつと二人っきりにしないでぇ{08}	엘리 레나～{08}\n이제 충분히 우아해졌으니까\n제발\n이 녀석이랑 단둘이 두지 마{08}
S04:0:219	99	とはいえ\nセニアが　レイラ化していくのを\nだまって見ているしかないなんて…{08}\nセニア　がんばってね……{08}	그렇다고는 해도\n세니아가 레이라화되는 걸\n잠자코 볼 수밖에 없다니…{08}\n세니아 힘내……{08}
S04:0:220	29	レナ　言葉と顔が合ってないよ{08}	레나 말이랑 표정이 안 맞아{08}
S04:0:221	54	あ～ら　そうかしらん曖\nそれは　それは　おーほっほっ曖{08}	어～머 그럴까나♥\n그거 참 그거 참 오～홋홋♥{08}
S04:0:222	61	ハッ！{0d}{0d}\nレナーっ！　わたしの事\nほんとは心配してないだろー！{08}	헉!{0d}{0d}\n레나～! 내 걱정\n사실은 안 하지～!{08}
S04:0:223	56	あら　そんなことないわよ～\n真の女めざして　がんばって！{08}	어머 그렇지 않아～\n진정한 숙녀를 목표로 힘내!{08}
S04:0:224	67	レナ！　なんだよ　それー\nエリー　アタシも魔法の修行に\nいきたいよー{08}	레나! 뭐야 그게～\n엘리 나도 마법 수련\n가고 싶어～{08}
S04:0:225	89	ふふん……はたしてセニアさんが\n不潔な　あなたがたと　まともに\nお話ししてくださるかしら？{08}	흐흥……과연 세니아 씨가\n불결한 당신들과 제대로\n얘기해 주실까요?{08}
S04:0:226	73	まーっ　レイラさんたら\nセニアさんの乱暴さが\nうつったようなお言葉づかい！{08}	어머～ 레이라 씨도 참\n세니아 씨의 난폭함이\n옮은 듯한 말투네요!{08}
S04:0:227	68	えっ！！\nま　{0d}まさか　そんなはずが……\nあってよいわけありませんわ！{08}	엣!!\n서{0d} 설마 그럴 리가……\n있어서는 안 돼요!{08}
S04:0:228	46	やっぱり効果てきめんね～\nひっかかると思ったわ{08}	역시 효과 만점이네～\n걸려들 줄 알았어{08}
S04:0:229	78	て　てめーっ！！{0d}{0d}\nはっ！　{0d}{0d}こ　{0d}こんなのは\n真のわたくしじゃ　ありませんわ！{08}	이 이 자식～!!{0d}{0d}\n헉! {0d}{0d}이{0d} 이건\n진정한 제가 아니에요!{08}
S04:0:230	36	まあ　恐い\nなんて　ヤバンなんでしょ{08}	어머 무서워\n어쩜 이리 야만적일까{08}
S04:0:231	35	も　{0d}{0d}もう　ガマンなりませんわ！！{08}	이{0d}{0d} 이제 못 참겠어요!!{08}
S04:0:232	52	お願いですから　ワタクシを\nここから連れだして下さい{08}	부탁이니 저를\n여기서 데리고 나가 주세요{08}
S04:0:233	20	んー　{0d}{0d}{0d}反省した？{08}	음～ {0d}{0d}{0d}반성했어?{08}
S04:0:234	95	ハッ！{08}\n調子にのるなよ　レナーっ！！\nなんで　どうして　アタシが\n反省しなきゃいけないんだよ！！{08}	헉!{08}\n까불지 마 레나～!!\n왜 어째서 내가\n반성해야 하는 건데!!{08}
S04:0:235	65	ちっ　元の人格が気付いてしまった\n救出は　また後日ね\nてっしゅう！{08}	쳇 원래 인격이 눈치챘네\n구출은 다음 기회에\n철수!{08}
S04:0:236	44	レ　{0d}{0d}レナ？\n後でどうなってもしらないよ……{08}	레{0d}{0d} 레나?\n나중에 어떻게 돼도 몰라……{08}
S04:0:237	132	セニアさん！？\nそんな人たちは放っておきなさい！{08}\n今日こそ　癒しの精神につうずる\n人間の内面と　それを育む環境を\n学んでいただきます！{08}	세니아 씨!?\n그런 사람들은 내버려 두세요!{08}\n오늘이야말로 치유의 정신과\n통하는 인간의 내면과 그걸\n기르는 환경을 배우셔야 해요!{08}
S04:0:238	23	は　{0d}はい\nレイラさん！{08}	네{0d} 네\n레이라 씨!{08}
S04:0:239	87	まあっ！　セニアさん\nずいぶんと　お変わりになって{08}\n部屋もすっかり\n気品でいっぱいですわ{08}	어머! 세니아 씨\n많이 달라지셨네요{08}\n방도 완전히\n기품으로 가득해요{08}
S04:0:240	33	もう　わたし　しらないからね……{08}	이제 나 모른다……{08}
S04:0:241	79	あんたら　寮に入ったんだって？\nよかったな　毎日ステラおばさんの\nメシが食えるぜ{08}	너희 기숙사 들어왔다며?\n잘됐네 매일 스텔라 아줌마\n밥을 먹을 수 있다고{08}
S04:0:242	93	生徒会役員のエルノラさんも\n料理が得意らしいんだ{08}\nステラおばさんのと\nどっちがおいしいのかな？{08}	학생회 임원 엘노라 씨도\n요리를 잘한대{08}\n스텔라 아줌마 요리랑\n어느 쪽이 맛있을까?{08}
S04:0:243	78	オレだって本気を出せば\n建物の１つや２つは壊せるさ{0d}\nけど　ステラおばさんが……{08}	나도 진심을 내면\n건물 한두 채쯤은 부순다{0d}\n그래도 스텔라 아줌마가……{08}
S04:0:244	101	今日は修行か？{08}\n腹をへらして　ステラおばさんの\n料理をたくさん食べるのはいいが\nケガは　すんじゃねえぞ{08}	오늘은 수련이냐?{08}\n배를 곯고 스텔라 아줌마\n요리를 많이 먹는 건 좋지만\n다치지는 마라{08}
S04:0:245	116	建物を壊すなんて　ふつう\nやろうとしてもできねえぞ？{08}\nでも　建物くらい壊せなきゃ\n真の男をめざす資格は\nないんだろうな{08}	건물을 부수다니 보통은\n하려고 해도 못 한다고?{08}\n그래도 건물쯤은 부숴야\n진정한 사나이를 목표할\n자격이 있는 거겠지{08}
S04:0:246	153	あのイアソン先生が　女の子\n呼び出すなんて思いもしなかったよ\n一体　何をするつもりなんだろう{08}\nまっ　何をするにしても\nかくごを決めてから\nいったほうがいいよ{08}	그 이아손 선생님이 여자애를\n불러내다니 상상도 못 했어\n대체 뭘 하려는 걸까{08}\n뭐 뭘 하든\n각오를 하고\n가는 게 좋을 거야{08}
S04:0:247	118	イアソン先生と女の子が\n練習するなんて\n想像もしてなかったよ{08}\n女の子にできるんなら……\nもしかして　オレでも大丈夫かな？{08}	이아손 선생님이 여자애랑\n연습하다니\n상상도 못 했어{08}\n여자애도 할 수 있으면……\n혹시 나도 괜찮을까?{08}
S04:0:248	73	イアソン先生に\n気に入られたもんだねぇ{08}\nオレと君らの違いって\n何なんだろう{08}	이아손 선생님 마음에\n들었나 보구나{08}\n나랑 너희의 차이는\n뭘까{08}
S04:0:249	95	イェンの建物はリヒターっていう\n先生が作ったらしいよ{08}\nでも　いつからか\n行方不明になっているんだ{08}	옌의 건물은 리히터라는\n선생님이 만들었대{08}\n그런데 언제부턴가\n행방불명이래{08}
S04:0:250	73	ハイド先生は　弟子も取らないで\nいまだ　星見の塔で\n１人っきりなんだってさ{08}	하이드 선생님은 제자도 없이\n아직도 별보기 탑에서\n혼자래{08}
S04:0:251	214	これはまだ　不確実な情報で\nあまり流したくはないんだけれど\nケント先生って　過去に……{08}{0c}………いや　やはりやめておこう\nもし　間違った情報だったら\nぼくの信用が落ちるし{08}\n何より当人に　余計な迷惑が\nかかってしまうからね{08}	이건 아직 불확실한 정보라\n별로 퍼뜨리고 싶진 않지만\n켄트 선생님은 과거에……{08}{0c}………아니 역시 그만두자\n만약 틀린 정보면\n내 신용이 떨어지고{08}\n무엇보다 본인한테 쓸데없는\n폐가 되니까{08}
S04:0:252	85	もう１度イェンに入れるなら\nこんどはテレイナ先生がいいなぁ\n君らは竪琴　弾けるのかい？{08}	옌에 한 번 더 들어간다면\n이번엔 테레이나 선생님이 좋아\n너희 하프 칠 줄 아니?{08}
S04:0:253	57	よく来たわね\nでも　ここを壊すのは\nわたしがゆるさないわ！{08}	잘 왔어\n하지만 여길 부수는 건\n내가 용서 못 해!{08}
S04:0:254	144	エリーもよく見ると\nけっこういけるんじゃない？{08}{0c}これから　もっともっとチャンスは\nあると思うから{08}\nあんまり　あせって決めなくっても\nいいと思うわよ{08}	엘리도 잘 보면\n꽤 괜찮은 것 같은데?{08}{0c}앞으로 더 많은 기회가\n있을 테니까{08}\n너무 서둘러 정하지 않아도\n될 것 같아{08}
S04:0:255	113	イヤになったらわたしにいいなさい\nすぐに代わってあげるから{08}\nかわいい妹たちが　苦しんでるのを\n見るのはつらいからね{08}	싫어지면 나한테 말하렴\n금방 바꿔 줄 테니까{08}\n귀여운 동생들이 괴로워하는 걸\n보는 건 괴로우니까{08}
S04:0:256	60	大丈夫？{08}\n女の子なんだから　少しくらい\n手を抜いてもいいのよ{08}	괜찮아?{08}\n여자애니까 조금쯤\n요령 피워도 돼{08}
S04:0:257	46	もうすぐ配達の方がくるから\nそれまで待っててね{08}	곧 배달하는 분이 오니까\n그때까지 기다려 줘{08}
S04:0:258	105	いいわね　迎えに来てもらえて……{08}{0c}わたしはずっと　片思い……\nずっと…………{0d}{0d}{0d}{0d}\nなんか……{0d}{0d}{0d}{0d}やだな……{08}	좋겠다 데리러 와 주다니……{08}{0c}나는 계속 짝사랑……\n계속…………{0d}{0d}{0d}{0d}\n왠지……{0d}{0d}{0d}{0d}싫다……{08}
S04:0:259	83	女の子らしくしていないと\n男の子に嫌われてしまうわよ\nわたし　嫌われてないかしら……{08}	여자답게 굴지 않으면\n남자애들이 싫어해\n나 미움받고 있지 않을까……{08}
S04:0:260	108	一度　お話ししてみたいなぁ{08}\nわたし………{0d}{0d}{0d}\nどうしたらいいのかしら？{08}\nどうしたら\n気付いてもらえるのかしら？{08}	한 번 얘기해 보고 싶다{08}\n나………{0d}{0d}{0d}\n어떡하면 좋을까?{08}\n어떡하면\n알아차려 줄까?{08}
S04:0:261	147	えっ　セニアさんがレイラに？\n…………{0d}{0d}{0d}{0d}と　{0d}とにかく\nこまめに様子を見にいって\n声を掛けてあげて{08}\nわたしにはアドバイスしか……{0d}{0d}{0d}\nできないから……{08}	어 세니아 씨가 레이라에게?\n…………{0d}{0d}{0d}{0d}아{0d} 아무튼\n자주 상태를 보러 가서\n말을 걸어 줘{08}\n나는 조언밖에……{0d}{0d}{0d}\n못 하니까……{08}
S04:0:262	110	レイラがくやしがってたの\nわたし　それを少し\nうれしく思っちゃった……{08}\nダメね　{0d}{0d}これじゃレイラと\nおんなじだわ{08}	레이라가 분해하던 걸\n나 조금\n기쁘게 생각해 버렸어……{08}\n안 되지 {0d}{0d}이래선 레이라랑\n똑같잖아{08}
S04:0:263	139	セニアさん　また叩き込まれてるわ{08}\n考えてみるとレイラって\nいいことしてるんじゃないかしら？{08}\nでも………やっぱり\nレイラと接すると苦しいの……{08}	세니아 씨 또 교육받고 있어{08}\n생각해 보면 레이라는\n좋은 일을 하는 거 아닐까?{08}\n그래도………역시\n레이라랑 있으면 괴로워……{08}
S04:0:264	111	はぁ……今日も朝が来ちゃったわね\nあっ　ごめんなさい{08}\nあなたたちにとっては良い一日に\nなるかも知れないモノね……{08}	하아……오늘도 아침이 왔네\n아 미안해{08}\n너희한텐 좋은 하루가\n될지도 모르는데……{08}
S04:0:265	48	わぁ！　ふっかふか曖\nエリー　見てよ　このベッド{08}	와아! 푹신푹신♥\n엘리 봐 봐 이 침대{08}
S04:0:266	73	わぁ　りっぱなつくえ\n…………これなら　レナも\n少しはべんきょうするかも…{08}	와 훌륭한 책상\n…………이거라면 레나도\n조금은 공부할지도…{08}
S04:0:267	99	こういう　すみっこって\n結構　ほこりがたまってるのよね～{08}{0c}………………{0d}{0d}{0d}{0d}\nさすがね　ステラおばさん{08}	이런 구석엔\n꽤 먼지가 쌓이거든～{08}{0c}………………{0d}{0d}{0d}{0d}\n역시 스텔라 아줌마야{08}
S04:0:268	69	レナ～　そういう事してると\nおばさんに　ゴハン\n作ってもらえなくなるよ{08}	레나～ 그런 짓 하면\n아줌마가 밥\n안 만들어 주실걸{08}
S04:0:269	57	ごめんなさい　ごめんなさい\nおばさん\nもう　いたしませ～ん{08}	죄송해요 죄송해요\n아줌마\n다신 안 할게요～{08}
S04:0:270	77	ひっく……ひっ……うう……\nもう絶対しないから\nお願いだから　ゴハン作ってぇぇ{08}	훌쩍……흑……으으……\n절대 다신 안 할 테니까\n제발 밥 만들어 줘요오오{08}
S04:0:271	55	レ　レナ！\n大丈夫だよ～\nおばさん　やさしいから{08}\nねっ？{08}	레 레나!\n괜찮아～\n아줌마 다정하시니까{08}\n응?{08}
S04:0:272	13	うん…………{08}	응…………{08}
S04:0:273	65	………ウソ　つくのって………\nこわいっ……\nもう　ぜったいやめよう{08}	………거짓말하는 건………\n무서워……\n이제 절대 안 할래{08}
S04:0:274	81	ちょっとー　何よこれ{08}\nなんで　ベッドに\nこんな得体の知れない\n荷物が置いてあるの～{08}	잠깐 뭐야 이거{08}\n왜 침대에\n이런 정체 모를\n짐이 놓여 있어～{08}
S04:0:275	52	ハッ！　レイラねっ！\nそうだわ！　そうに違いないわ！{08}	헉! 레이라지!\n그래! 틀림없어!{08}
S04:0:276	67	レナ………　右だよ\nわたしたち　今　左に曲がったと\n思うんだけど……{08}	레나……… 오른쪽이야\n우리 방금 왼쪽으로\n꺾은 것 같은데……{08}
S04:0:277	87	な　なによ！\n不親切な教え方しちゃってさ！{08}\nどーあっても　わたしたちと\n戦いたいみたいね{08}	뭐 뭐야!\n불친절하게 가르쳐 주고!{08}\n어떻게든 우리랑\n싸우고 싶은가 보네{08}
S04:0:278	59	レナ　一方的なスイソクは\nよくないよ\nはやく　反対側にいこう{08}	레나 일방적인 추측은\n좋지 않아\n얼른 반대쪽으로 가자{08}
S04:1:0	72	そうだ　あの人{0d}\nどこかで見たことがあると思ったら\nイアソン先生の道場でだ{08}	맞다 그 사람{0d}\n어디서 본 것 같았는데\n이아손 선생님 도장에서다{08}
S04:1:1	76	そうだっけ？\nそれはいいけど　なによ あの態度\nもっと普通にできないのかしらね{08}	그랬나?\n그건 그렇고 뭐야 그 태도\n좀 평범하게 못 하나{08}
S04:1:2	52	イアソン先生に呼ばれたんだし\nとにかくいってみようよ{08}	이아손 선생님이 부르셨으니\n아무튼 가 보자{08}
S04:1:3	44	いきなり襲いかかってきたり\nしないでしょうね{08}	갑자기 덤벼들진\n않겠지{08}
S04:1:4	25	なに考えてるんだよ　レナ{08}	무슨 생각 하는 거야 레나{08}
S04:1:5	44	ダディス先生！\nわたしのこと覚えてます……？{08}	다디스 선생님!\n저 기억하세요……?{08}
S04:1:6	94	おまえは……{0d}{0d}{0d}誰だったかな？{08}\nそ　それよりだな\nここに何か大事なものが\nあったはずなんだが……{08}	너는……{0d}{0d}{0d}누구였더라?{08}\n그 그보다 말이다\n여기 뭔가 중요한 게\n있었을 텐데……{08}
S04:1:7	27	ダディス先生……ここは……{08}	다디스 선생님……여기는……{08}
S04:1:8	63	ここには　何もなかった\n先生がカン違いしているだけ{0d}{0d}\nいいわね？{08}	여긴 아무것도 없었다\n선생님이 착각하는 것뿐{0d}{0d}\n알았지?{08}
S04:1:9	62	ど　どうしてそうなるの……？\nほかの人が教えちゃえば同じだよ？{08}	왜 왜 그렇게 되는 거야……?\n남이 알려 주면 똑같잖아?{08}
S04:1:10	109	知ってもまた忘れるかも\nしれないじゃない{08}\nわざわざ　わたしたちから\nばらす事ないわ{08}\n可能性にかけなきゃダメよ！{08}	알아도 또 잊을지도\n모르잖아{08}\n굳이 우리 입으로\n불 필요는 없어{08}\n가능성에 걸어야지!{08}
S04:1:11	33	他の時にこそ　そうしてほしい……{08}	다른 때에나 그래 줬으면……{08}
S04:1:12	111	先生……わたし　エマ先生に\n聞いたことがあるんです{08}\n急に　なつかしさを感じるのは\n前の晩　夢にうなされた時だって{08}	선생님……저 에마 선생님께\n들은 적이 있어요{08}\n갑자기 그리움이 느껴지는 건\n전날 밤 악몽을 꿨을 때래요{08}
S04:1:13	43	レナ～\nエマ先生まで\n敵にまわすつもりなの？{08}	레나～\n에마 선생님까지\n적으로 돌릴 셈이야?{08}
S04:1:14	126	そうか　おまえはいい生徒だな\n忠告にしたがって\nわしも家に帰って休もう……{08}{0d}{0d}{0c}はて？　いま大事なことを\n思い出しかけたような……{08}	그런가 넌 좋은 학생이구나\n충고대로\n나도 집에 가서 쉬어야겠다……{08}{0d}{0d}{0c}글쎄? 방금 중요한 걸\n떠올릴 뻔한 것 같은데……{08}
S04:1:15	63	………や　やぶへびだわーっ！！{08}{0c}えーっ　き　気のせいですよぉー{08}	………긁 긁어 부스럼이야～!!{08}{0c}에～ 기 기분 탓이에요～{08}
S04:1:16	44	さて　はじめるぞ！\n……{0d}{0d}{0d}と　その前にだな{08}\n	자 시작하마!\n……{0d}{0d}{0d}그 전에 말이다{08}\n
S04:1:17	46	レナ　どうしておまえが\nここまでついてくるんだ{08}	레나 왜 네가\n여기까지 따라오는 거냐{08}
S04:1:18	122	だって　エリーは大切な友達だし\n先生に　ついてくるな　とは\nいわれませんでしたしぃ{08}{0c}いいませんでしたよね？\nイアソンセンセッ{08}	그치만 엘리는 소중한 친구고\n선생님이 따라오지 말라고\n안 하셨잖아요{08}{0c}안 하셨죠?\n이아손 선생님{08}
S04:1:19	81	ぐっ………{0d}{0d}{0d}ま　{0d}まぁ\n見学くらいは認めようじゃないか{08}\nとっ　{0d}とにかくはじめるぞ\n	큭………{0d}{0d}{0d}뭐{0d} 뭐\n견학 정도는 인정하마{08}\n아{0d} 아무튼 시작하마\n
S04:1:20	33	エリー　オレを抱えて飛ぶんだっ！{08}	엘리 나를 안고 날아라!{08}
S04:1:21	21	はい　わかりました！{08}	네 알겠어요!{08}
S04:1:22	67	よし　いいぞ！！\nそして　あの的めがけて\nオレを投げるんだぁっっ！！{08}	좋아 됐다!!\n그리고 저 과녁을 향해\n나를 던지는 거다!!{08}
S04:1:23	45	先生ぇ　重いよー！\nうーーーー{0d}{0d}{0d}{0d}{0d}{0d}\nえいっ！{08}	선생님 무거워요～!\n으으으으{0d}{0d}{0d}{0d}{0d}{0d}\n에잇!{08}
S04:1:24	73	………{0d}{0d}{0d}すまんがエリー{0d}{0d}{0d}\nもうちょっと　いきおいをつけて\n投げてくれんか{08}	………{0d}{0d}{0d}미안하다만 엘리{0d}{0d}{0d}\n좀 더 기세를 붙여서\n던져 주지 않겠나{08}
S04:1:25	20	ご　{0d}ごめんなさいっ{08}	죄{0d} 죄송해요{08}
S04:1:26	67	エリー！　だめよっ！\n殺す気……じゃなかった\n本気で　投げないと！！{08}	엘리! 안 돼!\n죽일 셈……이 아니라\n진심으로 던져야지!!{08}
S04:1:27	57	こ　{0d}この……{0d}\nしかし　まあ\nレナのいうことの半分は正しい{08}	이{0d} 이놈……{0d}\n하지만 뭐\n레나 말의 절반은 옳다{08}
S04:1:28	38	はぁ　{0d}{0d}わかりましたっ\nイアソン先生！{08}	하아 {0d}{0d}알겠어요\n이아손 선생님!{08}
S04:1:29	13	いくぞっ！！{08}	간다!!{08}
S04:1:30	17	はい！　先生っ！{08}	네! 선생님!{08}
S04:1:31	20	ご　{0d}ごめんなさい…{08}	죄{0d} 죄송해요…{08}
S04:1:32	93	なに　気にすることはない\n今日の反省点を\n次の日に生かせればよいのだ{08}\nそれが修行だ　わかったな{08}	뭐 신경 쓸 것 없다\n오늘의 반성점을\n다음 날 살리면 된다{08}\n그게 수련이다 알겠나{08}
S04:1:33	23	はいっ！　イアソン先生{08}	네! 이아손 선생님{08}
S04:1:34	63	うむ　いい返事だ\n学園長に話を聞くのも忘れずにな\nまた明日も頼む{08}	음 좋은 대답이다\n학원장님께 얘기도 꼭 듣고\n내일도 부탁한다{08}
S04:1:35	9	は～い曖{08}	네～♥{08}
S04:1:36	9	…………{08}	…………{08}
S04:1:37	111	ふん　{0d}{0d}結局　おまえたちは\nイアソン先生の役には立たなかった{08}\nやはり女に男の修行はできないんだ\nさっさと立ち去れ{08}	흥 {0d}{0d}결국 너희는\n이아손 선생님께 도움 안 됐어{08}\n역시 여자는 사나이 수련 무리\n얼른 사라져{08}
S04:1:38	37	あ　そう\nじゃ　{0d}エリー　帰りましょう{08}	아 그래\n그럼 {0d}엘리 돌아가자{08}
S04:1:39	65	ま　{0d}{0d}待て！\n真の男を目指す者なら\nここでケットウになるはずだ！！{08}	기{0d}{0d} 기다려!\n진정한 사나이를 목표로 한다면\n여기서 결투가 되는 법이다!!{08}
S04:1:40	85	誰が目指すのよ　そんなもん\nあのね　いいたい事があるなら\nはっきりと　そういいなさいよ{08}	누가 그런 걸 목표로 해\n있잖아 할 말이 있으면\n똑바로 말해{08}
S04:1:41	90	あ　あの技は　イアソン先生と\nオレが完成させる予定だった{0d}{0d}{0d}\nそれを　横からおまえたちが……{08}	그 그 기술은 이아손 선생님과\n내가 완성할 예정이었다{0d}{0d}{0d}\n그걸 옆에서 너희가……{08}
S04:1:42	109	ねえ　それってイアソン先生の\n口から聞いたの？{08}\nそれより　あんた空飛べるの？\n男のシットなんて　はやんないわよ{08}	있잖아 그거 이아손 선생님\n입으로 들은 거야?{08}\n그보다 너 하늘 날 수 있어?\n남자 질투는 유행 안 해{08}
S04:1:43	54	まったく　{0d}{0d}ずっとわたしに\nこの顔を　させたいのかしら{08}	정말 {0d}{0d}계속 나한테\n이 얼굴을 시킬 셈인가{08}
S04:1:44	60	ちょっといいすぎじゃないのかな\nなんだか　かわいそうだよ……{08}	좀 말이 심한 거 아냐\n왠지 불쌍해……{08}
S04:1:45	68	へへ　イアソン先生に似てるから\nつい……{0d}\n反省いたしますわ　ほほほ曖{08}	헤헤 이아손 선생님을 닮아서\n그만……{0d}\n반성하겠사와요 호호호♥{08}
S04:1:46	54	………さっきは悪かった\nめちゃくちゃいったのはあやまる{08}	………아까는 미안했다\n막말한 건 사과하지{08}
S04:1:47	25	べつに　わかればいいのよ{08}	뭐 알면 됐어{08}
S04:1:48	46	しばらくたってから\nいわれるかもしれないけどね{08}	한참 지나서\n듣게 될지도 모르지만{08}
S04:1:49	27	そういう　つっこみは禁止！{08}	그런 태클은 금지!{08}
S04:1:50	65	そんな事より　合体魔法の事を\n学園長に聞きにいきましょうよ\nエリー{08}	그보다 합체 마법에 대해\n학원장님께 물어보러 가자\n엘리{08}
S04:1:51	82	レナ！　{0d}{0d}{0d}大人になったね！\n勉強しにいこうっていいだすなんて\nわたし　驚いちゃった{08}	레나! {0d}{0d}{0d}어른이 됐구나!\n공부하러 가자고 하다니\n나 깜짝 놀랐어{08}
S04:1:52	7	えっ？{08}	어?{08}
S04:1:53	19	えっ？　って………{08}	어? 라니………{08}
S04:1:54	52	だが！　オレはおまえたちを\nゆるしたわけじゃないぞ！{08}	하지만! 나는 너희를\n용서한 게 아니다!{08}
S04:1:55	53	まったく{0d}{0d}\nどうしてこいつは　こう\nねちっこいのかしら{08}	정말{0d}{0d}\n얘는 왜 이렇게\n끈질긴 걸까{08}
S04:1:56	11	……うーん{08}	……으음{08}
S04:1:57	65	ねえ　エリー？\nなによ　その顔……\nわたしに　なにかいいたそうねぇ{08}	있잖아 엘리?\n뭐야 그 얼굴…… 나한테\n뭔가 할 말 있어 보이네{08}
S04:1:58	67	遅いぞ！\nイアソン先生は　むこうでお待ちだ\n黙ってオレについてこい！{08}	늦었다!\n이아손 선생님이 저쪽에 계신다\n잠자코 날 따라와라!{08}
S04:1:59	57	また　あんたなの？\n見学も修行のうちって　やつ？\nマメねぇ{08}	또 너야?\n견학도 수련의 일부라는 거?\n부지런하네{08}
S04:1:60	42	だ　{0d}{0d}黙ってついてこいと\nいっているだろ！{08}	자{0d}{0d} 잠자코 따라오라고\n했잖아!{08}
S04:1:61	44	ちょっと待った！\nあんた　どこにいくつもり？{08}	잠깐!\n너 어디 가려는 거야?{08}
S04:1:62	83	ついてくればわかる\nおまえたちとイアソン先生の修行だ\nオレが詳しく知るわけないだろう{08}	따라오면 알아\n너희랑 이아손 선생님 수련이다\n내가 자세히 알 리 없잖아{08}
S04:1:63	22	………{0d}{0d}ふーん　{0d}そう{08}	………{0d}{0d}흐응 {0d}그래{08}
S04:1:64	27	イアソンラウンチャー！！！{08}	이아손 런처!!!{08}
S04:1:65	33	どっ　{0d}{0d}どうしたんだ　エリー！！{08}	왜{0d}{0d} 왜 그러냐 엘리!!{08}
S04:1:66	31	せっかく名前も　付いたのにねぇ{08}	모처럼 이름도 붙었는데{08}
S04:1:67	52	ごめんなさい　イアソン先生\nなにがいけないのかな……{08}	죄송해요 이아손 선생님\n뭐가 문제일까……{08}
S04:1:68	79	やっぱり愛の力じゃないかしら\nイアソン先生さぁ{0d}{0d}\nテレイナ先生に投げてもらえば？{08}	역시 사랑의 힘 아닐까\n이아손 선생님{0d}{0d} 테레이나\n선생님이 던져 달라면?{08}
S04:1:69	62	エリー！　他の女はいざ知らず\nお　おまえだけは男として認めよう{08}	엘리! 다른 여자는 몰라도\n너 너만은 사나이로 인정하마{08}
S04:1:70	157	あ……ありがとう　ブレード\nでも　レナとか他の子達とも\n仲良くしてもらいたいな{08}\nみんなで力を合わせた方が\n一人でいる時より　もっと大きな\n成果につながると思うし{08}	고……고마워 블레이드\n그래도 레나나 다른 애들이랑도\n사이좋게 지내 줬으면 해{08}\n모두 힘을 합치는 게\n혼자일 때보다 더 큰\n성과로 이어질 테니까{08}
S04:1:71	54	難しい事だが…………\nお前がそういうのなら　努力しよう{08}	어려운 일이다만…………\n네가 그렇게 말한다면 노력하지{08}
S04:1:72	11	……………{08}	……………{08}
S04:1:73	7	ふん！{08}	흥!{08}
S04:1:74	48	なんだ　エリー\nずいぶんと　みすぼらしい格好だな{08}	뭐냐 엘리\n꽤 초라한 꼴이구나{08}
S04:1:75	38	エ　エリー？\nな　名前をおぼえてる！？{08}	엘 엘리?\n이 이름을 기억하셔!?{08}
S04:1:76	120	さっきまでイアソン先生と\n合体魔法の修行をしていたんです{08}\n野外でやってたから\n砂ぼこりで少し………\nそんなに目立ちますか？{08}	아까까지 이아손 선생님이랑\n합체 마법 수련을 했어요{08}\n밖에서 했거든요\n흙먼지 때문에 좀………\n그렇게 티 나요?{08}
S04:1:77	81	エ　エリー！\nとっても汚いから　今すぐ着替えに\nいきましょう{08}\nでは先生　失礼します{08}	엘 엘리!\n엄청 더러우니까 당장\n갈아입으러 가자{08}\n그럼 선생님 실례할게요{08}
S04:1:78	52	おぉ　ちょーど良かった\nおまえたちに頼みがあるんじゃ{08}	오오 마침 잘됐다\n너희에게 부탁이 있다{08}
S04:1:79	17	な　なんですか？{08}	뭐 뭔데요?{08}
S04:1:80	142	うむ　いまさっきまでここに\n合体魔法を教えて欲しいという\n生徒が２人程いたんだが{08}\nどこかに　いってしまったんじゃ\nすまんがさがしてきてくれないか{08}	음 방금 전까지 여기\n합체 마법을 가르쳐 달라는\n학생이 둘쯤 있었는데{08}\n어디 가 버렸어\n미안하지만 찾아 주지 않겠나{08}
S04:1:81	67	………とりあえず\n正体は　ばれてないみたいね\nわかりました　それじゃ{08}	………일단\n정체는 안 들킨 것 같네\n알겠어요 그럼{08}
S04:1:82	54	お！　そうじゃレナ！\nおまえにいいたい事があったんじゃ{08}	오! 그렇지 레나!\n너한테 할 말이 있었다{08}
S04:1:83	40	！！！\nわ　わたしはレナじゃありませーん{08}	!!!\n저 저는 레나가 아니에요～{08}
S04:1:84	91	おまえたち　合体魔法の事を\n知りたがってる生徒を見かけたら\n学園長に聞くように　と伝えてくれ{08}	너희 합체 마법에 대해\n알고 싶어 하는 학생을 보면\n학원장한테 물으라고 전해 다오{08}
S04:1:85	65	は　はいっ！\n…………ちょっとエリー\nここ　さっさと離れましょうよ{08}	네 네!\n…………잠깐 엘리\n여기서 얼른 벗어나자{08}
S04:1:86	85	聞きたい……\nでも　聞けない……{08}\n………ダディス先生って\n昨日　どうやって寝たんだろう{08}	묻고 싶어……\n그래도 못 물어……{08}\n………다디스 선생님은\n어젯밤 어떻게 주무셨을까{08}
S04:1:87	65	なんじゃ？\nその　物いいたげな顔は\nわしに聞きたい事でもあるのか？{08}	뭐냐?\n뭔가 할 말 있는 얼굴이구나\n나한테 묻고 싶은 게 있냐?{08}
S04:1:88	33	あ　あの……{0d}{0d}{0d}{0d}\nき　きのう……{08}\n	저 저기……{0d}{0d}{0d}{0d}\n어 어제……{08}\n
S04:1:89	51	き　{0d}{0d}{0d}昨日さがしてた生徒さんは\n見つかりましたか？{08}	어{0d}{0d}{0d} 어제 찾으시던 학생은\n찾으셨어요?{08}
S04:1:90	91	……何をいっとるんだ\n昨日魔法について聞きにきたのは\nおまえたちじゃないか{08}\nポ－ラ　プーシャ{08}	……무슨 소리냐\n어제 마법을 물으러 온 건\n너희잖느냐{08}\n포라 푸샤{08}
S04:1:91	62	…………{08}\nなんか　わたしたちのほうが\n遊ばれてる気がしてきたわ{08}	…………{08}\n왠지 우리 쪽이\n놀림당하는 기분이야{08}
S04:1:92	23	そぉだね　プーシャっ！{08}	그러게 푸샤!{08}
S04:1:93	85	ちょ　ちょっとエリー　やめてよ\n冗談でもダディス先生が\n名付け親だなんてイヤよ　わたし{08}	자 잠깐 엘리 그만해\n농담이라도 다디스 선생님이\n이름 지어 준 건 싫어{08}
S04:1:94	42	ご　{0d}{0d}{0d}ごめんなさい……{08}\nダディス先生……{08}	죄{0d}{0d}{0d} 죄송해요……{08}\n다디스 선생님……{08}
S04:1:95	50	キディにルル{08}\nおまえたち\nキャラが入れ変わっとるぞ{08}	키디랑 룰루{08}\n너희\n캐릭터가 뒤바뀌었다{08}
S04:1:96	9	…………{08}	…………{08}
S04:1:97	54	き　{0d}{0d}{0d}{0d}昨日は………\n昨日の夜は　むし暑かったですよね{08}	어{0d}{0d}{0d}{0d} 어제는………\n어젯밤은 무더웠죠{08}
S04:1:98	87	むっ！{08}\n…………そういえば昨日の晩\n何か　思いっきり叫びたい事を\n思い出したような……？{08}	음!{08}\n…………그러고 보니 어젯밤\n뭔가 힘껏 외치고 싶은 걸\n떠올린 것 같은데……?{08}
S04:1:99	51	へー\nそーなんですかぁ\nでも　憶えていないんですよね{08}	헤에\n그래요～\n그래도 기억 안 나시죠{08}
S04:1:100	58	レナ　とうとうこんな状況まで\n楽しむようになったんだね……{08}	레나 드디어 이런 상황까지\n즐기게 됐구나……{08}
S04:1:101	15	わっかるぅ～？{08}	알겠어～?{08}
S04:1:102	53	ここはどこ？\nわたしはだ～れ？\nってのはもう　使えんな{08}	여긴 어디?\n나는 누구～?\n……는 이제 못 쓰겠군{08}
S04:1:103	48	ダディス先生！\n合体魔法の事　教えてください！！{08}	다디스 선생님!\n합체 마법 가르쳐 주세요!!{08}
S04:1:104	65	うむ　よかろう！\nだが　明日にしよう\n今日はちょっと　カゼぎみでな{08}	음 좋다!\n하지만 내일 하자\n오늘은 좀 감기 기운이 있어서{08}
S04:1:105	17	あ！　さっきの人{08}	앗! 아까 그 사람{08}
S04:1:106	48	エリー　この道は不吉だわ\nあっちからいきましょう{08}	엘리 이 길은 불길해\n저쪽으로 가자{08}
S04:1:107	95	どーして？{08}\nあの人　道場の方に向かってるし\nわたしたちだって今から\nいくんだもん　一緒にいこうよ{08}	왜?{08}\n그 사람 도장 쪽으로 가고\n우리도 지금\n가니까 같이 가자{08}
S04:1:108	95	エリー　もしかしてほれたぁ？\nやめときなさいよ　あんなの{08}\nどうせ　自分の事しか\n考えないタイプよ{08}	엘리 혹시 반했어?\n그만둬 저런 애{08}\n어차피 자기만\n생각하는 타입이야{08}
S04:1:109	85	レナ！　話したばっかりで\n相手の事　よく知らないのに\nそんな風にいうのって良くないよ！{08}	레나! 막 얘기해 봤을 뿐이고\n상대를 잘 모르면서\n그렇게 말하는 건 안 좋아!{08}
S04:1:110	29	わかったわよぉ　でもこっちね{08}	알았어～ 그래도 이쪽으로{08}
S04:1:111	40	あっ　さっきの人\nブレード…さんだっけ？{08}	앗 아까 그 사람\n블레이드…씨였나?{08}
S04:1:112	79	名前を憶える必要なんてないわよ\nあんなやつと友達になるなんて\nありえないんだから{08}	이름 외울 필요 없어\n저런 녀석이랑 친구가 되는 건\n있을 수 없으니까{08}
S04:1:113	29	どーしてそんな事　わかるの？{08}	그걸 어떻게 알아?{08}
S04:1:114	105	エリー　もっと他人を\nうたがわなきゃダメよ{08}\nさっきのあいつの態度　見たでしょ\nぜ～ったい　自己中心的性格よ{08}	엘리 좀 더 남을\n의심해야 해{08}\n아까 그 녀석 태도 봤지\n절～대 자기중심적 성격이야{08}
S04:1:115	69	レナ！　ブレードの事\nまだ良く知らないのに\nなんでそんな事　いえるの？{08}	레나! 블레이드에 대해\n아직 잘 모르면서\n왜 그런 말을 할 수 있어?{08}
S04:1:116	50	確かに信用してばっかりだと\n裏切られる事も多いよ…{08}	확실히 믿기만 하면\n배신당하는 일도 많아…{08}
S04:1:117	151	でも　それでもわたしは\n人を信じる生き方をしたい！{08}\nみんながみんな\n他人を信じてないなんて………{0d}{0d}{0d}{0d}\nそんな悲しいこと……{0d}{0d}{0d}{08}\nわたし　考えたくないっ！！{08}	그래도 그래도 나는\n사람을 믿으며 살고 싶어!{08}\n모두가 다\n남을 안 믿는다니………{0d}{0d}{0d}{0d}\n그런 슬픈 일……{0d}{0d}{0d}{08}\n나 생각하고 싶지 않아!!{08}
S04:1:118	48	ご　ごめん　エリー\nそんなつもりじゃなかったのよ{08}	미 미안 엘리\n그런 뜻이 아니었어{08}
S04:1:119	77	エリーのそういうトコ\nわたし　うらやましいし\nそんなエリーのままでいて欲しいし{08}	엘리의 그런 점\n나 부럽고\n엘리가 그대로 있어 줬으면 해{08}
S04:1:120	9	レナ……{08}	레나……{08}
S04:1:121	65	ねっ！　エリー\nもう落ち込まないで……\n元気だして　いきましょう！{08}	응！ 엘리\n이제 그만 풀 죽어……\n힘내서 가자！{08}
S04:2:0	50	あら　セニアがいないわね\nいったい　どうしたの！？{08}	어머 세니아가 없네\n대체 무슨 일이니!?{08}
S04:2:1	68	えーと　エマ先生\nそれは…{0d}ですねぇ……\nセニアは　山へ芝かりに………{08}	음 에마 선생님\n그건…{0d}말이죠……\n세니아는 산에 나무하러………{08}
S04:2:2	70	ふーん{08}{0c}で　レナさん？{08}\nそのひとり芝居で\nごまかしているつもりかしら？{08}	흐응{08}{0c}그래서 레나 양?{08}\n그 １인극으로\n얼버무릴 셈이니?{08}
S04:2:3	75	せ　{0d}{0d}せんせい　ごめんなさーい！！\nでも　わたしが\nやったんじゃないんですぅ{08}	서{0d}{0d} 선생님 죄송해요～!!\n하지만 제가\n한 게 아니에요～{08}
S04:2:4	56	ダディス先生の研究所\nこわしちゃいました……{0d}{0d}すいません{08}	다디스 선생님 연구소를\n부숴 버렸어요……{0d}{0d}죄송해요{08}
S04:2:5	40	はぁ……\nこりないわね　あなたたちは……{08}	하아……\n질리지도 않는구나 너희는……{08}
S04:2:6	83	まったく……あなたたちは　もぉ！\nわたしに　あやまっても\nしかたありませんからね！！{08}	정말……너희는 진짜!\n나한테 사과해 봤자\n소용없단다!!{08}
S04:2:7	31	ダディス先生にあやまってきます{08}	다디스 선생님께 사과할게요{08}
S04:2:8	42	レナッ！！\nあなたとセニアもですからねっ！{08}	레나!!\n너랑 세니아도야!{08}
S04:2:9	28	は　{0d}はーい　ごめんなさぁい{08}	네{0d} 네～ 죄송해요～{08}
S04:2:10	52	あの～　エマ先生？\nこいつらを弟子にするなんて事は…{08}	저기～ 에마 선생님?\n얘네를 제자로 삼는 일은…{08}
S04:2:11	9	ないわよ{08}	없단다{08}
S04:2:12	65	そ　{0d}{0d}そうなのか　先生！\nそれなら何で\n何もいってくれなかったんだ{08}	그{0d}{0d} 그래요 선생님!\n그럼 왜\n아무 말도 안 해 주셨어요{08}
S04:2:13	123	えっ　{0d}あなた知らなかったの？\nわたしは生徒をとらないのよ{08}\nそれに　あんたたちは\n３人そろって　モジモジしてるだけ\nなんだもの{08}	어{0d} 너 몰랐니?\n나는 학생을 안 받아{08}\n게다가 너희는\n셋이 나란히 머뭇거리기만\n하잖니{08}
S04:2:14	60	うっ　レナたちがきたとたん\nエマ先生の性格が変わっちまった！{08}	윽 레나네가 오자마자\n에마 선생님 성격이 바뀌었어!{08}
S04:2:15	67	自分のいいたいことを\nはっきり　いえない子たちは\n放っておく主義なの{08}	하고 싶은 말을\n똑바로 못 하는 애들은\n내버려 두는 주의야{08}
S04:2:16	59	さっすがぁ　エマ先生！\nついでに\nもっといってあげてください{08}	역시 에마 선생님!\n겸사겸사\n더 말해 주세요{08}
S04:2:17	65	調子がよくて\n悪さばっかりしている子も\n放っておくことにしています{08}	넉살 좋게\n말썽만 부리는 애도\n내버려 두기로 했단다{08}
S04:2:18	69	ヘッ　チビのレナが\n調子にのるからだぜ！\n今度は　何こわすつもりだぁ？{08}	헹 꼬맹이 레나가\n우쭐대니까 그렇지!\n이번엔 뭘 부술 셈이냐?{08}
S04:2:19	21	なんですってーっ！！{08}	뭐라고～!!{08}
S04:2:20	75	な　なんだよ！\nエマ先生に　ちょっと相談にのって\nもらおうとしただけだぞ！！{08}	뭐 뭐야!\n에마 선생님께 잠깐 상담\n받으려던 것뿐이라고!!{08}
S04:2:21	63	ふーん\nまっ　男が回復魔法で治療役なんて\nカッコつかないもんね～{08}	흐응\n뭐 남자가 회복 마법 치료\n역은 폼이 안 나지～{08}
S04:2:22	77	あっ　あったりまえだぜ！\nオレ様はやっぱ　先頭で敵を\nバシバシなぎ倒す役だぜ！{08}	다 당연하지!\n이 몸은 역시 선두에서 적을\n팍팍 쓰러뜨리는 역이야!{08}
S04:2:23	60	じゃあ　一緒にいく？\nイアソン先生の　と{0d}{0d}{0d}・{0d}{0d}{0d}こ{0d}{0d}{0d}・{0d}{0d}{0d}ろ{08}	그럼 같이 갈래?\n이아손 선생님\n한테{0d}{0d}{0d}・{0d}{0d}{0d}로{0d}{0d}{0d}・{0d}{0d}{0d}{08}
S04:2:24	50	きょ　今日はエマ先生に大事な話が\nあるからダメだな{08}	오 오늘은 에마 선생님께\n중요한 얘기가 있어서 안 돼{08}
S04:2:25	56	あ～ら　エマ先生が弟子を\nとらないって　知らなかったの？{08}	어～머 에마 선생님이 제자를\n안 받는 거 몰랐어?{08}
S04:2:26	71	ばっ！　バカいうなよ\nおまえらが来たから　ちょっと\nからかってみただけだ{08}	바! 바보 소리 마\n너희가 와서 좀\n놀려 본 것뿐이야{08}
S04:2:27	107	ふ～ん………　そーやって\nとりつくろってばかりいると{08}\nそのうち　ウソで身を守る\n生き方しか　できなくなるわよ{08}	흐응……… 그렇게\n얼버무리기만 하면{08}\n언젠가 거짓말로 몸을 지키는\n삶밖에 못 하게 될걸{08}
S04:2:28	72	そ　{0d}そんな事より　いーのか\n今日も男どもに交じって\n熱い汗を流すんだろー{08}	그{0d} 그보다 괜찮냐\n오늘도 남자들 틈에서\n뜨거운 땀 흘리러 가지～{08}
S04:2:29	55	女より弱いやつに\nそんな事いわれたくないわ\nねー　エリー{08}	여자보다 약한 녀석한테\n그런 말 듣고 싶지 않아\n그치 엘리{08}
S04:2:30	17	えっ……{0d}{0d}と……{08}	어……{0d}{0d}음……{08}
S04:2:31	58	エマ先生は　おいらのあこがれっス\nうっとりきちゃうっス～曖{08}	에마 선생님은 제 동경이에요\n황홀해져요～♥{08}
S04:2:32	52	ちょっと　リック？\nあんたの話し相手は　ここよ……？{08}	잠깐 릭?\n네 얘기 상대는 여기야……?{08}
S04:2:33	9	ほふぇ？{08}	호에?{08}
S04:2:34	82	もしかして聞いていたっスか！？\nも　もう生きていけないっス{0d}\n明日　{0d}{0d}{0d}{0d}死ぬっス！！{08}	혹시 들었어요!?\n이 이제 못 살아요{0d}\n내일 {0d}{0d}{0d}{0d}죽을래요!!{08}
S04:2:35	82	…………{0d}{0d}な　{0d}なに！？{0d}{0d}\nわ　わるかったわ　リック\n誰にもしゃべらないから　{0d}{0d}ね？{08}	…………{0d}{0d}뭐{0d} 뭐야!?{0d}{0d}\n미 미안해 릭\n아무한테도 말 안 할게 {0d}{0d}응?{08}
S04:2:36	29	ゆ　ゆびきりげんまんっスよ！{08}	새 새끼손가락 걸고 약속해요!{08}
S04:2:37	25	レナ　{0d}{0d}死なないでね……{08}	레나 {0d}{0d}죽지 마……{08}
S04:2:38	21	あ　{0d}{0d}あはははは……{08}	아{0d}{0d} 아하하하하……{08}
S04:2:39	36	うーん　エマ先生って\nほんと美人だよ{08}	으음 에마 선생님은\n정말 미인이야{08}
S04:2:40	60	あんたは　あっさりいうのねぇ\nそれじゃ　からかいがいがないわ{08}	넌 담백하게 말하네\n그럼 놀리는 재미가 없잖아{08}
S04:2:41	47	まいるな～\nかんべんしてくれよ\nハッハッハッハッ{08}	난감하네～\n봐줘\n하하하하{08}
S04:2:42	29	あんた　彼女とかいたでしょ？{08}	너 여자 친구 있었지?{08}
S04:2:43	58	そう簡単には見つからないよ\nいつか出会えれば　それで満足さ{08}	그렇게 쉽게 못 찾아\n언젠가 만나면 그걸로 만족해{08}
S04:2:44	63	へーっ\nカッコイイこと　いうじゃない\nなかなかサマになってるわよ{08}	오～\n멋진 말 하네\n꽤 그럴싸하다{08}
S04:2:45	203	生徒は　授業中どんな失敗をしても\nそれが精一杯やった結果だったなら\n怒られることはないんだ{08}\n今回の事を学園長が\nどう判断するかは判らないけど{08}\n自分の行いに恥じる点がないのなら\nそう心配することはないと思うよ{08}	학생은 수업 중 어떤 실수를\n해도 그게 최선을 다한\n결과라면 혼나지 않아{08}\n이번 일을 학원장님이\n어떻게 판단할지 모르지만{08}\n자기 행동에 부끄러움이 없다면\n그리 걱정할 필요 없을 거야{08}
S04:2:46	95	修行がんばってね{08}\n失敗を恐れちゃいけないよ\n逃げ腰じゃ　何をやっても\nうまくいかないものだからね{08}	수련 힘내{08}\n실패를 두려워하면 안 돼\n몸을 사리면 뭘 해도\n잘 안 되는 법이니까{08}
S04:2:47	49	あ　{0d}あの出来事と\nエリーくんは無関係なんだろう？{08}	그{0d} 그 사건이랑\n엘리 군은 무관하지?{08}
S04:2:48	43	そうね\nあなたと　エリーくらい\n無関係かもね{08}	그러게\n너랑 엘리만큼\n무관할지도{08}
S04:2:49	32	わたしたち\n反省がたりないよ……{08}	우리\n반성이 부족해……{08}
S04:2:50	61	レナさんには\nイェンの災害記録書を\n暗記してもらう必要があるね{08}	레나 양은\n옌 재해 기록서를\n외울 필요가 있겠구나{08}
S04:2:51	38	ふーん\nいきなり　わたしのせいなわけね{08}	흐응\n다짜고짜 내 탓이다 이거지{08}
S04:2:52	54	レナ　仕方ないよ……\nそれだけの事　しちゃったんだもん{08}	레나 어쩔 수 없어……\n그만한 일을 저질렀으니까{08}
S04:2:53	48	いや　その　ぼくは\nエリーくんにいったんじゃ……{08}	아니 그게 나는\n엘리 군한테 한 말이……{08}
S04:2:54	56	そうよね～　でもこうまできつく\nいわなくてもね～　エリー{08}	그렇지～ 그래도 이렇게까지\n심하게 말할 건 없잖아～ 엘리{08}
S04:2:55	36	そ　そんな　レナさん\nぼくは何も……{08}	그 그런 레나 양\n나는 아무것도……{08}
S04:2:56	67	エリーくんとイアソン先生！？\nなんて不釣り合いな\n組み合わせなんだ！{08}	엘리 군과 이아손 선생님!?\n이 얼마나 안 어울리는\n조합이란 말인가!{08}
S04:2:57	60	こいつは情報がはやいわね～\nいったい　どこから聞いてくるのよ{08}	얘는 정보가 빠르네～\n대체 어디서 듣고 오는 거야{08}
S04:2:58	70	エリーくん！　苦しかったら\nこのぼくが代わ……{0d}{0d}{0d}\n手伝ってあげるからね{08}	엘리 군! 힘들면\n내가 대신……{0d}{0d}{0d}\n도와줄게{08}
S04:2:59	25	……代わってあげなさいよ{08}	……대신해 주지 그래{08}
S04:2:60	11	ははは……{08}	하하하……{08}
S04:2:61	63	ごめんよ　ぼくは病弱で\nレナくんみたいに\n暴れまわれないんだ……{08}	미안해 나는 몸이 약해서\n레나 양처럼\n날뛰지 못해……{08}
S04:2:62	54	ぼく　に　病弱ねぇ…\nついでに話をそらさないでくれる？{08}	몸이 약하다라… 겸사겸사\n말 돌리지 말아 줄래?{08}
S04:2:63	19	いや　その…………{08}	아니 그게…………{08}
S04:2:64	42	レナ……\nブラウンさん　かわいそうだよ……{08}	레나……\n브라운 씨 불쌍해……{08}
S04:2:65	65	今回ばかりは\nさすがのわたくしも驚きました\n約１年と３ヶ月ぶりです{08}	이번만큼은\n저도 놀랐어요\n약 １년 ３개월 만이에요{08}
S04:2:66	66	なにで驚いたのか\nす　{0d}すごく聞いてみたいけれど\n恐くて聞けない……{08}	뭐에 놀랐는지\n엄{0d} 엄청 묻고 싶지만\n무서워서 못 묻겠어……{08}
S04:2:67	58	最初からいっていただければ\n生徒会の方も準備できましたのに{08}	처음부터 말씀해 주셨으면\n학생회도 준비할 수 있었는데{08}
S04:2:68	30	こ　{0d}これからはそうします……{08}	아{0d} 앞으로는 그렇게 할게요……{08}
S04:2:69	48	あら　次はどこの建物を\n予定されているんですか？{08}	어머 다음엔 어느 건물을\n예정하고 계세요?{08}
S04:2:70	33	ま　{0d}まいりました\n反省してますぅ{08}	졌{0d} 졌어요\n반성하고 있어요～{08}
S04:2:71	51	エルノラさーん！\nお弁当をごちそうに\nあがりました～{08}	엘노라 씨～!\n도시락 얻어먹으러\n왔어요～{08}
S04:2:72	142	楽しみにしていただいたのに\n申しわけありませんが……{08}\nあれは昨日の授業で\nやったものなので……{08}\nなんでしたら作り方を\n教えて差し上げましょうか？{08}	기대해 주셨는데\n죄송하지만……{08}\n그건 어제 수업에서\n만든 거라서……{08}\n괜찮으시면 만드는 법을\n가르쳐 드릴까요?{08}
S04:2:73	33	あっ　レナは食べるの専門なんです{08}	아 레나는 먹는 전문이에요{08}
S04:2:74	94	エ　{0d}エリー……\nここでいわないで……{08}\n？？　それより　いつ来れば\nお弁当を食べられたのかしら？{08}	엘{0d} 엘리……\n여기서 말하지 마……{08}\n?? 그보다 언제 오면\n도시락을 먹을 수 있었을까?{08}
S04:2:75	99	レナさん　他人に甘えていては\n万が一　一人になってしまった時…{08}\nなんて心配\nレナさんにはいりませんね{08}	레나 씨 남에게 기대기만 하면\n만에 하나 혼자가 됐을 때…{08}\n……같은 걱정은\n레나 씨한텐 필요 없겠네요{08}
S04:2:76	89	一人になる心配がない……って\nほめられてるのよねぇ{08}\nあ　ありがとうございます\nエルノラさん{08}	혼자 될 걱정이 없다……는\n칭찬받은 거지?{08}\n고 고마워요\n엘노라 씨{08}
S04:2:77	75	ここは壊さないでほしいな\nなんたって　全生徒の情報を\n管理している所だからね{08}	여긴 부수지 말아 줘\n무려 전교생 정보를\n관리하는 곳이니까{08}
S04:2:78	44	じゃあ　みんなの秘密を\nのぞきみ　できるんだ{08}	그럼 모두의 비밀을\n훔쳐볼 수 있구나{08}
S04:2:79	96	そ　そんな事しないよ\n学園長の信頼を\n裏切りたくないからね{08}\n信頼というのは\nそれだけ重いモノなんだ{08}	그 그런 짓 안 해\n학원장님의 신뢰를\n배신하고 싶지 않으니까{08}\n신뢰라는 건\n그만큼 무거운 거야{08}
S04:2:80	65	ふーん………\nじゃあ　ちょっと聞くけど\nわたしの身長は何センチだ？{08}	흐응………\n그럼 하나 물어볼게\n내 키는 몇 센티게?{08}
S04:2:81	50	そ　そんなの判らないよ\nぼくより低いようだけど……{08}	그 그런 건 몰라\n나보다 작은 것 같지만……{08}
S04:2:82	31	わたし　あなたが嫌いみたいだわ{08}	나 너 싫어하나 봐{08}
S04:2:83	65	学園長も大変だね\nきみたちが入ってきてから\nずっといそがしそうだよ{08}	학원장님도 힘드시겠다\n너희가 들어오고 나서\n계속 바빠 보이셔{08}
S04:2:84	71	なあ　君たち……\n私から　せめてものお願いが\nあるのだが聞いてくれるかね{08}	이보게 너희……\n나로부터 간곡한 부탁이\n하나 있는데 들어 주겠나{08}
S04:2:85	44	む　無理なお願いでなければ\nなんでもどうぞぉ{08}	무 무리한 부탁이 아니라면\n뭐든지요～{08}
S04:2:86	73	学園塔だけは破壊しないでくれ！\nこ　これが無理なお願いだとは\nいわせないぞ{08}	학원탑만은 부수지 말아 다오!\n이 이게 무리한 부탁이라고는\n말하게 두지 않겠다{08}
S04:2:87	22	も　{0d}もちろんですよぉ{08}	무{0d} 물론이죠～{08}
S04:2:88	58	……{0d}{0d}レナくんの　その笑顔が\n一番信用できなくなってきたよ{08}	……{0d}{0d}레나 군의 그 웃는 얼굴이\n제일 못 믿겠구나{08}
S04:2:89	9	…………{08}	…………{08}
S04:2:90	65	まあ　無事でなによりだ……{0d}{0d}{0d}が\n君らはめったなことでケガはすまい{08}	뭐 무사해서 다행이다……{0d}{0d}{0d}만\n너희는 웬만해선 안 다치겠지{08}
S04:2:91	46	学園長　ごめんなさい……\nほんきで反省してます{08}	학원장님 죄송해요……\n진심으로 반성하고 있어요{08}
S04:2:92	85	ふう……{0d}{0d}いや　エリーくん　すまん\n私もいい過ぎないように\nしているつもりなんだが……{08}	후우……{0d}{0d}아니 엘리 군 미안하다\n나도 말이 지나치지 않게\n하려는 건데……{08}
S04:2:93	36	セニアにも\nよーく　いっておきまーす{08}	세니아한테도\n단단히 일러둘게요～{08}
S04:2:94	116	君たち　イアソン先生との\n修行はどうだい{08}\nそういう努力が見られるから\n学園の方針として　責任などと\nいい出さないんだぞ{08}	너희 이아손 선생님과의\n수련은 어떠냐{08}\n그런 노력이 보이니까\n학원 방침으로 책임 따위는\n묻지 않는 거다{08}
S04:2:95	33	先生　その話もうやめましょうよぉ{08}	선생님 그 얘기 그만해요～{08}
S04:2:96	63	建物がこわされたという記録を\n調べてみたんだが\n五年ほど前に……{08}	건물이 부서졌다는 기록을\n조사해 봤는데\n５년쯤 전에……{08}
S04:2:97	29	これって　とうぶんいわれるね{08}	이거 당분간 계속 듣겠다{08}
S04:2:98	36	せんせぇ\nそこらへんで　ゆるしてぇ～{08}	선생니임\n그쯤에서 봐줘요～{08}
S04:2:99	71	……では　レナくんも\nその笑いをやめなさい\n先生は　ぜんぜん落ち着かない{08}	……그럼 레나 군도\n그 웃음을 그만두거라\n선생님은 전혀 안심이 안 된다{08}
S04:2:100	7	はいっ{08}	네{08}
S04:2:101	32	あ　{0d}レナ　ほんとに反省したんだ{08}	아 {0d}레나 진짜 반성했구나{08}
S04:2:102	59	しっ！\nこの顔をするのは大変なのよ\nあまり口を動かさせないで{08}	쉿!\n이 얼굴 하기 힘들거든\n입 좀 움직이게 하지 마{08}
S04:2:103	48	エリー！　どうしたの　その格好\n砂だらけじゃない{08}	엘리! 왜 그러니 그 꼴\n모래투성이잖니{08}
S04:2:104	46	イアソン先生と合体魔法の修行を\nしてきたんです{08}	이아손 선생님이랑 합체 마법\n수련을 하고 왔어요{08}
S04:2:105	65	まあ　合体魔法の！\nでもその格好だと\nだいぶ　てこずっているようね{08}	어머 합체 마법!\n그래도 그 꼴을 보니\n꽤 애먹는 것 같구나{08}
S04:2:106	55	うん　なんだか全然\n役に立ってない様な\n気がしてきて……{08}	응 왠지 전혀\n도움이 안 되는 것 같은\n기분이 들어서……{08}
S04:2:107	120	でも　エリーは\n一生懸命やってるんでしょう？{08}\nだったら　気に病む必要ないわ\nさあ　疲れてるでしょうから\n今日は早く寝なさい{08}	그래도 엘리는\n열심히 하고 있지?{08}\n그럼 마음에 둘 필요 없어\n자 피곤할 테니\n오늘은 일찍 자렴{08}
S04:2:108	163	お弟子さんに頼まず\nエリーに頼んだからには\n期待は　してると思うの{08}\nでもそれを自分の重荷にしちゃダメ\n頼まれたのはこっちです　くらいの\n気持ちで望んでもいいと思うわよ{08}	제자한테 안 맡기고\n엘리한테 부탁했다는 건\n기대하고 있다는 거야{08}\n그래도 그걸 짐으로 여기면 안\n돼 부탁받은 건 이쪽이다\n정도의 마음으로 임해도 된단다{08}
S04:2:109	77	ありがとう　エマ先生\nなんか　気が楽になりました\nわたしなりにがんばってみます{08}	고마워요 에마 선생님\n왠지 마음이 편해졌어요\n제 나름대로 해 볼게요{08}
S04:2:110	108	エリー君　どうしたんだい？{08}\nそんな沈んだ顔をして\nそ　そんな切ないひとみで\n見つめられたら　ぼ　{0d}{0d}{0d}ぼくは……{08}	엘리 군 무슨 일이니?{08}\n그렇게 가라앉은 얼굴로\n그 그렇게 애틋한 눈으로\n바라보면 나 {0d}{0d}{0d}나는……{08}
S04:2:111	69	なに　この男\nすっごく危険な雰囲気がするわ\nさっさといきましょ　エリー{08}	뭐야 이 남자\n엄청 위험한 분위기야\n얼른 가자 엘리{08}
S04:2:112	29	ああ　エリーくん　そんな……{08}	아아 엘리 군 그런……{08}
S04:2:113	65	ふぅ　今日も生徒会の集まりだよ\nいいねぇ　レナくんは……\nハッ！！{08}	후우 오늘도 학생회 모임이야\n좋겠다 레나 양은……\n헉!!{08}
S04:2:114	73	…………\nこれが我が学園の生徒会長様ですか\nまったくイェンも地に落ちたわね{08}	…………\n이게 우리 학원 학생회장님인가\n정말 옌도 땅에 떨어졌네{08}
S04:2:115	77	そ　そんな……\nこのぼくがイェンの名を汚した……\nぼ　ぼくは　なんてことを……{08}	그 그런……\n내가 옌의 이름을 더럽히다니\n나 나는 무슨 짓을……{08}
S04:2:116	50	レナ　だめだよ～\nブラウンさんの性格につけこんじゃ{08}	레나 안 돼～\n브라운 씨 성격을 이용하면{08}
S04:2:117	75	弱みを見せる方が悪いのよ\n人生は戦いなんだから\n自分を守る術も学んどかなきゃ{08}	약점을 보이는 쪽이 나빠\n인생은 싸움이니까\n자기를 지키는 법도 배워야지{08}
S04:2:118	73	わかってくださいましたか\nそれでは　今日から\nわたくしと特訓いたしましょう{08}	이해해 주셨군요\n그럼 오늘부터\n저랑 특훈해요{08}
S04:2:119	91	え？\nエルノラさんと特訓……{08}\n………なにかしら　この寒さは\nハッ！　い　今　セニアの顔が……{08}	어?\n엘노라 씨랑 특훈……{08}\n………뭘까 이 한기는 헉!\n바 방금 세니아 얼굴이……{08}
S04:2:120	99	今日は生徒会役員の集まりの後\n授業でお弁当を作るんですよ{08}\nよろしかったら\nめし上がりにきてくださいね{08}	오늘은 학생회 임원 모임 뒤에\n수업에서 도시락을 만들어요{08}\n괜찮으시면\n드시러 오세요{08}
S04:2:121	25	はーい　必ずいきまーす曖{08}	네～ 꼭 갈게요～♥{08}
S04:2:122	29	わたしも　楽しみにしてます曖{08}	저도 기대할게요♥{08}
S04:2:123	23	はい　楽しんでください{08}	네 즐겨 주세요{08}
S04:2:124	59	…………\nわたしたちの会話の受け答え\nなにか間違ってたかしら{08}	…………\n우리 대화 주고받은 거\n뭔가 틀렸나{08}
S04:2:125	91	エリーさんは着替えてきたほうが\nよろしいですよ\nレナさんは……{08}\nその笑顔で何とかなるでしょう{08}	엘리 씨는 갈아입고 오시는 게\n좋겠어요\n레나 씨는……{08}\n그 웃는 얼굴로 되겠죠{08}
S04:2:126	76	………ここは一発！　勝負よ{08}\nエ　エルノラさんは　その話し方で\n大丈夫ですよね{08}	………여기선 한 방! 승부다{08}\n엘 엘노라 씨는 그 말투로\n괜찮으시죠{08}
S04:2:127	128	レナさん\nお料理に話し方は関係ないのですよ{08}\n楽しい気持ちで\nめし上がっていただく方を想って\n真心を込めれば{08}\nあとは腕の問題だけです{08}	레나 씨\n요리에 말투는 상관없어요{08}\n즐거운 마음으로\n드실 분을 생각하며\n정성을 담으면{08}\n나머진 솜씨 문제일 뿐이에요{08}
S04:2:128	48	………ま　まあ\nこーなることは見えていたけどね…{08}	………뭐 뭐\n이렇게 될 줄 알았지만…{08}
S04:2:129	95	うん　いつにも増して\nがんばってる様だね{08}\nその努力がいつかきっと\n実るはずだから前進あるのみだよ{08}	응 평소보다 더\n열심히 하는 것 같구나{08}\n그 노력은 언젠가 반드시\n결실을 맺을 테니 전진뿐이다{08}
S04:2:130	105	エリーくん　そんな汚れた格好で\n建物の中を歩くんじゃない{08}\n汚す人がいれば　そうじをする人も\nいるのだからね{08}	엘리 군 그렇게 더러운\n차림으로 건물 안을 걷지 마라{08}\n더럽히는 사람이 있으면\n청소하는 사람도 있으니까{08}
S04:2:131	46	ごめんなさい\nでも　早くお聞きしたい事があって{08}	죄송해요\n그래도 빨리 여쭤볼 게 있어서{08}
S04:2:132	15	ん？　何かな？{08}	음? 뭐냐?{08}
S04:2:133	158	今　イアソン先生と合体魔法の\n修行をしているんですけど{08}\nその合体魔法の事\nもっとくわしく知りたいんです{08}\n学園長に聞くようにって\nイアソン先生がおっしゃってたから{08}	지금 이아손 선생님이랑\n합체 마법 수련을 하는데요{08}\n그 합체 마법에 대해\n더 자세히 알고 싶어요{08}\n학원장님께 물어보라고\n이아손 선생님이 말씀하셔서{08}
S04:2:134	367	そうか　{0d}{0d}{0d}{0d}そうだね\nいい機会だから教えておこう{08}\n合体魔法とは　二つ以上の魔法を\n重ねる事でより大きく新しい効果を\n生みだす魔法のことだ{08}\n先生方に教えてもらえる魔法も\nあるが…{08}\n君たちが実戦の中で使った\n魔法同士が組み合わせの\nヒントになる事だってある{08}\nうまく組み合わせられそうなモノを\n見つけたら　私の所にきなさい\n私が認定して　教えてあげよう{08}\nこの仕組みは君たちに経……{08}	그런가 {0d}{0d}{0d}{0d}그렇구나\n좋은 기회니 가르쳐 두마{08}\n합체 마법이란 두 개 이상의\n마법을 겹쳐 더 크고 새로운\n효과를 내는 마법이다{08}\n선생님들께 배울 수 있는\n것도 있지만…{08}\n너희가 실전에서 쓴\n마법끼리가 조합의\n힌트가 되기도 한다{08}\n잘 조합될 것 같은 걸\n찾으면 나한테 오거라\n내가 인정하고 가르쳐 주마{08}\n이 방식은 너희에게 경……{08}
S04:2:135	87	ふぁぁぁっ{08}\n眠くなるくらい　長い説明ね\nエリー　覚えておいてね\nわたしは　リタイアするわ{08}	하아아암{08}\n졸릴 만큼 긴 설명이네\n엘리 기억해 둬\n나는 포기할래{08}
S04:2:136	67	……まったく　レナくん\nこれは君たちにとって\nとても大事な事なんだよ{08}	……정말 레나 군\n이건 너희에게\n아주 중요한 거란다{08}
S04:2:137	13	ふぁぁぁいっ{08}	하아아암네～{08}
S04:2:138	485	…………{08}\nで　ではエリーくん\nすまないが　レナくんの分も\n聞いてくれ{08}\nこの仕組みは君たちに経験を\n積ませるために　グレン先生が\n考案したものだ{08}\nただ　欠点もあって{08}\n合体魔法のヒントを実戦の中で\n見つけ出すには　それなりのカンが\n頼りになってくる{08}\n恐らく　合体魔法とは\nどの様なものかがよく判ってない\n今の君たちでは見つけられない{08}\nだから　このままイアソン先生との\n修行を続けて　ひとつでいいから\n合体魔法を習得しなさい{08}\nその頃にはカンも養われて\n実戦の中から見つけだす事も\nできるようになるだろう{08}	…………{08}\n그 그럼 엘리 군\n미안하지만 레나 군 몫까지\n들어 다오{08}\n이 방식은 너희에게 경험을\n쌓게 하려고 글렌 선생님이\n고안한 거다{08}\n다만 결점도 있어서{08}\n합체 마법의 힌트를 실전에서\n찾아내려면 그만한 감이\n필요해진다{08}\n아마 합체 마법이\n어떤 건지 잘 모르는\n지금의 너희는 못 찾을 거다{08}\n그러니 이대로 이아손 선생님과\n수련을 계속해서 하나라도\n합체 마법을 익히거라{08}\n그때쯤이면 감도 길러져\n실전에서 찾아내는 것도\n가능해질 거다{08}
S04:2:139	13	う～ん？？？{08}	으～음???{08}
S04:2:140	112	はっはっはっ\nやはりまだ難しかったかな{08}\nまぁ　そのうち\nおのずとわかってくるはずだ\n今は　あせらずにがんばりなさい{08}	하하하\n역시 아직 어려웠나{08}\n뭐 머지않아\n저절로 알게 될 거다\n지금은 서두르지 말고 힘내라{08}
S04:2:141	53	はいっ　ありがとうございました！{08}\nレナ　もういくよ！{08}	네 감사합니다!{08}\n레나 이제 가자!{08}
S04:2:142	40	エルノラさ～ん\nこのフライ　おかわり～曖{08}	엘노라 씨～\n이 튀김 한 그릇 더～♥{08}
S04:2:143	66	レナ！！\nなに　立ちながら夢みてるんだよ～{08}\nすいません　学園長……{08}	레나!!\n서서 무슨 꿈을 꾸는 거야～{08}\n죄송해요 학원장님……{08}
S04:2:144	105	いや……　エリーくんが\nあやまる事ではないよ……{08}\nレナくん……　君には特別な処置を\n考えておく必要があるな{08}	아니…… 엘리 군이\n사과할 일은 아니다……{08}\n레나 군…… 너에겐 특별한\n조치를 생각해 둬야겠구나{08}
S04:2:145	19	お……おべんとぉー{08}	도……도시라악～{08}
S04:2:146	77	実戦の中でヒントを得たら\n忘れずに私の所にくるんだよ\n聞いているかい　レナくん{08}	실전에서 힌트를 얻으면\n잊지 말고 나한테 오거라\n듣고 있니 레나 군{08}
S04:2:147	36	は　はーい\nばっちり　聞いてまーす！{08}	네 네～\n똑똑히 듣고 있어요～!{08}
S04:2:148	9	…………{08}	…………{08}
S04:2:149	100	うわぁ　ずいぶんひどい格好だね\nん？　後ろの子はきれいなまま……\n…………{0d}{0d}{0d}い　いじめは　やめなよ！{08}	우와 꽤 심한 꼴이구나\n응? 뒤에 애는 깨끗한데……\n…………{0d}{0d}{0d}괴 괴롭힘은 그만둬!{08}
S04:2:150	77	もう！　あまり心配させないでよね\nレナ　万が一のために　この魔法\n教えておくわ{08}	정말! 너무 걱정시키지 마\n레나 만일을 위해 이 마법을\n가르쳐 둘게{08}
S04:2:151	67	レナ　この魔法を教えるから\nわたしの代わりにエリーの事\n見てやってね{08}	레나 이 마법을 가르쳐 줄\n테니 내 대신 엘리를\n봐 주렴{08}
S04:2:152	105	それから{0d}{0d}{0d}{0c}エリー　がんばっているそうね\nレナに回復魔法を教えておくから\nケガをしたら　ドンドン働かせてね{08}	그리고{0d}{0d}{0d}{0c}엘리 열심히 한다며\n레나한테 회복 마법 가르쳐 둘\n테니 다치면 마구 부려 먹으렴{08}
S04:2:153	28	はーい\nありがとう　エマ先生{08}	네～\n고마워요 에마 선생님{08}
S04:2:154	31	レナ　しっかり働いてきなさいよ{08}	레나 제대로 일하고 오렴{08}
S04:2:155	87	えーっ！！{08}\nそれって　場合によっては\nイアソン先生にもかけなきゃ\nいけなくなるんですよね{08}	에～!!{08}\n그거 경우에 따라서는\n이아손 선생님한테도 걸어야\n한다는 거죠{08}
S04:2:156	19	ケガしちゃったらね{08}	다치면 그렇지{08}
S04:2:157	37	…………{08}\nそんな心配　いらないかぁ！{08}	…………{08}\n그런 걱정은 필요 없나!{08}
S04:2:158	27	これって　失礼なのかしら？{08}	이건 실례인 걸까?{08}
S04:2:159	29	む　{0d}{0d}むずかしいですよね……{08}	어{0d}{0d} 어렵네요……{08}
S04:2:160	23	レナはヤクドウを覚えた{08}	레나는 야쿠도를 익혔다{08}
S04:2:161	46	エリー　これからは\nいっぱいケガしていいわよ曖{08}	엘리 앞으론\n잔뜩 다쳐도 돼♥{08}
S04:2:162	17	う　うん…………{08}	으 응…………{08}
S04:2:163	19	大変ね……　エリー{08}	힘들겠구나…… 엘리{08}
S04:2:164	153	ほらほら　レナ{08}\nそんなだから　いつまでたっても\nレナの周りから争い事が\n絶えないのよ{08}\n別にスカートをはいて座ってなさい\nとは　いわないけれど\nもう少し　ね？{08}	자자 레나{08}\n그러니까 언제까지나\n레나 주변에 다툼이\n끊이지 않는 거야{08}\n딱히 치마 입고 얌전히 앉아\n있으라곤 안 하겠지만\n조금만 더 응?{08}
S04:2:165	7	う～～{08}	우～～{08}
S04:2:166	19	すねない　すねない{08}	삐지지 마 삐지지 마{08}
S04:2:167	77	も～　わかったわ\nほら　特別にわたしのお気に入りの\nこの魔法を教えてあげるから{08}	정말～ 알았어\n자 특별히 내가 아끼는\n이 마법을 가르쳐 줄게{08}
S04:2:168	21	レナはイコイを覚えた{08}	레나는 이코이를 익혔다{08}
S04:2:169	19	わーい　ラッキー曖{08}	와～ 럭키♥{08}
S04:2:170	49	………\nどこまでいってもレナは\nレナでしかないのね{08}	………\n어디까지 가도 레나는\n레나일 뿐이구나{08}
S04:2:171	50	エリー　修行がんばってね\nレナ　じゃましちゃダメよ{08}	엘리 수련 힘내렴\n레나 방해하면 안 된다{08}
S04:2:172	29	………っ　すてきっ曖…………{08}	………멋져♥…………{08}
S04:2:173	29	今日も元気ですね～　お二人共{08}	오늘도 기운차시네요～ 두 분{08}
S04:2:174	27	…………油断は禁物！{0d}{0d}{0d}{0d}{0d}{0d}\n	…………방심은 금물!{0d}{0d}{0d}{0d}{0d}{0d}\n
S04:2:175	29	はい　一応元気にやってますぅ{08}	네 일단 기운차게 지내요～{08}
S04:2:176	17	あら　レナさん？{08}	어머 레나 씨?{08}
S04:2:177	27	…………き　きたっ！{0d}{0d}{0d}{0d}{0d}{0d}\n	…………와 왔다!{0d}{0d}{0d}{0d}{0d}{0d}\n
S04:2:178	13	は　はいぃ！{08}	네 네에!{08}
S04:2:179	53	……………{0d}{0d}{0d}エリーさん\nお修行　がんばってくださいね{08}	……………{0d}{0d}{0d}엘리 씨\n수련 힘내세요{08}
S04:2:180	52	はい！　エルノラさんも役員の仕事\nがんばってください{08}	네! 엘노라 씨도 임원 일\n힘내세요{08}
S04:2:181	34	ここでの\nわたしの立場って………？{08}	여기서\n내 입장은………？{08}
S04:3:0	83	イアソン先生は筋肉バカっぽいけど\nちゃんと魔法もつかえるらしい\nまだ　見た事はないが{08}	이아손 선생님은 근육 바보\n같지만 마법도 제대로 쓸 줄\n안대 아직 본 적은 없지만{08}
S04:3:1	77	どうだった　修行は？\nイアソン先生の魔法は見れたか？\nあっ！　もう練習の時間だ{08}	수련은 어땠어?\n이아손 선생님 마법 봤어?\n앗! 벌써 연습 시간이다{08}
S04:3:2	53	ふっ！　ふっ！\n近寄らないでくれ\n今　やる気なんだ！！{08}	훅! 훅!\n가까이 오지 마\n지금 의욕 넘치거든!!{08}
S04:3:3	140	道場のわきにあるダンジョンは\nぼくたちの修行の場なんですよ{08}\n普段は入れないようになってます\n……というか　だれも\n近寄らないんですよ　近ごろは{08}	도장 옆에 있는 던전은\n우리의 수련장이에요{08}\n평소엔 못 들어가게 돼 있어요\n……라기보다 요즘은\n아무도 안 가까이 가요{08}
S04:3:4	87	もっと修行しててもよかったのに…\nもう　休めないじゃないか\n今日は終わりにしようかな……{08}	더 수련해도 됐는데…\n이제 못 쉬잖아\n오늘은 끝낼까……{08}
S04:3:5	79	さっき　先生に見られてたんだ\nこんな事になるなら\nちゃんとしておけばよかった……{08}	아까 선생님이 보셨어\n이렇게 될 줄 알았으면\n제대로 할걸……{08}
S04:3:6	77	やっ！　やっ！{08}\nごめん！　修行中なんだ！\n声を掛けないでくれ！\nやっ！　はっ！{08}	얍! 얍!{08}\n미안! 수련 중이야!\n말 걸지 마!\n얍! 핫!{08}
S04:3:7	101	みんながなまけている時に\nがんばった分が　いざという時の\n強さになる！{08}\nそれが男の修行だと　思うんだ！{08}	다들 게으름 피울 때\n노력한 만큼이 결정적일 때의\n힘이 된다!{08}\n그게 사나이의 수련이라고 봐!{08}
S04:3:8	83	はやく　合体魔法を\n習えるくらいに成長したいんだ！\n認定って　どんな事するんだろう？{08}	얼른 합체 마법을\n배울 만큼 크고 싶어!\n인정이란 건 뭘 하는 걸까?{08}
S04:3:9	75	うりゃうりゃうりゃぁー！！\nはぁはぁ……{0d}{0d}{0d}{0d}ここに何かを\n見出さなくてはっ！{08}	우랴우랴우랴～!!\n헉헉……{0d}{0d}{0d}{0d}여기서 뭔가를\n찾아내야 해!{08}
S04:3:10	69	遅いぞっ！\nイアソン先生を待たせるとは！！\nこれだから女ってやつは……{08}	늦었다!\n이아손 선생님을 기다리게\n하다니!! 이래서 여자는……{08}
S04:3:11	77	きましたよ　イアソン先生\n次からは　もっとアイソがいい人を\nよこしてくださいね{08}	왔어요 이아손 선생님\n다음부턴 좀 더 싹싹한 사람을\n보내 주세요{08}
S04:3:12	89	こ　{0d}{0d}この女は　来た早々……{08}\nそれに\nオレが呼んだのはエリーだけだ\nなんでおまえがいるんだ{08}	이{0d}{0d} 이 여자는 오자마자……{08}\n게다가\n내가 부른 건 엘리뿐이다\n왜 네가 있는 거냐{08}
S04:3:13	61	ついてくるな　とは\nいわれませんでしたよ\nそこのブアイソ男には{08}	따라오지 말라고는\n안 했거든요\n거기 무뚝뚝한 남자가{08}
S04:3:14	186	ブレード　なぜもっとよく考えて\n伝えんのだ{08}\n見ろ　余計な　{0d}{0d}{0d}しかも一番\nやっかいなおまけがくっついてきて\nしまったじゃないか{08}\n剣の腕だけではなく　頭の方も\nもう少し　修行しなければならんな{08}	블레이드 왜 좀 더 잘\n생각해서 전하지 않은 거냐{08}\n봐라 쓸데없는 {0d}{0d}{0d}게다가 제일\n골치 아픈 덤이 딸려 와\n버렸잖느냐{08}\n검 솜씨뿐 아니라 머리 쪽도\n좀 더 수련해야겠구나{08}
S04:3:15	26	うっ……{0d}{0d}{0d}は　{0d}{0d}はい……{08}	윽……{0d}{0d}{0d}네{0d}{0d} 네……{08}
S04:3:16	83	やったわ　ちょっと腹立つけど\nあいつにダメージを与えた事は\nほめてあげるわ　センセッ{08}	해냈다 좀 열받지만\n저 녀석한테 대미지 준 건\n칭찬해 줄게요 선생님{08}
S04:3:17	97	何をぶつぶつ　いってるんだ{08}\n早速だが　エリー\n手伝ってもらいたいのは\nじつは　合体魔法の修行なのだ{08}	뭘 중얼대는 거냐{08}\n다짜고짜지만 엘리\n도와줬으면 하는 건\n실은 합체 마법 수련이다{08}
S04:3:18	5	！？{08}	!?{08}
S04:3:19	13	がったい？　{08}	합체? {08}
S04:3:20	9	まほ～？{08}	마버업?{08}
S04:3:21	114	そのとおりだっ！！\nエリーが空を制し\nオレが魔法剣で討つ！！{08}{0c}だれも見たことのない技が\nここに誕生するはずだっ！！！{08}	그렇다!!\n엘리가 하늘을 제압하고\n내가 마법검으로 친다!!{08}{0c}아무도 본 적 없는 기술이\n여기서 탄생할 것이다!!!{08}
S04:3:22	47	先生……\nがったいまほ～　って\n何なんですかぁ？{08}	선생님……\n합체 마버업이\n뭐예요오?{08}
S04:3:23	62	うんうん　わたしも知りたい！\n先生　一体どんなの　なんですか？{08}	응응 나도 알고 싶어!\n선생님 대체 어떤 거예요?{08}
S04:3:24	159	その名のとーり　複数の魔力を\n合体させ　大きな効果を発する\n魔法のことだ{08}\nまぁ　詳しいことは\n学園長にでも聞いてくれ{08}\nとにかくだ！！！\nエリー　手伝ってくれるか？{08}	이름 그대로 여러 마력을\n합체시켜 큰 효과를 내는\n마법이다{08}\n뭐 자세한 건\n학원장님께 물어봐라{08}\n아무튼이다!!!\n엘리 도와주겠나?{08}
S04:3:25	63	いいですよ　イアソン先生\nダディス先生の授業も\n当分ありませんし{08}	좋아요 이아손 선생님\n다디스 선생님 수업도\n당분간 없으니까요{08}
S04:3:26	105	そうか　ダディス先生には悪いが\nあの一件のおかげだな{08}\nよしっ！　さっそくやってみたい\n外の修行場へいくぞ！{08}	그런가 다디스 선생님껜\n미안하지만 그 사건 덕분이구나{08}\n좋아! 당장 해 보고 싶다\n밖의 수련장으로 가자!{08}
S04:3:27	71	エリー……熱心なのは　ありがたい\nだが　真の男は\nやすむ時はやすみ………{08}	엘리……열심인 건 고맙다\n하지만 진정한 사나이는\n쉴 땐 쉬고………{08}
S04:3:28	19	遊ぶときは　遊ぶ！{08}	놀 땐 논다!{08}
S04:3:29	52	そ　そのとおり！！{0d}{0d}\nふん……わかっていればよろしい{08}	그 그렇다!!{0d}{0d}\n흥……알고 있으면 됐다{08}
S04:3:30	42	ついでに必殺技の名前を\n考えておくとするか{08}	겸사겸사 필살기 이름을\n생각해 둘까{08}
S04:3:31	27	わたしも　がんばるね　先生{08}	저도 힘낼게요 선생님{08}
S04:3:32	21	よし！　その意気だ！{08}	좋아! 그 기세다!{08}
S04:3:33	272	おまえら……\nなかなか　こった登場の仕方だな{08}\nオレとの約束をやぶって\nいままで何をしていた？{08}\nん！　{0d}{0d}ほう　ブレード\n修行に出てこないと思ったら\nおまえもまざっていたのか{08}\nよし　ブレード！\n心して答えるがいい{08}\n約束を破り　修行をサボり\n今まで何をやっていた？\n返答次第では………{08}	너희……\n꽤 공들인 등장이구나{08}\n나와의 약속을 어기고\n여태 뭘 했느냐?{08}\n응! {0d}{0d}호오 블레이드\n수련에 안 나온다 했더니\n너도 끼어 있었구나{08}\n좋다 블레이드!\n마음 단단히 먹고 대답해라{08}\n약속을 어기고 수련을 빼먹고\n여태 뭘 하고 있었느냐?\n대답 여하에 따라선………{08}
S04:3:34	17	イアソン先生！！{08}	이아손 선생님!!{08}
S04:3:35	13	あのですね～{08}	그게 말이죠～{08}
S04:3:36	57	先生の必殺技のために\nブレードが\nがんばってくれてたんです{08}	선생님 필살기를 위해\n블레이드가\n애써 줬던 거예요{08}
S04:3:37	70	なにっ！！{0d}\nオレはそういう話に弱いのだ\nよし！　全員ゆるそう　問題ない{08}	뭐라고!!{0d}\n나는 그런 얘기에 약하다\n좋아! 전원 용서한다 문제없다{08}
S04:3:38	44	イアソン先生！\nあの合体魔法　もうできますよ{08}	이아손 선생님! 그\n합체 마법 이제 할 수 있어요{08}
S04:3:39	35	な　{0d}なに！\nさっそく試させてくれ！{08}	뭐 {0d}뭐라고！\n당장 시험하게 해 줘！{08}
S04:4:0	38	さあ　この奥で\nイアソン先生がお待ちだ{08}	자 이 안에서\n이아손 선생님이 기다리신다{08}
S04:4:1	147	………{0d}{0d}{0d}ぜ～ったい　ヤダ！\nなんでこんなオリの中に\n入らなきゃいけないのよ{08}\nわたしは見世物じゃないのよ\nま　確かにカワイイけどっ{08}\nわたしは帰るわよ！{08}	………{0d}{0d}{0d}절～대 싫어!\n왜 이런 우리 안에\n들어가야 하는데{08}\n나는 구경거리가 아니거든\n뭐 확실히 귀엽긴 하지만{08}\n나 돌아갈래!{08}
S04:4:2	113	レナ　そんな事いわないで{08}{0c}ここまできたんだから\n最後まで信じようよ{08}\n今日の夕ごはん　わたしの分を\n半分あげるから！{08}	레나 그런 말 하지 마{08}{0c}여기까지 왔으니\n끝까지 믿어 보자{08}\n오늘 저녁밥 내 몫\n절반 줄게!{08}
S04:4:3	70	えっ！　ちっ　{0d}ちがうってば！\nそうじゃなくってぇ\n一緒に帰ろうよぉ！！{08}	어! 아{0d} 아니라니까!\n그게 아니라～\n같이 돌아가자～!!{08}
S04:4:4	75	ちょっと！　何してんのよっ！\nいきなり閉めることないじゃない\nなんのつもりよ{08}	잠깐! 뭐 하는 거야!\n갑자기 닫을 건 없잖아\n무슨 속셈이야{08}
S04:4:5	11	……………{08}	……………{08}
S04:4:6	125	なに　黙ってるのよっ！{08}\nこの状況で　まだ\nイアソン先生が奥で待ってる\nなんて　いわないわよね！！！{08}\nなんかいったら　どうなの？{08}	뭘 잠자코 있어!{08}\n이 상황에서 아직도\n이아손 선생님이 안에서\n기다린다 고는 안 하겠지!!!{08}\n뭐라고 말 좀 해 보지?{08}
S04:4:7	7	えっ？{08}	어?{08}
S04:4:8	187	えっ？　じゃないわよ　エリー\nこの男は\nわたしたちを　だましたのよ{08}\nまったく……{0d}{0d}\nエリーは人を疑うことを\n知らないんだから{08}\nきっと　昨日わたしたちに\nいい争いで負けたことを\n根に持ってるのよ{08}	어? 가 아니야 엘리\n이 남자는\n우리를 속인 거야{08}\n정말……{0d}{0d}\n엘리는 사람을 의심할 줄\n모른다니까{08}\n분명 어제 우리한테\n말싸움에서 진 걸\n꽁하게 담아 둔 거야{08}
S04:4:9	85	違うっ！\nどうしてそうなるんだ{08}\nオレはただ　おまえたちに\nいっておきたい事があるだけだ{08}	아니야!\n왜 그렇게 되는 거냐{08}\n나는 그냥 너희한테\n할 말이 있을 뿐이다{08}
S04:4:10	130	あんた　ふざけてんの？\nこんなふうに閉じ込めて\nなにが　いいたい事が……よ！{08}\n話がしたいんなら　あんたも\n閉じ込められなさいよっ！！{08}	너 장난해?\n이런 식으로 가둬 놓고\n할 말이 있다니……!{08}\n얘기하고 싶으면 너도\n갇히든가!!{08}
S04:4:11	26	…………{0d}{0d}{0d}よし　わかった{08}	…………{0d}{0d}{0d}좋아 알았다{08}
S04:4:12	66	チャンスよ　エリー{08}\nあいつが扉を持ち上げたら\nわきをすり抜けるわよ{08}	기회야 엘리{08}\n저 녀석이 문을 들어 올리면\n옆으로 빠져나가자{08}
S04:4:13	85	ダメだよ　レナ\n危ないから　下がって{08}\n一度ブレードと　ゆっくり\n話し合ったほうがいいよ{08}	안 돼 레나\n위험하니까 물러나{08}\n한번 블레이드랑 천천히\n얘기해 보는 게 좋겠어{08}
S04:4:14	63	……で　話ってなによ？\nこーなったら　とことん\n聞いてやるわよ！{08}	……그래서 할 말이 뭔데?\n이렇게 된 이상 끝까지\n들어 주겠어!{08}
S04:4:15	187	……………………{08}\nオ……{0d}{0d}オレはただ\nおまえたち女が　男の道場で\n修行する事が………{08}{0c}しかも　合体魔法の\n修行をするのが　許せないんだ{08}\nオレの方が　おまえたちより\n絶対に　強いはずなのに……{08}	……………………{08}\n나……{0d}{0d}나는 그냥\n너희 여자들이 사나이 도장에서\n수련하는 게………{08}{0c}게다가 합체 마법\n수련을 하는 게 용납 안 돼{08}\n내가 너희보다\n분명히 강할 텐데……{08}
S04:4:16	75	あー　みっともない！\nそんなんでよく　真の男を\n目指してる　なんていえるわね{08}	아～ 꼴사나워!\n그래 놓고 잘도 진정한\n사나이를 목표로 한다고 하네{08}
S04:4:17	241	………{0d}{0d}{0d}わかった{08}\nここからは正々堂々と勝負だ！\n先に　この男のダンジョンを\n抜けたほうが勝ちだ！{08}{0c}どっちが　より真の男に近いか\nケリをつけるぞ！！{08}\n勝ったほうがイアソン先生と\n合体魔法の修行をできる！\nそれで文句　ないな？{08}\n男の対決　開始だっ！{08}	………{0d}{0d}{0d}알았다{08}\n지금부턴 정정당당하게 승부다!\n먼저 이 사나이의 던전을\n빠져나가는 쪽이 이긴다!{08}{0c}어느 쪽이 더 진정한 사나이에\n가까운지 결판을 내자!!{08}\n이긴 쪽이 이아손 선생님과\n합체 마법 수련을 한다!\n그럼 불만 없겠지?{08}\n사나이의 대결 시작이다!{08}
S04:4:18	73	ど　{0d}{0d}どういう生き物なのよ～\nどーしてこう　話が変な方向に\n進むのかしら？{08}	어{0d}{0d} 어떤 생물이야～\n왜 이렇게 얘기가 이상한\n쪽으로 가는 걸까?{08}
S04:4:19	60	レナが口を開くと　ややこしく\nなっていく気がするんだけど……{08}	레나가 입을 열면\n복잡해지는 것 같은데……{08}
S04:4:20	130	わ　{0d}わたしは関係ないでしょ！\nあの男が勝手に話を進めて……{08}\nま　{0d}まぁ　いいわ\nここで話してても　しょうがないし\nどうする　エリー？{08}	나{0d} 나는 상관없잖아!\n저 남자가 멋대로 얘기를……{08}\n뭐{0d} 뭐 됐어\n여기서 떠들어 봤자 소용없고\n어떡할래 엘리?{08}
S04:4:21	60	う～～～　{0d}{0d}{0d}っ　{0d}{0d}{0d}っ　{0d}{0d}{0d}っはぁ～～{08}\nビクともしないね……{08}	으～～～ {0d}{0d}{0d}읏 {0d}{0d}{0d}읏 {0d}{0d}{0d}하아～～{08}\n꿈쩍도 안 해……{08}
S04:4:22	29	まったくバカ力なんだから……{08}	정말 괴력이라니까……{08}
S04:4:23	58	文字が書いてあるよ……えーと\n男がふりかえるとは何事だ！！{08}	글자가 적혀 있어……음\n사나이가 뒤를 돌아보다니!!{08}
S04:4:24	11	……………{08}	……………{08}
S04:4:25	25	も　{0d}{0d}もう勝手にして……{08}	이{0d}{0d} 이제 맘대로 해……{08}
S04:4:26	144	ほらっエリーも\nわたしたちが　こんなとこにまで\nつきあう必要なんて　ないじゃない{08}\nもう帰ろっ！{08}\nなーんか　こんな所にいたら\nおなかすいてきちゃった{08}	봐 엘리도\n우리가 이런 데까지\n어울려 줄 필요 없잖아{08}\n이제 돌아가자!{08}\n왠지 이런 데 있으니까\n배고파졌어{08}
S04:4:27	170	……レナは　いいすぎだけど\nでも　わたしもそう思うよ……{08}\nこんなことしても　イアソン先生を\nがっかりさせるだけだと思う{08}\n男が　女の子をだまして\n危険な所に連れ出したのかって{08}	……레나는 말이 심하지만\n그래도 나도 그렇게 생각해……{08}\n이런 짓 해 봤자 이아손\n선생님을 실망시킬 뿐일 거야{08}\n남자가 여자애를 속여서\n위험한 데로 데려왔냐고{08}
S04:4:28	33	…………た　確かに{08}{0c}だ　だが……{08}	…………화 확실히{08}{0c}하 하지만……{08}
S04:4:29	81	あ～　もう　いらいらするわねー\n男だったら　もっとはっきりと\n自分を主張しなさいよ{08}	아～ 정말 답답하네\n남자라면 좀 더 똑똑히\n자기 주장을 해{08}
S04:4:30	73	ブレード！\nここ　開けなさいよ！{08}\nもうあんたを回復するなんて\nごめんだわ！{08}	블레이드!\n여기 열어!{08}\n이제 너 회복시켜 주는 건\n사절이야!{08}
S04:4:31	90	いいや　ダメだ！\n男はふりむいてはいかん　と\n書いてある{08}\nオレは男だ！\n引き返すことはできん{08}	아니 안 된다!\n사나이는 뒤돌아보면 안 된다고\n적혀 있다{08}\n나는 사나이다!\n되돌아갈 수는 없다{08}
S04:4:32	71	たかが　壁に書かれた\nイタズラ書きじゃない\nこんなのが　何だっていうのよ{08}	고작 벽에 쓰인\n낙서잖아\n이게 뭐 어쨌다는 거야{08}
S04:4:33	15	き　きさまっ！{08}	네 네놈!{08}
S04:4:34	59	ご　ごめんブレード\nわたしが　かわりに謝るから\n怒らないでっ{08}	미 미안해 블레이드\n내가 대신 사과할게\n화내지 마{08}
S04:4:35	48	…………ふ　ふんっ！\n仕方ないなっ　今回だけだぞ{08}	…………흐 흥!\n어쩔 수 없군 이번만이다{08}
S04:4:36	25	あーあぁ　早く帰りたいわ{08}	아～아 빨리 가고 싶다{08}
S04:4:37	48	そーだね……また学園長に\n怒られちゃうかもね……{08}	그러게……또 학원장님께\n혼날지도 몰라……{08}
S04:4:38	44	……わ　悪かった\nだが！　ここは開けんぞっ！{08}	……미 미안했다\n하지만! 여긴 안 연다!{08}
S04:4:39	95	判ってるわよっ！\nそんなに何度もいわないでよ{08}\nその度にあんたを殴りたいの\nがまんしてるんだから！{08}	알거든!\n그렇게 몇 번이나 말하지 마{08}\n그럴 때마다 너 때리고 싶은\n거 참고 있으니까!{08}
S04:4:40	11	……………{08}	……………{08}
S04:4:41	62	ほら　もう十分　力比べしたでしょ\nもういいかげんにしなさいよ！{08}	봐 이제 힘겨루기 충분히\n했잖아 이제 적당히 좀 해!{08}
S04:4:42	115	なぜ　ここから出る事にこだわる{08}\nオレは開ける気がないし\nおまえたちでは開けられない\nだったら　先に進むしかないだろ！{08}	왜 여기서 나가는 데 집착하냐{08}\n나는 열 생각이 없고\n너희는 열 수 없다\n그럼 앞으로 나아갈 수밖에!{08}
S04:4:43	54	先に進むしかなくしている張本人が\nなに気張ってんのよ！{08}	나아갈 수밖에 없게 만든\n장본인이 뭘 힘주고 있어!{08}
S04:4:44	29	さぁ　次の敵を倒しにいくぞ！{08}	자 다음 적 쓰러뜨리러 가자!{08}
S04:4:45	93	こいつも他人の話を\nまともに聞かないタイプなのね{08}\nなんでこんなのが　あちこちに\nいるのかしら？{08}	얘도 남의 말을\n제대로 안 듣는 타입이구나{08}\n왜 이런 게 여기저기\n있는 걸까?{08}
S04:4:46	27	はやく　次の敵と戦うぞっ！{08}	얼른 다음 적과 싸우자!{08}
S04:4:47	31	なに　そんなに張りきってるのよ{08}	뭘 그렇게 신났어{08}
S04:4:48	99	強いヤツと　力を出しきって戦う！{08}\nこれを喜びといわずして\n何を喜びとする！\n真の男とはそういうものだ{08}	강한 녀석과 전력으로 싸운다!{08}\n이걸 기쁨이라 하지 않으면\n무엇을 기쁨이라 하랴!\n진정한 사나이란 그런 것이다{08}
S04:4:49	42	じゃあ　はやく力を出しきって\n死になさいよ{08}	그럼 얼른 힘을 다 쏟고\n죽든가{08}
S04:4:50	38	こ　心構えのはなしだ\nだれが　死ぬか！{08}	마 마음가짐 얘기다\n누가 죽냐!{08}
S04:4:51	32	なーんだっ！\nつっまんないわね～{08}	뭐야!\n재미없네～{08}
S04:4:52	29	…………おい　何のつもりだ！{08}	…………어이 뭐 하는 거냐!{08}
S04:4:53	13	なーにがー？{08}	뭐가～?{08}
S04:4:54	64	ギアを倒したのに　なぜわざわざ\nこんな所まで戻ってくる必要がある{08}	기어를 쓰러뜨렸는데 왜 굳이\n여기까지 돌아올 필요가 있냐{08}
S04:4:55	40	そんなの決まってるじゃない\nなんとなくよ{08}	그야 뻔하잖아\n그냥{08}
S04:4:56	48	どうあっても　オレを真の男に\nさせないつもりだな{08}	어떻게든 나를 진정한 사나이로\n안 만들 셈이구나{08}
S04:4:57	32	レナ～\nさすがにもうやりすぎだよ{08}	레나～\n이건 좀 너무했어{08}
S04:4:58	58	わ　わたしじゃないわよぉ\nエリーが来たかったんじゃないの？{08}	나 나 아니야～\n엘리가 오고 싶었던 거 아냐?{08}
S04:4:59	63	わたしは何も……\n誰かが勝手に\nこっちに足を向かせてるみたいで…{08}	나는 아무것도……\n누가 멋대로 이쪽으로\n발을 돌리게 하는 것 같아…{08}
S04:4:60	19	一体　だれが………{08}	대체 누가………{08}
S04:4:61	61	もういい　さっさといくぞ\nギアを倒せば\n後は洞窟を抜けるだけだ{08}	됐다 어서 가자\n기어만 쓰러뜨리면\n나머진 동굴만 나가면 된다{08}
S04:5:0	102	また　おまえか……{0d}{08}\nそうだ　エリー！\nイアソン先生が呼んでたぞ！{08}\nそんなのといないで\nいってくるといい{08}	또 너냐……{0d}{08}\n그렇지 엘리!\n이아손 선생님이 부르셨다!{08}\n그런 거랑 있지 말고\n다녀오거라{08}
S04:5:1	65	それが先生のいうこと？\nところで　先生……\nおいつめられてますね？{08}	그게 선생님이 할 말이에요?\n그런데 선생님……\n궁지에 몰리셨네요?{08}
S04:5:2	81	ああ　わかるか？\nレナとかいう小悪魔にな……{08}\n例の一件で\nこのところ　ずーっとだよ{08}	아아 알겠냐?\n레나라는 작은 악마한테……{08}\n그 일 때문에\n요즘 줄곧이다{08}
S04:5:3	19	先生かわいそう……{08}	선생님 불쌍해……{08}
S04:5:4	31	お　{0d}{0d}おまえが同情するなっ！！{08}	네{0d}{0d} 네가 동정하지 마!!{08}
S04:5:5	57	ラルフ先生\nレナにはわたしから　よ～く\nいっておきますから{08}	랄프 선생님\n레나한텐 제가 단단히\n일러 둘게요{08}
S04:5:6	28	ちょ　{0d}ちょっと　エリー！？{08}	자{0d} 잠깐 엘리!?{08}
S04:5:7	65	あ　{0d}{0d}ありがとう　エリー\nわたしはおまえの\nその一言を待っていたよ{08}	고{0d}{0d} 고맙다 엘리\n나는 너의\n그 한마디를 기다렸다{08}
S04:5:8	76	おっ　{0d}来たなっ\nダディス先生のハズレクジ　レナ\nところで　セニアはどうした？{08}	오 {0d}왔구나\n다디스 선생님의 꽝 제비 레나\n그런데 세니아는 어쨌냐?{08}
S04:5:9	134	まったく失礼なやつね～\nバルア様～　っていってたくせにっ\nなんなら　今日ぜんぶ　ばらすわよ{08}\n次は　セニア様～　かもっていう\nおまけ付きで{08}	정말 무례하네～\n바르아 님～ 하던 주제에\n오늘 다 불어 버릴까요{08}\n다음은 세니아 님～일지도\n하는 덤까지 붙여서{08}
S04:5:10	48	ほ　{0d}{0d}ほう……\nおまえは先生を　おどすつもりか？{08}	호{0d}{0d} 호오……\n너는 선생님을 협박할 셈이냐?{08}
S04:5:11	60	ちょ　{0d}{0d}ちょっとレナ　やめなよ～\nラルフ先生も　やめて下さい{08}	자{0d}{0d} 잠깐 레나 그만해～\n랄프 선생님도 그만하세요{08}
S04:5:12	48	ほら見ろ　レナのせいで\nエリーに怒られただろうが{08}	거봐라 레나 때문에\n엘리한테 혼났잖냐{08}
S04:5:13	36	へぇ～\nうまいごまかし方ね　センセッ{08}	헤에～\n얼버무리는 솜씨 좋네요 선생님{08}
S04:5:14	30	ふふん\nこの決着はいずれな……{08}	흐흥\n이 결판은 언젠가……{08}
S04:5:15	38	君たちはラルフ先生と\n仲がよさそうだね{08}	너희는 랄프 선생님이랑\n사이가 좋아 보이네{08}
S04:5:16	52	たまには息抜きするかぁ！{0d}{0d}\nちがう本でも読もうっと！{08}	가끔은 숨 좀 돌릴까!{0d}{0d}\n다른 책이라도 읽어야지!{08}
S04:5:17	101	最近　ラルフ先生が涙を浮かべて\n本を読んでいるんだ{08}\nいい本は　誰もを感動させられる\n素晴らしい財産だよ{08}	요즘 랄프 선생님이 눈물\n글썽이며 책을 읽으셔{08}\n좋은 책은 누구든 감동시키는\n훌륭한 재산이야{08}
S04:5:18	31	修行より　本を読むほうがいいぞ{08}	수련보다 책 읽는 게 좋아{08}
S04:5:19	105	お～お～　エリー　がんばってるな\n感心　感心！\nそれに比べて　その後ろ！{08}\n相変わらず　顔だけ平和そうだなぁ{08}	오～오～ 엘리 열심이구나\n기특하다 기특해!\n그에 비해 그 뒤에!{08}\n여전히 얼굴만 평화롭구나{08}
S04:5:20	138	ふーんだ　顔も不健康な先生に\nいわれたくないわ{08}\nラルフ先生も　イアソン先生の\n修行に付き合います？{08}\n少しは見られる顔に\nなるかもしれませんよ{08}	흥 얼굴도 건강 안 좋은\n선생님한테 듣고 싶지 않아요{08}\n랄프 선생님도 이아손 선생님\n수련에 어울려 보실래요?{08}\n좀 봐줄 만한 얼굴이\n될지도 몰라요{08}
S04:5:21	27	レナ　見てるだけじゃないか{08}	레나 보기만 하잖아{08}
S04:5:22	45	ほーう　レナ！\n人の事いえる立場か？　{0d}{0d}{0d}ん？{08}	호오 레나!\n남 말할 처지냐? {0d}{0d}{0d}응?{08}
S04:5:23	21	………エリーのばか～{08}	………엘리 바보～{08}
S04:5:24	114	口うるさいおまえも　今回ばかりは\n黙るしかない…か\n油断したな{08}\nこれにこりたら　今後はもう少し\nおとなしくする事だな{08}	잔소리꾼 너도 이번만큼은\n입 다물 수밖에 없나\n방심했구나{08}\n이걸로 혼났으면 앞으로 좀\n얌전히 굴도록{08}
S04:5:25	109	どうでもいいがエリー\n早く着替えたほうがいいぞ{08}\n女の子がそんな汚い格好をしてちゃ\n寄ってくるのも　いなくなるぞ{08}	아무래도 좋지만 엘리\n얼른 갈아입는 게 좋겠다{08}\n여자애가 그렇게 지저분하면\n다가오는 사람도 없어진다{08}
S04:5:26	75	へー　ラルフ先生に\nそんな心配ができるなんてね～\n意外な一面を見た気がするわ{08}	헤에 랄프 선생님이\n그런 걱정을 할 줄 알다니\n의외의 일면을 본 것 같네{08}
S04:5:27	112	まーな　こー見えても昔は\nモテモテだったんだぞ{08}\n宿題見せて～　とか\n作文書いて～　とか\nそりゃあ　忙しかったんだ！{08}	뭐 이래 봬도 옛날엔\n인기 폭발이었다고{08}\n숙제 보여 줘～라든가\n작문 써 줘～라든가\n그야말로 바빴지!{08}
S04:5:28	61	…………{08}\n絶好のチャンスだけど……\nこれはちょっと　{0d}{0d}{0d}ね……{08}	…………{08}\n절호의 기회지만……\n이건 좀 {0d}{0d}{0d}그렇네……{08}
S04:5:29	23	今日も修行か？　エリー{08}	오늘도 수련이냐? 엘리{08}
S04:5:30	7	はい！{08}	네!{08}
S04:5:31	63	ケガには気をつけろよ\n女性は体に負担をかけちゃ\nいけないらしいぞ{08}	다치지 않게 조심해라\n여성은 몸에 부담을 주면\n안 된다던데{08}
S04:5:32	17	どーしてですか？{08}	왜요?{08}
S04:5:33	157	ん～？　なんでだったかな？{08}\nこれはいかん！！\nせっかく覚えた知識を\n忘れてしまうとは！{08}\nどの本だったかな？\nあー　おまえら　じゃまだから\nさっさと　どっか　いけ{08}	음～? 왜였더라?{08}\n이러면 안 된다!!\n모처럼 익힌 지식을\n잊어버리다니!{08}\n어느 책이었더라?\n아～ 너희 방해되니까\n얼른 어디로 가라{08}
S04:5:34	44	ん？　なんだおまえたちか\nじゃまだ　じゃまだ{08}	응? 뭐야 너희냐\n방해다 방해{08}
S04:5:35	71	えーと　これでもない\nそれか！　いや違う\nどこ　だった……　かなっ！　と{08}	음 이것도 아니고\n그건가! 아니 틀려\n어디 있었……더라!{08}
S04:5:36	121	うわっ　ここにある本くらい汚いね\nえ？　{0d}{0d}{0d}合体魔法の修行？{08}\nうーん　合体魔法………\n以前　読んだよーな\n読まなかったよーな{08}	우와 여기 책만큼 더럽네\n어? {0d}{0d}{0d}합체 마법 수련?{08}\n으음 합체 마법………\n전에 읽은 것도\n같고 안 읽은 것도 같고{08}
S04:5:37	54	この本の山って　いつ　誰の手から\nできはじめたんだろう{08}	이 책 더미는 언제 누구\n손에서 생기기 시작한 걸까{08}
S04:5:38	56	よし　お礼にこの魔法を教えよう\nわたしの得意技のひとつだ{08}	좋아 답례로 이 마법을 가르쳐\n주마 내 특기 중 하나다{08}
S04:5:39	89	そうだ　エリー{08}\nおまえはとてもよくやっている\nそこで　わたしの魔法のひとつを\n教えてやろう{08}	그렇지 엘리{08}\n너는 아주 잘하고 있다\n그래서 내 마법 하나를\n가르쳐 주마{08}
S04:5:40	25	エリーはフレイズを覚えた{08}	엘리는 프레이즈를 익혔다{08}
S04:5:41	17	ありがとう　先生{08}	고마워요 선생님{08}
S04:5:42	23	せんせ～　わたしには？{08}	선생니임～ 저는요?{08}
S04:5:43	31	わたしがおまえに教えると思うか{08}	내가 너한테 가르칠 것 같냐{08}
S04:5:44	23	いつか倒してみせるわ！{08}	언젠가 쓰러뜨려 보일 거예요!{08}
S04:5:45	91	ほう　わたしを目標にするとは\nなかなか目の付け所だけは\nいいじゃないか{08}\nいつでも待ってるぞ！{08}	호오 나를 목표로 하다니\n보는 눈만은\n제법이구나{08}\n언제든 기다리마!{08}
S04:5:46	15	だいっ嫌い！！{08}	정말 싫어!!{08}
S04:5:47	36	あっ！\nこれかなぁ　合体魔法の本って{08}	앗!\n이걸까 합체 마법 책이{08}
S04:5:48	107	ん？　どれどれぇ～\nえーと………魔法の味わい方？{08}{0c}\n　　第一章　一生　見つかんない{08}{0c}………………つまんない本{08}	응? 어디 보자～\n음………「마법 맛보는 법」?{08}{0c}\n　　제１장 평생 못 찾음{08}{0c}………………재미없는 책{08}
S04:5:49	19	そ……{0d}{0d}そーだね～{08}	그……{0d}{0d}그러게～{08}
S04:5:50	31	もう二度と読むもんですかっ！！{08}	두 번 다시 안 읽어!!{08}
S04:5:51	44	ふたつでひとつ\nこれかな？　合体魔法の本って{08}	「둘이서 하나」\n이걸까? 합체 마법 책이{08}
S04:5:52	31	どれどれ　早く読んでよ　エリー{08}	어디 보자 빨리 읽어 줘 엘리{08}
S04:5:53	119	えー…………とっ{08}{0c}光と影　天と地　白と黒{08}{0c}フタと底　入口と出口…{08}{0c}ＷとＭ……ｐとｑ………６と９……{08}{0c}とりにくと…………{08}	음…………{08}{0c}빛과 그림자 하늘과 땅 흑백{08}{0c}뚜껑과 바닥 입구와 출구…{08}{0c}Ｗ와Ｍ……ｐ와ｑ……６과９……{08}{0c}닭고기와…………{08}
S04:5:54	46	も……もういいわ……\n早く捨てちゃって　その本{08}	이……이제 됐어……\n얼른 버려 그 책{08}
S04:5:55	91	なんでこんな本が\n図書館にあるのかしら{08}\n選んでるのってラルフ先生よねぇ\n信じがたいセンスだわ{08}	왜 이런 책이\n도서관에 있는 걸까{08}\n고르는 건 랄프 선생님이잖아\n믿기 힘든 센스야{08}
S04:5:56	29	これかな～　合体魔法の本って{08}	이걸까～ 합체 마법 책이{08}
S04:5:57	56	その本はやめたほうがいいわ\nわたしのカンがそう伝えてるの{08}	그 책은 안 보는 게 좋아\n내 감이 그렇게 말하고 있어{08}
S04:5:58	9	でも……{08}	그래도……{08}
S04:5:59	40	他の本よ　きっと……\n別の　探しましょう{08}	다른 책일 거야 분명……\n다른 걸 찾자{08}
S04:5:60	15	この本はイヤ！{08}	이 책은 싫어!{08}
S04:5:61	25	もうこれしか残ってないよ{08}	이제 이것밖에 안 남았어{08}
S04:5:62	117	………………{08}{0c}あ…あれっ\nさっき見た本と違ってるー{08}\n上から別のが落ちてきたのかなー？\nとにかく　今はヤな予感がしないわ{08}	………………{08}{0c}어…어라\n아까 본 책이랑 다르잖아～{08}\n위에서 다른 게 떨어졌나～?\n아무튼 지금은 예감이 괜찮아{08}
S04:5:63	28	相変わらずだね………{0d}{0d}{0d}レナ{08}	여전하구나………{0d}{0d}{0d}레나{08}
S04:5:64	45	え～　なにが～？{08}{0c}そんな事より　早く読んでよ{08}	에～ 뭐가～?{08}{0c}그보다 빨리 읽어 줘{08}
S04:5:65	417	………　わかった\nえーっと　タイトルは……{0d}{0d}{0d}{0d}{0d}{0d}\n合体魔法のケイジ　だって{08}\nんー………ここからかな……{08}{0c}一　合体魔法は扱いが困難なので\n　　基本となる魔法を習得した\n　　者にのみ　認定すること{08}{0c}二　認定は　必ず資格ある者が行い\n　　使用目的を見失わぬよう　その\n　　成長を　責任もって見守ること{08}{0c}三　認定は　組み合わせを見つけた\n　　生徒にのみ行い　魔法の本質を\n　　学ぶ探求心を育てること{08}\n…………まだまだあるけど　聞く？{08}	……… 알았어\n음 제목은……{0d}{0d}{0d}{0d}{0d}{0d}\n「합체 마법의 계시」래{08}\n음………여기부터일까……{08}{0c}１ 합체 마법은 다루기\n어려우니 　　기본 마법을 익힌\n　　자에게만 인정할 것{08}{0c}２ 인정은 꼭 자격자가 하며\n　　사용 목적을 잃지 않도록\n　　성장을 책임지고 지켜볼 것{08}{0c}３ 인정은 조합을 찾아낸\n　　학생에게만 하며 마법의\n　　본질 탐구심을 기를 것{08}\n…………아직 많은데 들을래?{08}
S04:5:66	38	ははは………\n今日はもう‥‥もういいわ{08}	하하하………\n오늘은 이제‥‥이제 됐어{08}
S04:5:67	19	なんだか　疲れたわ{08}	왠지 지쳤어{08}
S04:5:68	25	ちゃんと覚えてる？　レナ{08}	제대로 외웠어? 레나{08}
S04:5:69	19	もう一回　読むの？{08}	한 번 더 읽어?{08}
S04:5:70	69	い……いいわ\n要は組み合わせを見つけて\n学園長の所にいけばいいんでしょ{08}	괘……괜찮아\n요는 조합을 찾아서\n학원장님께 가면 되는 거지{08}
S04:5:71	91	わかってるじゃない　レナ{08}\nあっ！　でも他の先生方にも\n教えてもらえるから\nこまめに訪ねようね{08}	알고 있네 레나{08}\n앗! 그래도 다른 선생님들도\n가르쳐 주시니까\n자주 찾아뵙자{08}
S04:5:72	48	わたしたちの学年じゃ\n習わないよね　合体魔法って{08}	우리 학년에선\n안 배우지 합체 마법은{08}
S04:5:73	65	そぉね～\nイアソン先生がわたしたちの力を\n認めてくれたんじゃない？{08}	그러게～\n이아손 선생님이 우리 힘을\n인정해 주신 거 아닐까?{08}
S04:5:74	83	がんばらなきゃね！\nそうだ　学園長の所にいくように\nイアソン先生にいわれたじゃないか{08}	열심히 해야지!\n맞다 학원장님께 가라고\n이아손 선생님이 하셨잖아{08}
S04:5:75	40	そうだっけ？\nじゃあ　いってみましょうか{08}	그랬나?\n그럼 가 볼까{08}
S04:5:76	40	合体魔法かぁ\n早く使えるようになりたいね{08}	합체 마법이라\n얼른 쓸 수 있게 되고 싶다{08}
S04:5:77	59	そうね～\nそのためにもきっかけになる魔法を\n早く覚えなきゃね{08}	그러게～\n그러려면 계기가 될 마법을\n얼른 익혀야지{08}
S04:5:78	54	うん！わたしとレナの合体魔法ってどんなのなんだろうね？	응! 나랑 레나의 합체 마법은 어떤 걸까?
S04:5:79	119	こんなにかわいい女の子が\n二人もいるのよ\nかわいい魔法に決まってるじゃない{08}{0c}………………{0d}{0d}{0d}{0d}{0d}\nかわいいだけでいいかしら？{08}	이렇게 귀여운 여자애가\n둘이나 있으니\n귀여운 마법이 당연하지{08}{0c}………………{0d}{0d}{0d}{0d}{0d}\n귀엽기만 하면 될까?{08}
S04:5:80	52	ほしのササヤキ？？\nなんか……きれいな語感だね　レナ{08}	「별의 속삭임」??\n왠지……예쁜 어감이다 레나{08}
S04:5:81	42	干した焼き鳥？\nわたしは普通に食べたいなぁ{08}	「별의 속살 꼬치」?\n나는 그냥 먹고 싶어～{08}
S04:5:82	18	料理の本でも探す？	요리책이라도 찾을래?
S04:5:83	46	出来上がった料理がのってる\n本ならよろこんで曖{08}	다 만든 요리가 실린\n책이라면 기꺼이♥{08}
S04:5:84	40	おいしいお店がのってる本も\nいいわね～曖{08}	맛집이 실린 책도\n좋겠다～♥{08}
S04:5:85	192	大予言書？\n何が書いてあるんだろ………{08}{0c}Ｘ月Ｙ日\nアル…ナ……ルグ…ニ………ン？{08}\nダメだ　ぼろぼろで読めないや\nもっと先には………{08}{0c}明日\n君たちは大きな試練にぶつかる\n修行を　おこたらぬよう………{08}	「대예언서」?\n뭐가 적혀 있을까………{08}{0c}Ｘ월 Ｙ일\n알…나……르그…니………은?{08}\n안 되겠다 너덜너덜해서 못\n읽어 더 뒤에는………{08}{0c}내일\n너희는 큰 시련에 부딪힌다\n수련을 게을리하지 말……{08}
S04:5:86	57	明日って………{0d}{0d}{0d}{0d}\n今日の次………よねぇ？{08}ほんとかしら？{08}	내일이라니………{0d}{0d}{0d}{0d}\n오늘 다음………이지?{08}진짜일까?{08}
S04:5:87	67	一応　気に掛けておいても\nいいんじゃない？\n明日って指定もされてるし{08}	일단 신경 써 두는 것도\n괜찮지 않아?\n내일이라고 지정돼 있고{08}
S04:5:88	93	あまいわね　エリー{08}\nわたしたちが来る前に　こっそり\n書き加えれば　それで完成よ\n信用できないわ{08}	무르네 엘리{08}\n우리가 오기 전에 몰래\n써 넣으면 그걸로 완성이야\n못 믿어{08}
S04:5:89	11	そうかなー{08}	그런가～{08}
S04:6:0	73	あら　みなさんで\n昨日のあいさつ回りですか？\nきちんと　反省してくださいね{08}	어머 다 같이\n어제 일 사과 인사 다니나요?\n제대로 반성하세요{08}
S04:6:1	38	こ　{0d}{0d}この先生が\n一番きついのよね……{08}	이{0d}{0d} 이 선생님이\n제일 매섭단 말이야……{08}
S04:6:2	62	セニアさんは　どうしました？\n大ケガしたとは聞いてませんが……{08}	세니아 양은 어쨌나요?\n크게 다쳤다곤 못 들었는데……{08}
S04:6:3	33	レイラさんと寮で反省会で～すっ！{08}	레이라 씨랑 기숙사 반성회요!{08}
S04:6:4	7	……？{08}	……?{08}
S04:6:5	89	建物をこわすには学園長をはじめ\nいろんな先生の許可が必要です\n勝手にしちゃ　ダメですからね{08}	건물을 부수려면 학원장님을\n비롯해 여러 선생님의 허락이\n필요해요 멋대로 하면 안 돼요{08}
S04:6:6	33	こ　{0d}{0d}心の底から　反省してますぅ{08}	진{0d}{0d} 진심으로 반성하고 있어요～{08}
S04:6:7	73	あら　そうなの？\nニコニコ笑っていますから\nてっきり　喜んでいるのかと……{08}	어머 그래요?\n싱글벙글 웃고 있어서\n기뻐하는 줄 알았는데……{08}
S04:6:8	67	テレイナ先生……\nできれば　そのあたりで\nゆるしてあげてください……{08}	테레이나 선생님……\n가능하면 그쯤에서\n용서해 주세요……{08}
S04:6:9	71	レナさん……\nなんでもイアソン先生のもとで\n修行をしているそうですが……{08}	레나 양……\n듣자 하니 이아손 선생님\n밑에서 수련하고 있다던데……{08}
S04:6:10	57	せ　{0d}正確にはエリーが　ですけど\nどうかしました？　先生？{08}	정{0d} 정확히는 엘리가지만\n왜 그러세요? 선생님?{08}
S04:6:11	70	………{0d}{0d}{0d}{0d}{0d}いえ\n今度は力によって建物を\n破壊しようと考えていませんか？{08}	………{0d}{0d}{0d}{0d}{0d}아뇨\n이번엔 힘으로 건물을\n부수려는 건 아니죠?{08}
S04:6:12	22	ち　{0d}ちがいますぅ！！{08}	아{0d} 아니에요～!!{08}
S04:6:13	67	イアソン先生の\n手伝いをしているだけで\nべつに危険なことはありません{08}	이아손 선생님을\n돕고 있을 뿐이고\n딱히 위험한 건 없어요{08}
S04:6:14	48	あら　そうなの？\nごめんなさい　うたがったりして{08}	어머 그래요?\n미안해요 의심해서{08}
S04:6:15	33	いえ～　もう　なれましたから……{08}	아뇨～ 이제 익숙해졌어요……{08}
S04:6:16	67	が　{0d}{0d}楽器とオンチは\nか…　{0d}{0d}関係ないわよね……\n……うん　よーし！{08}	아{0d}{0d} 악기랑 음치는\n사…{0d}{0d} 상관없잖아……\n……응 좋아!{08}
S04:6:17	50	えっ？　よく聞こえなかったけど\nなにが関係ないの？{08}	어? 잘 안 들렸는데\n뭐가 상관없어?{08}
S04:6:18	28	ううん　{0d}{0d}{0d}なんでもない……{08}	아니 {0d}{0d}{0d}아무것도 아냐……{08}
S04:6:19	29	どうして顔が怒ってるの……？{08}	왜 얼굴이 화나 있어……?{08}
S04:6:20	40	あなたたちって\n別の世界の住人みたいよね{08}	너희는\n다른 세계 주민 같아{08}
S04:6:21	46	男の子と　修行かぁー\nちょっと　興味あるかも曖{08}	남자애들이랑 수련이라～\n좀 관심 있을지도♥{08}
S04:6:22	71	ちょっと　待って～\nここを　壊したら　イェンの\n安らぎの場がなくなるのよ{08}	잠깐만～\n여길 부수면 옌의\n안식처가 없어져{08}
S04:6:23	89	テレイナ先生って～\nほんと　マイペースよね{08}\nでも　昨日のテレイナ先生\n少し変じゃなかった？{08}	테레이나 선생님은～\n정말 마이페이스야{08}\n그래도 어제 테레이나 선생님\n좀 이상하지 않았어?{08}
S04:6:24	83	んー……あっ！　{0d}{0d}そうそうレナさん\n忘れていました\nこの魔法を教えてさしあげましょう{08}	음……앗! {0d}{0d}맞다 레나 양\n깜빡했네요\n이 마법을 가르쳐 드릴게요{08}
S04:6:25	151	そうですか\nじゃあ　当分見れないのねぇ\n残念だわ{08}\n次の機会にはぜひ　お招き下さいね{08}\nああ　そうそう\nこの魔法で少しは楽になると\n思いますので　お使い下さい{08}	그래요\n그럼 당분간 못 보겠네요\n아쉬워요{08}\n다음 기회엔 꼭 초대해 주세요{08}\n아아 그렇지\n이 마법으로 조금은 편해질\n테니 쓰세요{08}
S04:6:26	23	レナはミナギリを覚えた{08}	레나는 미나기리를 익혔다{08}
S04:6:27	101	レナさんは　音感こそありませんが\n声だけは　すばらしいのですよ{08}\n自分を信じて\nひたすら練習してください{08}	레나 양은 음감은 없지만\n목소리만은 훌륭해요{08}\n자신을 믿고\n그저 연습하세요{08}
S04:6:28	48	まぁ　どうしたんです　エリーさん\nこんなになって{08}	어머 무슨 일이에요 엘리 양\n이렇게 돼서{08}
S04:6:29	23	あ　今までイアソ………{08}	아 방금까지 이아손………{08}
S04:6:30	163	こんなに砂にまみれて……\nあっ　エリーさん\nウガイはしましたか？{08}\nせっかくの声をつぶさないように\nもっと　気を付けなさいね{08}\nあっ　ちなみに\nレナさんは心配いりませんよ{08}	이렇게 모래투성이가 돼서……\n앗 엘리 양\n가글은 했어요?{08}\n모처럼의 목소리를 망치지 않게\n더 조심하세요{08}\n아 참고로\n레나 양은 걱정 없어요{08}
S04:6:31	67	………い　いたいわ\nそうねエリー　さっそく\nウガイしに　いきましょう{08}	………아 아파\n그래 엘리 당장\n가글하러 가자{08}
S04:6:32	97	エリーさん　楽器というのは\nほこりに弱いんです{08}\n着替えてくるまで　ここには\n立ち入らないでください{08}	엘리 양 악기라는 건\n먼지에 약해요{08}\n갈아입고 올 때까지 여기엔\n들어오지 마세요{08}
S04:6:33	26	ご　{0d}ごめんなさいっ………{08}	죄{0d} 죄송해요………{08}
S04:6:34	45	テ　{0d}{0d}{0d}テレイナ先生？\n一体どうしたんですか？{08}	테{0d}{0d}{0d} 테레이나 선생님?\n대체 왜 그러세요?{08}
S04:6:35	132	え？　………あっ！\nご　ごめんなさい　エリーさん{08}\nなんだか急にエリーさんが\nうらやましく思えて………\nわたくしも空を飛びたいのかしらね{08}	네? ………앗!\n미 미안해요 엘리 양{08}\n왠지 갑자기 엘리 양이\n부럽게 느껴져서………\n저도 하늘을 날고 싶은 걸까요{08}
S04:6:36	34	友達と　ハーモニーを\nかなでたいの{08}	친구랑 하모니를\n연주하고 싶어{08}
S04:6:37	30	あんまり\n話しかけないでくれる{08}	너무\n말 걸지 말아 줄래{08}
S04:6:38	21	ちょっとだけなら……{08}	조금만이라면……{08}
S04:6:39	44	なんで……　どーして？\nなにがいけないのよ～{08}	어째서…… 왜?\n뭐가 문제인데～{08}
S04:6:40	42	レ　レナ……　どーしたの？\n今の音　なに？{08}	레 레나…… 왜 그래?\n방금 소리 뭐야?{08}
S04:6:41	36	ううん　いいのよエリー\nいきましょう{08}	아니 괜찮아 엘리\n가자{08}
S04:6:42	44	え？　なにがいいの？\nレナ　わかんないよ……{08}	어? 뭐가 괜찮아?\n레나 모르겠어……{08}
S04:6:43	15	ラーラララー♪{08}	라～라라라～♪{08}
S04:6:44	17	ラーラーララー♪{08}	라～라～랄라～♪{08}
S04:7:0	75	エリーでかまわんから\nちょっと手伝ってくれんか\nなーに大丈夫　今回は安全じゃ{08}	엘리라도 괜찮으니\n좀 도와주지 않겠나\n뭐 괜찮다 이번엔 안전하다{08}
S04:7:1	17	いいですよ　先生{08}	좋아요 선생님{08}
S04:7:2	46	えーっ　ちょっと　エリー\nやめときなさいよー！{08}	에～ 잠깐 엘리\n그만둬～!{08}
S04:7:3	82	これはな　魔力計といって\nその名の通り　魔力を計るものだ\nどれ　エリー　{0d}やってみい{08}	이건 말이다 마력계라고\n이름 그대로 마력을 재는 거다\n어디 엘리 {0d}해 봐라{08}
S04:7:4	7	はーい{08}	네～{08}
S04:7:5	60	エ　{0d}エリー？\nケント先生の発明だってことを\n忘れちゃだめよ？{08}	엘{0d} 엘리?\n켄트 선생님 발명이라는 걸\n잊으면 안 돼?{08}
S04:7:6	16	……い　{0d}いかん{08}	……이{0d} 이런{08}
S04:7:7	79	なーんだ　これだけなんですね\n先生の発明にしては\n平凡すぎて　大したことないです{08}	뭐야 이게 다예요\n선생님 발명치고는\n너무 평범해서 별거 없네요{08}
S04:7:8	32	……{0d}{0d}{0d}じつにフユカイな言葉だな{08}	……{0d}{0d}{0d}참으로 불쾌한 말이구나{08}
S04:7:9	67	この程度だったら\nうちのセニアか　エリーを\nいつでも　お貸ししますよ{08}	이 정도라면\n우리 세니아나 엘리를\n언제든 빌려 드릴게요{08}
S04:7:10	91	おまえ……わしをなめとるな\nわしの研究室をたてかえる時には\nおまえをめいっぱい使ってやるわい{08}	너……날 얕보는구나\n내 연구실을 다시 지을 땐\n너를 실컷 부려 먹어 주마{08}
S04:7:11	55	！！！\n先生もダディス先生の研究所のこと\n知ってたのね！{08}	!!!\n선생님도 다디스 선생님 연구소\n일을 알고 계셨구나!{08}
S04:7:12	52	しばらく実験のネタがないわい\nおまえらなど用なしじゃ{08}	한동안 실험 거리가 없구나\n너희는 볼일 없다{08}
S04:7:13	107	なーんだ　ケント先生でも\nそういうことってあるんですね{08}\n毎日　失敗作にうちこんでるんだと\nばかり思ってました{08}	뭐야 켄트 선생님도\n그럴 때가 있군요{08}\n매일 실패작에 매달리는 줄\n알았어요{08}
S04:7:14	109	そうかそうか\nさて　実験をやる気にさせてくれた\nレナにお礼をしなくちゃなぁ{08}\nほれ　{0d}{0d}えんりょせずにこっちに来い{08}	그래그래\n자 실험할 의욕을 준\n레나한테 답례를 해야겠구나{08}\n자 {0d}{0d}사양 말고 이리 오너라{08}
S04:7:15	36	い　{0d}{0d}いえ\nえんりょしておきます！！{08}	아{0d}{0d} 아뇨\n사양할게요!!{08}
S04:7:16	82	なんだ……そうか{0d}{0d}{0d}\n大陸グルメツアーのチケットが\nあまっていたのだが　いらんのか…{08}	뭐냐……그런가{0d}{0d}{0d}\n대륙 미식 투어 티켓이\n남아 있었는데 필요 없느냐…{08}
S04:7:17	71	し　仕方ないですねー\nせっかくだからもらってあげますよ\nツアーのチケット{08}	어 어쩔 수 없네요～\n모처럼이니 받아 드릴게요\n투어 티켓{08}
S04:7:18	46	そうかそうか　よし！\nさっそく取り掛かろうかの{08}	그래그래 좋아!\n당장 시작해 볼까{08}
S04:7:19	11	何にです？{08}	뭘요?{08}
S04:7:20	73	実験に決まっとるじゃろ\nレナのやる気が失せんうちに\n早く準備を済ませんとな{08}	실험이 당연하지\n레나의 의욕이 사라지기 전에\n얼른 준비를 끝내야지{08}
S04:7:21	75	さっ　こんなムダな寄り道\nしてないで　さっさと\nイアソン先生の所にいきましょ{08}	자 이런 쓸데없이 샛길\n빠지지 말고 얼른\n이아손 선생님한테 가자{08}
S04:7:22	109	先生はどうしていかないんですか？{08}\nもしかしたら　すっごくおいしい\n料理を食べられるかも\nしれないじゃないですか{08}	선생님은 왜 안 가세요?{08}\n어쩌면 엄청 맛있는\n요리를 먹을 수 있을지도\n모르잖아요{08}
S04:7:23	120	わしはここのメシが一番だと\n思っておるからな{08}\nわざわざイェンを離れてまで\n大陸の料理を食べたいとは\nあまり　思わんのじゃよ{08}	나는 여기 밥이 제일이라고\n생각하거든{08}\n굳이 옌을 떠나서까지\n대륙 요리를 먹고 싶다고는\n별로 생각 안 한다{08}
S04:7:24	97	じゃあ　仕方ないわね{08}\n気は進まないけど　わたしたちが\n代わりにいってきてあげますよ\nチケット下さい{08}	그럼 어쩔 수 없네요{08}\n내키진 않지만 저희가\n대신 다녀와 드릴게요\n티켓 주세요{08}
S04:7:25	159	ん？　{0d}{0d}あぁ　あれか\nあれは　もうない{08}\nおまえがえんりょすると\nいったのでな\nもう他の生徒にあげてしまったぞ{08}\n人間は素直が一番じゃ！\nよかったな　大事な事が学べて{08}	응? {0d}{0d}아아 그거\n그건 이제 없다{08}\n네가 사양한다고\n했으니까\n벌써 다른 학생한테 줘 버렸다{08}\n사람은 솔직한 게 제일이다!\n잘됐구나 중요한 걸 배워서{08}
S04:7:26	19	残念だったね　レナ{08}	아쉽게 됐네 레나{08}
S04:7:27	99	違うわ！　最初っからくれる気が\nなかったのよ{08}\nううん　{0d}{0d}もしかしたら\nチケット自体なかったのかも……{08}	아니야! 처음부터 줄 생각이\n없었던 거야{08}\n아니 {0d}{0d}어쩌면\n티켓 자체가 없었을지도……{08}
S04:7:28	11	……………{08}	……………{08}
S04:7:29	56	まぁ　そういう細かいことは\nこの際　置いといてだな………{08}	뭐 그런 자잘한 건\n이참에 제쳐 두고……{08}
S04:7:30	13	置きません！{08}	안 제쳐 둬요!{08}
S04:7:31	54	あの……{0d}{0d}ぼくは話すのが\nあんまり得意じゃないんで……{08}	저기……{0d}{0d}저는 말하는 게\n별로 서툴러서……{08}
S04:7:32	29	ケント先生の実験を手伝ってよ{08}	켄트 선생님 실험 좀 도와줘{08}
S04:7:33	67	あんな先生の実験に\nつきあっていたら\n命がいくつあってもたりませんよ{08}	그런 선생님 실험에\n어울렸다간\n목숨이 몇 개라도 모자라요{08}
S04:7:34	67	ケント先生も\n実験をしたがるクセさえなければ\nいい先生なのですが……{08}	켄트 선생님도\n실험하고 싶어 하는 버릇만\n없으면 좋은 선생님인데……{08}
S04:7:35	115	レナ！　おまえがうるさいから\n魔力計があとかたもなく\n吹っ飛んでしまったではないか{08}\nあれは　いいデキだったんだがなぁ{08}	레나! 네가 시끄러워서\n마력계가 흔적도 없이\n날아가 버렸잖느냐{08}\n그건 잘 만든 거였는데{08}
S04:7:36	27	人のせいにしないでください{08}	남 탓 하지 마세요{08}
S04:7:37	83	だが　どこも間違っては\nいないみたいなんじゃがなぁ\nどーして　壊れてしまったんじゃろ{08}	그런데 어디도 틀린 데는\n없는 것 같은데\n왜 부서졌을까{08}
S04:7:38	60	造り手と同じでガタがきてたんじゃ\nないですか？　古いから……{08}	만든 사람처럼 삐걱댄 거\n아니에요? 낡아서……{08}
S04:7:39	31	レナ　材木運びに　けってーい！{08}	레나 목재 나르기로 결정～!{08}
S04:7:40	55	ちょ　ちょっとー\nか弱い乙女に\n何させようとしてんのよ！{08}	자 잠깐～\n연약한 소녀한테\n뭘 시키려는 거예요!{08}
S04:7:41	38	どーしたんじゃ　エリー\n疲れた顔をして{08}	왜 그러냐 엘리\n지친 얼굴을 하고{08}
S04:7:42	46	そんなにわしの魔力計の威力は\nすごかったのか？{08}	그렇게 내 마력계의 위력이\n대단했더냐?{08}
S04:7:43	63	なに　ずれたところで\nうぬぼれてんのよ\n威力が高くてどーすんのよ{08}	뭘 엉뚱한 데서\n우쭐대는 거예요\n위력이 세서 어쩌자고요{08}
S04:7:44	67	そんなにきつくあたらんでも\n老人は大切にすべきじゃよ\nごほっ　ごほ…{08}	그렇게 모질게 대하지 않아도\n노인은 소중히 해야지\n콜록 콜록…{08}
S04:7:45	73	都合がいい時だけ年寄り面する\n先生のような人がいるから\n接し方に困るんです{08}	편할 때만 노인 행세하는\n선생님 같은 분이 있어서\n대하기가 곤란해요{08}
S04:7:46	29	ほんとに　そー思っているか？{08}	정말 그렇게 생각하냐?{08}
S04:7:47	52	ええ　イアソン先生と合体魔法の\n修行をしてきたんです{08}	네 이아손 선생님이랑 합체\n마법 수련을 하고 왔어요{08}
S04:7:48	89	ほほぉ～　エリーは\nだいぶ頼りにされとるようだな{08}\nよし　レナ！\nわしがおまえを使ってやろう{08}	호오～ 엘리는\n꽤 믿음을 사고 있구나{08}\n좋아 레나!\n내가 너를 써 주마{08}
S04:7:49	65	え～　ケント先生と\nわたしでですか～\nそれで　どんな合体魔法を……{08}	에～ 켄트 선생님이랑\n저랑요～?\n그래서 어떤 합체 마법을……{08}
S04:7:50	71	合体？　何をいっとる\nわしは　おまえを実験で\n使ってやるといっとるんじゃ{08}	합체? 무슨 소리냐\n나는 너를 실험에\n써 주겠다고 한 거다{08}
S04:7:51	36	さっ　エリー\n早く帰って休みましょう{08}	자 엘리\n얼른 돌아가서 쉬자{08}
S04:7:52	59	まっ　何にしても\nだいぶ疲れとるようじゃから\n早く休みなさい{08}	뭐 어쨌든\n꽤 지친 것 같으니\n얼른 쉬거라{08}
S04:7:53	77	は　はーい{08}\n………なんか意外だわ\nこんなにわたしたちを\n気にかけてくれるなんて{08}	네 네～{08}\n………왠지 의외야\n이렇게 우리를\n신경 써 주다니{08}
S04:7:54	77	………とりあえず\n元気でいてもらわんと{08}\nいざという時に\n使い物にならんからなぁ{08}	………일단\n건강해야{08}\n여차할 때\n써먹을 수 있으니까{08}
S04:7:55	27	？？　何かいいましたか？？{08}	?? 뭐라고 하셨어요??{08}
S04:7:56	28	いやいや\nなにもいっとらんよ{08}	아니아니\n아무 말도 안 했다{08}
S04:7:57	29	ま　魔力…計って……その……{08}	마 마력…계라니……그……{08}
S04:7:58	119	君らも巻き込まれたのかい？{08}\nまっ　失敗の中から生まれる\n成功の方が　より\n素晴らしいんだから{08}\n少しくらい　がまんしようよ{08}	너희도 휘말린 거야？{08}\n뭐 실패 속에서 태어나는\n성공이 더\n훌륭한 법이니까{08}\n조금만 참자고{08}
S04:8:0	50	君たちは大物だよ……\nとても　ぼくには真似できない{08}	너희는 거물이야……\n나는 도저히 흉내 못 내{08}
S04:8:1	33	じゃあ　先生も喜んでくださいよ～{08}	그럼 선생님도 기뻐해 주세요～{08}
S04:8:2	27	レナさん　{0d}{0d}君って子は……{08}	레나 양 {0d}{0d}너란 애는……{08}
S04:8:3	47	………{0d}{0d}{0d}先生\nさっきのはカンゲイの花火ですか？{08}	………{0d}{0d}{0d}선생님\n아까 그건 환영 불꽃이에요?{08}
S04:8:4	55	……{0d}{0d}いやぁ\nレナさんが建物を\nこわした音じゃないかなー{08}	……{0d}{0d}아니\n레나 양이 건물을\n부순 소리 아닐까～{08}
S04:8:5	68	へーっ　{0d}ブルーン先生って\nけっこう　おもしろいこと\nいえるんですね～{08}	헤에 {0d}브룬 선생님도\n꽤 재밌는 말을\n하시네요～{08}
S04:8:6	39	……ご　{0d}ごめんよ\nぼくが全部　悪かった{08}	……미{0d} 미안해\n내가 다 잘못했어{08}
S04:8:7	59	ブルーン先生\n今日は　どんな失敗を\n見せてくれるんですか～？{08}	브룬 선생님\n오늘은 어떤 실패를\n보여 주실 거예요～?{08}
S04:8:8	109	今は　全く危険性のない\n実験をしているんだ{08}\nぼくが今までに一度も失敗してない\n大得意の調合だから　失敗なんて…{08}	지금은 전혀 위험성 없는\n실험을 하고 있어{08}\n지금껏 한 번도 실패 안 한\n특기 조합이라 실패 같은 건…{08}
S04:8:9	37	せ　{0d}先生\nわたしのせいじゃないですよ{08}	선{0d} 선생님\n제 탓 아니에요{08}
S04:8:10	7	レナ～{08}	레나～{08}
S04:8:11	55	とりあえず………\nレナさんは\n近寄らないでくれるかい……{08}	일단은………\n레나 양은\n가까이 오지 말아 줄래……{08}
S04:8:12	67	何度もいうようだが……\n失敗するのは\nレナさんが来たときばかりなんだ{08}	몇 번이나 말하지만……\n실패하는 건\n레나 양이 왔을 때뿐이야{08}
S04:8:13	27	ブルーン先生　{0d}{0d}信じますっ{08}	브룬 선생님 {0d}{0d}믿을게요{08}
S04:8:14	28	ちょ　{0d}ちょっと　エリー！？{08}	자{0d} 잠깐 엘리!?{08}
S04:8:15	67	調合のしすぎで部屋中に\n薬品の残り香が………\n君たちは感じないかい？{08}	조합을 너무 해서 방 안에\n약품 냄새가 남아서………\n너희는 못 느끼니?{08}
S04:8:16	65	ブルーン先生は最近　ある先生と\n非常に仲がいい\nこれ以上はいえん！{08}	브룬 선생님은 요즘 어떤\n선생님과 아주 사이가 좋다\n더는 말 못 한다!{08}
S04:8:17	46	……あなたたち　来ないで\n嫌なニオイがするもの{08}	……너희 오지 마\n싫은 냄새가 나{08}
S04:8:18	101	先生だって失敗はするわ{08}\n誰だって　そうやって失敗の中に\n次回への可能性を見い出して\n生きていくんだもの{08}	선생님도 실패는 해{08}\n누구나 그렇게 실패 속에서\n다음 가능성을 찾아내며\n살아가는 거니까{08}
S04:8:19	168	………{0d}{0d}はぁ　{0d}{0d}{0d}こういうのを\n不幸っていうのかな\nあ！　そうだレナさん{08}\n爆発する植物を作り出す\nこの魔法を教えてあげるよ{08}\nでも　注意して使うんだよ\n結構　威力があるからね{08}	………{0d}{0d}하아 {0d}{0d}{0d}이런 걸\n불행이라고 하는 걸까\n아! 그렇지 레나 양{08}\n폭발하는 식물을 만들어 내는\n이 마법을 가르쳐 줄게{08}\n하지만 조심해서 쓰렴\n꽤 위력이 있거든{08}
S04:8:20	155	ああ　そうだ！\n実験中に偶然できたんだけれど……{0d}{0d}{0d}{0d}\nちょっと危険なこの植物生成の魔法{08}\nレナさんなら使えると思うから\n教えてあげるよ\nでも　注意して使うんだよ{08}	아아 그렇지!\n실험 중에 우연히 생겼는데……{0d}{0d}{0d}{0d}\n좀 위험한 이 식물 생성 마법{08}\n레나 양이라면 쓸 수 있을\n테니 가르쳐 줄게\n하지만 조심해서 쓰렴{08}
S04:8:21	27	レナはパチパチボムを覚えた{08}	레나는 파치파치 봄을 익혔다{08}
S04:8:22	103	エリーさん　どうしたんだい？\nまさか　また落ちたの？{08}\n薬はもうないから\n調合に時間がかかっちゃうけど……{08}	엘리 양 무슨 일이니?\n설마 또 떨어졌어?{08}\n약은 이제 없어서\n조합에 시간이 걸리는데……{08}
S04:8:23	71	い　いえ　そうじゃないんです\nイアソン先生と合体魔法の\n修行をして………{08}	아 아뇨 그게 아니라\n이아손 선생님이랑 합체 마법\n수련을 해서………{08}
S04:8:24	120	へぇー　すごいじゃない！\nもうそんな事を始めてるんだ{08}\nウカウカしてると　ぼくなんか\nあっという間に\n追い抜かれちゃうかもね{08}	오～ 대단한데!\n벌써 그런 걸 시작했구나{08}\n방심하다간 나 같은 건\n눈 깜짝할 새에\n추월당할지도 모르겠다{08}
S04:8:25	44	そ　そんな\nまだまだですよ　わたしたちなんか{08}	그 그런\n아직 멀었어요 저희는{08}
S04:8:26	46	そう？　もうすぐじゃない？\nブルーン先生くらい{08}	그래? 곧 아닐까?\n브룬 선생님 정도는{08}
S04:8:27	11	レ　レナ～{08}	레 레나～{08}
S04:8:28	46	ははは……　はっきりいうねぇ\nレナさんは………{08}	하하하…… 딱 잘라 말하네\n레나 양은………{08}
S04:8:29	15	すいません……{08}	죄송해요……{08}
S04:8:30	13	合体魔法かぁ{08}	합체 마법이라{08}
S04:8:31	44	ブルーン先生！\n合体魔法の事　教えて下さい！{08}	브룬 선생님! 합체\n마법에 대해 가르쳐 주세요!{08}
S04:8:32	114	いや～　ぼくよりも学園長に\n聞いたほうが詳しく\n教えてくれると思うよ{08}\n合体魔法を担当しているのは\n学園長自身だからね{08}	아니～ 나보다 학원장님께\n묻는 게 더 자세히\n가르쳐 주실 거야{08}\n합체 마법 담당은\n학원장님 본인이시거든{08}
S04:8:33	48	ふーん　つまり先生は\nなんにも知らないわけですね{08}	흐응 그러니까 선생님은\n아무것도 모르시는 거네요{08}
S04:8:34	46	なんにも……というわけでは\nないんだけれど……{08}	아무것도……라는 건\n아니지만……{08}
S04:8:35	81	近ごろ　この教室には合わない\nいい香が残っているんだ\nこれは確か　寮かどこかで……{08}	요즘 이 교실에 안 어울리는\n좋은 향기가 남아 있어 이건\n분명 기숙사 어딘가에서……{08}
S04:8:36	89	ごめんなさい……{08}\nこの間の嫌なニオイ　先生の実験が\n原因だったの\n本当にごめんなさい………{08}	미안해요……{08}\n요전의 싫은 냄새 선생님\n실험이 원인이었어\n정말 미안해요………{08}
S04:8:37	60	ううん　気にしないでください\n充分　誠意は受け取りましたから{08}	아뇨 신경 쓰지 마세요\n성의는 충분히 받았으니까요{08}
S04:8:38	132	ありがとう\nずっと気になっていたの{08}\nは～　思い切って　話して\nよかったー{08}\nあのままだったら　どんどん\n落ち込んでしまう所だったもの……{08}	고마워\n계속 마음에 걸렸었어{08}\n휴～ 큰맘 먹고 말하길\n잘했다～{08}\n그대로였으면 점점\n우울해질 뻔했으니까……{08}
S04:9:0	33	……家は建てかえたばかりだからな{08}	……집은 막 새로 지었으니까{08}
S04:9:1	101	だいぶ疲れているようだね\n早く　休んだほうがいいよ{08}\n疲れを次の日に持ちこすのは\nとっても損な事だからね{08}	꽤 지친 것 같구나\n얼른 쉬는 게 좋아{08}\n피로를 다음 날로 넘기는 건\n아주 손해니까{08}
S04:9:2	38	イェン初の\n女性の学園長ってのもいいな{08}	옌 최초의\n여성 학원장이라는 것도 좋겠다{08}
S04:9:3	60	ものすごい音を聞いたけれど\nいったいあれはなんだったの……？{08}	엄청난 소리를 들었는데\n대체 그건 뭐였을까……?{08}
S04:9:4	30	まぁ……………{0d}{0d}{0d}………………{08}	어머……………{0d}{0d}{0d}………………{08}
S04:9:5	87	わたしに子供ができたら\n魔法学園に入学させようと思います\nここはすばらしいところですから{08}	저한테 아이가 생기면\n마법학원에 입학시키려고요\n여긴 멋진 곳이니까요{08}
S04:9:6	57	くすくすくす\nあー　もう　{0d}{0d}おっかしいわね\n笑うしかないわ{08}	쿡쿡쿡\n아～ 정말 {0d}{0d}웃기다\n웃을 수밖에 없네{08}
S04:9:7	125	くすくすくす\nやわらかさとあたたかさ\nそして　ほがらかさ{08}\nこれらを微妙なバランスで\n絡み合わせた微笑みこそが\n最高の笑顔なのです{08}	쿡쿡쿡\n부드러움과 따스함\n그리고 명랑함{08}\n이것들을 미묘한 균형으로\n얽은 미소야말로\n최고의 웃는 얼굴이랍니다{08}
S04:9:8	61	くすくすくす\n今度はあのイアソン先生と\n修行してるんですって？{08}	킥킥킥\n이번엔 그 이아손 선생님이랑\n수행한다며？{08}
S04:10:0	42	どうか　わたしの店だけは\n助けてくださいね{08}	부디 우리 가게만은\n살려 주세요{08}
S04:10:1	221	自分の状態を見つめ\n目標を正しい目で見つめ\nそして　物事を考える{08}\n最後まで落ち着いて行動できる方が\n被害を少なく　成果をより大きく\nすることができる{08}\nだが！　人間　アツクなる時も\n必要だという事を　常に\n頭に入れておくべきだよ{08}	자기 상태를 바라보고\n목표를 바른 눈으로 보고\n그리고 생각한다{08}\n끝까지 침착하게 행동하는\n사람이 피해를 줄이고 성과를\n더 크게 할 수 있다{08}\n하지만! 인간은 뜨거워질 때도\n필요하다는 걸 늘\n머리에 넣어 둬야 해{08}
S04:10:2	71	ここを卒業した生徒たちは\nそれぞれの故郷で英雄として\nむかえられているよ{08}	여길 졸업한 학생들은\n저마다 고향에서 영웅으로\n맞아들여진다네{08}
S04:10:3	79	いやー　オレ　驚いたよ\n昔　建物を壊した　先生は\nいたかもしれないが　生徒はなぁ{08}	야～ 나 놀랐어\n옛날에 건물 부순 선생님은\n있었을지 몰라도 학생은 말이야{08}
S04:10:4	148	魔法{08}\nこれほど不思議な力は　世界中の\nどこを探してもないだろう{08}\n人はなぜ　それほどまでに\n大きな力を欲しがるのだろう\n君らはその力で　何を成すのだろう{08}	마법{08}\n이만큼 신비한 힘은 온 세상\n어디를 찾아도 없을 거다{08}\n사람은 왜 그렇게까지\n큰 힘을 원하는 걸까\n너희는 그 힘으로 뭘 이룰까{08}
S04:10:5	65	イェンが　いつからルナの海を\n移動しているのか……{0d}{0d}\nオレも知らん{08}	옌이 언제부터 루나의 바다를\n이동하고 있는지……{0d}{0d}\n나도 모른다{08}
S04:10:6	175	あの時　いい出せなかったからか…\nそれとも　あの日こっそり………\nご　ごほんっ！{08}\n若き日の過ちは　時を越えて\nおのれの呪縛となる\n君らはどうだい？{08}\n自分の信じる道をいってるかい？{08}	그때 말을 못 꺼내서였나…\n아니면 그날 몰래………\n크 크흠!{08}\n젊은 날의 실수는 시간을 넘어\n자신을 옭아맨다\n너희는 어떠냐?{08}\n자기가 믿는 길을 가고 있냐?{08}
S04:10:7	54	イアソン先生と君たちか……\nあまりいい絵にはならないね{08}	이아손 선생님과 너희라……\n별로 그림이 안 되는구나{08}
S04:10:8	79	いいなぁ　君たちは食うために\n働く必要がなくて……\nちゃんと学園生活を楽しみなよ{08}	좋겠다 너희는 먹고살려고\n일할 필요가 없어서……\n학원 생활 제대로 즐겨라{08}
S04:10:9	46	わたし　下着のデザインにも\n興味あるんだけど～{08}	나 속옷 디자인에도\n관심 있는데～{08}
S04:10:10	99	んまっ！{08}\nいいわ～　いいわよ　それっ\nねぇ　ねぇ　どこのデザイン？\nきゃー曖　しびれちゃうぅうぅう！{08}	어머!{08}\n좋아～ 좋아 그거\n있잖아 있잖아 어디 디자인?\n꺄～♥ 짜릿해애애애!{08}
S04:10:11	57	あなたたちには\n大人になったら\nモデルをしてもらおうかしら{08}	너희는\n어른이 되면\n모델을 시켜 볼까{08}
S04:10:12	99	ほんとにぃ～曖{08}\n………デザイナーさんが使うという\nくらいだから　わたしもなかなか\nイケてるじゃない曖{08}	정말요～♥{08}\n………디자이너가 쓴다고 할\n정도니까 나도 꽤\n괜찮은 거잖아♥{08}
S04:10:13	58	な～んて　ギャグいってても\nいいデザインは浮かばないわねぇ{08}	……라고 개그나 하고 있어선\n좋은 디자인이 안 떠오르네{08}
S04:10:14	34	結局…………\nはかなく消えるのね～{08}	결국…………\n덧없이 사라지는구나～{08}
S04:11:0	73	わたし　おじょうさまって\n呼ばれるの　もうヤなの\nだから　逃げてきちゃった{08}	나 아가씨라고\n불리는 거 이제 싫어\n그래서 도망쳐 왔어{08}
S04:11:1	46	あーあ　こうしたまま\nずいぶんたっちゃったわね{08}	아～아 이러고 있는 채로\n꽤 시간이 흘렀네{08}
S04:11:2	29	なにか面白いこと　ないかな～{08}	뭐 재밌는 일 없나～{08}
S04:11:3	59	あっはっは\nあんたらは最高だわ\nあたしの目にくるいはなかった{08}	아하하\n너희는 최고야\n내 눈이 틀리지 않았어{08}
S04:11:4	40	ふふ　今度はなにを\n見せてくれるのかな？{08}	후후 이번엔 뭘\n보여 주려나?{08}
S04:11:5	123	おっ！　今日あたり\n何かありそうだね{08}\nそういうのに　巻き込まれそうな\n顔してるよ　今日のあんたら{08}\nはっはっは！　期待してるよ{08}	오！ 오늘쯤\n무슨 일이 있을 것 같은데{08}\n그런 데 휘말릴 것 같은\n얼굴이야 오늘 너희{08}\n하하하！ 기대할게{08}
S04:12:0	6	ダミー	더미
S04:12:1	6	ダミー	더미
S04:13:0	6	ダミー	더미
S04:13:1	6	ダミー	더미
S04:14:0	62	ダディス先生の研究所がくずれた？\n面白いことする子がいるわねぇ{08}	다디스 선생님 연구소가 붕괴?\n재밌는 짓을 하는 애가 있네{08}
S04:14:1	138	魔法っていろんな種類があるのよ\nその中のひとつに合体魔法って\nいうのがあって！！{08}\nあの時　あの人が使ってた合体魔法\nもう一度　見てみたいわぁ{08}	마법엔 여러 종류가 있어\n그중 하나로 합체 마법이란\n게 있는데!!{08}\n그때 그 사람이 쓰던 합체\n마법 한 번 더 보고 싶다～{08}
S04:14:2	61	イェンの移動が\nこんなにスムーズなのも\n魔法の力のおかげなのよ{08}	옌이 이렇게 매끄럽게\n움직이는 것도\n마법의 힘 덕분이야{08}
S04:14:3	75	ダディス先生の研究所が\n３人組みのモンスターに\nおそわれたって！？　大変だ～{08}	다디스 선생님 연구소가\n３인조 몬스터한테\n습격당했다고!? 큰일이다～{08}
S04:14:4	117	詳しく知りたい事があるなら\n先生に聞くか　本で調べるんだ{08}\nじっくりと時間をかけて調べられる\n本なんかは結構いいと思うよ{08}	자세히 알고 싶은 게 있으면\n선생님께 묻거나 책을 찾아봐{08}\n천천히 시간 들여 찾을 수\n있는 책은 꽤 괜찮은 것 같아{08}
S04:14:5	38	取れる魚の種類じゃ\nイェンが一番だねっ{08}	잡히는 물고기 종류로는\n옌이 최고지{08}
S04:16:0	61	ほっほっほっ\n聞いたぞ聞いたぞ\n研究所をはでに破壊したそうだの{08}	허허허\n들었네 들었어\n연구소를 요란하게 부쉈다지{08}
S04:16:1	65	おじいちゃん……\n今日　それをいうのは\nやめておいた方がいいと思う{08}	할아버지……\n오늘 그 얘기는\n안 하는 게 좋을 거예요{08}
S04:16:2	9	…………{08}	…………{08}
S04:16:3	13	は……{0d}{0d}うっ{08}	허……{0d}{0d}윽{08}
S04:16:4	58	だ　{0d}{0d}だが　ダディス先生のテストは\nうまくいったんじゃろ？{08}	그{0d}{0d} 그래도 다디스 선생의\n시험은 잘됐겠지?{08}
S04:16:5	59	えーとね\nその最中にダディス先生の研究所が\nこわれたんだ……{08}	음 그게\n그 도중에 다디스 선생님\n연구소가 부서졌어요……{08}
S04:16:6	38	で　{0d}{0d}でも\nわたしのせいじゃないからね{08}	그{0d}{0d} 그래도\n제 탓 아니거든요{08}
S04:16:7	52	えーい　そう思うなら\nわしにやつあたりするでないっ！{08}	에잇 그렇게 생각한다면\n나한테 화풀이하지 말게!{08}
S04:16:8	24	へへーっ\nごめんなさ～い{08}	헤헤～\n죄송해요～{08}
S04:16:9	89	どうしたエリー\nだいぶ疲れとるようじゃぞ{08}\n若いからといって\n体力の限界まで遊ばんでも………{08}	왜 그러나 엘리\n꽤 지쳐 보이는구먼{08}\n젊다고 해서 체력\n한계까지 놀지 않아도………{08}
S04:16:10	83	いえ　違うんです\nイアソン先生と合体魔法の修行して\nそれで　ちょっとだけ疲れちゃって{08}	아뇨 그게 아니라\n이아손 선생님이랑 합체 마법\n수련을 해서 조금 지쳤어요{08}
S04:16:11	106	合体魔法の修行じゃと？\nおまえたちには　まだ\n早いんじゃないかの～{08}\nエリー　辛かったら\nちゃんと　いうのだぞ{08}	합체 마법 수련이라고?\n자네들한텐 아직\n이르지 않나～{08}\n엘리 힘들면\n꼭 말하게{08}
S04:16:12	148	はい！　でも　まだ大丈夫です{08}\nところで　グレンおじいちゃんは\n合体魔法の事　どれくらい\n知っているんですか？{08}\nわたしたち\nまだ　よくわからなくて………{08}	네! 그래도 아직 괜찮아요{08}\n그런데 글렌 할아버지는\n합체 마법에 대해 얼마나\n알고 계세요?{08}\n저희는\n아직 잘 몰라서………{08}
S04:16:13	75	うーむ　今のおまえさん達に話して\nどこまで　理解できるか………\nうーん………{08}	으음 지금 자네들한테 말해서\n어디까지 이해할지………\n으음………{08}
S04:16:14	44	そうじゃ！　スティルに\n聞いてみてはどうじゃ{08}	그렇지! 스틸에게\n물어보는 건 어떤가{08}
S04:16:15	19	もう　いきました～{08}	벌써 갔다 왔어요～{08}
S04:16:16	82	ホッ！\nそうか\n相変わらず行動が早いのう{08}\nんー　スティルの説明で\nわからんかったか？{08}	호!\n그런가\n여전히 행동이 빠르구먼{08}\n음 스틸의 설명으론\n이해가 안 됐나?{08}
S04:16:17	79	ううん……　なんとなくは\n判ったんだけれど　なんか……\nイメージがわかなくて……{08}	아뇨…… 대충은\n알겠는데 뭔가……\n감이 안 와요……{08}
S04:16:18	91	ほっほっほ\nな～に　心配することはない{08}\n後は時に任せ　その日が来るまでは\nじっとがまんじゃよ{08}	허허허\n뭐 걱정할 것 없네{08}\n나머진 시간에 맡기고 그날까진\n꾹 참는 걸세{08}
S04:16:19	52	そうじゃ！　おまえたち\n学園長に説明してもらいなさい{08}	그렇지! 자네들\n학원장에게 설명을 들어 보게{08}
S04:16:20	19	スティル学園長に？{08}	스틸 학원장님께요?{08}
S04:16:21	135	教えてくれるかしら？\nあんな事したばかりだし{08}{0c}君たち！　合体魔法なんか覚えて\n何をしでかすつもりだっ！{08}\nって　いわれるのがオチだと思うわ{08}	가르쳐 줄까?\n그런 일을 저지른 직후인데{08}{0c}너희! 합체 마법 따위 배워서\n무슨 짓을 저지를 셈이냐!{08}\n……라고 할 게 뻔해{08}
S04:16:22	144	そんなに気に病む事はないと思うぞ\nここは魔法学園！{08}\n学びたいという生徒を追い返す\nなんてことは　絶対にないはずじゃ\nそう　心配せずにいってきなさい{08}	그렇게 마음 쓸 건 없을 걸세\n여긴 마법학원!{08}\n배우고 싶다는 학생을\n돌려보내는 일은 절대 없을\n거야 걱정 말고 다녀오게{08}
S04:16:23	33	はい！　おじいちゃん　ありがとう{08}	네! 할아버지 고마워요{08}
S04:16:24	93	それもそうね　いざとなったら\nグレンおじいちゃんの名前を出せば\n学園長なんかどうにでもできるわ{08}	그것도 그렇네 여차하면\n글렌 할아버지 이름을 대면\n학원장님쯤이야 문제없어{08}
S04:16:25	52	……………{08}\nあまり　いじめるでないぞ\nほんとに………{08}	……………{08}\n너무 괴롭히지 말게\n정말로………{08}
S04:16:26	115	おまえたちの　その積極性があれば\n合体魔法のひとつやふたつ\nそのうち簡単に見つかるじゃろう{08}\nそう　心配せずともよいぞ{08}	자네들의 그 적극성이라면\n합체 마법 한두 개쯤\n머지않아 쉽게 찾을 걸세{08}\n그리 걱정 안 해도 되네{08}
S04:16:27	31	うん！　修行　がんばってくるね{08}	응! 수련 열심히 할게요{08}
S04:16:28	62	なに　ウロチョロしとるんじゃ\n早く知りたいんじゃなかったのか？{08}	뭘 알짱거리나\n빨리 알고 싶지 않았나?{08}
S04:16:29	29	そうなんですけど　レナが……{08}	그런데요 레나가……{08}
S04:16:30	103	だって勉強　嫌いなんだもんっ\nエリー　一人でいってきてよ{08}\nわたしは　ここでおじいちゃんの\n介抱しとくから{08}	그치만 공부 싫단 말이야\n엘리 혼자 다녀와{08}\n나는 여기서 할아버지\n간호하고 있을게{08}
S04:16:31	44	なんで　わしが介抱されなきゃ\nならんのだ……{08}	왜 내가 간호를\n받아야 하나……{08}
S04:16:32	25	どうじゃ　いってきたか？{08}	어떤가 다녀왔나?{08}
S04:16:33	104	うん……\n今のわたしたちじゃあ　合体魔法\n覚えられないって………{08}\nわたし\nそんなに勉強してなかったから……{08}	응……\n지금 우리로는 합체 마법을\n못 익힌대요………{08}\n저\n공부를 별로 안 해서……{08}
S04:16:34	209	そ　そんなことないぞ　エリー\n合体魔法は　かなり難しいんじゃ{08}\nだから　本当はもっと進級してから\n習うようにしてある{08}\nエリーたちは　イェンに来て\nまだそんなにたっとらんじゃろ{08}\nな～に　そのうち\n使えるようになるわい{08}	그 그렇지 않네 엘리\n합체 마법은 꽤 어렵다네{08}\n그래서 원래는 더 진급하고\n나서 배우게 돼 있지{08}\n엘리네는 옌에 와서\n아직 얼마 안 됐잖나{08}\n뭐 머지않아\n쓸 수 있게 될 걸세{08}
S04:16:35	9	うん……{08}	응……{08}
S04:16:36	62	ど　{0d}どうしたのだ　レナ\n顔がほころんでおるぞ\nこんどはなんじゃ{08}	왜{0d} 왜 그러나 레나\n얼굴이 풀어졌구먼\n이번엔 또 뭔가{08}
S04:16:37	59	えーっ\nたまにはおじいちゃんの前で\nいい顔しようと思ってぇ曖{08}	에～\n가끔은 할아버지 앞에서\n착한 얼굴 좀 하려고요♥{08}
S04:16:38	27	言葉の使い方がちがうと思う{08}	말 쓰임이 틀린 것 같은데{08}
S04:16:39	58	まったく　こんなところまできて\nなにをやっとるんじゃか……{08}	정말 이런 데까지 와서\n뭘 하는 건지……{08}
S04:16:40	71	なによ　そのいい方\nせっかくおじいちゃんの話し相手に\nなろうとしたのに！{08}	뭐예요 그 말투\n모처럼 할아버지 말벗이\n돼 주려고 했는데!{08}
S04:16:41	60	イアソン先生が待ってるよ～\nおじいちゃんだって忙しいと思うし{08}	이아손 선생님이 기다리셔～\n할아버지도 바쁘실 거고{08}
S04:16:42	44	……今日は　エリーにめんじて\nゆるしてあげる{08}	……오늘은 엘리를 봐서\n용서해 줄게요{08}
S04:16:43	51	ど　{0d}どうして　レナから\nゆるされねばならんのじゃ？{08}	어 {0d}어째서 레나한테\n용서를 받아야 하는 겐가？{08}
S04:17:0	61	町であばれてた\n３人組のモンスターを倒したのは\nオレなんだぜっ{08}	마을에서 날뛰던\n３인조 몬스터를 쓰러뜨린 건\n나라고{08}
S04:17:1	56	オレは　学園長と合体魔法の\n研究をしていたことがあるのさ{08}	나는 학원장님이랑 합체 마법\n연구를 한 적이 있지{08}
S04:17:2	60	イアソン先生に剣を教えたのは\n何をかくそう　このオレなのさっ{08}	이아손 선생에게 검을\n가르친 건 다름 아닌 나라고{08}
S04:18:0	6	ダミー	더미
S04:18:1	6	ダミー	더미
S04:19:0	17	ちょこざいなッ！{08}	건방진 것!{08}
S04:19:1	61	あーあ　負けちゃった……\nあいつ　バカながら\nなかなかやるわね{08}	아～아 졌다……\n저 녀석 바보지만\n꽤 하네{08}
S04:19:2	21	でも　倒れちゃったよ{08}	그래도 쓰러졌어{08}
S04:19:3	59	まっ　自業自得じゃない\nそれにさ……{0d}{0d}\nいい？　見てなさいよ{08}	뭐 자업자득이지\n그리고……{0d}{0d}\n알겠어? 잘 봐{08}
S04:19:4	25	なっ　{0d}{0d}情けはいらん！！{08}	동{0d}{0d} 동정은 필요 없다!!{08}
S04:19:5	113	ねーっ？\nどうせ男がなんだとかいうんだから\n魔法がもったいないって{08}{0c}まったく　なによ{0d}\nいらない情けなら返しなさいよ{08}	거봐?\n어차피 사나이가 어쩌고 할\n거니까 마법이 아깝다니까{08}{0c}정말 뭐야{0d}\n필요 없는 동정이면 돌려줘{08}
S04:19:6	9	…………{08}	…………{08}
S04:19:7	26	あっ！　{0d}やっぱり倒れてる{08}	앗! {0d}역시 쓰러져 있어{08}
S04:19:8	29	それって　どういう意味……？{08}	그게 무슨 뜻……?{08}
S04:19:9	42	えーとねっ\nたんに回復魔法を手抜きしただけ{08}	음 그러니까 그냥\n회복 마법을 대충 했을 뿐{08}
S04:19:10	64	…………{0d}{0d}{0d}レナさ\nいつか　まとめて\n自分に返ってくると思うよ……{08}	…………{0d}{0d}{0d}레나\n언젠가 한꺼번에\n너한테 돌아올 것 같아……{08}
S04:19:11	99	わ　{0d}{0d}わかったわよ　エリー\nさっきの分まで\n回復してあげればいいんでしょ{08}\nもう世話がやけるんだから～{08}	알{0d}{0d} 알았어 엘리\n아까 몫까지\n회복해 주면 되는 거지{08}\n정말 손이 많이 간다니까～{08}
S04:19:12	87	オ　{0d}{0d}オレにかまうなといったはず！\nオレは今　おまえらの敵なんだ\n情けをかけてどうする！{08}	나{0d}{0d} 나한테 신경 끄라고 했다!\n나는 지금 너희의 적이다\n동정해서 어쩌자는 거냐!{08}
S04:19:13	73	でも　ここから脱出する方が\n先じゃないかな\nブレード一人じゃ　大変でしょ？{08}	그래도 여기서 탈출하는 게\n먼저 아닐까\n블레이드 혼자선 힘들잖아?{08}
S04:19:14	38	説得してもムダよ　ムダ\n頭悪いんだから{08}	설득해도 소용없어 소용없어\n머리가 나쁘니까{08}
S04:19:15	38	でも　わたしたちだって\n苦しいんだよ？{08}	그래도 우리도\n힘들잖아?{08}
S04:19:16	40	でも　あいつほどじゃないし\n大丈夫だって{08}	그래도 저 녀석만큼은 아니니까\n괜찮아{08}
S04:19:17	23	そういう問題なの……？{08}	그런 문제야……?{08}
S04:19:18	71	………カッコ悪いわねぇ\nこんどこそ　ご希望どおり\n見捨ててあげましょうか{08}	………꼴사납네\n이번에야말로 소원대로\n버려 줄까{08}
S04:19:19	65	お願いだよ　レナ！\nそんなこといわないで\nブレードを回復してあげて{08}	부탁이야 레나!\n그런 말 하지 말고\n블레이드를 회복시켜 줘{08}
S04:19:20	72	えーっ！！{0d}\n……{0d}{0d}エリーの頼みならいいけど……\nもう　最後の１回だからね{08}	에～!!{0d}\n……{0d}{0d}엘리 부탁이면 괜찮지만……\n정말 마지막 １번이야{08}
S04:19:21	34	な　{0d}何度　いったらわかるんだ！！{08}	몇{0d} 몇 번 말해야 알아듣냐!!{08}
S04:19:22	101	あんたこそ何度倒れたらわかるのよ{08}\n感謝しなさい　\nエリーがいなかったら\nわたしは　とっくに見捨ててたわ{08}	몇 번 쓰러져야 알겠어?{08}\n고마워해\n엘리가 없었으면\n나는 진작 버렸어{08}
S04:19:23	62	オレに生き恥を　さらさせたいのか\n女なんかに助けられるとは……{08}	나한테 창피를 주고 싶은 거냐\n여자한테 도움을 받다니……{08}
S04:19:24	167	ブレード　べつに女の子に\n助けられたからって\n恥ずかしがることないと思うよ{08}\n人を助けるのに男も女も\n関係ないと思う{08}\nそれに　わたしたちが他の人に\nいわなければいいんでしょ{08}	블레이드 딱히 여자애한테\n도움받았다고 해서\n부끄러워할 건 없다고 봐{08}\n사람을 돕는 데 남자 여자\n상관없다고 생각해{08}\n게다가 우리가 다른 사람한테\n말 안 하면 되잖아{08}
S04:19:25	73	そ　{0d}{0d}そういう問題じゃない！！\nエリー…\nお……{0d}{0d}　女には　わからんことだ{08}	그{0d}{0d} 그런 문제가 아니다!!\n엘리…\n여……{0d}{0d} 여자는 모르는 거다{08}
S04:19:26	111	じゃあ　こうすればいいんでしょ！{08}{0c}あんたを助けたりしないから\nその代わりに　あんたは\nわたしたちを手伝う　どう？{08}	그럼 이러면 되겠네!{08}{0c}너를 돕지 않을 테니\n그 대신 너는\n우리를 돕는 거야 어때?{08}
S04:19:27	34	い　{0d}{0d}いってること\n無茶苦茶だよ？{08}	무{0d}{0d} 무슨 말이야\n엉망진창이잖아?{08}
S04:19:28	32	バ　{0d}{0d}{0d}バカにされていたのか……{08}	바{0d}{0d}{0d} 바보 취급당한 건가……{08}
S04:19:29	95	ブレード！{08}\nこの勝負は　いつかつけようよ\n今回は　お互いの能力を\n確認しあえばいいじゃない　ね？{08}	블레이드!{08}\n이 승부는 언젠가 내자\n이번엔 서로의 능력을\n확인하면 되잖아 응?{08}
S04:19:30	61	わかった\nそういうことなら仕方ない\nだが　お互い敵同士だからな{08}	알았다\n그런 거라면 어쩔 수 없지\n하지만 서로 적이다{08}
S04:19:31	21	ありがとう　ブレード{08}	고마워 블레이드{08}
S04:19:32	55	男って　ほんっと\n手がかかるんだから\n………こいつだけか{08}	남자는 정말\n손이 많이 간다니까\n………얘만 그런가{08}
S04:19:33	53	な　{0d}なによ　コレ！\n汗くさいし　気持ち悪いじゃない！{08}	뭐{0d} 뭐야 이거!\n땀내 나고 징그럽잖아!{08}
S04:19:34	73	なっ　{0d}{0d}なんだと！！\nこれはイアソン先生の像だぞ！\n帰ったら　報告してやる{08}	뭐{0d}{0d} 뭐라고!!\n이건 이아손 선생님 상이다!\n돌아가면 보고하겠다{08}
S04:19:35	69	なによ　根性なし\n告げ口ばっかりしてないで\n自分で向かってこれないの？{08}	뭐야 근성 없긴\n고자질만 하지 말고\n직접 덤빌 순 없어?{08}
S04:19:36	38	２人ともやめなよ～\n体力つかうだけだよ{08}	둘 다 그만해～\n체력만 쓸 뿐이야{08}
S04:19:37	62	ここから先は　さらにきびしくなる\nとくに剣を扱えないとつらいな{08}	여기서부턴 더 험해진다\n특히 검을 못 다루면 힘들어{08}
S04:19:38	36	でも　ブレードがいるから\n安心だよね{08}	그래도 블레이드가 있으니\n안심이야{08}
S04:19:39	63	しかしな{0d}{0d}\nじつは　オレもこのダンジョンに\n入ったことはないんだ{08}	하지만{0d}{0d}\n실은 나도 이 던전에\n들어온 적은 없다{08}
S04:19:40	64	……こ　{0d}{0d}こんな楽しい気持ちに\nなったのも久しぶりかしら……って{08}	……이{0d}{0d} 이런 즐거운 기분은\n오랜만인가……라니{08}
S04:19:41	132	こ　{0d}{0d}{0d}このバカ！{0d}\nバカバカバカバカバカバカバカ！\nアホ　{0d}{0d}どじ　{0d}{0d}まぬけ！！{08}{0c}自分が来たこともないところへ\nわたしたちを放り込むな！{08}	이{0d}{0d}{0d} 이 바보!{0d}\n바보바보바보바보바보바보!\n멍청이 {0d}{0d}얼간이 {0d}{0d}덜렁이!!{08}{0c}자기도 와 본 적 없는 데에\n우리를 처넣지 마!{08}
S04:19:42	31	オ　{0d}{0d}オレにもしゃべらせろ！！{08}	나{0d}{0d} 나도 말 좀 하자!!{08}
S04:19:43	92	しかも自信たっぷりに\n入ったことない！　とか\nいっちゃって……{08}\nこのヘッポコ　{0d}{0d}{0d}役立たず！！{08}	게다가 자신만만하게\n들어온 적 없다! 라고\n말해 놓고……{08}\n이 허접 {0d}{0d}{0d}쓸모없는 녀석!!{08}
S04:19:44	236	な　なに！　役立たずだと！！\nオレはな　この日を夢見て\n日夜　調査をしていたんだ{08}\nおまえらはこの奥にあるという\nイアソン像に　癒しの力が\n秘められている事を知っているか？{08}\nふん　知らんだろう？\nどーだ　これでも\nオレが役立たずだといえるか？{08}\n	뭐 뭐! 쓸모없다고!!\n나는 말이다 이날을 꿈꾸며\n밤낮으로 조사를 했다{08}\n너희는 이 안쪽에 있다는\n이아손 상에 치유의 힘이\n숨겨져 있다는 걸 아느냐?{08}\n흥 모르지?\n어떠냐 이래도\n내가 쓸모없다고 할 수 있냐?{08}\n
S04:19:45	55	もうっ！！{0d}{0d}\n２人とも　そこまでっ！！\n先に進むよっ！！{08}	정말!!{0d}{0d}\n둘 다 거기까지!!\n앞으로 간다!!{08}
S04:19:46	11	………はい{08}	………네{08}
S04:19:47	11	あの炎は！\n	저 불꽃은!\n
S04:19:48	46	そうか　オレはとうとうここまで\nこれたのか……{08}	그런가 나는 드디어 여기까지\n왔구나……{08}
S04:19:49	54	え？\nちょっと　あの炎がなんなのよ？{08}\nなに？　あの怪物{08}	어?\n잠깐 저 불꽃이 뭔데?{08}\n뭐야? 저 괴물{08}
S04:19:50	115	ここは　赤竜の間{08}\nあれは炎の王　赤竜をまつった像だ\nここより先は　あの像に勝たないと\n進めない{08}\nいわば　第一の関門だ{08}	여긴 적룡의 방{08}\n저건 불꽃의 왕 적룡을 모신\n상이다 여기서부턴 저 상을\n이기지 않으면 못 나아간다{08}\n말하자면 제１관문이다{08}
S04:19:51	73	大丈夫かな……\n両側にある炎の熱で像が\n紅く光ってる{08}\nすごく　あつそう……{08}	괜찮을까……\n양쪽 불꽃의 열로 상이\n붉게 빛나고 있어{08}\n엄청 뜨거워 보여……{08}
S04:19:52	118	おう　そのとおりだ\n真の男と同じくらい　アツイ！{08}\nだが　オレの剣と\nおまえたちの魔法があれば\nそう簡単に　負けはしない！{08}	오 그렇다\n진정한 사나이만큼 뜨겁다!{08}\n하지만 내 검과\n너희 마법이 있으면\n그리 쉽게 지지는 않는다!{08}
S04:19:53	140	おう　そのとおりだ\n真の男と同じくらい　アツイ！{08}\nだがオレたちもイアソン先生の像で\n回復して体力　気力共に万全だ\nそう簡単に負けはしないっ！！{08}	오 그렇다\n진정한 사나이만큼 뜨겁다!{08}\n하지만 이아손 선생님 상으로\n회복해서 체력 기력 만전이다\n그리 쉽게 지지 않는다!!{08}
S04:19:54	45	………気力はあんただけね{08}{0c}それにしても………\n	………기력은 너뿐이지{08}{0c}그나저나………\n
S04:19:55	38	きたことないくせに\nなんで知ってんのよ{08}	와 본 적도 없으면서\n왜 알고 있는 건데{08}
S04:19:56	33	それは　どっ　{0d}{0d}どういう意味だ！{08}	그건 무{0d}{0d} 무슨 뜻이냐!{08}
S04:19:57	123	知識が経験より先にくるヤツなんて\nろくなもんじゃないって意味よ{08}\nそんなのも　わかんないくせに\n口ゲンカで勝てると思ってんの？{08}	지식이 경험보다 먼저인 녀석은\n변변찮다는 뜻이야{08}\n그런 것도 모르면서\n말싸움에서 이길 줄 알아?{08}
S04:19:58	56	もう！　二人ともやめなよ！\nぜんぜん　緊張感ないんだから{08}	정말! 둘 다 그만해!\n긴장감이 하나도 없다니까{08}
S04:19:59	159	だってぇ～{08}\nそれにさ　あの像も悪いのよ\nそばまで　きてやってるのに\nピクリともしないで{08}\nエリー　こうなったらあの像を\n見なかったことにして\n先にいっちゃいましょう{08}	그치만～{08}\n게다가 저 상도 나빠\n옆까지 와 줬는데\n꿈쩍도 안 하고{08}\n엘리 이렇게 된 이상 저 상은\n못 본 걸로 하고\n먼저 가 버리자{08}
S04:19:60	74	な……{0d}なにいってるんだ\nこれは試練なんだ\nそんなことでは　真の男になれんぞ{08}	무……{0d}무슨 소리냐\n이건 시련이다 그래서는\n진정한 사나이가 못 돼{08}
S04:19:61	105	いーわよ　そんなの{08}\n第一　真の男になるために\nここに入ったんじゃないもの\nエリー　さっさと通っちゃいましょ{08}	괜찮아 그런 거{08}\n애초에 진정한 사나이가 되려고\n여기 들어온 것도 아니고\n엘리 얼른 지나가자{08}
S04:19:62	14	く　{0d}くる！！{08}	온{0d} 온다!!{08}
S04:19:63	67	どうだッ！\nこれでオレも口だけじゃないって\nことが　わかったろう！！{08}	어떠냐!\n이걸로 나도 말뿐이 아니란\n걸 알았겠지!!{08}
S04:19:64	38	よかったわね\nわたしたちが　ここにいて{08}	다행이네\n우리가 여기 있어서{08}
S04:19:65	27	なんだ　その当然って顔は！{08}	뭐냐 그 당연하다는 얼굴은!{08}
S04:19:66	27	あんた　すこしは笑ったら？{08}	너 좀 웃지 그래?{08}
S04:19:67	44	なんで　こんなダンジョンが\nここにあるわけ？{08}	왜 이런 던전이\n여기 있는 거야?{08}
S04:19:68	44	ここは男が\n真の男になるための修行の場なんだ{08}	여긴 사나이가 진정한\n사나이가 되는 수련장이다{08}
S04:19:69	73	……その男だけの場所に\nあんたは　女を放り込んだんだから\nたいしたもんだわ{08}	……그 남자만의 장소에\n너는 여자를 처넣었으니\n대단하네{08}
S04:19:70	40	き　{0d}{0d}気持ち悪い……\nおまえがホメるな！{08}	기{0d}{0d} 기분 나빠……\n네가 칭찬하지 마!{08}
S04:19:71	49	……………{0d}{0d}{0d}\nあ　{0d}{0d}あとはエリーにまかせるわ……{08}	……………{0d}{0d}{0d}\n나{0d}{0d} 나머진 엘리한테 맡길게……{08}
S04:19:72	25	えっ　まかされても………{08}	어 맡겨도………{08}
S04:19:73	111	男は　たくさんの弱さを持っている\n心の弱さ　肉体の弱さ……{08}{0c}ここで　すべての弱さを捨て\nそして　真の男となるんだ{08}	사나이는 많은 약함을 지녔다\n마음의 약함 육체의 약함……{08}{0c}여기서 모든 약함을 버리고\n진정한 사나이가 되는 거다{08}
S04:19:74	85	でも　悩むのは\n男の人だけじゃないよ{08}\n女の人も悩むし　弱さもいっぱい\n持ってると思うな{08}	그래도 고민하는 건\n남자만이 아니야{08}\n여자도 고민하고 약함도 잔뜩\n갖고 있다고 생각해{08}
S04:19:75	71	そ……そうか\nエリーがそういうなら間違いないな\nオレも考えをあらためよう{08}	그……그런가\n엘리가 그렇게 말한다면\n틀림없다 나도 생각을 고치지{08}
S04:19:76	63	なんなのよ　アレ\n帰ったら　イアソン先生に\nよくいっておかなきゃ{08}	뭐야 저거\n돌아가면 이아손 선생님께\n단단히 말해 둬야지{08}
S04:19:77	50	やはり　ダメだな女は……\nあの美しさがわからんとは{08}	역시 여자는 안 된다……\n저 아름다움을 모르다니{08}
S04:19:78	46	…………あれに美しさを感じる方が\nおかしいのよ{08}	…………저걸 아름답다고 느끼는\n게 이상한 거야{08}
S04:19:79	23	どうしてクマなの……？{08}	왜 곰이야……?{08}
S04:19:80	46	そういう細かいことは\n終わってから考えるんだ！{08}	그런 자잘한 건\n끝나고 생각해라!{08}
S04:19:81	87	ったく　あなたは強さにも\n女らしさ男らしさを求めるわけ？\nどうちがうか　いってみなさいよ{08}	정말 너는 강함에도\n여자다움 남자다움을 따져?\n뭐가 다른지 말해 봐{08}
S04:19:82	42	お　{0d}{0d}同じだ……すまん\nオレが間違っていた{08}	가{0d}{0d} 같다……미안하다\n내가 틀렸다{08}
S04:19:83	64	あんた　すこしは見所あるんだから\nここを出るまでだまってなさいよ{08}	너 좀 싹수가 있으니까\n여기 나갈 때까지 조용히 있어{08}
S04:19:84	33	レナも一言　多いんじゃないかな～{08}	레나도 한마디 많지 않아～{08}
S04:19:85	38	な　なにっ？\nま　{0d}{0d}またクマなの……？{08}	뭐 뭐야?\n또{0d}{0d} 또 곰이야……?{08}
S04:19:86	81	せまい空間だから　クマの声が\n反響してる{08}\nこれじゃ　どこからくるか\nわからないよ！{08}	좁은 공간이라 곰 소리가\n울리고 있어{08}\n이래선 어디서 올지\n모르겠어!{08}
S04:19:87	46	背中をあわせて後ろを\n取られないようにするんだ{08}	등을 맞대서 뒤를\n안 잡히게 해라{08}
S04:19:88	36	こっちからきたわ\nエリー　気をつけて{08}	이쪽에서 왔어\n엘리 조심해{08}
S04:19:89	27	楽勝だっ！　オレに任せろっ{08}	식은 죽 먹기다! 나한테 맡겨{08}
S04:19:90	25	よし　さっさと先に進むぞ{08}	좋아 얼른 앞으로 가자{08}
S04:19:91	31	結構　息合ってきたね　レナっ！{08}	꽤 호흡이 맞아 가네 레나!{08}
S04:19:92	34	そーかしら\n見せ掛けだけだと思うわ{08}	그럴까\n겉보기뿐인 것 같은데{08}
S04:19:93	27	もー　素直じゃないんだから{08}	정말～ 솔직하지 못하다니까{08}
S04:19:94	52	これは　わたしたちには無理ね\nおまけにまかせましょう{08}	이건 우리한텐 무리네\n덤한테 맡기자{08}
S04:19:95	50	お　おまけ……\nど　{0d}{0d}どこにおまけなヤツがいるんだ{08}	더 덤…… 어{0d}{0d}\n어디에 덤 같은 녀석이 있냐{08}
S04:19:96	132	あんたに決まってるでしょ\nまったく　少しは頭使ったら？{08}\nほら　さっさとこの岩\nどかしなさいよ{08}\nとりあえず　腕力だけは\n認めてあげるから{08}	너 말고 누가 있어\n정말 머리 좀 써 보지?{08}\n자 얼른 이 바위\n치워{08}\n일단 완력만은\n인정해 줄 테니까{08}
S04:19:97	122	………ふん\nやっと　オレの力を思い知ったか{08}\n最初っから　そういってれば\nもっと手を貸したんだ\nま　いいさ　よしオレに任せろ！{08}	………흥\n드디어 내 힘을 알았구나{08}\n처음부터 그렇게 말했으면\n더 손을 빌려줬을 텐데\n뭐 좋다 좋아 나한테 맡겨라!{08}
S04:19:98	124	ふ～っ　バカにされてんの\nわかんないのかしら？{08}\n全く　扱いやすい男ね～\nもしかして　ほんとに頭の中\n空っぽなんじゃないかしら？{08}	후～ 바보 취급당하는 걸\n모르나?{08}\n정말 다루기 쉬운 남자네～\n혹시 진짜로 머릿속이\n텅 빈 거 아닐까?{08}
S04:19:99	21	ん？　何かいったか？{08}	응? 뭐라고 했냐?{08}
S04:19:100	42	何もいってないわよ　多分…\nね～　エリー？{08}	아무 말도 안 했어 아마…\n그치～ 엘리?{08}
S04:19:101	96	う　{0d}うん{08}\n……ごめんね　ブレード\nここでまた　いい争いをしてると\n話が先に進まなくなっちゃうから{08}	으{0d} 응{08}\n……미안해 블레이드\n여기서 또 말싸움하면\n얘기가 안 나아가니까{08}
S04:19:102	29	はあはあ……\nど　{0d}どうだっ！{08}	헉헉……\n어{0d} 어떠냐!{08}
S04:19:103	69	最初から　そうすればいいのよ\n女に力仕事させようと\nするんじゃないわよ{08}	처음부터 그러면 됐잖아\n여자한테 힘쓰는 일\n시키려고 하지 마{08}
S04:19:104	36	………そういうの\nレナの悪いクセだよ{08}	………그런 건\n레나의 나쁜 버릇이야{08}
S04:19:105	87	お　{0d}{0d}女ってやつは！！{0d}{0d}\nいや…　こんな女はこいつだけだな\n女とくくるのは　まちがいだな{08}	여{0d}{0d} 여자란 것들은!!{0d}{0d}\n아니… 이런 여자는 얘뿐이군\n여자로 묶는 건 잘못이지{08}
S04:19:106	77	うん　そうだよ{08}\nレナは特別なんだから\n女の子みんながこうだと思っちゃ\nダメだよ{08}	응 맞아{08}\n레나는 특별하니까\n여자애가 다 이렇다고 생각하면\n안 돼{08}
S04:19:107	21	ちょっと　エリー！？{08}	잠깐 엘리!?{08}
S04:19:108	25	そうだな………すまん……{08}	그렇군………미안하다……{08}
S04:19:109	21	うおおおぉぉぉぉ！！{08}	우오오오오오오!!{08}
S04:19:110	23	き　{0d}{0d}急にどうしたのよ{08}	가{0d}{0d} 갑자기 왜 그래{08}
S04:19:111	67	とうとう　ここまできたぜ\nあいつが　ギア！！\nこのダンジョンの主だ！{08}	드디어 여기까지 왔다\n저 녀석이 기어!!\n이 던전의 주인이다!{08}
S04:19:112	52	そうか　あれさえ倒せば…………{0d}{0d}{0d}{0d}\n倒せば……………{08}	그렇구나 저걸 쓰러뜨리면………{0d}{0d}{0d}{0d}\n쓰러뜨리면……………{08}
S04:19:113	99	ここから出られるだけじゃないの！\nじ　{0d}{0d}時間のムダだったじゃない！\nこのヘッポコ！　タンサイボウ！！{08}	여기서 나갈 수 있을 뿐이잖아\n시{0d}{0d} 시간 낭비였잖아!\n이 허접! 단세포!!{08}
S04:19:114	66	それは　もうあやまっただろうが！\n今はこいつを倒すのに集中するんだ{08}	그건 아까 사과했잖아! 지금은\n이 녀석 쓰러뜨리는 데 집중해{08}
S04:19:115	21	わ　{0d}{0d}わかったわよ！{08}	알{0d}{0d} 알았어!{08}
S04:19:116	199	オレが調べた限りでは\nあいつの腕力は並みじゃない{08}\nしかも　力を込めた一撃を\n放ってくる事がある{08}\nまともにくらったら\n命を落とす危険性だってある{08}{0c}いいか！！　ギアがほえたら\n攻撃は忘れて　必ず身を守るんだ{08}	내가 조사한 바로는\n저 녀석 완력은 보통이 아니다{08}\n게다가 힘을 모은 일격을\n날려 올 때가 있다{08}\n제대로 맞으면\n목숨을 잃을 위험도 있다{08}{0c}알겠냐!! 기어가 포효하면\n공격은 잊고 꼭 몸을 지켜라{08}
S04:19:117	105	敵を目の前にしてから\nそんな事いってんじゃないわよ！{08}\nとにかく　話はわかったわ\n攻撃は一切しなくていいのね{08}	적을 눈앞에 두고서야\n그런 말 하지 마!{08}\n아무튼 얘기는 알았어 공격은\n일절 안 해도 되는 거지{08}
S04:19:118	33	そっ　そこまでは　いってないだろ{08}	그 그렇게까진 말 안 했잖아{08}
S04:19:119	61	…………{0d}{0d}{0d}まぁ　おまえらを\n危険な目に合わせるよりはマシか…{08}	…………{0d}{0d}{0d}뭐 너희를 위험한\n꼴 보게 하는 것보단 낫나…{08}
S04:19:120	143	いいか　ギアがほえたら\nすさまじい破壊力の攻撃がくる\n攻撃は忘れて　必ず身を守れ{08}\nこんな所で死んだら\n誰にも　とむらっては\nもらえないだろうからな{08}	알겠냐 기어가 포효하면\n엄청난 파괴력의 공격이 온다\n공격은 잊고 꼭 몸을 지켜라{08}\n이런 데서 죽으면\n아무도 장례를\n치러 주지 않을 테니까{08}
S04:19:121	23	こ　{0d}{0d}こいつ強いね！！{08}	이{0d}{0d} 이 녀석 세다!!{08}
S04:19:122	111	それでこそ　男のダンジョンの主！\nますます倒しがいが出てきたぜ！{08}\nさぁ　もう一回いくぞ！\nこの剣のサビにしてやる{08}	그래야 사나이 던전 주인이지!\n점점 쓰러뜨릴 맛이 나는군!{08}\n자 한 번 더 간다!\n이 검의 녹으로 만들어 주마{08}
S04:19:123	52	そろそろ　わたし……\n帰らせてもらいたいな～　なんて{08}	슬슬 나……\n돌아가고 싶은데～ 라든가{08}
S04:19:124	49	………………{08}\nわたし……　{0d}{0d}{0d}{0d}あれしかないと思う{08}	………………{08}\n나…… {0d}{0d}{0d}{0d}그것밖에 없다고 생각해{08}
S04:19:125	143	戦う気をそがないでくれ　エリー\nところで\nあれしかないってなんのこと……{08}\nま　{0d}{0d}まさか！{0d}{0d}{0d}{0d}\nしかし　オレは先生のやるところを\n見ていただけだ……{08}	싸울 의욕 꺾지 마 엘리\n그런데\n그것밖에 없다니 뭘……{08}\n서{0d}{0d} 설마!{0d}{0d}{0d}{0d}\n하지만 나는 선생님이 하는 걸\n보기만 했을 뿐인데……{08}
S04:19:126	83	ブレード！！{08}\nあいつを倒して外に出るか\nあきらめて助けを待つか\nはっきりさせようよ！{08}	블레이드!!{08}\n저 녀석 쓰러뜨리고 나갈지\n포기하고 구조를 기다릴지\n확실히 하자!{08}
S04:19:127	17	し　{0d}{0d}しかし！！{08}	하{0d}{0d} 하지만!!{08}
S04:19:128	29	え～と　わたしの意見……は？{08}	음 내 의견……은?{08}
S04:19:129	36	できるよ　ブレード\nやってみようよ！{08}	할 수 있어 블레이드\n해 보자!{08}
S04:19:130	78	し　{0d}しかし……{0d}\nオレと　{0d}{0d}{0d}その……エリーが{0d}{0d}\nみ　密着するなんて　いいのか？{08}	하{0d} 하지만……{0d}\n나와 {0d}{0d}{0d}그……엘리가{0d}{0d}\n미 밀착하다니 괜찮은 거냐?{08}
S04:19:131	21	じゃあ　決まりだね！{08}	그럼 결정이네!{08}
S04:19:132	48	エリーとブレードは\nブレードラウンチャーを覚えた{08}	엘리와 블레이드는\n블레이드 런처를 익혔다{08}
S04:19:133	15	ちょろいもんね{08}	식은 죽 먹기네{08}
S04:19:134	43	お　{0d}女にしては　やるじゃないか\n見直したぜ{08}	여{0d} 여자치고는 제법이군\n다시 봤다{08}
S04:19:135	27	へへ　ありがとう　ブレード{08}	헤헤 고마워 블레이드{08}
S04:19:136	93	な　{0d}{0d}なによ\n２人で　わたしを無視しちゃって{08}{0c}ブレードなんか\nこの後どうなっても知らないからね{08}	뭐 {0d}{0d}뭐야\n둘이서 날 무시하고{08}{0c}블레이드 따위\n이다음에 어떻게 되든 몰라{08}
S04:20:0	6	ダミー	더미
S04:20:1	6	ダミー	더미
S04:21:0	6	ダミー	더미
S04:21:1	65	橋が壊れてる………\nハイド先生　今頃\n出たがってるんじゃないかな？{08}	다리가 부서졌어………\n하이드 선생님 지금쯤\n나오고 싶어 하시지 않을까?{08}
S04:21:2	108	さあね～　まぁ　ここで\n助けなんか呼んでたら\n先生としての{08}\n格好がつかないだろうし\nいーんじゃない　ほっといて{08}	글쎄～ 뭐 여기서\n구조 요청이나 하면\n선생님으로서{08}\n체면이 안 서겠지\n괜찮지 않아 내버려 둬도{08}
S04:21:3	38	レナって　ほんと\n他人に冷たいよね……{08}	레나는 정말\n남한테 차갑다……{08}
S04:21:4	77	ばかね～　厳しく接することで\n他人をアテにしない強い心に\nきたえてあげてるのよ{08}	바보～ 엄하게 대해서\n남한테 기대지 않는 강한\n마음으로 단련시켜 주는 거야{08}
S04:21:5	23	そ……　そーなんだ……{08}	그……그렇구나……{08}
S04:21:6	99	も～いいってば　エリー\nさっさと　いきましょ！{08}\n今のわたしたちには\nやらなきゃいけない事があるでしょ{08}	정말 됐다니까 엘리\n얼른 가자!{08}\n지금 우리한텐\n해야 할 일이 있잖아{08}
S04:21:7	13	う　うん……{08}	으 응……{08}
S04:21:8	123	エリー！\nいくら温厚なわたしでも\nしまいには怒るわよ！{08}\n大体　どーやって\nあそこまでいくのよ\nエリーにだって　あの距離は無理よ{08}	엘리!\n아무리 온화한 나라도\n결국엔 화낼 거야!{08}\n애초에 어떻게\n저기까지 가려고\n엘리도 저 거리는 무리야{08}
S04:21:9	50	でも　困っている人を\n見捨てるわけにはいかないよ！{08}	그래도 곤란한 사람을\n못 본 척할 순 없어!{08}
S04:21:10	75	ハイド先生の場合　困ってないかも\n知れないじゃない\n余計なお世話になるかもよ{08}	하이드 선생님은 곤란하지\n않을지도 모르잖아\n쓸데없는 참견일지도{08}
S04:21:11	13	………………{08}	………………{08}
S04:21:12	145	判断が難しい時は\n気付かないフリをするのが\n一番の安全策よ{08}\n相手の気分を害する心配もないし\n自分が傷つく心配もない\n何もないってのが　一番平和なのよ{08}	판단이 어려울 땐\n못 본 척하는 게\n제일 안전해{08}\n상대 기분을 상하게 할 걱정도\n내가 상처받을 걱정도 없고\n아무 일 없는 게 제일 평화야{08}
S04:21:13	83	見て見ぬフリを　続けたら\n傷つかない代わりに　誰とも\n接する事がなくなっちゃうよ……{08}	못 본 척만 계속하면\n상처는 안 받아도 누구와도\n가까워질 수 없어……{08}
S04:21:14	146	エリー　ひょっとして\nかんちがい　してない？{08}\nあれは　エリーを説得するために\n一般的な考え方をいっただけよ{08}\nわたしがそんな　暗い考え方\nすると思う？{08}	엘리 혹시\n착각하고 있는 거 아냐?{08}\n그건 엘리를 설득하려고\n일반적인 생각을 말한 것뿐이야{08}\n내가 그런 어두운 생각을\n할 것 같아?{08}
S04:21:15	73	するはず……ってゆーか\nできるはずないね　レナには！\nなんだぁー　そっかー{08}	할 리가……라기보다\n할 수 있을 리 없지 레나는!\n뭐야～ 그렇구나{08}
S04:21:16	162	ばかね～　エリーは！{08}\nでーもっ！　助けにはいかないわよ\n何の目印もないし　先生だもん{08}\nいざとなったら魔法だって\n使えるだろうし　心配いらないわ\nさっ　もういきましょ{08}	바보～ 엘리는!{08}\n그래도! 구하러는 안 가\n아무 표시도 없고 선생님이잖아{08}\n여차하면 마법도\n쓸 수 있을 테니 걱정 없어\n자 이제 가자{08}
S04:21:17	6	ダミー	더미
S04:22:0	44	今度　こんなことしたら\n絶対に許さないわよ！{08}	다음에 또 이러면\n절대 용서 안 할 거야!{08}
S04:22:1	119	うるせー　オレ様たちに迎えに\n来てもらったって　さっき\nダディス先生がいってたじゃねーか{08}\n本人がいってんだ　あきらめな！{08}	시끄러 이 몸들한테 데리러\n와 줬다고 아까\n다디스 선생님이 말했잖냐{08}\n본인이 말하잖아 포기해!{08}
S04:22:2	21	レナ　よくやるよね～{08}	레나 대단하다～{08}
S04:22:3	15	ほんとっスね～{08}	정말이에요～{08}
S04:22:4	46	そろそろ　止めようよ～\nもう外はあんなに暗いよ{08}	슬슬 말리자～\n밖이 벌써 저렇게 어두워{08}
S04:22:5	38	でもエリー……\nこの間に割って入れる？{08}	그래도 엘리……\n저 사이에 끼어들 수 있어?{08}
S04:22:6	15	無理っスよね～{08}	무리죠～{08}
S04:22:7	110	エリー……　いいかげんに\nその口調やめなよ{08}\nまるで　どこかのバカと\n話してるみたいでさぁ\n気分　悪くなっちゃうよ{08}	엘리…… 적당히\n그 말투 그만해{08}\n꼭 어디 바보랑\n얘기하는 것 같아서\n기분이 나빠져{08}
S04:22:8	12	う～ん………	으～음………
S04:22:9	15	そうっスよね～{08}	그렇죠～{08}
S04:22:10	15	……………ん？{08}	……………응?{08}
S04:22:11	11	なんスか？{08}	뭐예요?{08}
S04:22:12	17	セ　セニア………{08}	세 세니아………{08}
S04:22:13	48	こらぁ！　おまえたち！\nもう遅い　さっさと寝ろ！{08}	이놈들! 너희!\n벌써 늦었다 얼른 자라!{08}
S04:22:14	63	…………怒る事もあるのね～\n普段があれだけに\n結構　恐いわね……{08}	…………화내실 때도 있구나\n평소가 저러니\n꽤 무섭네……{08}
S04:22:15	63	…………ま　まずいぜ\nここで弟子入りを\n取り消されでもしたら……{08}	…………크 큰일이다\n여기서 제자 입문을\n취소라도 당하면……{08}
S04:22:16	79	ふ　ふん！　今回の事は\nダディス先生のかんだいな処置に\nめんじて　許してあげるわ{08}	흐 흥! 이번 일은\n다디스 선생님의 관대한 처분을\n봐서 용서해 줄게{08}
S04:22:17	52	へっ！　オレ様もこの広い心に\nめんじて　忘れてやるぜ{08}	헹! 이 몸도 이 넓은 마음을\n봐서 잊어 주지{08}
S04:22:18	77	レナ　もういいって……\nそれにしても　わたしたちって\nどこで寝ればいいのかな？{08}	레나 이제 됐어……\n그런데 우리\n어디서 자면 되는 걸까?{08}
S04:22:19	33	そういえば　誰からも聞いてないぞ{08}	그러고 보니 아무도 말 안 해{08}
S04:22:20	97	わしの記憶では例外はあるとしても\n基本的には　入門した先生の所に\n世話になるのが通例だったような…{08}	내 기억으론 예외는 있어도\n기본적으로 입문한 선생님 댁에\n신세 지는 게 관례였을 거다…{08}
S04:22:21	48	じゃあ　わたしたちは\nここでお世話になるんですね{08}	그럼 저희는\n여기서 신세 지는 거네요{08}
S04:22:22	69	ちょ　ちょっと～　ここって……\nこいつらと同じ場所で\n寝ろってこと～？{08}	자 잠깐～ 여기서……\n얘네랑 같은 곳에서\n자라는 거야～?{08}
S04:22:23	63	二階にベッドがあるだろう\nとりあえず\nおまえたち　みんな二階じゃ{08}	２층에 침대가 있을 거다\n일단\n너희 모두 ２층이다{08}
S04:22:24	36	よーし　リック！　クール！\nいくぜ！{08}	좋아 릭! 쿨!\n가자!{08}
S04:22:25	34	あっ　こら\n人の話　聞きなさいよ！{08}	앗 이놈들\n남의 말 좀 들어!{08}
S04:22:26	61	むりむり　あんなやつらに\nそんなむずかしい事\nできやしないって{08}	무리무리 저런 녀석들한테\n그런 어려운 건\n안 된다니까{08}
S04:22:27	23	わたしたちもいこうよ！{08}	우리도 가자!{08}
S04:22:28	94	ちょっと～\nほんとにみんな二階なの？{08}\n……なんで　こう\nデリカシーのないやつ\nばっかりなのかしら{08}	잠깐～\n정말 다 ２층이야?{08}\n……왜 이렇게\n눈치 없는 녀석들\n뿐인 걸까{08}
S04:22:29	23	おっ！　今頃来やがった{08}	오! 이제야 왔냐{08}
S04:22:30	44	へへ～　ここから先は\nおいらたちのエリアっス{08}	헤헤～ 여기부턴\n우리 구역이에요{08}
S04:22:31	31	悪いね　先に選ばせてもらったよ{08}	미안 먼저 고르게 해 줬어{08}
S04:22:32	101	おまえらに残されたのは\nその階段からここまでだぜぇー{08}\nまぁ　チビがいるから\nそれでも多い位だけどなぁー{08}	너희한테 남은 건\n그 계단부터 여기까지다{08}\n뭐 꼬맹이가 있으니\n그래도 넉넉한 편이지{08}
S04:22:33	58	さっすが　アンチのアニキっス！\n的を得たするどい意見っス！{08}	역시 안치 형님이에요! 정곡을\n찌르는 예리한 의견이에요!{08}
S04:22:34	32	さすがだね　アンチ\nきまってるよ{08}	역시 안치야\n멋지다{08}
S04:22:35	46	お　おまえらー！\nダディス先生にいいつけるぞ！{08}	너 너희～!\n다디스 선생님한테 이를 거야!{08}
S04:22:36	67	へっ！　意気込むだけで\n自分たちだけじゃあ　なんにも\nできないのかよ{08}	헹! 기세만 좋지\n너희끼리는 아무것도\n못 하냐{08}
S04:22:37	9	このー！{08}	이게～!{08}
S04:22:38	17	やめなよ　セニア{08}	그만해 세니아{08}
S04:22:39	111	ねぇ　アンチ{08}\nわたしたちだってダディス先生に\n弟子入りしたんだから\nここで寝るしかないんだ{08}\n半分あけてくれない？{08}	있잖아 안치{08}\n우리도 다디스 선생님께\n제자로 들어왔으니\n여기서 잘 수밖에 없어{08}\n절반 비워 줄래?{08}
S04:22:40	45	…………ここで　一緒に……{08}{0c}………………曖曖{08}	…………여기서 같이……{08}{0c}………………♥♥{08}
S04:22:41	47	よ　よ～し\nじゃあ　もう少しだけ\nゆずってやるよ{08}	조 좋～아\n그럼 조금만 더\n양보해 주지{08}
S04:22:42	58	なんだよ　その口ぶりは！\nおまえらだけの部屋じゃないだろ！{08}	뭐야 그 말투는!\n너희만의 방이 아니잖아!{08}
S04:22:43	61	うるせー\n文句つけるんだったら\nゆずってやんなくてもいいんだぜ{08}	시끄러\n불만 있으면\n양보 안 해 줘도 된다고{08}
S04:22:44	31	あ～もう　あったま　きたっ！！{08}	아～ 정말 열받네!!{08}
S04:22:45	19	レナ！　いいだろ？{08}	레나! 괜찮지?{08}
S04:22:46	44	エリー　セニア\nちょっと話があるの　耳かして{08}	엘리 세니아\n할 말 있어 귀 좀 빌려줘{08}
S04:22:47	38	レナ！\nこんな時にどういうつもりだよ！{08}	레나!\n이럴 때 무슨 생각이야!{08}
S04:22:48	19	いーから　早くっ！{08}	됐으니까 빨리!{08}
S04:22:49	33	こんなぼろい部屋で魔法はまずいわ{08}	낡은 방에서 마법은 안 돼{08}
S04:22:50	110	それに\n奥の方がいくらか　マシだから\nぐうの音も出ない位に　負かして{08}\n必ず！　先に部屋を\n選べるようにするのよ！{08}	게다가\n안쪽이 조금 나으니까\n찍소리 못 하게 이겨서{08}\n반드시! 먼저 방을\n고를 수 있게 하는 거야!{08}
S04:22:51	63	あんなやつらにレベルを合わせて\n争っちゃダメよ\n頭を使わなきゃ！{08}	저런 애들 수준에 맞춰서\n싸우면 안 돼\n머리를 써야지!{08}
S04:22:52	44	そうか　ずつきか\nよーし　アタシにまかせろ！{08}	그렇구나 박치기구나\n좋아 나한테 맡겨!{08}
S04:22:53	83	違うわよっ！\nなに　そんな大昔の\nじょうだんいってんの{08}\nあ～もう　セニアはだまってて{08}	아니거든!\n뭘 그런 케케묵은\n농담을 하고 있어{08}\n아～ 정말 세니아는 가만있어{08}
S04:22:54	15	なんでだよぉ～{08}	왜애～{08}
S04:22:55	72	いつまでも　なにやってんだぁー{08}\nあっ！　そうか\nレナ　お前　ハライタだな{08}	언제까지 뭐 하는 거냐～{08}\n앗! 그렇구나\n레나 너 배탈 났구나{08}
S04:22:56	28	こ　このっ……{0d}{0d}{0d}っ……{0d}{0d}{0d}{0d}{08}	이 이게……{0d}{0d}{0d}읏……{0d}{0d}{0d}{0d}{08}
S04:22:57	79	………ふぅ～　危ない危ない\nあやうく　アンチの挑発に\nのってしまうところだったわ{08}	………후～ 위험했다\n하마터면 안치 도발에\n넘어갈 뻔했어{08}
S04:22:58	17	レナ　すごい……{08}	레나 대단해……{08}
S04:22:59	42	ところでレナ\n頭を使うって　何する気なの？{08}	그런데 레나\n머리를 쓴다니 뭘 할 거야?{08}
S04:22:60	73	よくぞ聞いてくれました！\nみんな　レディーファーストって\n言葉　知ってる？{08}	잘 물어봤어!\n다들 레이디 퍼스트라는\n말 알아?{08}
S04:22:61	30	う　うん\nでもそれが　どう……{08}	으 응\n그런데 그게 어떻게……{08}
S04:22:62	26	そっか！\nわかったよ　レナ{08}	그렇구나!\n알았어 레나{08}
S04:22:63	11	セニアは？{08}	세니아는?{08}
S04:22:64	32	……う　うん\n大丈夫……まかせて{08}	……으 응\n괜찮아……맡겨{08}
S04:22:65	40	………今回はエリーに\nがんばってもらうわ{08}	………이번엔 엘리가\n힘내 줘야겠어{08}
S04:22:66	38	どうしてだよー！\nアタシもわかったぞ！{08}	왜～!\n나도 알았다고!{08}
S04:22:67	9	レナは？{08}	레나는?{08}
S04:22:68	89	わっ　わたしは\n立案者だから　ここまで！{08}\nそれじゃ　エリー\nうまく　あいつらをのせるのよ！{08}	나 나는\n기획자니까 여기까지!{08}\n그럼 엘리\n잘 저 녀석들을 구슬려!{08}
S04:22:69	21	う　うん　やってみる{08}	으 응 해 볼게{08}
S04:22:70	48	なんだレナ　トイレには\nいかなくっていいのかぁー{08}	뭐야 레나 화장실엔\n안 가도 되냐～{08}
S04:22:71	84	ふん　うるさいわよ　バカアンチ！\nところで………{0d}{0d}{0d}\nひとつ確認したい事があるんだけど{08}	흥 시끄러 바보 안치!\n그런데………{0d}{0d}{0d}\n하나 확인하고 싶은 게 있는데{08}
S04:22:72	61	………？{08}\nなんだぁ？\nこの部屋をかけて\nクイズで勝負ってかぁ？{08}	………?{08}\n뭐냐?\n이 방을 걸고\n퀴즈로 승부라도 하자고?{08}
S04:22:73	115	いえいえ～　そんなんじゃないわぁ{08}\nただ　普通の男の子だったら\n誰だって知ってるはずの事\nアンチは知らないのかなーって{08}	아니아니～ 그런 거 아니야{08}\n그냥 보통 남자애라면\n누구나 아는 걸\n안치는 모르나～ 해서{08}
S04:22:74	65	な　なんだよ？　何をだよ！\nオレ様に知らない事なんか\nある訳ないぜ{08}	뭐 뭐냐? 뭘 말이냐!\n이 몸이 모르는 게\n있을 리 없지{08}
S04:22:75	61	そうっス！\nアンチのアニキに知らない事なんか\nある訳ないっス！{08}	맞아요!\n안치 형님이 모르는 게\n있을 리 없어요!{08}
S04:22:76	87	そうよね～\nなんたってアニキだもんね～{08}\nやっぱりレディーファーストくらい\n知ってるかぁ～{08}	그렇지～\n무려 형님이니까～{08}\n역시 레이디 퍼스트쯤은\n알겠지～{08}
S04:22:77	31	あぁ　レディーファーストか～！{08}	아아 레이디 퍼스트구나～!{08}
S04:22:78	59	ふーん　クールは知ってるみたいね\n他はどうなの？\n知ってる？{08}	흐응 쿨은 아는 것 같네\n다른 애들은?\n알아?{08}
S04:22:79	38	れでぇとーすっと？？\nなんスか　それ？{08}	레디 토스트??\n뭐예요 그게?{08}
S04:22:80	71	………\nったりまえだ！{08}\nレディッフィストだろ！\nもちろん　知ってるとも！{08}	………\n다 당연하지!{08}\n레디피스트잖아!\n물론 알고말고!{08}
S04:22:81	97	そう？　でもわたしたちへの\n接し方を見てると～{08}\nとても知ってるとは\n思えないのよね～ねっ　エリー？{08}	그래? 그래도 우리를\n대하는 걸 보면～{08}\n도저히 아는 것 같지\n않단 말이지～ 그치 엘리?{08}
S04:22:82	13	う　うん……{08}	으 응……{08}
S04:22:83	32	じゃあ　エリー\n説明　よろしくね{08}	그럼 엘리\n설명 부탁해{08}
S04:22:84	25	なんでレナは下がるんだ？{08}	왜 레나는 빠지냐?{08}
S04:22:85	105	な　なんでって……{0d}{0d}{0d}{0d}\nほら　エリーにもしゃべらせて\nあげないと……ね？{08}\nただでさえ　セリフ少ないんだから{08}	왜 왜냐니……{0d}{0d}{0d}{0d}\n봐 엘리도 말하게\n해 줘야지……응?{08}\n안 그래도 대사가 적은데{08}
S04:22:86	13	なーるほど～{08}	그렇구나～{08}
S04:22:87	265	なに　セニアも納得してるんだよ～\nもう！{08}{0c}とにかく　レディーファーストって\n男の子が女の子を心から大事に思い\n先をゆずる　礼儀のことなんだ{08}\nだから……今みたいに　男の子が\nわがままをいうのって{08}\nアンチが女の子を大事にしない\n品格のない男の子だってことに\nなるんじゃない？{08}	세니아는 왜 납득하는 거야～\n정말!{08}{0c}아무튼 레이디 퍼스트란\n남자가 여자를 진심으로 소중히\n여겨 먼저 양보하는 예의야{08}\n그러니까……지금처럼 남자가\n제멋대로 구는 건{08}\n안치가 여자를 소중히 안 하는\n품격 없는 남자라는 게\n되지 않을까?{08}
S04:22:88	120	は……はははは……{08}\nな　何いってんだよ\nちょ～ど今から　そうしようと\n思ってたんだ{08}\nなんでぇ～\nオレ様より先にいうなよな～{08}	하……하하하하……{08}\n무 무슨 소리야\n마～침 지금 그러려고\n했던 참이야{08}\n뭐야～\n이 몸보다 먼저 말하지 마{08}
S04:22:89	95	なーんだ　そうだったんだ{08}\nわたしったら　てーっきり\nアンチは知らないんじゃないかって\n思ってたわ{08}	뭐야 그랬구나{08}\n나는 완～전히\n안치가 모르는 줄\n알았어{08}
S04:22:90	97	へっ！　オレ様だぜ\n知らないはず　ねーじゃねーか{08}\nおお　いいぜ　先に選びなっ\nレディッフィストだ！{08}	헹! 이 몸이라고\n모를 리가 없잖냐{08}\n오오 좋아 먼저 골라\n레디피스트다!{08}
S04:22:91	58	さすがね～　アンチ\nじゃあ………{0d}{0d}{0d}\nわたしたち　向こう側ね{08}	역시 안치～\n그럼………{0d}{0d}{0d}\n우리는 저쪽이다{08}
S04:22:92	17	おう　いいとも！{08}	오 좋고말고!{08}
S04:22:93	31	よーし　さっそく見にいこうぜ！{08}	좋아 당장 보러 가자!{08}
S04:22:94	7	うん！{08}	응!{08}
S04:22:95	19	ありがとう　アンチ{08}	고마워 안치{08}
S04:22:96	63	アニキ　すごいっス！\nれでぇとーすっとを　ばっちり\nこなしたっス{08}	형님 대단해요!\n레디 토스트를 완벽하게\n해내셨어요{08}
S04:22:97	29	バーカ　レディッフィストだ！{08}	바보 레디피스트다!{08}
S04:22:98	29	れでぃとーすと？　……スか？{08}	레디 토스트? ……예요?{08}
S04:22:99	93	違う！　レディーファース……？？{08}\nあ～もう　オレ様まで\nわかんなくなって\nきちまったじゃねーか{08}	아니! 레이디 퍼스……??{08}\n아～ 정말 이 몸까지\n헷갈리게\n됐잖냐{08}
S04:22:100	110	う～ん\nまたレナ達にいっぱい食わされたね{08}\nまっ　負けてこそ学べる事も\nたくさんあるから\nこれはこれで　いいのかな{08}	으～음\n또 레나네한테 한 방 먹었네{08}\n뭐 져 봐야 배우는 것도\n많으니까\n이건 이것대로 괜찮으려나{08}
S04:22:101	69	おい　クール\nなにブツブツいってんだ\nオレ様たちの部屋をそうじするぞ！{08}	어이 쿨\n뭘 중얼거려\n이 몸들 방 청소하자!{08}
S04:22:102	25	ああ　わかったよ　アンチ{08}	아아 알았어 안치{08}
S05:0:0	79	……それでね　イアソン先生に\n追いかけられたりして　もうホント\n大変だったのよ～{08}	……그래서 이아손 선생님한테\n쫓기기도 하고 정말\n힘들었다니까～{08}
S05:0:1	69	ふぅ～ん……\nずいぶんと　まあ　楽しそうな\nお話でございますわねぇ……{08}	흐으응……\n그것참 즐거워 보이는\n이야기네요……{08}
S05:0:2	162	あ　{0d}あれ？\nどうしたのかしら　セニアさん？\n体の具合でも悪いのかしら？{08}\nそ　{0d}そういえば　あまり顔色も\nよくないみたいだし………{0d}{0d}{0d}\n少し休んだ方がいいんじゃないの？{08}	어{0d} 어라?\n왜 그러실까 세니아 씨?\n몸이라도 안 좋으신가?{08}\n그{0d} 그러고 보니 안색도\n별로 안 좋아 보이고………{0d}{0d}{0d}\n좀 쉬는 게 좋지 않아?{08}
S05:0:3	48	チクショ～　どこまでもシラを\nきるつもりだなぁ～{08}	젠장～ 끝까지 시치미\n뗄 셈이구나～{08}
S05:0:4	41	な　{0d}なんのことかしら？\n人聞きの悪い……{08}	뭐{0d} 무슨 소리실까?\n듣기 거북하게……{08}
S05:0:5	26	そうか　そうきたか……{0d}{0d}{0d}{08}	그래 그렇게 나온다 이거지……{0d}{0d}{0d}{08}
S05:0:6	124	チックショ～　{0d}アッ　{0d}アタシが\nどれだけ…{0d}あのレイラなんかと…{0d}\nもぉ～　{0d}{0d}アッタマきたーっ\nコイツだけは　絶対ゆるせんっ！！{08}	젠자앙～ {0d}내{0d} 내가\n얼마나…{0d}그 레이라 같은 거랑…{0d}\n정말～ {0d}{0d}열받았어～\n얘만은 절대 용서 못 해!!{08}
S05:0:7	32	ちょっ　{0d}セニア　落ち着いてっ！{08}	잠{0d} 세니아 진정해!{08}
S05:0:8	17	まちやがれーっ！{08}	거기 서～!{08}
S05:0:9	47	ゴ　{0d}ゴメン　セニア\nあやまるから　ゆるして……{08}	미{0d} 미안 세니아\n사과할게 용서해 줘……{08}
S05:0:10	25	だったら　逃げるなーっ！{08}	그럼 도망치지 마～!{08}
S05:0:11	30	なっ　{0d}なんだ　この霧は……？{08}	뭐{0d} 뭐야 이 안개는……?{08}
S05:0:12	81	きっと　レナのせいだよ\nアルテナさまが悪い子をどこかへ\n連れていこうとしているんだ{08}	분명 레나 때문이야\n알테나 님이 나쁜 애를\n어딘가로 데려가려는 거야{08}
S05:0:13	25	エリーのうらぎりものー！{08}	엘리 배신자～!{08}
S05:0:14	29	それにしても　変な霧だよなぁ{08}	그나저나 이상한 안개다{08}
S05:0:15	61	そうねぇ…{0d}{0d}\nこんなに　霧が出てくるなんて\nふつうじゃないわね{08}	그러게…{0d}{0d}\n이렇게 안개가 끼다니\n보통이 아니야{08}
S05:0:16	42	とにかく　町の様子とか\n見にいってみようよ{08}	아무튼 마을 상황이라도\n보러 가 보자{08}
S05:0:17	15	うん　そうだね{08}	응 그러자{08}
S05:0:18	54	なんだい　この霧は……\nこれじゃ洗濯物も乾きやしないよ{08}	뭐야 이 안개는……\n이래선 빨래도 안 마르겠네{08}
S05:0:19	46	イェンって　たまに\nこういうことあるんですか？{08}	옌에선 가끔\n이런 일이 있어요?{08}
S05:0:20	64	さあ　アタシもここにきて長いけど\nこんなことは　初めてだねぇ……{08}	글쎄 나도 여기 오래 있었지만\n이런 건 처음이구나……{08}
S05:0:21	24	へぇ～\nそうなんですか～{08}	헤에～\n그렇구나～{08}
S05:0:22	56	寮の中まで入ってくるなんて…\nまったく　いやらしい霧だよ{08}	기숙사 안까지 들어오다니…\n정말 고약한 안개야{08}
S05:0:23	16	そ　{0d}そうですね{08}	그{0d} 그렇네요{08}
S05:0:24	33	アタシは笑いごとじゃないと思うぞ{08}	나는 웃을 일이 아니라고 봐{08}
S05:0:25	53	あ～あぁ…{0d}{0d}\nせっかく作った　料理が\nだいなしだよ……{08}	아～아…{0d}{0d}\n모처럼 만든 요리가\n엉망이 됐어……{08}
S05:0:26	23	えーっ　{0d}{0d}そんなぁ……{08}	에～ {0d}{0d}그런……{08}
S05:0:27	52	ごめんよ　また作りなおすから\nちょっとまってておくれ{08}	미안 다시 만들 테니\n좀 기다려 줘{08}
S05:0:28	11	はぁ～い…{08}	네～에…{08}
S05:0:29	103	あんたたちっ！！\nいったいどこへいってたんだい{08}\nホントにもう…　{0d}{0d}アタシが\nちょっと目を離したスキに……{08}	너희!!\n대체 어디 갔었니{08}\n정말…… {0d}{0d}내가\n잠깐 한눈판 사이에……{08}
S05:0:30	31	ごめんなさい　ステラおばさん…{08}	죄송해요 스텔라 아줌마…{08}
S05:0:31	29	とにかく　こっちへおいで！！{08}	아무튼 이리 오렴!!{08}
S05:0:32	18	は　{0d}はぁ～い……{08}	네{0d} 네～……{08}
S05:0:33	155	あんたたち　こんな霧のこい\nときに　ウロウロしていたら\nオバケがでてくるかもしれないよ！{08}\nオバケがでてきたら\nどっかに　連れていかれちゃうかも\nしれないんだよ{08}	너희 이렇게 안개가 짙을 때\n어슬렁거리다간\n유령이 나올지도 몰라!{08}\n유령이 나오면\n어딘가로 끌려갈지도\n모른단다{08}
S05:0:34	91	ホントに　いいかい　あんたたち？\nなにが起こるかわからないんだから\n勝手に外に出ちゃだめだよ{08}	정말 알겠니 너희?\n무슨 일이 생길지 모르니까\n멋대로 밖에 나가면 안 돼{08}
S05:0:35	31	えっ！　外に出ちゃいけないの？{08}	어! 밖에 나가면 안 돼요?{08}
S05:0:36	57	なんだよ～　せっかく\nおもしろくなってきたと\n思ったのに～{08}	뭐야～ 모처럼\n재밌어지나 했더니～{08}
S05:0:37	123	なにいってんだい　あんたたちは{08}\n{0c}とにかく{0d}　先生たちの\n連絡があるまでは　自分の部屋で\nおとなしく待っているんだよ{08}\nいいね？{08}	무슨 소리니 너희는{08}\n{0c}아무튼{0d} 선생님들\n연락이 있을 때까진 자기\n방에서 얌전히 기다리렴{08}\n알겠지?{08}
S05:0:38	33	うん　わかったよ　ステラおばさん{08}	응 알았어 스텔라 아줌마{08}
S05:0:39	48	アタシの目の黒いうちは\n寮から一歩も出さないよ！{08}	내 눈에 흙이 들어가기 전엔\n기숙사에서 한 발짝도 못 나가{08}
S05:0:40	38	このままじゃ\n出られそうもないわねぇ…{08}	이대로면\n못 나가겠네…{08}
S05:0:41	65	やめなよ　レナ…\nおばさんだって　みんなのことを\n心配してるんだよ{08}	그만해 레나…\n아줌마도 다들\n걱정하시는 거야{08}
S05:0:42	21	はやく　部屋へおいき{08}	얼른 방에 가렴{08}
S05:0:43	58	ステラおばさん　大変です！\nアンチの様子がおかしいんです！{08}	스텔라 아줌마 큰일이에요!\n안치 상태가 이상해요!{08}
S05:0:44	20	ほ　{0d}ほんとうかい？{08}	정{0d} 정말이니?{08}
S05:0:45	69	は～ぁいっ！！\nセニアが熱あるんじゃないかって\nわたしにいいました！！{08}	네～에!!\n세니아가 열 있는 거 아니냐고\n저한테 그랬어요!!{08}
S05:0:46	66	それは大変だよ！\nあっ　{0d}あんたたち\n絶対　外にいっちゃダメだからね{08}	그거 큰일이구나!\n아 {0d}너희\n절대 밖에 나가면 안 된다{08}
S05:0:47	52	ふう　これでやっと出られるわね…\nさあ　いきましょう{08}	후우 이제 겨우 나갈 수\n있겠네… 자 가자{08}
S05:0:48	75	だめだよ　レナ\nステラおばさんから　外に出ちゃ\nダメって　いわれてるじゃない{08}	안 돼 레나\n스텔라 아줌마가 밖에 나가면\n안 된다고 했잖아{08}
S05:0:49	46	ねえ　エリー\nこの霧って　おかしいと思わない？{08}	있잖아 엘리\n이 안개 이상하다고 안 느껴?{08}
S05:0:50	33	そりゃあ　おかしいと思うけど……{08}	그야 이상하다고 생각하지만……{08}
S05:0:51	182	でしょう{08}\n{0c}それに　アンチたちみんなが\n苦しんでいるのも　この霧の\nせいかもしれないじゃない{08}\nもしかして　エリーって\n苦しんでるアンチたちを　だまって\n見てるだけなの？　{0d}{0d}冷たいのね……{08}	그렇지{08}\n{0c}게다가 안치네가 다\n괴로워하는 것도 이 안개\n탓일지도 모르잖아{08}\n혹시 엘리는\n괴로워하는 안치네를 그냥\n보기만 할 거야? {0d}{0d}차갑구나……{08}
S05:0:52	11	でも………{08}	그래도………{08}
S05:0:53	82	わたしは　みんなが助かるためなら\nたとえ火の中水の中ぁ～{0d}よ！{0d}{0d}\nねぇ～　セニアぁ～{08}	나는 모두를 구할 수 있다면\n설령 불구덩이 물구덩이라도～{0d}!{0d}{0d}\n그치～ 세니아～{08}
S05:0:54	110	まあ　難しいことはぬきにしてさ\nいこうよ　エリー{08}\nそれに　レナがいったん\nこうなったら　止まるわけ\nないんだしさ{08}	뭐 어려운 건 빼고\n가자 엘리{08}\n게다가 레나가 일단\n이렇게 되면 멈출 리가\n없잖아{08}
S05:0:55	75	さあ　グズグズしてないで\nステラおばさんが戻ってくる前に\nさっさと　出るわよ{08}	자 꾸물대지 말고\n스텔라 아줌마가 돌아오기 전에\n얼른 나가자{08}
S05:0:56	69	アンチに作っていた\nおかゆがこぼれちゃったよ\nまた　作り直しだねぇ……{08}	안치한테 만들던\n죽이 쏟아졌어\n또 다시 만들어야겠구나……{08}
S05:0:57	36	おばさん\nアンチの具合はどうですか？{08}	아줌마\n안치 상태는 어때요?{08}
S05:0:58	62	う～ん　熱はないみたいだけど\nなんか　元気がないみたいだねぇ…{08}	으～음 열은 없는 것 같은데\n왠지 기운이 없어 보이는구나…{08}
S05:0:59	89	それよりも　そこの男の子は\nたしか……　{0d}{0d}イアソン先生の\nお弟子さんの　ブレードくんだろ？{08}	그보다 거기 남자애는\n분명…… {0d}{0d}이아손 선생님\n제자 블레이드 군이지?{08}
S05:0:60	85	どうしたんだい　いったい？\nちゃんと　先生のいうことを\n聞いて　部屋に戻っているんだよ{08}	대체 무슨 일이니?\n선생님 말씀 잘 듣고\n방에 돌아가 있으렴{08}
S05:0:61	46	どうしたんだい　あんたたち？\n早く部屋にお戻り{08}	왜 그러니 너희?\n얼른 방에 돌아가렴{08}
S05:0:62	46	どうしたんだい　あんたたち？\n早く部屋にお戻り{08}	왜 그러니 너희?\n얼른 방에 돌아가렴{08}
S05:0:63	66	オ　{0d}オレ様は\n勉強もできず　足も短いうえ\nなんて性格が悪いんだ！！{08}	이{0d} 이 몸은\n공부도 못하고 다리도 짧고\n성격은 또 왜 이리 나쁘냐!!{08}
S05:0:64	81	……ちょっと　{0d}ア　{0d}アンチ？\nそんなわかりきったこと\nいまさら　ならべたてても……{08}	……잠깐 {0d}안{0d} 안치?\n그런 뻔한 걸\n이제 와서 늘어놔도……{08}
S05:0:65	65	お　{0d}おまえらにもメイワクかけたな\nオレ様は　どうすればいいんだ…{08}	너{0d} 너희한테도 폐를 끼쳤지\n이 몸은 어쩌면 좋냐…{08}
S05:0:66	63	なあ　レナ\nコイツ　どうしちまったんだ？\nいつにもまして　変だぞ{08}	있잖아 레나\n얘 왜 이러는 거야?\n평소보다 더 이상해{08}
S05:0:67	70	う～ん……　{0d}そ～ねぇ{0d}{0d}{0d}\nあっ　{0d}わかった！\nきっと変なモノを食べたのよ{08}	으～음…… {0d}그러게{0d}{0d}{0d}\n앗 {0d}알았다!\n분명 이상한 걸 먹은 거야{08}
S05:0:68	27	レナじゃあ　あるまいし……{08}	레나도 아니고……{08}
S05:0:69	72	なっ　{0d}なによセニア！\nわたしを　こんなヤツと\n一緒にしないでちょうだい！{08}	뭐{0d} 뭐야 세니아!\n나를 이런 녀석이랑\n같이 취급하지 마!{08}
S05:0:70	33	なにも　そこまでいわなくても……{08}	그렇게까지 말 안 해도……{08}
S05:0:71	37	オ　{0d}オレ様は\nどうすればいいんだ……{08}	이{0d} 이 몸은\n어떡하면 좋냐……{08}
S05:0:72	38	ホントに　どうしちまったんだ\nコイツ？{08}	진짜 왜 이러는 거야\n얘?{08}
S05:0:73	39	さ　{0d}さぁ……\nわたしにも　わからないわ{08}	글{0d} 글쎄……\n나도 모르겠어{08}
S05:0:74	33	もしかして　この霧のせいなのかな{08}	혹시 이 안개 때문일까{08}
S05:0:75	63	おまえたちには　いつも\nメイワクをかけているな……\nすまねぇ……{08}	너희한텐 늘\n폐만 끼치는구나……\n미안하다……{08}
S05:0:76	75	あの　レナさん……\nこの霧の先には　スゴイお宝が\nあるって聞きましたけど……{08}	저기 레나 씨……\n이 안개 너머에 굉장한 보물이\n있다고 들었는데요……{08}
S05:0:77	50	なあ……{0d}{0d}やっぱり　こいつ\n熱あるんじゃないのか？{08}	있잖아……{0d}{0d}역시 얘\n열 있는 거 아냐?{08}
S05:0:78	125	やっぱり……\n信じてもらえませんか……{08}\n{0c}そうですよね……{0d}{0d}\nぼくは　今まで何度もレナさん達に\n迷惑をかけてしまってますから……{08}	역시……\n안 믿어 주시는군요……{08}\n{0c}그렇겠죠……{0d}{0d}\n저는 지금까지 레나 씨네한테\n몇 번이나 폐를 끼쳤으니……{08}
S05:0:79	96	ひぁ～　{0d}ア　{0d}アンチわかったから…\nと　{0d}とにかくウソかホントか\n調べてみる　必要はありそうよね？{08}	히익～ {0d}안{0d} 안치 알았으니까…\n아{0d} 아무튼 거짓인지 참인지\n알아볼 필요는 있겠네?{08}
S05:0:80	44	じゃあ　いってみる？\nその　お宝を探しにさ！{08}	그럼 가 볼래?\n그 보물 찾으러!{08}
S05:0:81	17	ステラおばさん{0d}{0d}{08}	스텔라 아줌마{0d}{0d}{08}
S05:0:82	41	おや？\nエマ先生じゃないか\nどうしたんだい{08}	어머?\n에마 선생님 아니신가\n무슨 일이세요{08}
S05:0:83	62	はい{08}\nこの霧について　ちょっと\nお知らせしたいことがありまして{08}	네{08}\n이 안개에 대해 좀\n알려 드릴 게 있어서요{08}
S05:0:84	38	やっぱり　この霧には\nなにかあるんだね{08}	역시 이 안개엔\n뭔가 있는 거군요{08}
S05:0:85	210	ええ{0d}{0d}{08}\n{0c}まず　この霧についてですが\n魔法力の弱い人が　この霧を\n吸ってしまうと{08}\n{0c}どうやら　少しおかしく\nなってしまうみたいなんですの{08}\nですから　生徒の安全を考えて\n寮からは　なるべく出さないように\nお願いします{0d}{0d}{08}	네{0d}{0d}{08}\n{0c}우선 이 안개에 대해선데\n마법력이 약한 사람이 이\n안개를 들이마시면{08}\n{0c}아무래도 조금 이상해지는\n것 같아요{08}\n그러니 학생들 안전을 위해\n기숙사에선 되도록 못 나가게\n부탁드려요{0d}{0d}{08}
S05:0:86	54	それなら　大丈夫だよ\n今こうして　見張っているからねぇ{08}	그거라면 괜찮아요\n지금 이렇게 지키고 있으니까{08}
S05:0:87	167	それと{0d}{0d}\nもし　この霧を吸っておかしく\nなってしまった　生徒がいたら{08}\n少々手荒いのですが　ショックを\n与えれば　大抵は正気に戻るみたい\nですので　そのときはお願いします{0d}{0d}{08}	그리고{0d}{0d}\n혹시 이 안개를 마시고\n이상해진 학생이 있으면{08}\n좀 거칠지만 충격을\n주면 대개는 정신이 돌아오나\n봐요 그때는 부탁드려요{0d}{0d}{08}
S05:0:88	83	ああ　それはわかったけど……{0d}{0d}\nお願いしますってことは\nこれから　なにかあるのかい？{08}	아아 그건 알겠는데……{0d}{0d}\n부탁한다는 건\n지금부터 무슨 일이 있어요?{08}
S05:0:89	82	はい{0d}{0d}{08}\nこれから　学園長の命令で\nスカルアイランドという島に\nいくことになりました{0d}{08}	네{0d}{0d}{08}\n지금부터 학원장님 명령으로\n스컬 아일랜드라는 섬에\n가게 됐어요{0d}{08}
S05:0:90	30	スカルアイランド……{0d}{0d}かい？{0d}{08}	스컬 아일랜드……{0d}{0d}요?{0d}{08}
S05:0:91	205	そうです{0d}{0d}\nどうやら　もうしばらくしたら\n連結塔と陸続きになるらしいので{0d}{08}\nイアソン先生を調査隊の隊長として\nわたしとテレイナ先生　ケント先生\nラルフ先生{08}\nそれと　生徒会数人を連れて\nこれから調査にいってきます{08}	그래요{0d}{0d}\n아무래도 조금 있으면\n연결탑과 육지로 이어지나 봐요{0d}{08}\n이아손 선생님을 조사대\n대장으로 저와 테레이나 선생님\n켄트 선생님 랄프 선생님{08}\n그리고 학생회 몇 명을 데리고\n지금부터 조사하러 가요{08}
S05:0:92	69	そうかい　そうかい\nそれは　大変だねぇ……\n気をつけていってくるんだよ{08}	그래요 그래요\n그거 큰일이네……\n조심해서 다녀와요{08}
S05:0:93	71	ありがとう　ステラおばさん\nそれじゃあ　後のことは\nよろしくお願いします{08}	고마워요 스텔라 아줌마\n그럼 나머지는\n잘 부탁드려요{08}
S05:0:94	38	ああ……　体が思うように\n動かない……{08}	아아…… 몸이 마음대로\n안 움직여……{08}
S05:0:95	56	あんたには　ちょうどいい機会ね\nしばらくそうしていれば？{08}	너한텐 딱 좋은 기회네\n한동안 그러고 있지?{08}
S05:0:96	71	レ　{0d}レナさん……\nそ　{0d}そんな　イジのわるいこと\nいわないでください……{08}	레{0d} 레나 씨……\n그{0d} 그런 심술궂은 말\n하지 마세요……{08}
S05:0:97	79	安心しなさい　アンチ\nそのお宝は　わたしたちが\nありがた～く　いただいておくわ曖{08}	안심해 안치\n그 보물은 우리가\n감사히 받아 둘게♥{08}
S05:0:98	58	でも　レナさぁ……{0d}\nアタシたちも　ここから\n出られないよ？{08}	그래도 레나……{0d}\n우리도 여기서\n못 나가잖아?{08}
S05:0:99	73	だいじょ～ぶ曖　安心してセニア\nステラおばさんも話せば\nわかってくれるわよ{08}	괜찮～아♥ 안심해 세니아\n스텔라 아줌마도 말하면\n알아주실 거야{08}
S05:0:100	43	…{0d}…{0d}…レナ{0d}{0d}{0d}\nなにかたくらんでない……？{08}	…{0d}…{0d}…레나{0d}{0d}{0d}\n뭔가 꾸미는 거 아니지……?{08}
S05:0:101	46	お宝かぁ……\n体さえ動けば　取りにいけるのに…{08}	보물이라…… 몸만\n움직이면 가지러 갈 텐데…{08}
S05:0:102	54	どうせ　おいらなんて…\n一生　アンチの付き人なんス……{08}	어차피 저 같은 건…\n평생 안치 시중꾼이에요……{08}
S05:0:103	36	う　{0d}うわ～{0d}\nどうしたのよ　リック？{08}	으{0d} 우와～{0d}\n왜 그래 릭?{08}
S05:0:104	21	なにかあったのかなー{08}	무슨 일 있었나～{08}
S05:0:105	81	どうせ　おいらなんて…\nなにもしてないから　きっと\n学園も追い出されてしまうんス…{08}	어차피 저 같은 건…\n아무것도 안 했으니까 분명\n학원에서도 쫓겨날 거예요…{08}
S05:0:106	30	も　{0d}もう　やめなさいって……{08}	이{0d} 이제 그만하라니까……{08}
S05:0:107	29	みんな　なんかおかしいよな？{08}	다들 뭔가 이상하지?{08}
S05:0:108	33	ホント　どうしちゃったんだろう？{08}	정말 왜들 이러는 걸까?{08}
S05:0:109	27	もう　どうでもいいっス……{08}	이제 아무래도 좋아요……{08}
S05:0:110	56	どうして　あんたたちは\nひとの部屋に入ってくるんスか……{08}	왜 너희는\n남의 방에 들어오는 거예요……{08}
S05:0:111	80	{0d}{0d}……ちょっとリック　大丈夫？…\nまっ　{0d}末期症状だわ\nなんとかしてあげようか……{08}	{0d}{0d}……잠깐 릭 괜찮아?…\n마{0d} 말기 증상이네\n어떻게 좀 해 줄까……{08}
S05:0:112	29	うん……わたしも　そう思うな{08}	응……나도 그렇게 생각해{08}
S05:0:113	42	いいかげんにしないと\nゆるさないっスよ……{08}	적당히 안 하면\n용서 안 해요……{08}
S05:0:114	72	あんたたち……{0d}{0d}{0d}\nもしかして　おいらのことを\nおちょくってるっスか……？{08}	너희……{0d}{0d}{0d}\n혹시 저를\n놀리는 거예요……?{08}
S05:0:115	108	この霧のせいなのかな……\nアンチとリックの様子が変なんだ{08}\n{0c}２人とも　普段と逆の人格に\nなっちゃったみたいだよ{08}	이 안개 때문일까……\n안치랑 릭 상태가 이상해{08}\n{0c}둘 다 평소와 반대\n인격이 된 것 같아{08}
S05:0:116	21	クールは大丈夫なの？{08}	쿨은 괜찮아?{08}
S05:0:117	19	さあ　どうかな……{08}	글쎄 어떨까……{08}
S05:0:118	85	君らは　いつもマイペースだな\n実はぼくも少し落ち込んでいるんだ\n気分もすぐれなくて……{08}	너희는 늘 마이페이스구나\n실은 나도 좀 우울해\n기분도 별로고……{08}
S05:0:119	38	そお？\nそんなふうには　見えないけど…{08}	그래?\n그렇게 안 보이는데…{08}
S05:0:120	52	やっぱり　みんなこの霧で\nおかしくなっちゃったんだよ{08}	역시 다들 이 안개 때문에\n이상해진 거야{08}
S05:0:121	57	はぁ……{0d}{0d}\nわるいけど　しばらく\nほっといてくれないかい？{08}	하아……{0d}{0d}\n미안하지만 잠깐\n내버려 둬 줄래?{08}
S05:0:122	79	２人とも怒ったり静かになったり\n感情の変化がはげしいんだよ\nなにかあったのかい？{08}	둘 다 화냈다 조용해졌다\n감정 기복이 심해\n무슨 일 있었어?{08}
S05:0:123	29	なんで　わたしたちに聞くの？{08}	왜 우리한테 물어?{08}
S05:0:124	31	いつも話題の中心にいるからだよ{08}	늘 화제의 중심에 있으니까{08}
S05:0:125	34	う　{0d}うれしいこといってくれるわぁ{08}	기{0d} 기쁜 말을 해 주네～{08}
S05:0:126	33	みんな　どうしちまったのかな…？{08}	다들 어떻게 된 걸까…?{08}
S05:0:127	50	どうせまた　君たちが\n解決してくれるんだろうけどさ{08}	어차피 또 너희가\n해결해 주겠지만{08}
S05:0:128	54	やだな～　クールったら\nなにか　かんちがいしてるわよ～{08}	싫다～ 쿨도 참\n뭔가 착각하고 있어～{08}
S05:0:129	42	２人とも\nよくそこまで　声をあわせられるね{08}	둘 다\n용케 그렇게 목소리를 맞추네{08}
S05:0:130	50	君たち　変な霧がでてきたから\n外に出ない方がいいよ{08}	너희 이상한 안개가 꼈으니\n밖에 안 나가는 게 좋아{08}
S05:0:131	52	ああ　腹がへらないなんて\n病気になったみたいだぜ……{08}	아아 배가 안 고프다니\n병에 걸린 것 같아……{08}
S05:0:132	79	どうやら　この霧は\nオバケのせいじゃないかって\nステラおばさんがいってたけど……{08}	아무래도 이 안개는\n유령 짓이 아닐까 하고\n스텔라 아줌마가 그랬는데……{08}
S05:0:133	48	はぁ……{0d}{0d}もう　全てが\nどうでもよくなってきた…{08}	하아……{0d}{0d}이제 모든 게\n아무래도 좋아졌어…{08}
S05:0:134	27	なんだ　さっきのゆれは！？{08}	뭐야 방금 흔들림은!?{08}
S05:0:135	48	やっぱり　ステラおばさんの\n料理は　サイコーだぜ{08}	역시 스텔라 아줌마\n요리는 최고야{08}
S05:0:136	63	あ～あ　イェンなんか\nどうでもよくなったなぁ\n家に帰ろうかな……{08}	아～아 옌 따위\n아무래도 좋아졌어\n집에 갈까……{08}
S05:0:137	29	どうせ　おれはイジケ虫さ……{08}	어차피 난 찌질이야……{08}
S05:0:138	52	霧の中に　オバケがいるって？\nまあ　いいんじゃない？{08}	안개 속에 유령이 있다고?\n뭐 괜찮지 않아?{08}
S05:0:139	27	オバケでも　見にいこうかな{08}	유령이나 보러 갈까{08}
S05:0:140	66	待っていてください　イアソン先生\n今からオレも　お供にまいります！{08}	기다려 주십시오 이아손 선생님\n지금 저도 모시러 가겠습니다!{08}
S05:0:141	61	でも　{0d}……イヤな予感がするなぁ\nやっぱり君たちに　まかせるよ{08}	그래도 {0d}……불길한 예감이 들어\n역시 너희한테 맡길게{08}
S05:0:142	44	すごい霧だねぇ\nさて　ちょっと早いけど寝るか{08}	엄청난 안개다\n자 좀 이르지만 잘까{08}
S05:0:143	21	じゃあね　おやすみ…{08}	그럼 잘 자…{08}
S05:0:144	40	オバケが出たら\n君たちがやっつけてくれよ{08}	유령이 나오면\n너희가 해치워 줘{08}
S05:0:145	15	後はまかせたよ{08}	뒷일은 맡길게{08}
S05:0:146	52	さっきから　アンチが\nお宝　お宝ってさわいでるんだよ{08}	아까부터 안치가\n보물 보물 하고 난리야{08}
S05:0:147	46	こんな　霧の中に\nお宝なんてどこにあるんだろう{08}	이런 안개 속에\n보물이 어디 있다는 걸까{08}
S05:0:148	48	レ　{0d}レイラさん？\nごっ　{0d}ご機嫌うるわしゅう……{08}	레{0d} 레이라 씨?\n아{0d} 안녕하시와요……{08}
S05:0:149	27	なによ　なっさけないわねぇ{08}	뭐야 한심하긴{08}
S05:0:150	52	こ　{0d}ここで\nそれ以上いったら\nタダじゃおかないよ……{08}	여{0d} 여기서\n더 말하면\n가만 안 둬……{08}
S05:0:151	74	あら　みなさん……{0d}\nこんな霧の日ですから\nお気をつけて　出歩いてくださいね{08}	어머 여러분……{0d}\n이런 안개 낀 날이니\n조심해서 다니세요{08}
S05:0:152	35	{0d}わ　{0d}わたし　部屋に帰って寝る……{08}	{0d}나{0d} 나 방에 가서 잘래……{08}
S05:0:153	50	どうしたの　セニア？\nなんか　動きが止まってるよ？{08}	왜 그래 세니아?\n뭔가 움직임이 멈췄어?{08}
S05:0:154	77	こんな日は　ふと\n人恋しくなりますわね……\nああ……　{0d}お母さま　{0d}お父さま……{08}	이런 날은 문득\n사람이 그리워지네요……\n아아…… {0d}어머니 {0d}아버지……{08}
S05:0:155	26	な　{0d}なんか調子くるうわね{08}	뭐{0d} 뭔가 페이스가 말리네{08}
S05:0:156	37	い　{0d}今のうちに　この前の\n仕返しを…{08}	지{0d} 지금이야말로 저번\n복수를…{08}
S05:0:157	46	やめた方がいいと思う……\n後のこと考えようよ～{08}	그만두는 게 좋을 거야……\n뒷일도 생각하자～{08}
S05:0:158	34	みなさん\nどうかなさったのですか？{08}	여러분\n무슨 일 있으세요?{08}
S05:0:159	102	わ　{0d}わたくし……\nオバケだけは苦手ですの{08}\nお願い　レナさん　セニアさん\nなんとかしてくださいませんか？{08}	저{0d} 저……\n유령만은 무서워요{08}\n부탁해요 레나 씨 세니아 씨\n어떻게 좀 해 주시겠어요?{08}
S05:0:160	39	も　{0d}もうダメ……\nエリーにまかせた……{08}	이{0d} 이제 안 돼……\n엘리한테 맡길게……{08}
S05:0:161	65	はい　レイラさん\nわたしたちが退治してきますから\n安心してください{08}	네 레이라 씨\n저희가 퇴치하고 올 테니\n안심하세요{08}
S05:0:162	29	やっぱり　エリーってすごいや{08}	역시 엘리는 대단해{08}
S05:0:163	79	わたくし　子供のころから\nオバケだけは苦手なのですわ\nああ　考えただけで熱が……{08}	저 어릴 적부터\n유령만은 무서웠어요\n아아 생각만 해도 열이……{08}
S05:0:164	27	大丈夫ですか　レイラさん？{08}	괜찮아요 레이라 씨?{08}
S05:0:165	44	けど　うわさをかぎつける\n能力はおちないのね{08}	그래도 소문 냄새 맡는\n능력은 안 떨어지네{08}
S05:0:166	48	なーっ？　だから\nこいつは　フツウじゃないんだよ{08}	그치～? 그러니까\n얘는 보통이 아니라니까{08}
S05:0:167	33	ああ…{0d}{0d}なぜか　せつないですわ…{08}	아아…{0d}{0d}왠지 애틋해요…{08}
S05:0:168	37	ア　{0d}アタシ…{0d}{0d}\n気分悪くなってきた…{08}	나{0d} 나…{0d}{0d}\n속이 안 좋아졌어…{08}
S05:0:169	79	ふふん　あなたたち……\nさっきの地震で　慌てて\nわたくしのところへきたのかしら？{08}	흐흥 당신들……\n아까 지진 때문에 허둥지둥\n저한테 온 건가요?{08}
S05:0:170	54	もしかして　さっきのショックで\n元に戻ったのかしら……{08}	혹시 아까 충격으로\n원래대로 돌아왔나……{08}
S05:0:171	24	も　{0d}元に戻ったんだ……{08}	원{0d} 원래대로 돌아왔어……{08}
S05:0:172	73	あら　みなさんで\nだんまりを決め込むなんて珍しい\nなんて不気味なんでしょう{08}	어머 다들\n입을 꾹 다물다니 별일이네\n어쩜 이리 으스스할까{08}
S05:0:173	42	元に戻ったんだから\nふつう　喜ぶところよね{08}	원래대로 돌아왔으니\n보통 기뻐할 일이지{08}
S05:0:174	17	……ふつうならね{08}	……보통이라면{08}
S05:0:175	46	……なんですの？\nボソボソと気持ち悪いですこと{08}	……뭔가요?\n소곤소곤 기분 나쁘게{08}
S05:0:176	36	う～ん{0d}{0d}\nなんていえばいいんだろ……{08}	으～음{0d}{0d}\n뭐라고 해야 하지……{08}
S05:0:177	56	ふんっ　どうせよからぬ\nことでも　話しているのでしょう？{08}	흥 어차피 좋지 않은\n얘기라도 하는 거겠죠?{08}
S05:0:178	50	ちょっと　この霧なによ\nいいかげんにしてほしいわね{08}	잠깐 이 안개 뭐야\n적당히 좀 했으면 좋겠네{08}
S05:0:179	54	もう　うっとうしいわねっ\nなんとか　ならないのかしら？{08}	정말 답답하다\n어떻게 좀 안 되나?{08}
S05:0:180	71	オバケくらいでおびえないでよね\nわたしなんか\nなにがきても平気なんだから{08}	유령 정도로 겁먹지 마\n나 같은 건\n뭐가 와도 멀쩡하니까{08}
S05:0:181	33	オバケ退治にでも　いこうかしら？{08}	유령 퇴치라도 가 볼까?{08}
S05:0:182	60	あのくらいの地震　なんともないわ\nあなたたちは　どうだった？{08}	그 정도 지진 아무렇지도 않아\n너희는 어땠어?{08}
S05:0:183	48	でも　ホントは……{0d}{0d}\nちょっとだけ　驚いちゃった{08}	그래도 사실은……{0d}{0d}\n조금 놀랐어{08}
S05:0:184	65	なんだか恐いわ……\nだれか　わたしの\nそばにいてくれないかしら……{08}	왠지 무서워……\n누가 내\n곁에 있어 주지 않을까……{08}
S05:0:185	19	すごく心細いの……{08}	너무 불안해……{08}
S05:0:186	44	こんなとき　ブラウンさんが\nいてくれたら……{08}	이럴 때 브라운 씨가\n있어 준다면……{08}
S05:0:187	38	ブラウンさん……\nそばにいてほしい……{08}	브라운 씨……\n곁에 있어 줬으면……{08}
S05:0:188	45	わ　{0d}わたしたち\nどうなってしまうのかしら……{08}	우{0d} 우리\n어떻게 되는 걸까……{08}
S05:0:189	56	あぁ…　もうだめだわ…\nせめて　ブラウンさんだけには……{08}	아아… 이제 틀렸어…\n적어도 브라운 씨만은……{08}
S05:0:190	85	レイラの様子がおかしいの……{0d}{0d}\nあんなに　やさしくされちゃあ\n仕返しもできないわよ……{08}	레이라 상태가 이상해……{0d}{0d}\n저렇게 다정하게 나오면\n복수도 못 하잖아……{08}
S05:0:191	43	でも……{0d}{0d}{0d}\nいつも　ああだったらいいのに…{08}	그래도……{0d}{0d}{0d}\n늘 저러면 좋을 텐데…{08}
S05:0:192	54	レイラの弱点はオバケ\nよし　ちゃんとメモしておかなきゃ{08}	레이라의 약점은 유령\n좋아 제대로 메모해 둬야지{08}
S05:0:193	27	でも…　なぜかむなしいわ…{08}	그래도… 왠지 허무해…{08}
S05:0:194	51	レイラが……　{0d}{0d}レイラが……{0d}\nもとにもどっちゃった{08}	레이라가…… {0d}{0d}레이라가……{0d}\n원래대로 돌아왔어{08}
S05:0:195	23	ちょっと　ザンネンね…{08}	좀 아쉽네…{08}
S05:1:0	86	まったく………{0d}{0d}{0d}\nイアソン先生のいったとおりだな{08}\nおまえらっ\nここから先はいかせんぞ！{08}	정말이지………{0d}{0d}{0d}\n이아손 선생님 말씀대로군{08}\n너희\n여기서부턴 못 간다!{08}
S05:1:1	126	あら　ブレードじゃないの？{0d}{0d}\nちょうどよかったわ曖{08}\nこれから　スカルアイランドに\nいくところなんだけど\nどう？　一緒にいかない？{08}	어머 블레이드 아냐?{0d}{0d}\n마침 잘됐다♥{08}\n지금 스컬 아일랜드에\n가려던 참인데\n어때? 같이 안 갈래?{08}
S05:1:2	32	な……　{0d}なに？{0d}{0d}{0d}\nう～む………{08}	뭐…… {0d}뭐라고?{0d}{0d}{0d}\n으～음………{08}
S05:1:3	108	オ　オレはイアソン先生に\nおまえたちを見張っていろと\nもうしつかっているんだ！！{08}\n{0c}だから　勝手なマネは許さん{08}	나 나는 이아손 선생님께\n너희를 감시하라는\n명령을 받았다!!{08}\n{0c}그러니 멋대로 굴게 두진 않아{08}
S05:1:4	72	ふ～ん………{0d}{0d}そう………{0d}{0d}{0d}\nまあいいわ　とにかくあんたも\n一緒にいくのよ{08}	흐응………{0d}{0d}그래………{0d}{0d}{0d}\n뭐 좋아 아무튼 너도\n같이 가는 거야{08}
S05:1:5	33	だから　どうしてそうなるんだ！？{08}	그러니까 왜 그렇게 되냐!?{08}
S05:1:6	148	まったく　イチイチうるさい男ねぇ{0d}{0d}\nそんな細かいこと\nどうだっていいじゃないの{08}\n{0c}それに　イアソン先生は\nわたしたちを見張っていろって\nいったんでしょ？{08}	정말 일일이 시끄러운 남자네{0d}{0d}\n그런 자잘한 건\n아무래도 좋잖아{08}\n{0c}게다가 이아손 선생님은\n우리를 감시하라고\n했다며?{08}
S05:1:7	7	そうだ{08}	그렇다{08}
S05:1:8	58	でも　スカルアイランドに\n近づけるなとは　いってないでしょ{08}	그래도 스컬 아일랜드에\n못 가게 하란 말은 안 했잖아{08}
S05:1:9	56	うっ　{0d}た　{0d}たしかに………\nいわれてみればそうだが………{08}	윽 {0d}화 {0d}확실히………\n듣고 보니 그렇다만………{08}
S05:1:10	180	これで決まりねっ曖\nブレードも　わたしたちを見張る\nために　スカルアイランドへいく{08}\n別に　イアソン先生のいいつけを\n守ってないわけじゃないんだし{0d}{0d}{0d}\nどう　{0d}{0d}これでもなにかモンクある？{08}	그럼 결정이네♥\n블레이드도 우리를 감시하려고\n스컬 아일랜드에 가는 거야{08}\n딱히 이아손 선생님 분부를\n안 지키는 것도 아니고{0d}{0d}{0d}\n어때 {0d}{0d}이래도 불만 있어?{08}
S05:1:11	44	い　{0d}いや………{0d}だが　{0d}しかし\n{0d}う～む………{08}	아{0d} 아니………{0d}그래도 {0d}하지만\n{0d}으～음………{08}
S05:1:12	60	ねぇ　ブレードも一緒にいこうよ\nわたしたちだけじゃ心細いし…{08}	있잖아 블레이드도 같이 가자\n우리만으론 불안하고…{08}
S05:1:13	40	どうするの？\nエリーも　ああいってるわよ{08}	어쩔 거야?\n엘리도 저렇게 말하잖아{08}
S05:1:14	45	な　{0d}なんだ　今の地震は？\nただ事じゃないぞ！{08}	뭐{0d} 뭐냐 방금 지진은?\n보통 일이 아니다!{08}
S05:1:15	158	ほ～ら　みなさい\nあんたがグズグズしているから\nこんなことになるのよ{08}\n{0c}まったく　にえきらない男ねぇ\nあんたも真の男を目指すなら\nもうちょっと　ハッキリしなさいよ{08}	거 봐\n네가 꾸물대니까\n이렇게 되는 거야{08}\n{0c}정말 우유부단한 남자네\n너도 진정한 사나이를 노린다면\n좀 더 확실히 해{08}
S05:1:16	9	うっ……{08}	윽……{08}
S05:1:17	91	ホント　情けないわねぇ…{0d}{0d}{08}\nいいこと？　ブレード\n学園の平和は　わたしたちの手で\n守るのよ！{08}	정말 한심하다…{0d}{0d}{08}\n알겠어? 블레이드\n학원의 평화는 우리 손으로\n지키는 거야!{08}
S05:1:18	90	た　{0d}確かにそのとおりだ！\n…{0d}{0d}なんかひっかかるモノはあるが\nいいだろう　オレも一緒にいこう{08}	화{0d} 확실히 그 말대로다!\n…{0d}{0d}뭔가 걸리는 게 있지만\n좋다 나도 같이 가지{08}
S05:1:19	40	ふぅ………\nこいつが　単純でよかったわぁ{08}	후우………\n얘가 단순해서 다행이다{08}
S05:1:20	23	ん？　なにかいったか？{08}	응? 뭐라고 했냐?{08}
S05:1:21	11	べつにぃ～{08}	별로～{08}
S05:1:22	42	それにしても……\nハデにやったものよねぇ～{08}	그나저나……\n요란하게도 했네～{08}
S05:1:23	43	な　{0d}なんだよレナ\nなにが　いいたいんだ！？{08}	뭐{0d} 뭐야 레나\n뭐가 하고 싶은 말인데!?{08}
S05:1:24	75	セニアに　もうちょっと\n力の加減ができれば\nこんなことには　ならなかったのに{08}	세니아가 좀만 더\n힘 조절을 했으면\n이렇게 안 됐을 텐데{08}
S05:1:25	59	なんだとーっ\nそれじゃあ　全部アタシの\nせいみたいじゃないか{08}	뭐라고～\n그럼 전부 내\n탓 같잖아{08}
S05:1:26	32	せいみたいじゃなくて\nそうなのよ{08}	탓 같은 게 아니라\n탓이야{08}
S05:1:27	14	コ　{0d}コイツ～{08}	이{0d} 이게～{08}
S05:1:28	23	やめなよ　２人とも……{08}	그만해 둘 다……{08}
S05:1:29	79	まっ　いいわ\nしばらくは　寮でがまんしましょう\nあそこは　料理がおいしいからね曖{08}	뭐 됐어\n당분간은 기숙사에서 참자\n거긴 요리가 맛있으니까♥{08}
S05:1:30	11	ふんだっ！{08}	흥!{08}
S05:1:31	30	うわぁ～\nなんなのよ　これは？{08}	우와～\n뭐야 이건?{08}
S05:1:32	40	アタシ　こんなスゴイ\n霧　はじめてみたよ{08}	나 이렇게 엄청난\n안개는 처음 봐{08}
S05:1:33	27	イェンの町が　霧だらけだね{08}	옌 마을이 안개투성이네{08}
S05:1:34	83	う～ん……{0d}{0d}そうだ！\n学園塔なら　この霧についての\n情報が集まってるかもしれないわね{08}	으～음……{0d}{0d}그래!\n학원탑이라면 이 안개에 대한\n정보가 모여 있을지도 몰라{08}
S05:1:35	36	そうだね\nそれじゃあ　いってみようか{08}	그렇겠다\n그럼 가 볼까{08}
S05:1:36	65	ちょっと　エリー\n今戻ったら　ステラおばさんに\nつかまっちゃうわよ{08}	잠깐 엘리\n지금 돌아가면 스텔라\n아줌마한테 붙잡힐 거야{08}
S05:1:37	35	どうしたの　レナ？早く寮に戻ろうよ\n	왜 그래 레나?\n빨리 기숙사 가자\n
S05:1:38	65	ねえ……{0d}{0d}\nちょっと　グレンおじいちゃんの\nところにいってみない？{08}	있잖아……{0d}{0d}\n잠깐 글렌 할아버지\n한테 가 보지 않을래?{08}
S05:1:39	11	どうして？{08}	왜?{08}
S05:1:40	71	だって　グレンおじいちゃんなら\nこの霧が　なんなのか知って\nそうじゃない{08}	그치만 글렌 할아버지라면\n이 안개가 뭔지 알 것\n같잖아{08}
S05:1:41	69	そうだよなぁ\nそれに　学園長のことも\n怒ってたみたいだし　気になるよな{08}	그렇지\n게다가 학원장님한테\n화내신 것 같던데 궁금하다{08}
S05:1:42	46	う～ん　そうだね……\nちょっと　いってみようか{08}	으～음 그러네……\n잠깐 가 볼까{08}
S05:2:0	15	やっぱりね……{08}	역시……{08}
S05:2:1	46	どうしたの　レナ？\nなんか　嬉しそうだよ……？{08}	왜 그래 레나?\n왠지 기뻐 보여……?{08}
S05:2:2	55	やっ　{0d}やぁねぇ　エリーったら…\nそんなことないわよぉ～{08}	시{0d} 싫다 엘리도 참…\n그렇지 않거든～{08}
S05:2:3	45	ホントに\nしょうがねぇ　ヤツだよなぁ\nレナって{08}	정말\n어쩔 수 없는 녀석이야\n레나는{08}
S05:2:4	29	セニアも　嬉しそうだけど……{08}	세니아도 기뻐 보이는데……{08}
S05:2:5	87	と　{0d}とにかく{08}\n{0c}なにを話しているのか\n見つからないように　こっそり\n聞きにいきましょうよ{08}	아{0d} 아무튼{08}\n{0c}무슨 얘기를 하는지\n들키지 않게 몰래\n들으러 가자{08}
S05:2:6	15	レナったら……{08}	레나도 참……{08}
S05:2:7	52	エリーだって　この霧が\nなんなのか　知りたいでしょ？{08}	엘리도 이 안개가\n뭔지 알고 싶잖아?{08}
S05:2:8	33	う～ん　知りたいとは思うけど……{08}	으～음 알고 싶긴 한데……{08}
S05:2:9	15	じゃあ決まりね{08}	그럼 결정이네{08}
S05:2:10	90	……この霧は　なにか危険な\n力を感じる……{08}\n{0c}グレン先生だけに\nおまかせするのは　やはり……{08}	……이 안개는 뭔가 위험한\n힘이 느껴진다……{08}\n{0c}글렌 선생님께만\n맡기는 건 역시……{08}
S05:2:11	83	学園長　仕方ありませんよ\n誰か１人でも先生が欠けてしまえば\n生徒たちは不安に思います{08}	학원장님 어쩔 수 없습니다\n선생님이 한 명이라도 빠지면\n학생들이 불안해합니다{08}
S05:2:12	121	学園長　グレン先生なら\nきっと　大丈夫ですわ{08}\n{0c}あの　お方以上の\n魔法力を　お持ちの方など\nそうそう　いらっしゃいませんもの{08}	학원장님 글렌 선생님이라면\n분명 괜찮으실 거예요{08}\n{0c}그분 이상의\n마법력을 가진 분은\n그리 흔치 않으니까요{08}
S05:2:13	75	たしかに　今は　グレン先生に\n頼るしか方法はないかもしれないが\nやはり………{08}	확실히 지금은 글렌 선생님께\n의지할 수밖에 없을지 모르지만\n역시………{08}
S05:2:14	23	ふぅ　やれやれ…………{08}	후우 이런 이런…………{08}
S05:2:15	73	あぁ　グレン先生……\nこの霧の正体が　なんなのか\nおわかりになりましたか？{08}	아아 글렌 선생님……\n이 안개의 정체가 뭔지\n알아내셨습니까?{08}
S05:2:16	5	うむ{08}	음{08}
S05:2:17	50	どうやら　幽霊海域に\nつかまってしまったようだわい{08}	아무래도 유령 해역에\n붙잡혀 버린 모양일세{08}
S05:2:18	21	……と申されますと？{08}	……라고 하시면?{08}
S05:2:19	40	まさか………{0d}\nスカルアイランド{0d}ですか？{08}	설마………{0d}\n스컬 아일랜드{0d}입니까?{08}
S05:2:20	83	スカルアイランドですと！\nでもあの島は　強力な結界によって\n封印されてるはずでは……{08}	스컬 아일랜드라니!\n하지만 그 섬은 강력한 결계로\n봉인돼 있을 텐데……{08}
S05:2:21	140	そのとおりじゃ…{0d}{0d}{08}\nじゃが　封印が解けた証拠に\nイェンは　スカルアイランドの\n霧によって　引きよせられておる{08}\n{0c}早いとこ手を打たねばならんのぉ{08}	그렇다네…{0d}{0d}{08}\n하지만 봉인이 풀렸다는 증거로\n옌은 스컬 아일랜드의\n안개에 끌려가고 있네{08}\n{0c}서둘러 손을 써야겠구먼{08}
S05:2:22	58	まいったなぁ　このままいくと\nイェンごと　取り込まれますね{08}	난처하군요 이대로 가면\n옌째로 삼켜지겠어요{08}
S05:2:23	11	う～む……{08}	으～음……{08}
S05:2:24	34	では　グレン先生{0d}　どうすれば……{08}	그럼 글렌 선생님{0d}\n어떻게 하면……{08}
S05:2:25	81	この大バカものっ！！\nおまえが　ここの責任者じゃろう！\n自分たちで　なんとかせい！{08}	이 바보 같으니!!\n자네가 여기 책임자 아닌가!\n자네들이 어떻게든 하게!{08}
S05:2:26	14	は　{0d}はぁ……{08}	네{0d} 네……{08}
S05:2:27	94	とにかくじゃ\nなぜ　スカルアイランドの封印が\n解けてしまったのか…{08}\n{0c}その　原因を探ることじゃな{08}	아무튼\n왜 스컬 아일랜드의 봉인이\n풀렸는지…{08}\n{0c}그 원인을 알아내는 걸세{08}
S05:2:28	164	しかし　よりによって\nスカルアイランドとは……{0d}{0d}\nやっかいなことに　なりましたね{08}\n……{0d}そうだ！　学園長\nこれはもしかして　あのバルア\nとかいうモノの　しわざでは……？{08}	그나저나 하필이면\n스컬 아일랜드라니……{0d}{0d}\n골치 아프게 됐군요{08}\n……{0d}그렇지! 학원장님\n이건 혹시 그 바르아라는\n자의 짓이 아닐까요……?{08}
S05:2:29	50	んん～　こしゃくなヤツめぇ～\n成敗してくれるわーっ{08}	으으～ 괘씸한 녀석～\n처단해 주마～{08}
S05:2:30	41	イ　{0d}イアソン先生\n落ち着いてください……{08}	이{0d} 이아손 선생님\n진정하세요……{08}
S05:2:31	12	…{0d}…{0d}…{0d}…{08}	…{0d}…{0d}…{0d}…{08}
S05:2:32	19	あの～　学園長ぉ…{08}	저어～ 학원장님…{08}
S05:2:33	32	はい？\nなんですか　ダディス先生{08}	네?\n무슨 일이오 다디스 선생{08}
S05:2:34	42	これは～……{0d}{0d}\nなんの集まりじゃったかな？{08}	이건～……{0d}{0d}\n무슨 모임이었지?{08}
S05:2:35	13	…{0d}…{0d}…{0d}…{0d}{08}	…{0d}…{0d}…{0d}…{0d}{08}
S05:2:36	109	なかなか　話が進まないのう……{08}\nでは　わしが実験と調査をかねて\nその　スカルアイランドとかに\n乗り込めばよいな{08}	좀처럼 얘기가 진척이 없군……{08}\n그럼 내가 실험과 조사를 겸해\n그 스컬 아일랜드인가에\n쳐들어가면 되겠지{08}
S05:2:37	74	{0d}……ごほん\nケント先生　そのあたりのことも\nこれから　煮詰めていきましょう{08}	{0d}……크흠\n켄트 선생 그런 것도\n지금부터 정리해 봅시다{08}
S05:2:38	15	まずは…………{08}	우선은…………{08}
S05:2:39	26	ねぇねぇ\n聞いた？　今の話{08}	있잖아 있잖아\n들었어? 방금 얘기{08}
S05:2:40	51	うん\nなんか　幽霊海域だとか\nスゴイことになってるね{08}	응\n유령 해역이라나\n엄청난 일이 됐네{08}
S05:2:41	69	アタシは　あんまり\n難しいことは　わかんないけど\nおもしろそうじゃんか{08}	나는 별로\n어려운 건 모르겠지만\n재밌겠는데{08}
S05:2:42	55	そうねぇ…\nスカルアイランドって\nどんなとこなのかしら？{08}	그러게…\n스컬 아일랜드는\n어떤 곳일까?{08}
S05:2:43	17	だめだよ　レナ！{08}	안 돼 레나!{08}
S05:2:44	26	なっ　{0d}なにかしらエリー？{08}	뭐{0d} 뭐가 엘리?{08}
S05:2:45	44	スカルアイランドに\nいこうとしているでしょ？{08}	스컬 아일랜드에\n가려는 거지?{08}
S05:2:46	27	そんなこと　{0d}{0d}ないわよ……{08}	그런 거 {0d}{0d}아니야……{08}
S05:2:47	9	本当に？{08}	정말?{08}
S05:2:48	61	やっ　{0d}やぁねぇ～　エリーったら…\nあはっ　あははははは………{08}	시{0d} 싫다～ 엘리도 참…\n아하 아하하하하………{08}
S05:2:49	13	………………{08}	………………{08}
S05:2:50	99	それよりもさぁ\nそろそろ寮に戻ろうよ{08}\nこんなとこにいるのがバレたら\nアタシたち　また　怒られちゃうよ{08}	그보다\n슬슬 기숙사에 돌아가자{08}\n이런 데 있는 거 들키면\n우리 또 혼난다고{08}
S05:2:51	32	そっ　{0d}そうね　そうしましょうか{08}	그{0d} 그래 그러자{08}
S05:2:52	34	ナイス　セニア！\n助かったわぁ……{08}	나이스 세니아!\n살았다……{08}
S05:2:53	13	…{0d}…{0d}…{0d}…{0d}{08}	…{0d}…{0d}…{0d}…{0d}{08}
S05:2:54	140	もうしわけありませんが　みなさん\nわたくしは　今\n生徒会の役員という立場なんです{08}\nですから　関係者以外の方を\nお通しするわけには　まいりません{08}	죄송하지만 여러분\n저는 지금\n학생회 임원이라는 입장이에요{08}\n그러니 관계자 외에는\n들여보내 드릴 수 없어요{08}
S05:2:55	31	ごくろうさまです　エルノラさん{08}	수고하세요 엘노라 씨{08}
S05:2:56	38	エルノラさんにいわれると\n弱いわぁ……{08}	엘노라 씨가 그러면\n약하단 말이야……{08}
S05:2:57	42	どうしても\nわかっていただけませんか……？{08}	아무래도 이해해\n주시지 않는 건가요……?{08}
S05:2:58	70	わ　{0d}わかってま～す\nエルノラさん　大変そうだなーって\n思っただけで～す{08}	아{0d} 알고 있어요～\n엘노라 씨 힘드시겠다～\n생각한 것뿐이에요～{08}
S05:2:59	44	ありがとうございます\nご協力を感謝いたします{08}	고맙습니다\n협조에 감사드려요{08}
S05:2:60	56	………そこをどいてくださいなんて\n口がさけてもいえないわ{08}	………거기 비켜 달라고는\n입이 찢어져도 못 하겠어{08}
S05:2:61	75	もうしわけありませんが\n連絡があるまで　寮に戻って\nしばらく　お待ちください{08}	죄송하지만\n연락이 있을 때까지 기숙사에서\n잠시 기다려 주세요{08}
S05:2:62	136	エリーくん　ぼくの立場を\nどうか　わかってほしい……{08}\nん？　なんだい　君たちは！\nここは　関係者以外立入り禁止だ！\n早く寮に戻りたまえっ！{08}	엘리 군 내 입장을\n부디 이해해 줘……{08}\n응? 뭐냐 너희는!\n여긴 관계자 외 출입 금지다!\n얼른 기숙사에 돌아가!{08}
S05:2:63	59	はいはい　わかりましたよ……\nさっ　いくわよ\nエリー　セニア{08}	네네 알았어요……\n자 가자\n엘리 세니아{08}
S05:2:64	48	エリーくん　君からも\nなんとかいってくれないか？{08}	엘리 군 너도\n뭐라고 좀 해 주지 않겠니?{08}
S05:2:65	23	わかりました　会長さん{08}	알겠어요 회장님{08}
S05:2:66	51	ほら　会長さんもこまってるし\n寮に戻ろうよ　{0d}ねっ？{08}	봐 회장님도 곤란해하시잖아\n기숙사에 돌아가자 {0d}응?{08}
S05:2:67	94	エリーがいうんじゃあ\nしょうがないわねぇ……{08}\n{0c}まっ　今回はエリーにめんじて\n寮に戻ってあげるわ{08}	엘리가 그러면\n어쩔 수 없지……{08}\n{0c}뭐 이번엔 엘리를 봐서\n기숙사에 돌아가 줄게{08}
S05:2:68	7	………{08}	………{08}
S05:2:69	52	できれば　ここにいるのは\nやめてほしいんですが……？{08}	가능하면 여기 있는 건\n삼가 주셨으면 하는데요……?{08}
S05:2:70	56	後で連絡があると思うから\nそれまで　寮で待機しているんだ{08}	나중에 연락이 있을 테니\n그때까지 기숙사에서 대기해{08}
S05:2:71	34	君たちが\nいま知る必要はないよ……{08}	너희가\n지금 알 필요는 없어……{08}
S05:2:72	21	はやく　寮に戻るんだ{08}	얼른 기숙사에 돌아가{08}
S05:2:73	31	みんな島の調査にいってるよ……{08}	다들 섬 조사하러 갔어……{08}
S05:2:74	40	きっと　先生たちが\nなんとかしてくれるよ{08}	분명 선생님들이\n어떻게든 해 주실 거야{08}
S05:2:75	25	どうしたんだい　君たち？{08}	왜 그러니 너희?{08}
S05:2:76	56	おまえたち……　{0d}{0d}聞くが\nわしはどこに帰ったらいいのだ？{08}	너희…… {0d}{0d}묻겠는데\n나는 어디로 돌아가면 되냐?{08}
S05:2:77	44	先生　ゴメン\nアタシたち　反省してるからさぁ{08}	선생님 미안해요\n우리 반성하고 있으니까{08}
S05:2:78	36	バカねぇ　セニア\nここは逃げの一手よ{08}	바보 세니아\n여긴 도망치는 게 수야{08}
S05:2:79	55	やだなぁ～\n先生は　ここに住んでたんじゃ\nないですかぁー{08}	싫다～\n선생님은 여기 사셨잖아요～{08}
S05:2:80	73	はて？　そうじゃったか……？\nいわれてみると\nそうだったような気がする……{08}	글쎄? 그랬던가……?\n듣고 보니\n그랬던 것도 같다……{08}
S05:2:81	30	そ　{0d}そうだよ　ダディス先生！{08}	그{0d} 그래요 다디스 선생님!{08}
S05:2:82	11	うーん……{08}	으음……{08}
S05:2:83	31	なにか　ちがう気がするのぉ……{08}	뭔가 다른 것 같은데……{08}
S05:2:84	7	ギクッ{08}	뜨끔{08}
S05:2:85	34	はて？\nここは　どこじゃったっけ？{08}	글쎄?\n여기가 어디였더라?{08}
S05:2:86	61	あれ？\n学園長は　スカルアイランドに\nいかなくていいんですか？{08}	어라?\n학원장님은 스컬 아일랜드에\n안 가셔도 돼요?{08}
S05:2:87	159	スカルアイランドには\nイアソン先生たちに　調査隊として\nいってもらうことにした…{08}\n{0d}{0d}{0d}それよりも　なぜ　君たちが\nそのことを知っているんだ？{0d}\n答えたまえ　レナくん{08}	스컬 아일랜드에는\n이아손 선생님들께 조사대로\n가 달라고 했다…{08}\n{0d}{0d}{0d}그보다 왜 너희가\n그걸 알고 있는 거냐?{0d}\n대답하거라 레나 군{08}
S05:2:88	65	そ　{0d}それは………{0d}{0d}\nもちろん……{0d}\nわたしと学園長の仲だからです曖{08}	그{0d} 그건………{0d}{0d}\n물론……{0d}\n저랑 학원장님 사이니까요♥{08}
S05:2:89	34	ほう…　{0d}それはどんな仲なんだね？{08}	호오… {0d}그게 어떤 사이냐?{08}
S05:2:90	54	え　{0d}え～と　そのぉ……{0d}{0d}{0d}\nふぇ～ん　ゴメンなさぁ～い{08}	어{0d} 음 그게……{0d}{0d}{0d}\n흐아앙 죄송해요～{08}
S05:2:91	107	わかればよろしい{0d}{0d}\nで　{0d}どうしてそのことを\n知っているのかね{08}\n根本的な問題の解決には\nなっていないのだが……{08}	알면 됐다{0d}{0d}\n그래서 {0d}왜 그걸\n알고 있는 거냐{08}\n근본적인 문제는\n해결이 안 됐다만……{08}
S05:2:92	5	うっ{08}	윽{08}
S05:2:93	76	そ　{0d}それよりも　学園長こそ\nどうして　スカルアイランドに\nいかないんですか？{08}	그{0d} 그보다 학원장님이야말로\n왜 스컬 아일랜드에\n안 가세요?{08}
S05:2:94	77	あ～　もしかしてぇ{0d}…{0d}…{0d}…{0d}\n学園長ってば　ホントは\nオバケが恐いのかしらぁ？{08}	아～ 혹시{0d}…{0d}…{0d}…{0d}\n학원장님은 사실\n유령이 무서우신 걸까～?{08}
S05:2:95	186	ば　{0d}ばかなことをいうんじゃない！\n私はイェンの学園長だぞ！\nオバケなんて　恐いわけないだろう{08}\nそれに　私までもがいなくなったら\nだれが　イェンを守るのだ？\n私はイェンを守るためにだなぁ……{08}	바{0d} 바보 같은 소리 마라!\n나는 옌의 학원장이다!\n유령 따위 무서울 리 없지{08}\n게다가 나까지 없어지면\n누가 옌을 지키겠냐? 나는\n옌을 지키기 위해서 말이다……{08}
S05:2:96	107	学園長　もう　十分わかりましたわ{08}\n学園長は　涙を飲んで\nわたしたちの　ために……\n残ってくださったのですね？{08}	학원장님 이제 충분히 알았어요{08}\n학원장님은 눈물을 삼키고\n저희를 위해……\n남아 주신 거죠?{08}
S05:2:97	22	う　{0d}うむ　そうだ……{08}	으{0d} 음 그렇다……{08}
S05:2:98	139	ま　{0d}まあ　わかればよろしい…\nいろいろ　聞きたいことはあったが\n今回は大目に見よう……{08}\n早く寮に戻りなさい\nステラおばさんも　心配しているぞ{08}	뭐{0d} 뭐 알면 됐다…\n여러 가지 묻고 싶었지만\n이번엔 봐주마……{08}\n얼른 기숙사에 돌아가거라\n스텔라 아줌마도 걱정하신다{08}
S05:2:99	25	はぁ～い　わかりましたぁ{08}	네～ 알겠어요～{08}
S05:2:100	148	べ　{0d}べつに幽霊が恐くて\nスカルアイランドに\nいかないんじゃないぞ！{08}\n私がいなくなると　イェンを\n守るひとがいなくなってしまうから\nしかたなくだなぁ……{08}	따{0d} 딱히 유령이 무서워서\n스컬 아일랜드에\n안 가는 게 아니다!{08}\n내가 없어지면 옌을\n지킬 사람이 없어지니까\n어쩔 수 없이 말이다……{08}
S05:2:101	7	へぇ～{08}	헤에～{08}
S05:2:102	41	なっ　{0d}なんだね\nその　疑いのまなざしは？{08}	뭐{0d} 뭐냐\n그 의심의 눈초리는?{08}
S05:2:103	52	べっつにぃ　わたしは\nなにも　いっていませんけど～ぉ{08}	별로～ 저는\n아무 말도 안 했는데요～{08}
S05:2:104	13	…{0d}…{0d}…{0d}…{0d}{08}	…{0d}…{0d}…{0d}…{0d}{08}
S05:2:105	23	はやく　寮に戻りたまえ{08}	얼른 기숙사에 돌아가거라{08}
S05:2:106	122	そうだ\nちょっと待ちたまえ　君たち{08}\n帰る途中で　なにが起こるか\nわからないから　自分の身を守る\nための　合体魔法を認定しよう{08}	그렇지\n잠깐 기다려라 너희{08}\n돌아가는 길에 무슨 일이\n생길지 모르니 몸을 지킬\n합체 마법을 인정해 주마{08}
S05:2:107	40	エリーとレナは\nマジカルチャームを覚えた{08}	엘리와 레나는\n매지컬참을 익혔다{08}
S05:2:108	42	エリーとレナは\nラブリーチアガールを覚えた{08}	엘리와 레나는\n러블리치어걸을 익혔다{08}
S05:2:109	34	レナとセニアは\nレンズレイを覚えた{08}	레나와 세니아는\n렌즈레이를 익혔다{08}
S05:2:110	44	エリーとブレードは\nブレードダビングを覚えた{08}	엘리와 블레이드는\n블레이드다이빙을 익혔다{08}
S05:2:111	44	セニアとブレードは\nマジカルプリズムを覚えた{08}	세니아와 블레이드는\n매지컬프리즘을 익혔다{08}
S05:2:112	42	学園長なら　他の先生たちと\n下で会議中だよ{08}	학원장님이라면 다른 선생님들과\n아래에서 회의 중이야{08}
S05:2:113	36	君たちは\nどうしてここにいるんだい？{08}	너희는\n왜 여기 있는 거니?{08}
S05:2:114	29	寮に　戻っていたほうがいいよ{08}	기숙사에 돌아가 있는 게 좋아{08}
S05:3:0	65	ふんっ　おまえたち\nもしかして　この霧が恐いんだろ？\nだから………{08}	흥 너희\n혹시 이 안개가 무섭지?\n그래서………{08}
S05:3:1	107	なに　チョーシにのってんのよ\nこの　スカタン！！{08}\n{0c}あんたなんかより\nわたしたちの方が　よっぽど\n強いわよ！！{08}	뭘 까불고 있어\n이 멍청이!!{08}\n{0c}너 따위보다\n우리가 훨씬\n세거든!!{08}
S05:3:2	42	……そ　{0d}そうか\nす　{0d}すまん　悪かった……{08}	……그{0d} 그런가\n미{0d} 미안하다 잘못했다……{08}
S05:3:3	60	悪気がないのはわかるけど……\nあんたって　ほんとつかれるわね{08}	악의가 없는 건 알겠지만……\n너 정말 피곤하다{08}
S05:3:4	27	ねえ　こいつって　誰なの？{08}	있잖아 얘 누구야?{08}
S05:3:5	57	そういえば　セニアは\nしらなかったんだっけ\nこいつはねぇ…{08}	그러고 보니 세니아는\n몰랐구나\n얘는 말이야…{08}
S05:3:6	57	オレは　ブレード\nレナとエリーには\n以前　大変世話になった{08}	나는 블레이드\n레나와 엘리에게\n전에 큰 신세를 졌다{08}
S05:3:7	50	ふーん……まあ　いいや\nアタシはセニア　よろしくね{08}	흐응……뭐 됐어\n나는 세니아 잘 부탁해{08}
S05:3:8	44	よろしく頼む\nしかし　あんたも強そうだな……{08}	잘 부탁한다\n그런데 너도 세 보이는군……{08}
S05:3:9	66	ブレードだって強いよ{0d}\n男とか女とかは\nなるべく　やめようよ　ねっ？{08}	블레이드도 세잖아{0d}\n남자니 여자니 하는 건\n되도록 그만하자 응?{08}
S05:3:10	18	わ　{0d}わかっている{08}	아{0d} 알고 있다{08}
S05:3:11	23	なに　赤くなってんのよ{08}	뭘 빨개지고 있어{08}
S05:3:12	109	それよりも　おまえたち\nこんなところでなにをしているのだ{08}{0c}先生方から　待機しているように\nいわれなかったのか？{08}	그보다 너희\n이런 데서 뭘 하는 거냐{08}{0c}선생님들께 대기하라는\n말 못 들었냐?{08}
S05:3:13	29	おまえら　いいかげんにしろよ{08}	너희 적당히 좀 해라{08}
S05:3:14	52	動き回るのは　よせ！\nこういう時は男子動くべからず！{08}	돌아다니지 마라! 이럴 땐\n사나이는 움직이지 않는 법!{08}
S05:3:15	83	そんなこといってぇ～\n本当は恐いんじゃないの？{0d}{08}\n{0c}それに\nわたしたちは女の子だもん曖{08}	그런 말 하고～\n사실은 무서운 거 아냐?{0d}{08}\n{0c}게다가\n우린 여자애인걸♥{08}
S05:3:16	19	なっ　{0d}{0d}なにっ！？{08}	뭐{0d}{0d} 뭐라고!?{08}
S05:3:17	34	こいつって\nけっこう面白いやつだね{08}	얘\n꽤 재밌는 녀석이다{08}
S05:3:18	59	そぉ？\nわたしには　ただのスカタンにしか\n思えないんだけど？{08}	그래?\n나한텐 그냥 멍청이로밖에\n안 보이는데?{08}
S05:3:19	15	なんだとぉー！{08}	뭐라고오～!{08}
S05:3:20	23	やめなよ　二人とも……{08}	그만해 둘 다……{08}
S05:3:21	52	とにかく　寮に戻って\n連絡があるまで待機しているんだ{08}	아무튼 기숙사에 돌아가서\n연락이 있을 때까지 대기해라{08}
S05:3:22	25	はいはい　わかりましたよ{08}	네네 알았어요{08}
S05:3:23	48	……なんだよ　この霧\nなんにもやる気なくなるよね{08}	……뭐야 이 안개\n아무것도 할 의욕이 안 나{08}
S05:3:24	21	あ～あ　ダリぃな……{08}	아～아 귀찮다……{08}
S05:3:25	51	……あれっ！？\nおいら　今まで\nなにやってたんだっけ{08}	……어라!?\n나 지금까지\n뭐 하고 있었더라{08}
S05:3:26	52	まっ　忘れるってことは\nどうでもいいことだったんだな{08}	뭐 잊었다는 건\n아무래도 좋은 일이었겠지{08}
S05:3:27	56	イアソン先生がいないんじゃ\n修行なんてする必要ないでしょ{08}	이아손 선생님이 없는데\n수련할 필요 없잖아{08}
S05:3:28	145	バカモーンッ！{0d}{0d}{0d}\nなにをいってるんだおまえは！{08}\n{0c}おまえはイアソン先生がいないと\nなにも出来んのかーっ！{08}\n{0c}そんなことでは\n真の男にはなれんぞーっ！{08}	이 바보 녀석!{0d}{0d}{0d}\n무슨 소리를 하는 거냐 넌!{08}\n{0c}넌 이아손 선생님이 없으면\n아무것도 못 하냐～!{08}\n{0c}그래서는\n진정한 사나이가 못 된다～!{08}
S05:3:29	41	もっ　{0d}申し訳ありません！\nブレード先輩！{08}	죄{0d} 죄송합니다!\n블레이드 선배!{08}
S05:3:30	32	そうだ\nオレは真の男になるんだ！{08}	그렇다 나는\n진정한 사나이가 될 거다!{08}
S05:3:31	50	霧なんて関係ないよ\nでも　なんだか気が重いなぁ……{08}	안개 따윈 상관없어\n그래도 왠지 마음이 무거워……{08}
S05:3:32	52	こーゆうときは　素振りでもして\n気をまぎらわそう……{08}	이럴 땐 헛스윙이라도 하며\n기분 전환하자……{08}
S05:3:33	31	ちょっと気分が晴れたみたいだよ{08}	좀 기분이 개운해진 것 같아{08}
S05:3:34	33	なんか　自分が強くなったみたいだ{08}	왠지 내가 강해진 것 같아{08}
S05:3:35	56	修行できたえた　この剣技\nイアソン先生に見せてやりたいぜ{08}	수련으로 단련한 이 검술\n이아손 선생님께 보여 드리고파{08}
S05:3:36	40	今　必殺技を考えている\nところなんだ……{08}	지금 필살기를 생각하는\n중이야……{08}
S05:3:37	64	イアソン先生は学園塔にいったよ\nこの霧について会議をするんだって{08}	이아손 선생님은 학원탑에 가셔\n이 안개에 대해 회의하신대{08}
S05:3:38	57	う～ん…\nイアソン先生もいないことだし\nなにしてようかな？{08}	으～음…\n이아손 선생님도 없으니\n뭘 하고 있을까?{08}
S05:3:39	58	先生がいないうちにしたいことが\nあったのに身体が動かないや{08}	선생님 없을 때 하고 싶은 게\n있었는데 몸이 안 움직여{08}
S05:3:40	28	もう…　{0d}どうでもいいや……{08}	이제… {0d}아무래도 좋아……{08}
S05:3:41	77	なんか　イアソン先生は\nどこかへいったって話だぜ{0d}{0d}{0d}{0d}\nまっ　どうでもいいけどさ{08}	왠지 이아손 선생님은\n어딘가 가셨대{0d}{0d}{0d}{0d}\n뭐 아무래도 좋지만{08}
S05:3:42	23	君たちは元気だねぇ……{08}	너희는 기운차구나……{08}
S05:4:0	57	ああ　ラルフ先生なら\n学園長に呼ばれて　学園塔に\nいったよ{08}	아아 랄프 선생님이라면\n학원장님이 불러서 학원탑에\n가셨어{08}
S05:4:1	40	この本の多さには\nもう　ウンザリだよ……{08}	이 책 양엔\n이제 질렸어……{08}
S05:4:2	31	もう　本なんて見たくもない……{08}	이제 책 따윈 보기도 싫어……{08}
S05:4:3	48	好きな本があったら\n勝手にもってっちゃっていいよ{08}	좋아하는 책 있으면\n마음대로 가져가도 돼{08}
S05:4:4	30	ラルフ先生は\n学園塔にいったよ{08}	랄프 선생님은\n학원탑에 가셨어{08}
S05:4:5	73	まさかとは思うけど\nラルフ先生…{0d}{0d}スカルアイランドに\nいくつもりじゃあ……{08}	설마 싶지만\n랄프 선생님…{0d}{0d}스컬 아일랜드에\n가실 생각은 아니겠지……{08}
S05:4:6	53	ルナの気象だって\nこれで霧のことが\nわかるんじゃない？{08}	「루나의 기상」이래\n이걸로 안개에 대해\n알 수 있지 않을까?{08}
S05:4:7	21	キショウってなんだ？{08}	기상이 뭐야?{08}
S05:4:8	11	知りたい？{08}	알고 싶어?{08}
S05:4:9	5	うん{08}	응{08}
S05:4:10	51	ふふふ…{0d}{0d}\nキショウってねぇ…{0d}{0d}{0d}{0d}\n朝起きることよ曖{08}	후후후…{0d}{0d}\n기상이란 건 말이지…{0d}{0d}{0d}{0d}\n아침에 일어나는 거야♥{08}
S05:4:11	9	…………{08}	…………{08}
S05:4:12	42	そーか　キショウって\n朝起きることなのかぁ{08}	그렇구나 기상이란 건\n아침에 일어나는 거구나{08}
S05:4:13	94	セニア　ちがうよ…{0d}{08}\n言葉はあってるけど\nこの場合の気象っていうのは\n天気のことをいうんだよ……{08}	세니아 아니야…{0d}{08}\n말은 맞는데\n이 경우의 기상은\n날씨를 말하는 거야……{08}
S05:4:14	46	なんだってーっ！\nレ～ナ～ぁ　ダマしたなぁー！{08}	뭐라고～!\n레～나～아 속였지～!{08}
S05:4:15	59	やーね　セニアったら\nジョークよ　ジョーク曖\nオホホホホホッ{08}	싫다 세니아도 참\n농담이야 농담♥\n오호호호호호{08}
S05:4:16	15	レナったら……{08}	레나도 참……{08}
S05:4:17	42	あやうく　レナに\nダマされるところだったよ{08}	하마터면 레나한테\n속을 뻔했어{08}
S05:4:18	53	作者　ハイド……{0d}{0d}{0d}\nどこかで聞いたことのある名前よね{08}	지은이 하이드……{0d}{0d}{0d}\n어디서 들어 본 이름이네{08}
S05:4:19	48	あっ　わかった\nあの星見の塔にいる先生のことだよ{08}	아 알았다 그\n별보기 탑에 있는 선생님이야{08}
S05:4:20	56	そういえば　そのなんとか先生って\nどんな先生なんだろう？{08}	그러고 보니 그 뭐시기\n선생님은 어떤 선생님일까?{08}
S05:4:21	77	さあ　わたしにもわからないけど…\n見てなさい　いつか　星見の塔に\n入ってやるわ{08}	글쎄 나도 모르겠지만…\n두고 봐 언젠가 별보기 탑에\n들어가 주겠어{08}
S05:4:22	61	天文魔法だって\nあんなところに\nひとりでこもって楽しいのかしら{08}	「천문 마법」이래\n그런 데\n혼자 틀어박혀서 재밌을까{08}
S05:4:23	48	それって　同感！\nきっと性格も暗いんじゃないの？{08}	그거 동감!\n분명 성격도 어둡지 않을까?{08}
S05:4:24	58	会うまで　ひとを判断するなって\nエマ先生がいってたよ……？{08}	만나기 전엔 판단하지 말라고\n에마 선생님이 그랬어……?{08}
S05:4:25	48	天文魔法かぁ…\nいったい　どんな魔法なのかしら？{08}	천문 마법이라…\n대체 어떤 마법일까?{08}
S05:4:26	48	なんだよ　この霧は？\nだれか　どうにかしてくれ！{08}	뭐야 이 안개는?\n누가 어떻게 좀 해 줘!{08}
S05:4:27	19	ふぅ　疲れたなぁ…{08}	후우 지친다…{08}
S05:4:28	52	まあ　こんな図書館\nどうなっても　いいんじゃないの？{08}	뭐 이런 도서관\n어떻게 되든 상관없지 않아?{08}
S05:4:29	38	はぁ…{0d}{0d}\nオレはなにをやってるんだろ…{08}	하아…{0d}{0d}\n나는 뭘 하는 걸까…{08}
S05:4:30	36	さっきの衝撃で\n本棚がずれちゃったよ{08}	아까 충격으로\n책장이 어긋났어{08}
S05:4:31	27	本が落ちてこなくてよかった{08}	책이 안 떨어져서 다행이다{08}
S05:4:32	44	スカルアイランドの生い立ち\n……読んでみるね{08}	「스컬 아일랜드의 내력」\n……읽어 볼게{08}
S05:4:33	38	ナイス　エリー！\nいいわよ　読んでみて{08}	나이스 엘리!\n좋아 읽어 봐{08}
S05:4:34	179	スカルアイランドは負の魔法力が\nなんらかの原因により集積された\n結果　生まれたものである{08}\nぼうだいな財宝が眠るという\nうわさを信じ　数多くの海賊が島を\n目指したが成功したものはいない{08}	스컬 아일랜드는 부의 마법력이\n어떤 원인으로 쌓인\n결과 생겨난 것이다{08}\n막대한 보물이 잠들었다는\n소문에 수많은 해적이 섬을\n노렸으나 성공한 자는 없다{08}
S05:4:35	15	つまり　なに？{08}	그러니까 뭐?{08}
S05:4:36	36	宝物とかも\nあるってことじゃないかな{08}	보물 같은 것도\n있다는 거 아닐까{08}
S05:4:37	28	ふんっ\n財宝なんてくだらん！{08}	흥\n보물 따위 시시하다!{08}
S05:4:38	44	ということは　宝物はいらないのね\nラッキー！{08}	그렇다는 건 보물은 필요\n없구나 럭키!{08}
S05:4:39	20	あ　{0d}あたり前だ！！{08}	다 당연하지!!{08}
S05:4:40	51	もういいから\n早くスカルアイランドに\nいきましょうよ{08}	이제 됐으니까\n얼른 스컬 아일랜드에\n가자{08}
S05:5:0	51	テレイナ先生は\n学園長に呼ばれて　学園塔に\nいったの{08}	테레이나 선생님은\n학원장님이 불러서 학원탑에\n가셨어{08}
S05:5:1	33	今日は　歌う気分になれないわ……{08}	오늘은 노래할 기분이 아냐……{08}
S05:5:2	38	つまんないの……\n寮に帰ろうかしら……{08}	재미없어……\n기숙사에 갈까……{08}
S05:5:3	33	わたし　どうしちゃったのかしら？{08}	나 왜 이러는 걸까?{08}
S05:5:4	60	わたしたちの歌で　オバケを\n追いはらうことはできないかしら？{08}	우리 노래로 유령을\n쫓아낼 순 없을까?{08}
S05:5:5	45	でも　わたし……{0d}\nオバケだけは　ニガテなのよ{08}	그래도 나……{0d}\n유령만은 무서워{08}
S05:5:6	62	あ～　もう～\nぜんぜん練習にならないわ～{0d}\nいつものことだけど～{08}	아～ 정말～\n전혀 연습이 안 돼～{0d}\n늘 있는 일이지만～{08}
S05:5:7	64	どうしてみんな元気ないのかしら～\nさあ　みなさん　歌いましょう～{08}	왜 다들 기운이 없을까～\n자 여러분 노래해요～{08}
S05:5:8	46	でも　ホントはわたし～\n今日は歌いたくないの～{08}	그래도 사실 나～\n오늘은 노래하기 싫어～{08}
S05:5:9	27	なんだか　クラクラします～{08}	왠지 어질어질해요～{08}
S05:5:10	44	テレイナ先生は～\nどこかへ出かけていったわ～{08}	테레이나 선생님은～\n어딘가 나가셨어～{08}
S05:5:11	38	テレイナ先生～\nどこにいったのかしら～{08}	테레이나 선생님～\n어디 가셨을까～{08}
S05:5:12	31	なんで歌に魔法の力があるんだ？{08}	왜 노래에 마법의 힘이 있어?{08}
S05:5:13	48	セニアって　アルテナさまの\n歌の力を知らないの？{08}	세니아는 알테나 님\n노래의 힘도 몰라?{08}
S05:5:14	53	知らな～い\n歌だけなら　誰かさんより\nうまいけどねぇ～{08}	몰～라\n노래만이라면 누구보다\n잘하지만～{08}
S05:5:15	40	へ　{0d}へえ～{0d}\nじゃあ　教えてあげない！！{08}	헤{0d} 헤에～{0d}\n그럼 안 가르쳐 줘!!{08}
S05:5:16	75	アルテナさまは　その歌で\n病気からケガや　ひとの心まで\nなおしたっていうよね{08}	알테나 님은 그 노래로\n병이나 상처 사람 마음까지\n고쳤다고 하잖아{08}
S05:5:17	46	ふーん　その力が\nまだ残っているってことなんだ{08}	흐응 그 힘이\n아직 남아 있다는 거구나{08}
S05:5:18	19	……そういうことよ{08}	……그런 거야{08}
S05:5:19	31	アルテナさまって　すごいんだね{08}	알테나 님 대단하다{08}
S05:6:0	80	うははは　この霧はなんだっ！！\nケ　{0d}ケント先生なら……\n……職員会議にいったぞー{08}	우하하 이 안개는 뭐냐!!\n켄{0d} 켄트 선생님이라면……\n……교직원 회의에 가셨다～{08}
S05:6:1	29	あ～あ　やってらんないよ……{08}	아～아 못 해 먹겠다……{08}
S05:6:2	9	…………{08}	…………{08}
S05:6:3	21	あー　もぉーやだっ！{08}	아～ 정말 싫어!{08}
S05:6:4	65	ケント先生は　戻ってくるなり\nへんてこな道具を持って\n出ていったよ{08}	켄트 선생님은 돌아오자마자\n이상한 도구를 들고\n나가셨어{08}
S05:6:5	69	ケント先生……\nあんな道具を持っていって\nなにをする気なんだろう……？{08}	켄트 선생님……\n그런 도구를 들고\n뭘 하시려는 걸까……?{08}
S05:6:6	32	霧ですか……{0d}うっとうしいですね{08}	안개라니……{0d}답답하네요{08}
S05:6:7	33	なんなんでしょうか　この霧は…？{08}	뭘까요 이 안개는…?{08}
S05:6:8	36	霧がだんだん\nこくなってきたような…{08}	안개가 점점\n짙어지는 것 같은…{08}
S05:6:9	23	うすきみ悪いですね……{08}	으스스하네요……{08}
S05:6:10	67	ケント先生は\nあやしげな道具を持って\nどこかへ　出かけていきましたよ{08}	켄트 선생님은\n수상한 도구를 들고\n어딘가 나가셨어요{08}
S05:6:11	60	さっきのゆれで　部屋の中が\nグチャグチャになっちゃいましたよ{08}	아까 흔들림으로 방 안이\n엉망진창이 됐어요{08}
S05:7:0	31	なんだ　やっぱり先生は残るんだ{08}	뭐야 역시 선생님은 남는구나{08}
S05:7:1	62	ああ　ぼくには向いてないからね\nイアソン先生のジャマはしないよ{08}	아아 나한텐 안 맞으니까\n이아손 선생님 방해는 안 할게{08}
S05:7:2	38	じゃあ　先生はいらないんだね\nお宝は？{08}	그럼 선생님은 필요 없구나\n보물은?{08}
S05:7:3	17	なんのことだい？{08}	무슨 소리니?{08}
S05:7:4	60	せっ　{0d}{0d}先生　セニアのいうことは\nあまり気にしないでください{08}	서{0d}{0d} 선생님 세니아 말은\n별로 신경 쓰지 마세요{08}
S05:7:5	9	…………{08}	…………{08}
S05:7:6	40	きみたち……{0d}{0d}\nなにかたくらんでいるね？{08}	너희……{0d}{0d}\n뭔가 꾸미고 있지?{08}
S05:7:7	61	そっ　{0d}そんなことないですよ\nいやですわ　ブルーン先生ったら…{08}	그{0d} 그런 거 아니에요\n싫다 브룬 선생님도 참…{08}
S05:7:8	108	…{0d}…{0d}…{0d}…{08}\nとにかく　今はイアソン先生たちが\n調査しているからね　君たちは\n寮に戻っておとなしくしているんだ{08}	…{0d}…{0d}…{0d}…{08}\n아무튼 지금은 이아손\n선생님들이 조사하고 있으니\n너희는 기숙사에서 얌전히 있어{08}
S05:7:9	19	寮に戻っていなさい{08}	기숙사에 돌아가 있으렴{08}
S05:7:10	91	それと　イェンがこんな状態だから\nなにが　起きるかわからないんでね\n一応　魔法を教えておくよ{08}	그리고 옌이 이런 상태라\n무슨 일이 생길지 모르니\n일단 마법을 가르쳐 줄게{08}
S05:7:11	27	エリーは岩石落としを覚えた{08}	엘리는 암석 낙하를 익혔다{08}
S05:7:12	27	レナはパチパチボムを覚えた{08}	레나는 파치파치 봄을 익혔다{08}
S05:7:13	76	霧か……いやなことを思い出すな{0d}\nブルーン先生なら　学園塔へ\n出かけていったぜ{08}	안개라……싫은 게 생각나는군{0d}\n브룬 선생님이라면 학원탑에\n나가셨어{08}
S05:7:14	44	さっきのことは\nあまり気にしないでくれよ……{08}	아까 일은\n너무 신경 쓰지 말아 줘……{08}
S05:7:15	9	霧か……{08}	안개라……{08}
S05:7:16	46	こういうときは\n決まってなにかでるんだよなぁ～{08}	이럴 땐\n꼭 뭔가 나온단 말이지～{08}
S05:7:17	50	あ～あ…{0d}{0d}今の地震で\nビーカーがわれちゃったよ……{08}	아～아…{0d}{0d}방금 지진에\n비커가 깨졌어……{08}
S05:7:18	56	かたづけたいんだけど……{0d}{0d}\nちょっと恐くて近よれないんだ{08}	치우고 싶은데……{0d}{0d}\n좀 무서워서 못 가겠어{08}
S05:7:19	29	……この霧　ふつうじゃないわ{08}	……이 안개 보통이 아니야{08}
S05:7:20	23	なんだか　変な気分……{08}	왠지 이상한 기분……{08}
S05:7:21	33	わたし……どうしてここにいるの？{08}	나……왜 여기 있지?{08}
S05:7:22	9	…………{08}	…………{08}
S05:7:23	33	たいへん…{0d}{0d}部屋がメチャメチャ…{08}	큰일이다…{0d}{0d}방이 엉망…{08}
S05:7:24	19	かたづけなくちゃ…{08}	치워야지…{08}
S05:8:0	54	なんだか　この霧のせいで\nこっちまで悲しくなっちまうぜ{08}	왠지 이 안개 때문에\n나까지 슬퍼지네{08}
S05:8:1	44	あ～あ　うっとうしいなあ\nどうにかしてくれよ{08}	아～아 답답하다\n어떻게 좀 해 줘{08}
S05:8:2	27	あー　今度はイライラする！{08}	아～ 이번엔 짜증 나!{08}
S05:8:3	29	もう　どーしようもないな……{08}	이제 어쩔 수가 없네……{08}
S05:8:4	54	今の地震で　頭の中が\n少しだけすっきりしたみたいじゃよ{08}	방금 지진으로 머릿속이\n조금 맑아진 것 같구먼{08}
S05:8:5	56	わしも長いことここにおるが\nこんなことは　はじめてじゃよ{08}	나도 여기 오래 있었지만\n이런 건 처음일세{08}
S05:8:6	59	この霧のせいで\nお酒を飲んだような\n気分になっちゃったんです{08}	이 안개 때문에\n술 마신 것 같은\n기분이 됐어요{08}
S05:8:7	56	どうも気分がすぐれません\nこの霧のせいだと思うんですが…{08}	아무래도 기분이 안 좋아요\n이 안개 때문인 것 같은데…{08}
S05:8:8	29	なんだか　頭がクラクラします{08}	왠지 머리가 어질어질해요{08}
S05:8:9	42	ちょっと　表の様子でも\n見にいこうかしら？{08}	잠깐 밖에 상황이라도\n보러 갈까?{08}
S05:8:10	53	す　{0d}すごいゆれだったわね……\nなにかあったのかしら？{08}	엄{0d} 엄청 흔들렸네……\n무슨 일 있었나?{08}
S05:8:11	46	あなたたち　なにがあったのか\n教えてくれない？{08}	너희 무슨 일이 있었는지\n알려 줄래?{08}
S05:8:12	50	シクシクシク……\nああ　どうしてこんなに悲しいの？{08}	훌쩍훌쩍……\n아아 왜 이렇게 슬플까?{08}
S05:8:13	48	くすくすくす……\nこんな日は　なにかでそうね……{08}	쿡쿡쿡…… 이런\n날은 뭔가 나올 것 같아……{08}
S05:8:14	27	わたし　{0d}もう　{0d}だめね……{08}	나 {0d}이제 {0d}틀렸어……{08}
S05:8:15	40	あなたたち……\nいや　なんでもないわ……{08}	너희……\n아니 아무것도 아냐……{08}
S05:8:16	36	あ～あ～\n部屋の中がメチャメチャだよ{08}	아～아～\n방 안이 엉망이야{08}
S05:8:17	48	いったい　イェン島に\nなにがおこっているんだい？{08}	대체 옌섬에\n무슨 일이 일어나는 걸까?{08}
S05:9:0	58	はあ……なぜか　すべてが\nどうでも　よくなってしまいました{08}	하아……왠지 모든 게\n아무래도 좋아졌어요{08}
S05:9:1	40	どうして　あなたたちは\n元気なんですか？{08}	왜 너희는\n기운찬 거예요?{08}
S05:9:2	33	わたしは　なにをしてるんだろう…{08}	나는 뭘 하고 있는 걸까…{08}
S05:9:3	33	ここは　なんというところですか？{08}	여기는 뭐라는 곳이에요?{08}
S05:9:4	62	こんなことは　はじめてですよ\nなにも起きなければ　よいのですが{08}	이런 건 처음이에요\n아무 일도 없으면 좋겠는데{08}
S05:9:5	31	みんなは　どうしてるんでしょう{08}	다들 어떻게 지낼까요{08}
S05:9:6	42	いったい　この霧はなんだ？\n気がめいるなぁ{08}	대체 이 안개는 뭐냐?\n기분이 가라앉네{08}
S05:9:7	50	あ～あ　せっかく焼いたパンが\nだいなしだよ…………{08}	아～아 모처럼 구운 빵이\n엉망이 됐어…………{08}
S05:9:8	43	うーん……{0d}{0d}{0d}\nなにも　ヤル気がおきないよ…{08}	으음……{0d}{0d}{0d}\n아무 의욕도 안 나…{08}
S05:9:9	29	今日は　店を閉めようかな……{08}	오늘은 가게 닫을까……{08}
S05:9:10	51	さ　{0d}さすがに驚いたぞ\nイェンに地震なんてないからな{08}	역{0d} 역시 놀랐다\n옌엔 지진이 없으니까{08}
S05:9:11	65	ちょっと　待っててくれよ\n今　焼きたての美味しいパンを\n作るからな{08}	잠깐 기다려 줘\n지금 갓 구운 맛있는 빵을\n만들 테니까{08}
S05:9:12	48	いらっしゃ～い\nあら～　かわいいお嬢ちゃんねぇ曖{08}	어서 와～\n어머～ 귀여운 아가씨네♥{08}
S05:9:13	73	聞いてくれよ！\nついさっき　おかまになった\n夢を見たんだ……ああ　恐いわぁ{08}	들어 봐!\n방금 전에 내가 여장 남자가\n된 꿈을 꿨어……아아 무서워라{08}
S05:9:14	58	この霧を吸うと　なんだか\n変な気分に……{0d}{0d}{0d}\nなっていくわぁ{08}	이 안개를 마시면 왠지\n이상한 기분이……{0d}{0d}{0d}\n돼 가네에{08}
S05:9:15	73	どうやら　夢じゃないみたいなんだ\nどうしちまったんだろう……\nあたしぃ……{08}	아무래도 꿈이 아닌가 봐\n어떻게 된 걸까……\n나아……{08}
S05:9:16	76	なんだよ　さっきの地震は\n嫌な予感がするなぁ{08}\nまあいいや　さあ　仕事だ仕事だ{08}	뭐야 아까 지진은\n불길한 예감이 드네{08}\n뭐 됐다 자 일이다 일{08}
S05:9:17	52	いてっ\nあ～あ　針さしちゃったよ\nもう…{0d}いやだわぁ～{08}	아얏\n아～아 바늘에 찔렸어\n정말…{0d}싫어라～{08}
S05:9:18	82	なんてイヤな霧なんだっ！！\nすげームカツくぜ！！{0d}{0d}\nあ　{0d}あら　言葉づかいが変よぉ曖{08}	이 무슨 싫은 안개냐!!\n엄청 열받네!!{0d}{0d}\n어{0d} 어머 말투가 이상하네에♥{08}
S05:9:19	51	また　出直してきなっ！！{0d}\nわたし　忙しいんだからぁ{08}	다음에 다시 와!!{0d}\n나 바쁘단 말이야앙{08}
S05:9:20	44	なにしてんだ　おまえら！\n仕事の　ジャマよぉ{08}	뭐 하는 거냐 너희!\n일 방해야앙{08}
S05:9:21	27	今日は　なんかへんねぇ……{08}	오늘은 뭔가 이상하네에……{08}
S05:9:22	69	指に針をさしちゃった\n……もう　いやだわぁ\n今日はお店閉めようかしら？{08}	손가락을 바늘에 찔렸어\n……정말 싫어라\n오늘은 가게 닫을까?{08}
S05:9:23	33	グスン…　{0d}{0d}グスン…{0d}\n痛いのよぉ{08}	훌쩍… {0d}{0d}훌쩍…{0d}\n아프단 말이야앙{08}
S05:10:0	40	どうして　わたしが公園で\n野ざらしなの？{08}	왜 내가 공원에서\n비바람을 맞아야 해?{08}
S05:10:1	36	こうして今日も\n来ぬ人を待つのね……{08}	이렇게 오늘도\n오지 않는 사람을 기다리네……{08}
S05:10:2	24	いいのよ……　{0d}もう……{08}	괜찮아…… {0d}이제……{08}
S05:10:3	57	どこかへいくのなら\nわたしも連れていって\nくれないかしら？{08}	어디 간다면\n나도 데려가\n주지 않을래?{08}
S05:10:4	21	今の地震はなんなの？{08}	방금 지진은 뭐야?{08}
S05:10:5	29	なんだか　胸さわぎがするの…{08}	왠지 가슴이 두근거려…{08}
S05:10:6	17	イヤな天気だよな{08}	싫은 날씨다{08}
S05:10:7	42	アタシは　なんで\nこんなところにいるんだ？{08}	나는 왜\n이런 데 있는 거지?{08}
S05:10:8	29	寮で霧が晴れるのを待つか……{08}	기숙사에서 안개가 걷히길\n기다릴까……{08}
S05:10:9	29	なんなんだよ　この霧はよぉ～{08}	뭐야 이 안개는～{08}
S05:10:10	79	さっきの地震の後から\nなんかこう　イヤな感じがする……\n何事もなければよいが……{08}	아까 지진 이후로\n뭔가 싫은 느낌이 들어……\n아무 일 없으면 좋겠는데{08}
S05:10:11	42	いったい　イェンに\nなにが　起きているんだ{08}	대체 옌에\n무슨 일이 일어나는 거지{08}
S05:13:0	58	あ～あ　こんなゆううつな日くらい\n幽霊船でも見せてほしいわ{08}	아～아 이런 우울한 날엔\n유령선이라도 보여 줬으면{08}
S05:13:1	31	今日は　気分がすぐれないの……{08}	오늘은 기분이 안 좋아……{08}
S05:13:2	50	まあ　たまにはこういう日が\nあってもいいんだけどね{08}	뭐 가끔은 이런 날이\n있어도 괜찮지만{08}
S05:13:3	60	うーん　まぼろしかもしれないけど\n霧のむこうに島影が見えたわ{08}	으음 환상일지도 모르지만 안개\n너머에 섬 그림자가 보였어{08}
S05:13:4	46	見にいきたいけどぉ……{0d}{0d}\nちょっと恐いのよねぇ{08}	보러 가고 싶지만……{0d}{0d}\n좀 무섭단 말이야{08}
S05:13:5	23	どうしようかしら……？{08}	어떡하지……?{08}
S05:13:6	19	もう　疲れたよ……{08}	이제 지쳤어……{08}
S05:13:7	23	はぁ…{0d}{0d}つらいなぁ……{08}	하아…{0d}{0d}괴롭다……{08}
S05:13:8	56	きみたち……{0d}{0d}いやなんでもない…\n気にしないでくれよ……{08}	너희……{0d}{0d}아니 아무것도 아냐…\n신경 쓰지 마……{08}
S05:13:9	42	君たち～\n出歩くのは　やめたほうがいいよ～{08}	너희～\n돌아다니지 않는 게 좋아～{08}
S05:13:10	25	今の地震　すごかったねぇ{08}	방금 지진 굉장했지{08}
S05:13:11	42	あやうく　船が流される\nところだったよ……{08}	하마터면 배가 떠내려갈\n뻔했어……{08}
S05:15:0	63	留守かぁ～\n学園塔のことで　いろいろ\n聞きたいことがあったのにぃ{08}	안 계시네～\n학원탑 일로 이것저것\n묻고 싶었는데～{08}
S05:15:1	31	いないんじゃ　しょうがないよね{08}	안 계시면 어쩔 수 없지{08}
S05:15:2	48	まあいいわ　また今度\nジックリと聞くとしましょう{08}	뭐 됐어 다음에\n찬찬히 물어보자{08}
S05:16:0	56	オレは勇者だ　オレは勇者だ……\nだが　なぜかむなしい……{08}	나는 용사다 나는 용사다……\n그런데 왠지 허무하다……{08}
S05:16:1	27	なんだ　このむなしさは……{08}	뭐냐 이 허무함은……{08}
S05:16:2	50	もしかして……{0d}{0d}\nオレは勇者じゃないのかもしれない{08}	혹시……{0d}{0d}\n나는 용사가 아닐지도 몰라{08}
S05:16:3	138	さっきの地震で勝手に橋が\n降りちまったんだよ……{08}\nなにごとかと思って　いってみたら\n橋の向こうに　見たこともない\n不気味な島があるんだよ……{08}	아까 지진으로 다리가 멋대로\n내려와 버렸어……{08}\n무슨 일인가 가 봤더니\n다리 너머에 본 적도 없는\n으스스한 섬이 있더라……{08}
S05:16:4	71	さっき　イアソン先生たちが\nここを通って　あの不気味な島に\n渡っていたぞ{08}	아까 이아손 선생님들이\n여길 지나서 그 으스스한 섬에\n건너가셨어{08}
S05:16:5	84	オ　{0d}オレがここにいれば\nオ　{0d}オ　{0d}オバケだって恐がって\n逃げ出しちまうぜ　ははは……{08}	나{0d} 내가 여기 있으면\n유{0d} 유{0d} 유령도 무서워서\n도망갈걸 하하하……{08}
S05:19:0	38	ここって　どうやって\n入るのかしらね？{08}	여긴 어떻게\n들어가는 걸까?{08}
S05:19:1	45	さあ……\n入口らしいものは\nみたことないしなぁ{08}	글쎄……\n입구 같은 건\n본 적 없는데{08}
S05:19:2	61	ねえねえ　ブレード\nあんた　ここどうやって入るのか\n知ってる？{08}	있잖아 블레이드\n너 여기 어떻게 들어가는지\n알아?{08}
S05:19:3	40	なにっ！？\nここは入ることができるのか？{08}	뭐라고!?\n여긴 들어갈 수 있는 거냐?{08}
S05:19:4	51	……{0d}{0d}なんでもないわ\n今のことは　忘れてちょうだい{08}{1a}	……{0d}{0d}아무것도 아니야\n방금 일은 잊어 줘{08}{1a}
S05:20:0	75	へ～　ここがスカルアイランドね\nとりたてて変わったとこなんか\nないと思うけど{08}	흐응 여기가 스컬 아일랜드구나\n딱히 특이한 데는\n없는 것 같은데{08}
S05:20:1	29	……じゅうぶん変わってるよ？{08}	……충분히 특이한데?{08}
S05:20:2	36	お　{0d}おまえら\n{0d}ちょっとおかしいぞ！{08}	너{0d} 너희\n{0d}좀 이상하다!{08}
S05:20:3	69	まったく　うるさい男ね\nここまできておいて\nジタバタするんじゃないわよ{08}	정말 시끄러운 남자네\n여기까지 와 놓고\n버둥대지 마{08}
S05:20:4	63	イアソン先生に\n認められたいんだろ？\nせっかくのチャンスじゃんか{08}	이아손 선생님께\n인정받고 싶잖아?\n모처럼의 기회잖아{08}
S05:20:5	41	そっ　{0d}それもそうだな\n……よし　いくぞ！{08}	그{0d} 그것도 그렇군\n……좋아 가자!{08}
S05:20:6	34	この男は\nホントに　単純な性格ねぇ{08}	이 남자는\n정말 단순한 성격이야{08}
S05:20:7	43	こっ　{0d}ここまで　きたのに\n帰るのはイヤよ！{08}	여{0d} 여기까지 왔는데\n돌아가는 건 싫어!{08}
S05:20:8	21	まあ　それもそうだな{08}	뭐 그것도 그렇군{08}
S05:20:9	67	待て！！\nどこにいくつもりだっ！！\n大剣山にいくのではなかったのか？{08}	기다려!!\n어디 가려는 거냐!!\n대검산에 가는 게 아니었냐?{08}
S05:20:10	24	そ　{0d}そうだったわね……{08}	그{0d} 그랬지……{08}
S05:21:0	48	これが難破船かぁ\nいかにも　アヤシイって感じよね{08}	이게 난파선이구나\n딱 봐도 수상한 느낌이야{08}
S05:21:1	64	ふ　{0d}ふしだらな！！\nそんな目的のために作られたのか\nこの船は！？{08}	추{0d} 추잡하다!!\n그런 목적으로 만들어졌냐\n이 배는!?{08}
S05:21:2	12	ハァ{0d}…{0d}…{0d}{08}	하아{0d}…{0d}…{0d}{08}
S05:21:3	48	イェンも　この船みたいに\n引きよせられたのかな？{08}	옌도 이 배처럼\n끌려온 걸까?{08}
S05:21:4	46	なんか　オバケが\nいっぱい出てきそうだよね……{08}	왠지 유령이\n잔뜩 나올 것 같아……{08}
S05:21:5	69	だいじょ～ぶよ　エリー\nオバケの１匹や２匹ぐらい\nどおってことないわよ{08}	괜찮～아 엘리\n유령 한두 마리쯤\n별거 아니야{08}
S05:21:6	31	レナが　へんなこというからだ！{08}	레나가 이상한 소리 하니까!{08}
S05:21:7	97	ちょっとセニア！\nひとのせいにしないでよ！{08}{0c}わたしだって　ホントに出るとは\n思わなかったんだから！{08}	잠깐 세니아!\n남 탓 하지 마!{08}{0c}나도 진짜로 나올 줄은\n몰랐다고!{08}
S05:21:8	46	そんなこといってる場合じゃないよ\n２人とも！！{08}	그런 말 할 때가 아니야\n둘 다!!{08}
S05:21:9	69	そうだ！\nこんなオバケの１匹や２匹！！\nオレが　どうにかしてやる！！！{08}	그렇다!\n이런 유령 한두 마리!!\n내가 어떻게든 해 주마!!!{08}
S05:21:10	51	ムリだよ　ブレード……{0d}\n１匹や２匹じゃないよ……？{08}	무리야 블레이드……{0d}\n한두 마리가 아닌걸……?{08}
S05:21:11	38	あれ？\nあれはケント先生……{0d}{0d}かしら？{08}	어라?\n저건 켄트 선생님……{0d}{0d}일까?{08}
S05:21:12	26	あのぉ　{0d}ケント先生……？{08}	저어 {0d}켄트 선생님……?{08}
S05:21:13	110	なんだ　いたのか　おまえたち\nまあ　暗くならないうちに帰れよ{08}\n{0c}とくにレナは　わしの研究に\n必要不可欠じゃからな{08}	뭐야 있었냐 너희\n뭐 어두워지기 전에 돌아가라{08}\n{0c}특히 레나는 내 연구에\n없어선 안 되니까{08}
S05:21:14	15	あはははは……{08}	아하하하하……{08}
S05:21:15	76	って　そうじゃなくて\nあのケント先生……？{0d}\n驚くとか　怒るとか　笑うとかは…{08}	……가 아니라\n저기 켄트 선생님……?{0d}\n놀라거나 화내거나 웃거나는…{08}
S05:21:16	113	このわしが好きなことばかり\nやっているのだ{08}\n{0c}生徒に向かって\nあれをやるな　これをやるななどと\nいうつもりはないわい{08}	나야말로 좋아하는 것만\n하고 있으니까{08}\n{0c}학생한테\n저거 하지 마 이거 하지 마\n할 생각은 없다{08}
S05:21:17	193	わしは　調べたいことがあるのでな\nもう少しここに残るが……{0d}{0d}{08}\n{0c}おまえたちは　ケガせんうちに\n帰った方がよいじゃろ{08}\n{0c}と　いっても\n素直に帰るとは思えんがな{08}\nまぁ　おまえたちも\nほどほどにしておけよ{08}	나는 조사할 게 있어서\n좀 더 여기 남겠지만……{0d}{0d}{08}\n{0c}너희는 다치기 전에\n돌아가는 게 좋을 거다{08}\n{0c}……라고 해도\n순순히 돌아갈 것 같진 않지만{08}\n뭐 너희도\n적당히 해 둬라{08}
S05:21:18	79	おっと　そうじゃそうじゃ\nエリーとセニア　おまえたちに\n魔法を教えておいてやろう{08}	아 그렇지 그렇지\n엘리와 세니아 너희에게\n마법을 가르쳐 두마{08}
S05:21:19	40	エリーとセニアは\nサンダーバードを覚えた{08}	엘리와 세니아는\n선더버드를 익혔다{08}
S05:21:20	32	ありがとうございます\nケント先生{08}	감사합니다\n켄트 선생님{08}
S05:21:21	26	じゃあな\n気をつけて帰れよ{08}	그럼\n조심해서 돌아가라{08}
S05:21:22	96	それじゃあ　みなさ～ん{08}\n{0c}一応　ケント先生の\nお許しがでたので　難破船の\nタンサクを開始しましょう{08}	그럼 여러분～{08}\n{0c}일단 켄트 선생님\n허락이 떨어졌으니 난파선\n탐색을 시작해요{08}
S05:21:23	27	もう　やってるじゃない……{08}	벌써 하고 있잖아……{08}
S05:21:24	38	やれやれ\nまったく大した女だぜ　レナは{08}	이런 이런\n정말 대단한 여자다 레나는{08}
S05:21:25	55	ケ　{0d}ケント先生　ひとつだけ\nしつもんしていいですかぁ？{08}	켄{0d} 켄트 선생님 하나만\n질문해도 될까요?{08}
S05:21:26	71	それは　かまわんが……{0d}{0d}\nおまえの人生にとって\n必要なものなんだろうな？{08}	그건 괜찮다만……{0d}{0d}\n네 인생에\n필요한 거겠지?{08}
S05:21:27	17	ええ　まあ……{0d}{0d}{08}	네 뭐……{0d}{0d}{08}
S05:21:28	23	なんだ？　いってみろ？{08}	뭐냐? 말해 봐라{08}
S05:21:29	71	はい……{0d}{0d}あの～ケント先生？\nオバケをつかまえて\nなにをしてるんですか？{08}	네……{0d}{0d}저기～ 켄트 선생님?\n유령을 잡아서\n뭘 하시는 거예요?{08}
S05:21:30	148	うむ　なかなか　いい質問だな\nわしは　かねてより霊体\nというものに興味があってな{08}\n{0c}そこで　機会があれば\nその実態を　解明したいと\n思っておったのじゃよ{08}	음 꽤 좋은 질문이구나\n나는 전부터 영체라는 것에\n관심이 있었다{08}\n{0c}그래서 기회가 있으면\n그 실체를 밝혀내고\n싶었지{08}
S05:21:31	27	へぇ～　そうなんですかぁ～{08}	헤에～ 그렇군요～{08}
S05:21:32	58	ところで　どうじゃなレナ\nもう一度　わしのところへこんか？{08}	그런데 어떠냐 레나\n한 번 더 내게 오지 않겠냐?{08}
S05:21:33	25	それだけは　お断りします{08}	그것만은 거절할게요{08}
S05:21:34	42	うーむ…………\nなるほど　なるほど…………{08}	으음…………\n그렇군 그렇군…………{08}
S05:21:35	25	ケント先生って　すごいね{08}	켄트 선생님 대단하다{08}
S05:21:36	66	世の中には　イアソン先生以外にも\nこんな　スゴイ先生がいたのか……{08}	세상엔 이아손 선생님 말고도\n이렇게 대단한 분이 있었나……{08}
S05:21:37	58	そういわれると……そうだね\nレナを追いかけまわせる先生だし{08}	듣고 보니……그렇네 레나를\n쫓아다닐 수 있는 분이니{08}
S05:21:38	45	そ　{0d}それは本当か！？\n弟子入りを考えねば……{08}	그{0d} 그게 정말이냐!?\n제자 입문을 생각해야겠군……{08}
S05:21:39	29	ちょっと　あんたたちーっ！？{08}	잠깐 너희들～!?{08}
S05:21:40	67	ここで　電流を流すと……\nほほう…………\nなるほど　そうかそうか……{08}	여기서 전류를 흘리면……\n호오…………\n그렇군 그래그래……{08}
S05:21:41	107	おまえたち　まだいたのか？\nしょうがないのう……{08}\nそれじゃあ　もうひとつだけ\nおまえたちに魔法を教えておこう{08}	너희 아직 있었냐?\n어쩔 수 없구나……{08}\n그럼 하나만 더\n너희에게 마법을 가르쳐 두마{08}
S05:21:42	48	セニアとブレードは\nライトニングブレードを覚えた{08}	세니아와 블레이드는\n라이트닝블레이드를 익혔다{08}
S05:21:43	21	でっかい鏡だなぁ……{08}	커다란 거울이다……{08}
S05:21:44	60	アタシ　お嫁にいったら母さまに\nこういう鏡をもらう約束なんだ{08}	나 시집가면 엄마한테\n이런 거울 받기로 약속했어{08}
S05:21:45	89	ふーん　セニアも\nそーゆー　お年頃なのねぇ～{08}{0c}わたしは　お母さんの指輪でも\nもらおうかな～{08}	흐응 세니아도\n그런 나이구나～{08}{0c}나는 엄마 반지나\n받을까～{08}
S05:21:46	50	でも　その前にステキな人を\n見つけなくっちゃねぇ曖{08}	그래도 그 전에 멋진 사람을\n찾아야지♥{08}
S05:21:47	19	……{0d}{0d}レナ　変だよ{08}	……{0d}{0d}레나 이상해{08}
S05:21:48	72	なっ　{0d}なによ　セニアっ！\nわたしにだって　恋人がいても\nいいじゃないの！{08}	뭐{0d} 뭐야 세니아!\n나한테도 애인이 있어도\n되잖아!{08}
S05:21:49	34	ちがうちがう…　{0d}そうじゃなくて…{08}	아니아니… {0d}그게 아니라…{08}
S05:21:50	21	じゃあ　なんなのよ！{08}	그럼 뭔데!{08}
S05:21:51	26	レナ……{0d}{0d}\n後ろ　後ろ……{08}	레나……{0d}{0d}\n뒤 뒤……{08}
S05:21:52	23	なっ　変な鏡だったろ？{08}	거봐 이상한 거울이었지?{08}
S05:21:53	26	そっ　{0d}そういうことね……{08}	그{0d} 그런 거였구나……{08}
S05:21:54	34	やっぱり　あるのね\nこういう物……{08}	역시 있구나\n이런 거……{08}
S05:21:55	35	わたし　読んでみるね{0d}\nえーと……ね{08}	내가 읽어 볼게{0d}\n음……그러니까{08}
S05:21:56	59	……今日はカレーだった\n明日はハンバーグか\nオムライスだろう{08}	……오늘은 카레였다\n내일은 햄버그나\n오므라이스겠지{08}
S05:21:57	24	……{0d}しばらく　めくって{08}	……{0d}좀 넘겨 봐{08}
S05:21:58	91	となりの魚屋さんが驚いた　ギョ\nダジャレシリーズ　不評により\nいかんながら　第一回で終了する{08}	옆집 생선 가게가 놀랐다\n어!? 말장난 시리즈 평이\n나빠 유감이지만 １회로 끝낸다{08}
S05:21:59	8	……{0d}次{08}	……{0d}다음{08}
S05:21:60	81	すばらしい宝玉を手に入れた\nこれさえあれば　我々は\n巨万の富を手にすることができる{08}	훌륭한 보옥을 손에 넣었다\n이것만 있으면 우리는 막대한\n부를 손에 넣을 수 있다{08}
S05:21:61	83	しかし　我々は呪いに\n悩まされることになってしまった\n霧と無数の霊たち……助けてくれ{08}	그러나 우리는 저주에\n시달리게 되었다 안개와\n무수한 영혼들……살려 줘{08}
S05:21:62	40	……なるほど\nこの船は海賊船だったわけね{08}	……그렇구나\n이 배는 해적선이었구나{08}
S05:21:63	15	そうみたいだね{08}	그런가 봐{08}
S05:21:64	54	そうか　この霧の正体は\nその宝玉が関係してるってわけか{08}	그렇군 이 안개의 정체는\n그 보옥이 관련돼 있다는 건가{08}
S05:21:65	32	うん　そうだね\nなんとかしないと{08}	응 그래\n어떻게든 해야 해{08}
S05:21:66	7	んっ？{08}	응?{08}
S05:21:67	17	鍵のようだが……{08}	열쇠 같은데……{08}
S05:21:68	81	ナイス　ブレード！！\nきっとそれは　宝箱の鍵よ！\nやっぱり　ここにお宝があるんだわ{08}	나이스 블레이드!!\n분명 그건 보물 상자 열쇠야!\n역시 여기 보물이 있구나{08}
S05:21:69	29	どうして　そういいきれるの？{08}	왜 그렇게 단언해?{08}
S05:21:70	61	決まってるじゃない\n昔からこういったモノは\nそうなっているのよ{08}	당연하잖아\n옛날부터 이런 건\n그렇게 돼 있어{08}
S05:21:71	62	……{0d}{0d}とにかく　この宝玉を探そうよ\nそれが一番　はやそうだよね{08}	……{0d}{0d}아무튼 이 보옥을 찾자\n그게 제일 빠를 것 같아{08}
S05:21:72	58	もう　こんな日記に用はないわ\nそれよりも　宝箱を探しましょ{08}	이제 이런 일기는 볼일 없어\n그보다 보물 상자를 찾자{08}
S05:21:73	47	もういいから\nはやく先生たちのところに\n戻ろうよ{08}	이제 됐으니까\n얼른 선생님들한테\n돌아가자{08}
S05:21:74	13	開かないわね{08}	안 열리네{08}
S05:21:75	29	きっと　鍵が必要なんだろうね{08}	분명 열쇠가 필요하겠지{08}
S05:21:76	27	どうするレナ　あきらめる？{08}	어떡해 레나 포기할래?{08}
S05:21:77	51	いーや！\nどこかに　鍵があるはずよ\n鍵を探しましょう{08}	아니!\n어딘가 열쇠가 있을 거야\n열쇠를 찾자{08}
S05:21:78	25	どこかに　鍵があるはずよ{08}	어딘가 열쇠가 있을 거야{08}
S05:21:79	22	とくに\nなにもないわね{08}	딱히\n아무것도 없네{08}
S05:21:80	50	ちょっと　セニア！\n少しは　えんりょしなさいよ！！{08}	잠깐 세니아!\n좀 사양이란 걸 해!!{08}
S05:21:81	33	それは　こっちのセリフだーっ！！{08}	그건 이쪽이 할 말이다～!!{08}
S05:21:82	40	ここは\nあの２人に　まかせた方が早いよね{08}	여긴\n저 둘한테 맡기는 게 빠르겠다{08}
S05:21:83	68	エ　{0d}エリーもだてに\nコイツらと一緒にいるわけでは\nないんだな…………{08}	엘{0d} 엘리도 괜히\n저 녀석들이랑 같이 있는 게\n아니구나…………{08}
S05:21:84	15	見ーつけたっ！{08}	찾～았다!{08}
S05:21:85	46	あ～っ　いいなぁ～\nよーし！　アタシだってぇー{08}	아～ 좋겠다～\n좋아! 나도 질 수 없지{08}
S05:21:86	29	んっ？{0d}{0d}{0d}\nなにか光ってるぞ？{08}	응?{0d}{0d}{0d}\n뭔가 빛나는데?{08}
S05:21:87	56	な～んだ…　{0d}{0d}ただの木の板じゃんか\n後はこれだけかよ……{08}	뭐야… {0d}{0d}그냥 나무판이잖아\n남은 게 이것뿐이야……{08}
S05:21:88	57	大丈夫だよ　セニア\nこの宝玉は\n後で　封印につかうんだから{08}	괜찮아 세니아\n이 보옥은\n나중에 봉인에 쓰니까{08}
S05:21:89	47	し　{0d}しまったわ！！\nそのことを忘れていたわ……{08}	아{0d} 아차!!\n그걸 잊고 있었어……{08}
S05:21:90	97	……おまえらには　つきあいきれん\n手に入れるものを　手に入れたなら\nこんなところ　さっさといくぞ！{08}	……너희랑은 못 어울리겠다\n얻을 걸 얻었으면\n이런 데 얼른 뜨자!{08}
S05:21:91	71	なーんだ　ブレードって\nやせがまんしてたんじゃないのぉ？\n{0d}{0d}オ{0d}{0d}バ{0d}{0d}ケ曖{08}	뭐야 블레이드\n센 척했던 거 아냐?\n{0d}{0d}유{0d}{0d}령{0d}{0d}이{0d}{0d} 무서워서♥{08}
S05:21:92	47	きっ　{0d}貴様～！\nいっていいことと悪いことが……{08}	네{0d} 네 이놈～!\n할 말과 못 할 말이……{08}
S05:21:93	42	ちょっと待って２人とも！\nなにかいるよ！！{08}	잠깐 둘 다!\n뭔가 있어!!{08}
S05:21:94	85	ふん　危ないところだったな\nおまえたちが　物欲なんかに\nそまっているから　こうなるんだ{08}	흥 위험할 뻔했다\n너희가 물욕에 물들어\n있으니 이렇게 되는 거다{08}
S05:21:95	64	あんたが　ビクビクしていたから\nあんなの引きよせたんじゃないの？{08}	네가 벌벌 떠니까\n저런 게 꼬인 거 아냐?{08}
S05:21:96	18	なっ　{0d}なにを～！{08}	뭐{0d} 뭐라고～!{08}
S05:21:97	60	そ　{0d}そんなことより\n早く　この宝玉を先生たちに\nわたそうよ！{08}	그{0d} 그보다\n얼른 이 보옥을 선생님들께\n드리자!{08}
S05:21:98	33	そうだ　エリーのいうとおりだ！！{08}	그렇다 엘리 말이 맞다!!{08}
S05:21:99	23	…{0d}…{0d}今に見てなさいよ{08}	…{0d}…{0d}두고 봐{08}
S05:21:100	33	エリーたちは宝箱の鍵を手に入れた{08}	엘리 일행은 보물 상자 열쇠를\n손에 넣었다{08}
S05:21:101	42	エリーたちは\n光る木の板と宝玉を手に入れた{08}	엘리 일행은\n빛나는 나무판과 보옥을 얻었다{08}
S05:21:102	59	ふ～ん……\nこれが　あのオバケを吸い込んだ\nツボなのねぇ……{08}	흐응……\n이게 그 유령을 빨아들인\n항아리구나……{08}
S05:21:103	26	ギ{0d}…{0d}…{0d}…{0d}ギョ…{0d}…{0d}…{0d}{08}	으{0d}…{0d}…{0d}…{0d}어…{0d}…{0d}…{0d}{08}
S05:21:104	27	セニアはライトレイを覚えた{08}	세니아는 라이트레이를 익혔다{08}
S05:21:105	27	セニアはスターレイを覚えた{08}	세니아는 스타레이를 익혔다{08}
S05:21:106	51	アタシ……\nお嫁にいくときに\nこんな鏡は欲しくないな{08}	나……\n시집갈 때\n이런 거울은 싫어{08}
S05:21:107	51	う～ん………\nこの部屋には\nなにもないみたいねぇ……{08}	으～음………\n이 방엔\n아무것도 없나 봐……{08}
S05:21:108	61	ねえ　レナ\nそろそろ　イアソン先生たちの\nところに　戻らない？{08}	있잖아 레나\n슬슬 이아손 선생님들한테\n돌아가지 않을래?{08}
S05:21:109	87	なにいってんのよ　エリー！\nまだお宝を見つけていないのに\nノコノコ帰れるわけないじゃない{08}	무슨 소리야 엘리!\n아직 보물도 못 찾았는데\n어슬렁어슬렁 돌아갈 순 없지{08}
S05:21:110	55	そうだよ\nもう少しだけ　探してみようよ\nなっ？　エリー？{08}	맞아\n조금만 더 찾아보자\n응? 엘리?{08}
S05:21:111	56	オレは　このきたえ上げた\n剣の技を試せればどうでもいいが{08}	나는 이 단련한 검술을\n시험할 수 있으면 상관없다{08}
S05:21:112	36	あんたになんて\nなにも聞いてないわよ{08}	너한텐\n아무것도 안 물어봤거든{08}
S05:21:113	14	こ　{0d}このぉ～{08}	이{0d} 이게～{08}
S05:21:114	46	う～ん………\nじゃあ　ホントにあと少しだけだよ{08}	으～음………\n그럼 정말 조금만이야{08}
S05:21:115	34	さっすがエリー\n話がわかるよなぁ～{08}	역시 엘리\n말이 통한다니까～{08}
S05:21:116	38	それじゃあ\nタンサクを再開しましょうか{08}	그럼\n탐색을 재개할까{08}
S05:21:117	28	げっ！！\nなんなの　あれは？{08}	헉!!\n뭐야 저건?{08}
S05:21:118	53	なんだよ～も～ぉ\nオバケだらけじゃないか～\nこの船は～{08}	뭐야～ 정말～\n유령투성이잖아～\n이 배는～{08}
S05:21:119	11	どうしよう{08}	어떡하지{08}
S05:21:120	62	ふんっ！　そんなの決まっている！\nあいつらを　倒していくんだ！{08}	흥! 그야 뻔하다!\n저 녀석들을 쓰러뜨리고 간다!{08}
S05:21:121	81	……しょうがないわね\n上にいくには　あそこの階段を\nのぼらなくっちゃいけないし……{08}	……어쩔 수 없네\n위로 가려면 저기 계단을\n올라가야 하니까……{08}
S05:21:122	31	よし！　それじゃあいくぞっ！！{08}	좋아! 그럼 간다!!{08}
S05:21:123	33	ちょっと　あんたが仕切らないでよ{08}	잠깐 네가 지휘하지 마{08}
S05:21:124	31	もういい加減　疲れてきたわねぇ{08}	이제 슬슬 지친다{08}
S05:21:125	73	そうだよなぁ～\nちょっと　エマ先生のところに\nいって　回復してもらおうか？{08}	그렇지～\n잠깐 에마 선생님한테\n가서 회복 받을까?{08}
S05:21:126	38	ねぇ……\nいま　なにか聞こえなかった？{08}	있잖아……\n방금 뭔가 안 들렸어?{08}
S05:21:127	27	水が　はねた音じゃないの？{08}	물 튀는 소리 아냐?{08}
S05:21:128	29	エリー　ちょっと気にしすぎよ{08}	엘리 너무 신경 쓰는 거야{08}
S05:21:129	11	でもぉ……{08}	그치만……{08}
S05:21:130	17	…{0d}…{0d}…{0d}…{0d}！！{08}	…{0d}…{0d}…{0d}…{0d}!!{08}
S05:21:131	28	うわぁ～\nエリー　後ろ　後ろ{08}	우와～\n엘리 뒤 뒤{08}
S05:21:132	7	んっ？{08}	응?{08}
S05:21:133	11	きゃあ！！{08}	꺄악!!{08}
S05:21:134	55	ふんっ！\nこんなオバケの１匹や２匹\nどおってことない！！{08}	흥!\n이런 유령 한두 마리\n별거 아니다!!{08}
S05:21:135	36	くるならこいっ！\n成敗してやるっ！！{08}	올 테면 와라!\n처단해 주마!!{08}
S05:21:136	27	…{0d}…{0d}…{0d}…{0d}なに　いまの？{08}	…{0d}…{0d}…{0d}…{0d}뭐야 방금?{08}
S05:21:137	11	さあ………{08}	글쎄………{08}
S05:21:138	52	もしかして　アタシらのことが\n恐かったんじゃないの？{08}	혹시 우리가\n무서웠던 거 아냐?{08}
S05:21:139	18	そ　{0d}そうかしら？{08}	그{0d} 그럴까?{08}
S05:21:140	56	なんて根性のないヤツだっ\nあれでは　真の男にはなれんな！{08}	이 무슨 근성 없는 녀석이냐\n저래선 진정한 사나이 못 돼!{08}
S05:21:141	33	オバケに　真の男なんてあんのか？{08}	유령한테도 진정한 사나이가?{08}
S05:21:142	5	さあ{08}	글쎄{08}
S05:22:0	44	いるいる　みんなここに\n集まっているみたいね{08}	있다 있어 다들 여기\n모여 있나 봐{08}
S05:22:1	36	ねぇ　レナ……\nホントに大丈夫なの？{08}	있잖아 레나……\n정말 괜찮은 거야?{08}
S05:22:2	116	なにいってんのよ　エリー\nここまできておいて\n今さら帰れるわけないじゃない{08}\nそれに　お宝だって\nまだ　見つけていないし{08}	무슨 소리야 엘리\n여기까지 와 놓고\n이제 와서 돌아갈 순 없잖아{08}\n게다가 보물도\n아직 못 찾았고{08}
S05:22:3	63	でもさぁ　レナ……\nこのままだとアタシら\nまた　怒られちゃうよ？{08}	그래도 레나……\n이대로면 우리\n또 혼난다고?{08}
S05:22:4	38	大丈夫よ\nわたしに任せておきなさいって{08}	괜찮아\n나한테 맡겨 두라니까{08}
S05:22:5	93	ま　{0d}また　おまえかレナッ！{0d}{0d}\nブレード！？　お　{0d}おまえもか！\nあれほど　いい聞かせたのに……{08}	또{0d} 또 너냐 레나!{0d}{0d}\n블레이드!? 너{0d} 너도냐!\n그렇게 타일렀건만……{08}
S05:22:6	32	す　{0d}すみませんイアソン先生……{08}	죄{0d} 죄송합니다 이아손 선생님{08}
S05:22:7	56	ブレード　説明するがいい\n返答しだいでは　ただではおかん{08}	블레이드 설명해라 대답\n여하에 따라선 가만 안 둔다{08}
S05:22:8	143	ごめんなさい　イアソン先生……\nわたしたち　どーしても\n真の男の戦う姿をみたくって……{08}\n{0c}ブレードに　ムリいって\nここまで連れてきてもらったんです{08}	죄송해요 이아손 선생님……\n저희가 꼭 진정한 사나이의\n싸움을 보고 싶어서……{08}\n{0c}블레이드한테 억지 부려서\n여기까지 데려와 달라고 했어요{08}
S05:22:9	146	なっ　{0d}なに！\nそうか　う～む…………{08}\n{0c}ま　{0d}まあ　来てしまったものは\nしょうがない……{08}\n{0c}今から追い返すわけにもいくまいし\n今回だけは大目に見てやる{08}	뭐{0d} 뭐라고!\n그런가 으～음…………{08}\n{0c}뭐{0d} 뭐 와 버린 건\n어쩔 수 없지……{08}\n{0c}지금 돌려보낼 수도 없으니\n이번만은 봐주마{08}
S05:22:10	47	あっ　{0d}ありがとうございます！\nイアソン先生！！{08}	고{0d} 고맙습니다!\n이아손 선생님!!{08}
S05:22:11	84	ただし　外は危険だからな\nあまりウロウロせずに\nここで待機しているんだ{08}\n{0c}わかったな？{08}	단 밖은 위험하니\n너무 돌아다니지 말고\n여기서 대기해라{08}\n{0c}알겠냐?{08}
S05:22:12	25	は～い　わっかりました～{08}	네～ 알겠습니다～{08}
S05:22:13	9	…………{08}	…………{08}
S05:22:14	77	……みなまでいうなブレード\nおまえが　こいつらの子守りを\n買って出たのだろう？{08}	……다 말하지 마라 블레이드\n네가 이 녀석들 보호를\n자청했겠지?{08}
S05:22:15	100	イアソン先生……\n先生って　やっぱりわかってるよね{08}\n{0c}よかったね　ブレード\nこんなイイ先生の弟子で……{08}	이아손 선생님……\n선생님은 역시 알아주시네요{08}\n{0c}잘됐다 블레이드 이렇게\n좋은 선생님의 제자라서……{08}
S05:22:16	9	…………{08}	…………{08}
S05:22:17	36	だが　おまえたち\nこの次はゆるさんぞ{08}	하지만 너희\n다음엔 용서 없다{08}
S05:22:18	16	は　{0d}は～い……{08}	네{0d} 네～……{08}
S05:22:19	38	おまえたち　危ないから\nさがっていろ！{08}	너희 위험하니\n물러나 있어라!{08}
S05:22:20	46	……よかろう\nこの魔法を　おまえ達に教えてやる{08}	……좋다 이\n마법을 너희에게 가르쳐 주마{08}
S05:22:21	25	セニアは花姫乱舞を覚えた{08}	세니아는 화희난무를 익혔다{08}
S05:22:22	27	ブレードは回転斬りを覚えた{08}	블레이드는 회전베기를 익혔다{08}
S05:22:23	15	エマせんせー！{08}	에마 선생님～!{08}
S05:22:24	42	……レナ\nあなた　ここがどこだか知ってる？{08}	……레나\n여기가 어딘지 아니?{08}
S05:22:25	76	えーっ　{0d}あっ　{0d}ほんとだぁ{0d}\nいつの間に　こんなところへ\nきちゃったんだろう？{08}	에～ {0d}앗 {0d}정말이다{0d}\n언제 이런 데까지\n와 버렸지?{08}
S05:22:26	75	ふ　{0d}ふ～ん　なるほど……{0d}{0d}\n今回は　そういう手できたのね……{0d}\nわかりました{08}	흐{0d} 흐응 그렇구나……{0d}{0d}\n이번엔 그런 수로 나왔구나……{0d}\n알겠어{08}
S05:22:27	83	えっ？　{0d}ええっ！？\nせ　{0d}先生　なにがわかったの？\nとっても　{0d}き　{0d}気になりますわぁ{08}	어? {0d}어어!?\n선{0d} 선생님 뭘 아셨어요?\n엄청 {0d}신{0d} 신경 쓰이는데요～{08}
S05:22:28	46	ブレードくん？\nとにかく　今回は頼みますからね{08}	블레이드 군?\n아무튼 이번엔 부탁할게{08}
S05:22:29	24	は　{0d}はい　エマ先生！！{08}	네{0d} 네 에마 선생님!!{08}
S05:22:30	75	この場では　もうなにもいいません\nただし……{0d}{0d}\n帰ったら　わかってるわね！？{08}	이 자리에선 더 말 안 할게\n단……{0d}{0d}\n돌아가면 알지!?{08}
S05:22:31	27	ごめんなさい　エマ先生……{08}	죄송해요 에마 선생님……{08}
S05:22:32	40	はい　みんな\nちょっと　腕を出しなさいね{08}	자 다들\n팔 좀 내밀어 보렴{08}
S05:22:33	145	いいこと？\nここは　あなたたちが\n思っているよりも　危険な場所なの{08}\nだから決してムリはしないでね\n危なくなったら　ここに\n戻ってくるのよ　いいわね？{08}	알겠니?\n여기는 너희가\n생각하는 것보다 위험한 곳이야{08}\n그러니 절대 무리하지 마\n위험해지면 여기로\n돌아오렴 알겠지?{08}
S05:22:34	27	うん　わかったよ　エマ先生{08}	응 알겠어요 에마 선생님{08}
S05:22:35	27	ムリはしてないでしょうね？{08}	무리는 안 했겠지?{08}
S05:22:36	50	へへ　ちょっと遠くまで\n散歩にいってきちゃいました{08}	헤헤 좀 멀리까지\n산책 다녀왔어요{08}
S05:22:37	85	……今ごろ気をつかっても遅いわよ\nその傷だらけの服をみて\n見当つかないわけないでしょう{08}	……이제 와서 신경 써도\n늦었어 그 상처투성이 옷을\n보고 짐작 못 할 리가 없잖니{08}
S05:22:38	52	あの　エマ先生　ほかの先生は\nどこにいったんですか？{08}	저 에마 선생님 다른\n선생님들은 어디 가셨어요?{08}
S05:22:39	225	ああ　そうそう{08}\nさっき　学園長から連絡をうけて\nイアソン先生が　この山に\n乗り込んでいったわ{08}\nどうやら　この山の中から\n問題の霧が発生しているらしいの{08}\n{0c}あと　テレイナ先生は\n先ほど　お弟子さんを連れて\nイェン島に戻っていったわよ{08}	아아 맞다{08}\n아까 학원장님 연락을 받고\n이아손 선생님이 이 산에\n들어가셨어{08}\n아무래도 이 산속에서\n문제의 안개가 나오나 봐{08}\n{0c}그리고 테레이나 선생님은\n아까 제자들을 데리고\n옌섬으로 돌아가셨어{08}
S05:22:40	54	じゃ　{0d}じゃあ\nそろそろ　わたしたちも\n帰りましょうか？{08}	그{0d} 그럼\n슬슬 저희도\n돌아갈까요?{08}
S05:22:41	66	ま　{0d}待ってくれ\nイアソン先生が心配だ\n最後にあの山にいかせてくれ！{08}	기{0d} 기다려 줘\n이아손 선생님이 걱정이다\n끝으로 저 산에 가게 해 줘!{08}
S05:22:42	83	しょうがないわねぇ～\nまあ　この霧の原因もわかったから\n封印しなくちゃいけないし……{08}	어쩔 수 없네～\n뭐 이 안개 원인도 알았으니\n봉인해야 하고……{08}
S05:22:43	17	レナ　いくのか？{08}	레나 갈 거야?{08}
S05:22:44	13	そうねぇ……{08}	글쎄……{08}
S05:22:45	214	あっ　{0d}あなたたち！！\nいいかげんに…{0d}{0d}しなさいといっても\nいってしまうんでしょうね……{08}\nわかりました……\n気のすむようにしなさい{08}\n{0c}ただし　これだけは約束して\nしつこいようだけれど　絶対\nムリはしないこと！　いいわね？{08}	너{0d} 너희!!\n적당히…{0d}{0d}하라고 해도\n가 버리겠지……{08}\n알겠어……\n마음 내키는 대로 하렴{08}\n{0c}단 이것만은 약속해\n끈질기지만 절대\n무리하지 마! 알겠지?{08}
S05:22:46	29	はい　わかりました　エマ先生{08}	네 알겠어요 에마 선생님{08}
S05:22:47	34	……はいはい\nみんな腕を出しなさい{08}	……네네\n다들 팔 내밀렴{08}
S05:22:48	42	もう　エマ先生には\nウソつけないと思う……{08}	이제 에마 선생님께는\n거짓말 못 할 것 같아……{08}
S05:22:49	61	あたりまえよ\nだてに女を　２０年以上\nやってるわけじゃないわよ{08}	당연하지\n괜히 여자를 ２０년 넘게\n해 온 게 아니란다{08}
S05:22:50	29	だから　エマ先生って好きーっ{08}	그래서 에마 선생님 좋아～{08}
S05:22:51	50	なに　ブレードまで\n赤くなってんのよ{0d}\nこの　スケベ{08}	뭘 블레이드까지\n빨개지고 있어{0d}\n이 변태{08}
S05:22:52	48	いい？　ケガだけはしないように\n気をつけなさいよ{08}	알겠니? 다치지만 않게\n조심하렴{08}
S05:22:53	36	危なくなったら\nここに戻ってくるのよ{08}	위험해지면\n여기로 돌아오렴{08}
S05:22:54	110	あなたたちに\nなにかあってはいけないから\n魔法をひとつ教えておきます{08}\nもし　危なくなったら\nこの魔法を使いなさい{08}	너희한테\n무슨 일이 있으면 안 되니까\n마법을 하나 가르쳐 줄게{08}\n혹시 위험해지면\n이 마법을 쓰렴{08}
S05:22:55	21	レナはイコイを覚えた{08}	레나는 이코이를 익혔다{08}
S05:22:56	17	ラルフ先生～！！{08}	랄프 선생님～!!{08}
S05:22:57	33	ここが　スカルアイランドかぁ……{08}	여기가 스컬 아일랜드인가……{08}
S05:22:58	17	ラルフせんせー！{08}	랄프 선생니임～!{08}
S05:22:59	89	あの書物では書かれていなかった\nスカルアイランドの実態が\n今　わたしの目の前に広がっている{08}	그 책에는 적혀 있지 않았던\n스컬 아일랜드의 실체가\n지금 내 눈앞에 펼쳐져 있다{08}
S05:22:60	38	ダメね……\nぜんぜん聞こえてないみたい{08}	안 되겠네……\n전혀 안 들리나 봐{08}
S05:22:61	85	たまには　書物からでなく\n実際に体験することによって\n得られる知識も必要なんだなぁ……{08}	가끔은 책이 아니라\n직접 체험해서\n얻는 지식도 필요하구나……{08}
S05:22:62	33	完全に　自分の世界に入ってるわね{08}	완전히 자기 세계에 빠졌네{08}
S05:22:63	142	しかし　あの書物には\nスカルアイランドから　戻ってきた\n人はいないと書かれていたが……{08}\nわたしたちは　本当に生きて\nイェンに帰れるのだろうか……{08}	하지만 그 책에는\n스컬 아일랜드에서 돌아온\n사람은 없다고 했는데……{08}\n우리는 정말 살아서\n옌에 돌아갈 수 있을까……{08}
S05:22:64	42	すまん…\nなんだか　頭が痛くなってきた……{08}	미안…\n왠지 머리가 아파 왔다……{08}
S05:22:65	18	ア　{0d}アタシもぉ～{08}	나{0d} 나도～{08}
S05:22:66	44	ねえねえ　ラルフ先生っ！\nこれなーんだっ！！{08}	있잖아요 랄프 선생님!\n이거 뭐～게!!{08}
S05:22:67	10	んっ？{0d}{0d}{0d}{08}	응?{0d}{0d}{0d}{08}
S05:22:68	48	なんだ　その宝玉は？\nどこから　取ってきたんだ？{08}	뭐냐 그 보옥은?\n어디서 가져온 거냐?{08}
S05:22:69	69	えへへぇ～　スゴイでしょう\n向こうのこわれた船の中で\n見つけたんだよ！{08}	에헤헤～ 대단하죠\n저쪽 부서진 배 안에서\n찾았어요!{08}
S05:22:70	55	しかも先生\nこの宝玉が霧を封印する\n鍵みたいなんですよぉ{08}	게다가 선생님\n이 보옥이 안개를 봉인하는\n열쇠인 것 같아요～{08}
S05:22:71	186	なるほど……{08}\n先ほど　学園長から連絡があって\nイアソン先生があの山の中に\n入っていったばかりだ{08}\n{0d}どうやらこの霧は　あの山から\n発生しているらしいとのことだ\n早く宝玉を持っていってあげなさい{08}	그렇군……{08}\n아까 학원장님께 연락이 와서\n이아손 선생님이 저 산속에\n막 들어가셨다{08}\n{0d}아무래도 이 안개는 저 산에서\n생겨나는 것 같다고 한다\n얼른 보옥을 갖다드리렴{08}
S05:22:72	59	これで　この霧も\nスカルアイランドも\n再び封印されるのか……{08}	이걸로 이 안개도\n스컬 아일랜드도\n다시 봉인되는 건가……{08}
S05:22:73	42	はやく　イアソン先生のところへ\nいきなさい{08}	얼른 이아손 선생님께\n가거라{08}
S05:22:74	30	ラルフ先生\nなに考えてんだい？{08}	랄프 선생님\n뭘 생각하세요?{08}
S05:22:75	115	う～ん………やはり電撃は\n他の魔法と相性がいいみたいだ{08}\nセニアくん　君の電撃魔法と\nエリーくんの魔法をあわせると……{08}	으～음………역시 전격은\n다른 마법과 궁합이 좋군{08}\n세니아 군 네 전격 마법과\n엘리 군의 마법을 합치면……{08}
S05:22:76	46	エリーとセニアは\nチェーンライトニングを覚えた{08}	엘리와 세니아는\n체인라이트닝을 익혔다{08}
S05:22:77	109	君たち　ここでは\nなにが起こるか　わからないからね{08}\nいざというとき　自分の身を\n守るための　魔法を教えておこう{08}	너희 여기선\n무슨 일이 생길지 모르니까{08}\n여차할 때 자기 몸을\n지킬 마법을 가르쳐 두마{08}
S05:22:78	25	エリーはフレイズを覚えた{08}	엘리는 프레이즈를 익혔다{08}
S05:22:79	77	これは悲しみをいやす歌です\n皆さんも歌ってください\nその方が効力が増すでしょう{08}	이건 슬픔을 달래는 노래예요\n여러분도 불러 주세요\n그러는 편이 효과가 커지니까요{08}
S05:22:80	44	えーっ　テレイナ先生\nレナがいるけどいいの？{08}	에～ 테레이나 선생님\n레나가 있는데 괜찮아요?{08}
S05:22:81	27	もちろん　よくありませんわ{08}	물론 안 괜찮죠{08}
S05:22:82	24	も　{0d}もう　ゆるして……{08}	이{0d} 이제 봐줘요……{08}
S05:22:83	125	さあ　エリーさん\nわたくしたちと一緒に歌い\nさまよえる霊を　なぐさめましょう{08}\n{0c}そうそう　レナさんは歌わなくても\nいいですからね{08}	자 엘리 양\n저희와 함께 노래해서\n떠도는 영혼을 달래 줘요{08}\n{0c}아 참 레나 양은 안 불러도\n괜찮아요{08}
S05:22:84	9	…………{08}	…………{08}
S05:22:85	21	ん？　どうしたんだ？{08}	응? 왜 그러냐?{08}
S05:22:86	46	なんでもないわよっ！\nほっといてちょうだいっ！{08}	아무것도 아니야!\n내버려 둬!{08}
S05:22:87	39	な　{0d}なにを怒っているんだ？\nこいつは？{08}	뭐{0d} 뭘 화내는 거냐?\n얘는?{08}
S05:22:88	11	う～ん……{08}	으～음……{08}
S05:22:89	75	ラ～ラ～　ラララララ～♪\nララ～　ラララララ～♪\nラララ～　ララララ～……♪{08}	라～라～ 라라라라라～♪\n라라～ 라라라라라～♪\n라라라～ 라라라라～……♪{08}
S05:22:90	71	さあ　みなさん\n今から教える歌を歌って\nさまよえる霊を　なぐさめましょう{08}	자 여러분\n지금 가르쳐 줄 노래를 불러서\n떠도는 영혼을 달래 줘요{08}
S05:22:91	48	エリーはユウワクを覚えた\nレナはユウワクを覚えた{08}	엘리는 유혹을 익혔다\n레나는 유혹을 익혔다{08}
S05:22:92	81	レナさんには　この歌の方が\nお似合いかもしれませんね\n一応お教えしておきましょうか{08}	레나 양에겐 이 노래가\n더 어울릴지도 몰라요\n일단 가르쳐 드릴게요{08}
S05:22:93	23	レナはミナギリを覚えた{08}	레나는 미나기리를 익혔다{08}
S05:22:94	82	どうして　君たちがここに！？{0d}\nそうか　エリーくん\nぼくのことを心配してくれたんだね{08}	왜 너희가 여기에!?{0d}\n그렇구나 엘리 군\n날 걱정해 줬구나{08}
S05:22:95	54	どうして　わたしが会長さんの\nことを心配するんですか？{08}	왜 제가 회장님을\n걱정해요?{08}
S05:22:96	80	ど　{0d}どうしてって　それは……\nきみは　ぼくのことが心配で\nここに来たんじゃあ……{08}	왜{0d} 왜냐니 그건……\n너는 내가 걱정돼서\n여기 온 거 아니었어……{08}
S05:22:97	7	？？？{08}	???{08}
S05:22:98	48	エリーくん……\n君は　ぼくのことが心配じゃあ……{08}	엘리 군……\n너는 내가 걱정 안 됐……{08}
S05:22:99	75	えぇーい　にえきらん男だ！\nエリー　こんなヤツはほっといて\nとっとといくぞ！{08}	에잇 우유부단한 남자다!\n엘리 이런 녀석은 내버려 두고\n얼른 가자!{08}
S05:22:100	52	エっ　{0d}エリーくん？\nだ　{0d}だれなんだい　この男は！？{08}	엘{0d} 엘리 군?\n누{0d} 누구야 이 남자는!?{08}
S05:22:101	143	おれか？\nオレの名はブレード{08}\nイアソン先生の道場で\n真の男を目指して　修行をしている{08}\n{0c}なにか　モンクがあるなら\n勝負してやる！　かかってこい！！{08}	나 말이냐?\n내 이름은 블레이드{08}\n이아손 선생님 도장에서 진정한\n사나이를 목표로 수련 중이다{08}\n{0c}뭔가 불만이 있으면\n승부해 주마! 덤벼라!!{08}
S05:22:102	9	うっ……{08}	윽……{08}
S05:22:103	23	やるじゃん　ブレード曖{08}	제법인데 블레이드♥{08}
S05:22:104	55	ふんっ！\nおまえは　一生かかっても\n真の男にはなれないな{08}	흥!\n너는 평생이 걸려도\n진정한 사나이가 못 되겠군{08}
S05:22:105	21	いけいけ　ブレードぉ{08}	가라 가라 블레이드～{08}
S05:22:106	41	そ　{0d}その力の抜ける\n声援はやめてくれ……{08}	그{0d} 그 맥 빠지는\n응원은 그만둬 줘……{08}
S05:22:107	54	なによぉ～　せっかく\nわたしが　応援してあげてるのにぃ{08}	뭐야～ 모처럼\n내가 응원해 주는데～{08}
S05:22:108	29	エリーくん　助けてほしい……{08}	엘리 군 살려 줘……{08}
S05:22:109	9	…………{08}	…………{08}
S05:22:110	54	君たち　あぶないから\nあまり　ウロウロしない方がいいよ{08}	너희 위험하니까\n너무 돌아다니지 않는 게 좋아{08}
S05:22:111	60	あら　みなさん　こんにちは\n今日はお天気が　いまひとつですね{08}	어머 여러분 안녕하세요\n오늘은 날씨가 좀 별로네요{08}
S05:22:112	52	そ　{0d}そうですねぇ～……\nあは　{0d}あははははは…………{08}	그{0d} 그러네요～……\n아하 {0d}아하하하하하…………{08}
S05:22:113	26	な　{0d}なんなんだコイツは？{08}	뭐{0d} 뭐냐 이 사람은?{08}
S05:22:114	58	もう少し　お天気がよろしければ\nお弁当を作ってきましたのに{08}	날씨가 조금만 더 좋았으면\n도시락을 만들어 왔을 텐데{08}
S05:22:115	36	エルノラさんって\nすごいひとですよね{08}	엘노라 씨는\n대단한 사람이에요{08}
S05:22:116	60	エリー　わたしが口に出して\nいえなかったことを　とうとう……{08}	엘리 내가 입 밖에\n못 냈던 말을 드디어……{08}
S05:22:117	63	あら　ありがとうございます\nエリーさんだって\nステキな女性ですよ{08}	어머 고마워요\n엘리 씨도\n멋진 여성이에요{08}
S05:22:118	67	そんなことないですよ～\nでも　うれしいなぁ\nありがとう　エルノラさん{08}	그렇지 않아요～\n그래도 기쁘다\n고마워요 엘노라 씨{08}
S05:22:119	9	はぁ……{08}	하아……{08}
S05:22:120	79	ここを西にいったところに\n難破船があるらしいですから\nいってみたらいかがですか？{08}	여기서 서쪽으로 가면\n난파선이 있다니까\n가 보는 건 어때요?{08}
S05:22:121	36	もう　難破船には\nいってみましたか？{08}	벌써 난파선에는\n가 보셨나요?{08}
S05:22:122	75	わたくし　ここにくるまで\nどんなところなのかと\n楽しみにしていたのですが……{08}	저 여기 오기 전까지\n어떤 곳일까\n기대했는데요……{08}
S05:22:123	0		=
S05:22:124	50	どうして　君たちは\nこんなところまで来てしまうんだ{08}	왜 너희는\n이런 데까지 와 버리는 거냐{08}
S05:22:125	31	寮でまってろっていわれただろ？{08}	기숙사에서 기다리라고 했잖아?{08}
S05:22:126	33	君たちにも　こまったもんだよ……{08}	너희도 참 곤란하다……{08}
S05:22:127	27	ララ～ァ　ラララララ～ァ♪{08}	라라～ 라라라라라～♪{08}
S05:22:128	58	ラララ～　ララララァ～ラァ～♪\nララララ～　ラ～ラ～ァ～♪{08}	라라라～ 라라라라～라～♪\n라라라라～ 라～라～아～♪{08}
S05:23:0	24	あぁ～　{0d}どうしよう……{08}	아아～ {0d}어떡하지……{08}
S05:23:1	21	どうかしたんですか？{08}	무슨 일이에요?{08}
S05:23:2	118	ああ　エリーくん{0d}\n大変なことになってしまったよ…{0d}{0d}{08}\nイアソン先生が…{0d}{0d}イアソン先生が\nこの穴に　落ちてしまったんだ……{08}	아아 엘리 군{0d}\n큰일이 나 버렸어…{0d}{0d}{08}\n이아손 선생님이…{0d}{0d}선생님이\n이 구멍에 떨어지셨어……{08}
S05:23:3	16	な　{0d}なにぃっ！{08}	뭐{0d} 뭐라고!{08}
S05:23:4	63	へぇ～　あんたが\nエリー以外を心配するなんて\nめずらしいじゃない{08}	헤에～ 네가\n엘리 말고 걱정을 하다니\n별일이네{08}
S05:23:5	71	ゴホン……{0d}\nと　{0d}とにかく　イアソン先生は\n極度の方向オンチらしいんだよ{08}	크흠……{0d}\n아{0d} 아무튼 이아손 선생님은\n지독한 길치라던데{08}
S05:23:6	21	そうなの？　ブレード{08}	그래? 블레이드{08}
S05:23:7	213	ああ　実はそうなんだ…{0d}{0d}\nだが　イアソン先生なら大丈夫だ！{08}\n真の男は　これしきのことでは\nくたばったりはしない{08}\n{0c}しかし……　{0d}先生を助けるのは\n弟子であるオレのつとめ……{08}\nオレは　今から　イアソン先生を\n助けに向かう{08}	아아 실은 그렇다…{0d}{0d} 하지만\n이아손 선생님은 괜찮다!{08}\n진정한 사나이는 이 정도로\n뻗지 않는다{08}\n{0c}하지만…… {0d}선생님을 구하는 건\n제자인 나의 몫……{08}\n나는 지금부터 이아손 선생님을\n구하러 간다{08}
S05:23:8	112	わたしも　イアソン先生には\nいろいろお世話になってるし\n手伝うよ　ブレード{08}\nとにかく\nイアソン先生を探さなくっちゃ{08}	나도 이아손 선생님께\n여러모로 신세 지고 있으니\n도울게 블레이드{08}\n아무튼\n이아손 선생님을 찾아야 해{08}
S05:23:9	18	す　{0d}すまない……{08}	미{0d} 미안하다……{08}
S05:23:10	139	ところで……{0d}{0d}\nそれよりも　あんた\nなんで　こんなとこにいるわけ？{08}\nイアソン先生が穴に落ちたのを\n知っているなら　どうして\n助けにいかないの？{08}	그런데……{0d}{0d}\n그보다 너\n왜 이런 데 있는 거야?{08}\n이아손 선생님이 떨어진 걸\n알면서 왜\n구하러 안 가?{08}
S05:23:11	16	そ　{0d}それは……{08}	그{0d} 그건……{08}
S05:23:12	60	……{0d}まあ　いいわ\n今は　イアソン先生を\n探しだすことが先決ね{08}	……{0d}뭐 됐어\n지금은 이아손 선생님을\n찾는 게 먼저야{08}
S05:23:13	22	た　{0d}頼むよ　君たち…{08}	부{0d} 부탁해 너희…{08}
S05:23:14	34	はぁ…\n大変なことになってしまった{08}	하아…\n큰일이 나 버렸어{08}
S05:23:15	33	イアソン先生は見つかったのかい？{08}	이아손 선생님은 찾았니?{08}
S05:23:16	7	まだよ{08}	아직이야{08}
S05:23:17	19	元気だしてください{08}	기운 내세요{08}
S05:23:18	28	あ　{0d}ありがとう　エリーくん{08}	고{0d} 고마워 엘리 군{08}
S05:23:19	62	イアソン先生に\nもしものことがあったら……\nおまえを…　{0d}斬る！{08}	이아손 선생님께\n만일의 일이 생기면……\n너를… {0d}벤다!{08}
S05:23:20	7	ひえ～{08}	히익～{08}
S05:23:21	23	エリーくん　どうしよ～{08}	엘리 군 어떡하지～{08}
S05:23:22	42	今ここを　アンチくんたちが\n走っていったよ{08}	방금 여기로 안치 군들이\n뛰어갔어{08}
S05:23:23	84	彼らも　ここにきていたんだ……{0d}{0d}{0d}\nそれよりも　イアソン先生は\n大丈夫なんだろうか……{08}	그 애들도 여기 왔었구나……{0d}{0d}{0d}\n그보다 이아손 선생님은\n괜찮으실까……{08}
S05:23:24	74	ど　{0d}どうしましょう\nわたくしたちをかばって\nイアソン先生が　この落とし穴に{08}	어{0d} 어떡하죠\n저희를 감싸다가\n이아손 선생님이 이 함정에{08}
S05:23:25	27	大丈夫ですよ　エルノラさん{08}	괜찮아요 엘노라 씨{08}
S05:23:26	73	そのとおり！\n真の男である　イアソン先生なら\nこれしきのことで死ぬまい！！{08}	그렇다!\n진정한 사나이 이아손 선생님이\n이 정도로 죽을 리 없다!!{08}
S05:23:27	54	大変なのは　イアソン先生に\n出会ったモンスターの方だよ{08}	큰일 난 건 이아손 선생님을\n만난 몬스터 쪽이야{08}
S05:23:28	75	それを聞いて安心しました\nなにか　こう　胸のつかえが\nとれたような気がします{08}	그 말을 들으니 안심돼요\n뭔가 이렇게 가슴이\n후련해진 것 같아요{08}
S05:23:29	102	ど　{0d}どうして安心するんだ！\nイアソン先生は\nここから落ちたんだぞ！！{08}\n死んでしまったかもしれないんだぞ{08}	왜{0d} 왜 안심하는 거냐!\n이아손 선생님은\n여기서 떨어지셨다고!!{08}\n죽었을지도 모른다고{08}
S05:23:30	42	……あんた\nさっきといってることが違うよ…{08}	……너\n아까랑 말이 다르잖아…{08}
S05:23:31	29	心配ですわ　イアソン先生……{08}	걱정이에요 이아손 선생님……{08}
S05:23:32	73	先ほど　アンチさんたちが\n走っていかれましたが……\nなにかあったのですか？{08}	아까 안치 씨들이\n뛰어가셨는데……\n무슨 일 있었나요?{08}
S05:23:33	49	うん\nあいつらが倒れているとこを\n助けてやったんだ{08}	응\n그 녀석들이 쓰러져 있는 걸\n구해 줬어{08}
S05:23:34	75	まあ　こんなところで\nお昼ねなど　なさっていたら\nお風邪をひいてしまいますわ{08}	어머 이런 데서\n낮잠이라도 주무시면\n감기 걸리실 텐데{08}
S05:23:35	9	…………{08}	…………{08}
S05:23:36	50	イアソン先生も心配ですが\nアンチさんたちも心配です{08}	이아손 선생님도 걱정이지만\n안치 씨들도 걱정이에요{08}
S05:23:37	49	まったく……{0d}{0d}\nどうやって\nここまできたのかしら？{08}	정말……{0d}{0d}\n어떻게\n여기까지 왔을까?{08}
S05:23:38	34	おまえに\nそんなこといえんだろう？{08}	너는\n그런 말 할 처지 아니잖아?{08}
S05:23:39	17	なんですってぇ～{08}	뭐라고오～{08}
S05:23:40	29	レナ……早く助けてあげないと{08}	레나……얼른 구해 줘야지{08}
S05:23:41	63	大丈夫　わかってるって\nなんだか　かわいそうに\nなっちゃったしね{08}	괜찮아 알고 있어\n왠지 불쌍해\n졌거든{08}
S05:23:42	48	ふん　情けない……\nこれでは　真の男になれんな！{08}	흥 한심하다…… 이래서는\n진정한 사나이가 못 된다!{08}
S05:23:43	38	あんただって　人のこと\nいえないでしょ{08}	너도 남 말\n할 처지 아니잖아{08}
S05:23:44	23	まったく　世話のやける{08}	정말 손이 많이 가{08}
S05:23:45	42	レナ……？\nアンチが立ち上がらないよ……？{08}	레나……?\n안치가 안 일어나……?{08}
S05:23:46	63	いやーん\nわたしったら　アンチにだけ\n魔法かけ忘れちゃったぁん曖{08}	어머나～\n나도 참 안치한테만\n마법 거는 걸 깜빡했네♥{08}
S05:23:47	16	ひ　{0d}ひでぇ……{08}	너{0d} 너무해……{08}
S05:23:48	34	よ　{0d}よけいなことしやがって………{08}	쓰{0d} 쓸데없는 짓을………{08}
S05:23:49	74	なら　こんなところまで\n入ってきちゃダメよ{0d}\nムボウと勇気は　ちがうでしょ？{08}	그럼 이런 데까지\n들어오지 말았어야지{0d}\n무모함과 용기는 다르잖아?{08}
S05:23:50	110	うっ　{0d}うるさい！！{08}\nオレ様は　倒れたフリをして\nモンスターがゆだんしたところを\n一気にたたくつもりだったんだ！{08}	시{0d} 시끄러!!{08}\n이 몸은 쓰러진 척해서\n몬스터가 방심한 틈에\n한 방에 칠 생각이었다고!{08}
S05:23:51	38	はいはい…\nそれは悪うございましたねぇ{08}	네네…\n그거 참 실례했네요{08}
S05:23:52	59	チクショー{0d}{0d}{0d}{0d}\n今回だけは　見逃してやる\nありがたく思え！！{08}	젠장{0d}{0d}{0d}{0d}\n이번만은 봐준다\n고맙게 여겨라!!{08}
S05:23:53	40	そうっス！\n別に負けたわけじゃないっスよ{08}	맞아요!\n딱히 진 건 아니에요{08}
S05:23:54	38	そういうわけだから\n今回は引き下がるよ{08}	그런 거니까\n이번엔 물러날게{08}
S05:23:55	96	すごいよ　レナ\nまた　いつものようにケンカが\n始まっちゃうかと思ったけど…{08}\n{0c}大人になったんだね！{08}	대단해 레나\n또 평소처럼 싸움이\n시작될 줄 알았는데…{08}\n{0c}어른이 됐구나!{08}
S05:23:56	38	あら　なんのことかしら？\nオホホホ……{08}	어머 무슨 소리일까?\n오호호……{08}
S05:23:57	59	レナーっ！\nその笑いは　レイラを思い出すから\nやめろーっ！！{08}	레나～!\n그 웃음은 레이라가 생각나니까\n그만해～!!{08}
S05:23:58	54	……！？{0d}{0d}{0d}\nなんか今　変な鳴き声が\n聞こえなかったか？{08}	……!?{0d}{0d}{0d}\n방금 뭔가 이상한 울음소리\n안 들렸냐?{08}
S05:23:59	32	あ　{0d}ああ……オレも聞こえたぞ…{08}	아{0d} 아아……나도 들렸다…{08}
S05:23:60	50	…なにかいるみたいだから\nみんな　気をつけて進もう{08}	…뭔가 있는 것 같으니까\n다들 조심해서 가자{08}
S05:23:61	72	そ　{0d}そうだな……\nここは気を引きしめて\n慎重に進んでいった方がいいだろう{08}	그{0d} 그렇지……\n여긴 마음을 다잡고\n신중하게 나아가는 게 좋겠다{08}
S05:23:62	50	もしかして……{0d}{0d}\nイアソン先生の悲鳴だったりして…{08}	혹시……{0d}{0d}\n이아손 선생님 비명이라든가…{08}
S05:23:63	51	なっ　{0d}なんてことを\n縁起でもないことをいうなっ！！{08}	무{0d} 무슨 소리를\n재수 없는 소리 하지 마!!{08}
S05:23:64	27	ここが　この霧の発生源だな{08}	여기가 이 안개의 발생지군{08}
S05:23:65	50	そうみたいだね　早いとこ\nこの霧を封印しちゃおうよ{08}	그런가 봐 얼른\n이 안개를 봉인해 버리자{08}
S05:23:66	86	ちょっと待って　エリー{08}\n{0c}どうやら霧を封印する前に\nあいつを倒さなきゃいけない\nみたいよ{08}	잠깐 엘리{08}\n{0c}아무래도 안개를 봉인하기 전에\n저 녀석을 쓰러뜨려야\n하나 봐{08}
S05:23:67	42	もう　早いとこ終わらせて\nイェンに帰ろうよ{08}	정말 얼른 끝내고\n옌에 돌아가자{08}
S05:23:68	59	ふんっ！\nこんなモンスターなんぞ\nかるく　ひねりつぶしてやる{08}	흥!\n이런 몬스터 따위\n가볍게 짓눌러 주마{08}
S05:23:69	36	それじゃあ　みんな……{0d}{0d}\nいくよ！！{08}	그럼 다들……{0d}{0d}\n간다!!{08}
S05:23:70	27	なんとか　倒せたみたいだね{08}	어떻게든 쓰러뜨렸나 봐{08}
S05:23:71	40	やはり　戦いとは\nこうでなくてはいかん！{08}	역시 싸움이란\n이래야지!{08}
S05:23:72	31	はいはい　わかったわかった……{08}	네네 알았어 알았어……{08}
S05:23:73	69	それにしてもさあ\nこ～んな霧が　イェンを引きよせて\nいたんだよなぁ……{08}	그나저나\n이런 안개가 옌을 끌어당기고\n있었구나……{08}
S05:23:74	51	レナぁ……\n気味が悪いから　はやく\n封印しちゃおうよ{08}	레나아……\n기분 나쁘니까 얼른\n봉인해 버리자{08}
S05:23:75	40	そうね　わかったわ\nわたしにまかせて……{08}	그래 알았어\n나한테 맡겨……{08}
S05:23:76	78	なっ　{0d}なんで……？\nどうして　封印されないのよ\nこの宝玉が霧の封印じゃないの？{08}	뭐{0d} 뭐야……?\n왜 봉인이 안 되는 거야 이\n보옥이 안개 봉인 아니었어?{08}
S05:23:77	19	おまえ　まさか……{08}	너 설마……{08}
S05:23:78	7	なによ{08}	뭐야{08}
S05:23:79	33	宝玉ほしさに　すりかえたとか……{08}	보옥 탐나서 바꿔치기한\n거 아냐……{08}
S05:23:80	63	なっ　{0d}なにいってんのよっ！！\nそんなこと　するわけないでしょ！{08}	무{0d} 무슨 소리야!!\n그런 짓 할 리가 없잖아!{08}
S05:23:81	33	レナぁ～　しっかりしてくれよぉ～{08}	레나아～ 정신 좀 차려～{08}
S05:23:82	29	ねえ　もう１度試してみれば？{08}	있잖아 한 번 더 해 보면?{08}
S05:23:83	35	そっ　{0d}そうね\nもう１度やってみるわ{08}	그{0d} 그래\n한 번 더 해 볼게{08}
S05:23:84	9	…………{08}	…………{08}
S05:23:85	44	日ごろの　おこないが\n悪いから　そうなるんだ{08}	평소 행실이\n나쁘니까 그렇지{08}
S05:23:86	34	うるさいわねっ！！\nもー　頭きた！{08}	시끄러!!\n정말 열받아!{08}
S05:23:87	29	なによっ！　こんなモノーっ！{08}	뭐야! 이딴 거～!{08}
S05:23:88	7	うわっ{08}	우왓{08}
S05:23:89	62	ふぅ～　あぶないあぶない……{0d}{0d}\nレナ　もったいないことすんなよ{08}	후～ 위험했다 위험했어……{0d}{0d}\n레나 아깝게 그러지 마{08}
S05:23:90	53	レナ～\nコレ　いらないんなら\nアタシがもらっちゃうよ？{08}	레나～\n이거 필요 없으면\n내가 가진다?{08}
S05:23:91	48	いいわよっ　そんな役立たず\nもういらないわっ！！{08}	그래 그런 쓸모없는 거\n이제 필요 없어!!{08}
S05:23:92	21	ホントにいいのかぁ？{08}	정말 괜찮아?{08}
S05:23:93	46	しつこいわね！\nいらないったら　いらないのっ！{08}	끈질기네!\n필요 없다면 필요 없어!{08}
S05:23:94	27	ヤッタ！　いっただきぃーっ{08}	앗싸! 잘 받을게～{08}
S05:23:95	28	えへへ……　{0d}きれいだなぁ～{08}	에헤헤…… {0d}예쁘다～{08}
S05:23:96	61	それにしてもさあ……\nどうやって封印するんだろう？\nこの霧……{08}	그나저나……\n어떻게 봉인하는 걸까?\n이 안개……{08}
S05:23:97	99	そうだな……{08}\nその宝玉で封印できないってことは\nほかに　この霧を封印するものが\nあるのかもしれないな{08}	그렇군……{08}\n그 보옥으로 봉인이 안 된다면\n이 안개를 봉인하는 게\n따로 있을지도 모르지{08}
S05:23:98	56	でも　それらしきモノなんて\nあの船には　なかったじゃない{08}	그래도 그럴싸한 건\n그 배에 없었잖아{08}
S05:23:99	18	そうだよなぁ～{0d}{0d}{0d}\n	그렇지～{0d}{0d}{0d}\n
S05:23:100	37	{0c}あるとすれば　アタシの持ってる…{0d}{0d}{0d}\n	{0c}있다면 내가 가진…{0d}{0d}{0d}\n
S05:23:101	8	{0c}うわぁ{08}	{0c}우와{08}
S05:23:102	31	なに？　なにが起こったの……？{08}	뭐? 무슨 일이 난 거야……?{08}
S05:23:103	47	……{0d}よく　わからないけど\n封印されたみたい……{08}	……{0d}잘 모르겠지만\n봉인된 것 같아……{08}
S05:23:104	9	…………{08}	…………{08}
S05:23:105	85	どうやら　あの宝玉じゃなくって\nセニアの持ってた板が　この霧の\n封印だったみたいね……{08}	아무래도 그 보옥이 아니라\n세니아가 가진 판이 이 안개의\n봉인이었나 봐……{08}
S05:23:106	42	って　ことは\nアタシの　お手がらってヤツ？{08}	그렇다는 건\n내 공이라는 거지?{08}
S05:23:107	41	イ　{0d}イアソン先生！\nよくぞ　ご無事で！！{08}	이{0d} 이아손 선생님!\n무사하셨군요!!{08}
S05:23:108	40	おまえら……\nどうしてここにいるんだ！？{08}	너희……\n왜 여기 있는 거냐!?{08}
S05:23:109	105	イアソン先生！！\nオレ…{0d}{0d}オレ　やりました！！{08}\nこの霧を…{0d}{0d}スカルアイランドの霧を\n封印してみせました！！{08}	이아손 선생님!!\n제가…{0d}{0d}제가 해냈습니다!!{08}\n이 안개를…{0d}{0d}스컬 아일랜드\n안개를 봉인해 냈습니다!!{08}
S05:23:110	72	なっ　{0d}なにぃ～\nオレの楽しみを……オレが\n封印しようと思っていたのに……{08}	뭐{0d} 뭐라고～\n내 즐거움을……내가\n봉인하려고 했는데……{08}
S05:23:111	27	なんですか？　イアソン先生{08}	뭐라고요? 이아손 선생님{08}
S05:23:112	168	いっ　{0d}いや……{0d}その……{08}\nブ　{0d}ブレード　おまえも\nだんだんと　真の男に近づいて\nきたのかもしれんな{08}\nそろそろ　おまえにも\n真の男が　なんたるかを教えねば\nなるまい…………{08}	아{0d} 아니……{0d}그게……{08}\n블{0d} 블레이드 너도\n점점 진정한 사나이에\n가까워지는지도 모르겠구나{08}\n슬슬 너에게도\n진정한 사나이가 무엇인지\n가르쳐야겠지…………{08}
S05:23:113	54	はっ　{0d}はい！！\nありがとうございます\nイアソン先生！！{08}	네{0d} 네!!\n감사합니다\n이아손 선생님!!{08}
S05:23:114	28	はぁ……\nオレの楽しみが……{08}	하아……\n내 즐거움이……{08}
S05:23:115	36	イアソン先生\nなんかザンネンそうだね{08}	이아손 선생님\n왠지 아쉬워 보이네{08}
S05:23:116	40	それにしても\nあつくるしい　連中よねぇ～{08}	그나저나\n숨 막히는 사람들이야～{08}
S05:23:117	67	まあ　いいじゃないか\n霧は封印されたし\nアタシは　宝玉が手に入ったし{08}	뭐 괜찮잖아\n안개는 봉인됐고\n나는 보옥을 얻었고{08}
S05:23:118	29	結局　あんたはそれなのね……{08}	결국 너는 그거구나……{08}
S05:23:119	25	エリーはフレイズを覚えた{08}	엘리는 프레이즈를 익혔다{08}
S06:0:0	83	ねえ　この前スカルアイランドで\n好き勝手にやったこと\nみんな　まだ怒ってるみたいだよ{08}	있잖아 저번에 스컬\n아일랜드에서 멋대로 한 일\n때문에 다들 아직 화났나 봐{08}
S06:0:1	57	し　しかたないでしょ\n良かれと思って\nやったことなんだから{08}	어 어쩔 수 없잖아\n잘 되라고\n한 일이니까{08}
S06:0:2	71	はぁはぁ……聞いたか？\nイェンがメリエとかいう人魚の島に\nついたらしいぞ{08}	헉헉……들었어?\n옌이 메리에라는 인어의 섬에\n도착했대!{08}
S06:0:3	81	え？{0d}{0d}{0d}{0d}　セニア知らなかったの？\n半日前の話じゃない\nもう港から船でいけるんだよね{08}	어?{0d}{0d}{0d}{0d} 세니아 몰랐어?\n반나절 전 얘기잖아 벌써\n항구에서 배로 갈 수 있어{08}
S06:0:4	47	レイラ！\nあ　アイツ～！\nま～た　だましたな！！{08}	레이라!\n저 저 녀석～!\n또 속였구나!!{08}
S06:0:5	69	……レイラのいうことなんか\nまともに信じるほうにも\n問題がないかしら？{08}	……레이라 말을\n곧이곧대로 믿는 쪽도\n문제 아닐까?{08}
S06:0:6	83	……それはいいとして\nとにかく人魚の島にいってみたくて\n２人のところにきたんだけど？{08}	……그건 그렇고\n아무튼 인어의 섬에 가 보고\n싶어서 둘한테 온 건데?{08}
S06:0:7	97	人魚の島かぁ～\nいきましょうよ　エリー{08}{0c}反省は　いつでもできるけど\nメリエの食べ物は今しかないわ！{08}	인어의 섬이라～\n가자 엘리{08}{0c}반성은 언제든 할 수 있지만\n메리에 음식은 지금뿐이야!{08}
S06:0:8	28	う～ん\nまあ　いいけどね……{08}	으～음\n뭐 괜찮지만……{08}
S06:0:9	46	じゃあ　きまり！\nで　どこにいけばいいんだっけ{08}	그럼 결정!\n그래서 어디로 가면 되더라{08}
S06:0:10	34	港だよ\n小舟かなにかを借りにいこう{08}	항구야\n작은 배라도 빌리러 가자{08}
S06:0:11	46	あんたたちは……\nそんなに冒険が好きなのかい？{08}	너희는……\n그렇게 모험이 좋니?{08}
S06:0:12	59	好きで～す\nステラおばさんの作る料理には\nかないませんけど曖{08}	좋아요～\n스텔라 아줌마 요리엔\n못 미치지만요♥{08}
S06:0:13	85	レナちゃんたちの情熱はわかったよ\nけど　人をだますような\nやり方は　もう許さないからね{08}	레나네 열정은 알겠다\n하지만 남을 속이는 방식은\n이제 용서 안 한다{08}
S06:0:14	46	ステラおばさん　ごめんなさい\n反省してます……{08}	스텔라 아줌마 죄송해요\n반성하고 있어요……{08}
S06:0:15	73	わかればいいよ\nけど　危ないことをする時だけは\n遠慮なく　いわせてもらうよ{08}	알면 됐다\n하지만 위험한 짓 할 때만은\n사양 않고 말할 거야{08}
S06:0:16	15	気をつけま～す{08}	조심할게요～{08}
S06:0:17	71	女の子は冒険をしちゃいけないって\nつい　考えちまう\nアタシが古いのかねぇ{08}	여자애는 모험하면 안 된다고\n그만 생각해 버리는\n내가 구식인 걸까{08}
S06:0:18	69	……どうしたんだい\nみんな　思いつめた顔して\n悪い予感がするじゃないか{08}	……왜 그러니\n다들 심각한 얼굴을 하고\n불길한 예감이 들잖니{08}
S06:0:19	63	ううん　ステラおばさん\nメリエまで泳いでいったからなの\n安心して{08}	아뇨 스텔라 아줌마\n메리에까지 헤엄쳐 가서 그래요\n안심하세요{08}
S06:0:20	61	レナちゃんたちは\nすごいことするねぇ\n元気があっていいけどねぇ{08}	레나네는\n대단한 걸 하는구나\n기운차서 좋긴 하다만{08}
S06:0:21	34	……よくそうやって\nウソがでるなぁ{08}	……잘도 그렇게\n거짓말이 나오네{08}
S06:0:22	83	でも……逆にレナちゃんたちが\n問題を起こさないと　なんだか\n落ち着かないよ　変だねえ{08}	그래도……거꾸로 레나네가\n문제를 안 일으키면 왠지\n마음이 안 놓여 이상하지{08}
S06:0:23	9	…………{08}	…………{08}
S06:0:24	42	……レナが　だまりこむところ\nはじめて見た{08}	……레나가 입 다무는 거\n처음 봤어{08}
S06:0:25	50	アンチたちが　人魚たちに\n捕まったって本当かい！？{08}	안치네가 인어들한테\n붙잡혔다는 게 정말이니!?{08}
S06:0:26	73	そうみたいです　わたしたちが\n逃げてくる直前でもメリエに\nいましたから……{08}	그런가 봐요 저희가\n도망쳐 오기 직전에도 메리에에\n있었으니까요……{08}
S06:0:27	55	う～ん\nどうして人魚たちに\nつかまったりしたんだろうね？{08}	으～음\n왜 인어들한테\n붙잡혔을까?{08}
S06:0:28	44	女の子の裸をのぞいたとか\n盗み食いをしたとか{08}	여자애 알몸을 훔쳐봤다든가\n몰래 주워 먹었다든가{08}
S06:0:29	29	人魚の守りを盗んだとかかも～{08}	인어의 수호를 훔쳤다든가～{08}
S06:0:30	40	それだと\nじょうだんになってないんだけど{08}	그건\n농담이 안 되는데{08}
S06:0:31	24	アンチたちが\n心配だねぇ{08}	안치네가\n걱정이구나{08}
S06:0:32	77	大丈夫よ　おばさん\nあいつらなら　捕まっちゃったら\nもう何もできないと思うから{08}	괜찮아요 아줌마\n걔네는 붙잡히면\n아무것도 못 할 테니까요{08}
S06:0:33	77	メリエか……久しぶりだぜ\nまた　あの魚料理がでると思うと\nぞくぞくしちゃうね！{08}	메리에라……오랜만이다\n또 그 생선 요리가 나온다니\n벌써 설렌다!{08}
S06:0:34	73	メリエにいってきたんだろ？\n赤とか青とかの魚が\nなぜだか　うまかっただろ？{08}	메리에 다녀왔지?\n빨갛고 파란 생선이\n왠지 맛있었지?{08}
S06:0:35	44	メリエの料理どころのさわぎじゃ\nなくなったな{08}	메리에 요리 얘기할\n때가 아니게 됐군{08}
S06:0:36	61	メリエっていうのは\n人魚たちの島のことだよ\n海がキレイなんだぜ{08}	메리에라는 건\n인어들의 섬이야\n바다가 예쁘다고{08}
S06:0:37	29	さて　そろそろメリエにいくか{08}	자 슬슬 메리에에 가 볼까{08}
S06:0:38	76	なんだと～！！\nアンチやエマ先生がつかまった！？{08}{0c}人魚め　エマ先生だけ返せ！{08}	뭐라고～!! 안치랑\n에마 선생님이 붙잡혔다고!?{08}{0c}인어들아 에마 선생님은 돌려줘{08}
S06:0:39	44	メリエについたなら\nしばらくは　バカンスだね{08}	메리에에 도착했으니\n한동안은 바캉스네{08}
S06:0:40	59	よし　海水パンツも\n水中メガネも持ったし\nメリエにいきますか{08}	좋아 수영 팬티도\n물안경도 챙겼으니\n메리에에 가 볼까{08}
S06:0:41	46	エマ先生は　人魚に\n変なことされてないだろうか{08}	에마 선생님은 인어한테\n이상한 일 당하지 않았을까{08}
S06:0:42	65	ちくしょぉ～！\nオレ様たちを何回も助けたからって\nいい気になるな！{08}	젠자앙～!\n이 몸들을 몇 번 구해 줬다고\n우쭐대지 마라!{08}
S06:0:43	31	……別にいい気になってないわよ{08}	……딱히 우쭐대지 않거든{08}
S06:0:44	38	人魚の島で\n決着をつけてやるからな！！{08}	인어의 섬에서\n결판을 내 주마!!{08}
S06:0:45	63	あんたたちも\n人魚の島にいくのね……\nはぁ　先が思いやられるわ～{08}	너희도\n인어의 섬에 가는구나……\n하아 앞날이 걱정이다～{08}
S06:0:46	21	今度こそ　負けねー！{08}	이번엔 안 진다～!{08}
S06:0:47	23	この前は　悪かったっス{08}	저번엔 미안했어요{08}
S06:0:48	55	どうしたの　リック\n……まだ霧の影響が\nのこってるとか？{08}	왜 그래 릭\n……아직 안개 영향이\n남은 거야?{08}
S06:0:49	63	メイワクかけたら\nあやまるのは当然っス\nたまにはいわせてくれっス{08}	폐를 끼쳤으면\n사과하는 게 당연해요\n가끔은 말하게 해 줘요{08}
S06:0:50	63	……お願いだから\nアンチにも　そういうことを\nよくいっておいてよ{08}	……부탁이니까\n안치한테도 그런 걸\n잘 일러 둬{08}
S06:0:51	27	今度から　気をつけるっスよ{08}	다음부턴 조심할게요{08}
S06:0:52	42	やあ　助けてもらったみたいだね\n感謝するよ{08}	안녕 도움을 받은 것 같네\n고마워{08}
S06:0:53	69	ねえ　アンチが\nまた暴走してるみたいよ\n止めたほうがいいんじゃないの？{08}	있잖아 안치가\n또 폭주하는 것 같은데\n말리는 게 좋지 않아?{08}
S06:0:54	36	いや　ああでなきゃ\nアンチじゃないよ{08}	아니 저래야\n안치지{08}
S06:0:55	73	……そうだけどさぁ\nこっちのじゃまをしてこなけりゃ\nもっと　いいんだけどね{08}	……그렇긴 한데\n우리 방해만 안 하면\n더 좋을 텐데{08}
S06:0:56	73	レナたちは気づかないだろうけど\nアンチには　アンチの\nいいところがあるのさ{08}	레나네는 모르겠지만\n안치에겐 안치만의\n좋은 점이 있어{08}
S06:0:57	87	あ～ら　セニアさんと同室の\nカボチャ頭レイラさん{08}{0c}人魚の島には\nおいきになられませんの？{08}	어～머 세니아 씨와 같은 방의\n호박 머리 레이라 씨{08}{0c}인어의 섬엔\n안 가시나요?{08}
S06:0:58	150	これは　ごていねいにどうも……\nあんな魚くさい島　２度もいく\nようなところではありませんわ{08}{0c}そちらこそ　スカルアイランドの件\nこりていないようですわねぇ{08}	이거 정중하게도……\n그런 비린내 나는 섬 두\n번이나 갈 곳은 아니에요{08}{0c}그쪽이야말로 스컬 아일랜드\n일로 정신 못 차렸나 보네요{08}
S06:0:59	79	あ～ら　レイラさんこそ\nセニアさんに　ウソを教えて\n楽しんでいらっしゃるとか……{08}	어～머 레이라 씨야말로\n세니아 씨한테 거짓말을 해서\n즐기신다던데……{08}
S06:0:60	48	……な　なんで　レナまで\nていねいな口調なんだよ{08}	……왜 왜 레나까지\n공손한 말투인 거야{08}
S06:0:61	85	それよりも　メリエにいって\n魚くさくなったら　この部屋に\n入らないでいただけるかしら？{08}	그보다 메리에에 가서\n비린내가 나면 이 방엔\n들어오지 말아 주시겠어요?{08}
S06:0:62	44	レイラさん\nまたあとで　お会いしましょうね曖{08}	레이라 씨\n또 나중에 만나요♥{08}
S06:0:63	148	……その魚のにおいでは　メリエに\nいってきたようですわね{08}{0c}はやく部屋から出て欲しいんですが\nその前に　メリエでなにを\nしてきたか当てて見せましょうか？{08}	……그 생선 냄새를 보니\n메리에에 다녀오셨나 보네요{08}{0c}얼른 방에서 나가 줬으면\n하는데 그 전에 메리에에서 뭘\n하고 왔는지 맞혀 볼까요?{08}
S06:0:64	19	今回ばかりは無理ね{08}	이번만큼은 무리야{08}
S06:0:65	75	あら……やはりそうですか\nそれでこそ　学園最強の問題児に\nふさわしいですわ！{08}	어머……역시 그렇군요\n그래야 학원 최강의 문제아에\n어울리죠!{08}
S06:0:66	17	し　しまった！！{08}	아 아차!!{08}
S06:0:67	79	さあ　魚くさいかたは\nでていってください　次の報告も\n楽しみにしておりますけどね{08}	자 비린내 나는 분들은\n나가 주세요 다음 보고도\n기대하고 있을게요{08}
S06:0:68	15	……やられたわ{08}	……당했다{08}
S06:0:69	59	アンチたちと\nよりにもよって　エマ先生が\n人質なんですって？{08}	안치네랑\n하필이면 에마 선생님이\n인질이라면서요?{08}
S06:0:70	44	わ　わたしたちが\nやったわけじゃないでしょ！{08}	우 우리가\n한 거 아니잖아!{08}
S06:0:71	73	あら　そんなことは一言も……\nなにか　うしろめたいことでも\nおありかしら？{08}	어머 그런 말은 한마디도……\n뭔가 찔리는 거라도\n있으신가요?{08}
S06:0:72	33	……この女　学習しやがったわねぇ{08}	……이 여자 학습했구나{08}
S06:0:73	50	そして　あなたたちは\nメリエへいくつもりなのですね{08}	그리고 당신들은\n메리에에 갈 생각이군요{08}
S06:0:74	40	そ　そんなこと\nあるわけないじゃないか～{08}	그 그런 거\n있을 리가 없잖아～{08}
S06:0:75	40	あら……ウソが\nほんとうに下手ですわねぇ{08}	어머……거짓말이\n정말 서투르시네요{08}
S06:0:76	83	……チャンス！{08}{0c}あ～ら　レイラさんほど\nウソが　うまくありませんので\nごめんあそばせ{08}	……기회다!{08}{0c}어～머 레이라 씨만큼\n거짓말이 능숙하지 않아서\n실례했어요{08}
S06:0:77	44	なっ　なんてことを……\nおぼえてらっしゃい！{08}	뭐 무슨 소리를……\n두고 봐요!{08}
S06:0:78	44	不注意だったわ……\nお　おぼえてらっしゃい！{08}	방심했어……\n두 두고 봐요!{08}
S06:0:79	81	幽霊の島に　いくんだったら\nなんで　わたしにひとこと\nいっていかないの！　悪い子ね{08}	유령의 섬에 갈 거면\n왜 나한테 한마디\n안 하고 갔어! 나쁜 애들{08}
S06:0:80	55	あら？　メリエに\nいってきたのね\n楽しんでこれたでしょ？{08}	어머? 메리에에\n다녀왔구나\n즐거웠지?{08}
S06:0:81	53	もういちど　メリエに\nいく気でしょ\nがんばってくるのよ{08}	한 번 더 메리에에\n갈 생각이지\n힘내고 와{08}
S06:0:82	81	メリエにはブラウンさんと\nいきたいんだけど　生徒会の\nお仕事でいそがしそうなの……{08}	메리에엔 브라운 씨랑\n가고 싶은데 학생회\n일로 바쁘신가 봐……{08}
S06:0:83	83	ブラウンさんに　おひまな時間は\nないのかしら？　あればいっしょに\nメリエにいけるのに{08}	브라운 씨한테 한가한 시간은\n없을까? 있으면 같이\n메리에에 갈 텐데{08}
S06:0:84	55	大丈夫よ\nだって　イェンはブラウンさんが\n守ってくれるわ{08}	괜찮아\n옌은 브라운 씨가\n지켜 줄 테니까{08}
S06:0:85	73	レイラに寮のそうじを\n頼まれたんだけど……\n自分でやればいいとは思わない？{08}	레이라한테 기숙사 청소를\n부탁받았는데……\n직접 하면 되지 않아?{08}
S06:0:86	34	はぁ……\nやっと　おそうじ終わり！{08}	하아……\n드디어 청소 끝!{08}
S06:0:87	42	レイラって　メリエにいこうと\nしないのよね{08}	레이라는 메리에에 가려고\n안 하네{08}
S06:0:88	23	はやく　メリエにいこう{08}	얼른 메리에에 가자{08}
S06:0:89	47	なんか気合い入ってるわね～{08}\nん？　なにか来るわ{08}	뭔가 기합이 들어갔네～{08}\n응? 뭔가 온다{08}
S06:0:90	63	へへ\nメリエには　先にいかせてもらうぜ\nそこを　どいてもらおうか{08}	헤헤\n메리에엔 먼저 가겠다\n거기 비켜 줘야겠어{08}
S06:0:91	25	どかない　っていったら？{08}	안 비킨다고 하면?{08}
S06:0:92	26	強行突破だ！\nうりゃあ！！{08}	강행 돌파다!\n우랴!!{08}
S06:0:93	26	うわ～！！\n止まらね～！！{08}	우와～!!\n안 멈춰～!!{08}
S06:0:94	30	アニキ～！\n待ってくれっス～！{08}	형님～!\n기다려 줘요～!{08}
S06:0:95	36	アンチ～\nぼくたちを　おいてくなよ～{08}	안치～\n우릴 두고 가지 마～{08}
S06:0:96	32	アンチたちも\n気合いが入ってるね{08}	안치네도\n기합이 들어갔네{08}
S06:0:97	30	エ　エリー\nそれは違うわよ……{08}	엘 엘리\n그건 아니야……{08}
S06:1:0	42	学園ってところは\nなんて　頭が固いんだ！！{08}	학원이란 곳은\n어쩜 이렇게 머리가 굳었냐!!{08}
S06:1:1	39	ねえ　セニア\n今回だけは\nやめとかない？{08}	있잖아 세니아\n이번만은\n그만두지 않을래?{08}
S06:1:2	64	なんてこというんだよ　レナまで！\n２人とも友達だと思ったのに！！{08}	무슨 소리야 레나까지!\n둘 다 친구인 줄 알았는데!!{08}
S06:1:3	59	べっつに～\nまだ　やる気があるかどうか\n確認してみただけよ曖{08}	별로～\n아직 할 마음이 있는지\n확인해 본 것뿐이야♥{08}
S06:1:4	13	やっぱり……{08}	역시……{08}
S06:1:5	67	あ　あたりまえでしょ\nわたしも　なんだかくやしくて\nしょうがないもん{08}	다 당연하지\n나도 왠지 분해서\n견딜 수가 없는걸{08}
S06:1:6	82	レナ　いまだけ大好きっ！{08}{0c}よしっ　メリエにいって\nもう一回　シーラと会ってみよう！{08}	레나 지금만 너무 좋아!{08}{0c}좋아 메리에에 가서\n한 번 더 실라를 만나 보자!{08}
S06:1:7	42	あの子だったら\nきっと　わかってくれるよね{08}	그 애라면\n분명 알아줄 거야{08}
S06:1:8	65	それじゃあ　エリーも\nやる気になったことだし\nいっちょいきますか！{08}	그럼 엘리도\n의욕이 생겼으니\n한번 가 볼까!{08}
S06:1:9	29	うーん　そういうわけでも……{08}	으음 그런 건 아닌데……{08}
S06:1:10	25	結局　そうなるわけじゃな{08}	결국 그렇게 되는구먼{08}
S06:1:11	17	おじいちゃん！！{08}	할아버지!!{08}
S06:1:12	89	な　なっ　なんのことかしらぁ\nわたしたち　これから学園塔の\nお掃除でもしようかな～　なんて{08}	뭐 뭐 무슨 소리실까\n저희 이제 학원탑\n청소라도 할까 했는데요～{08}
S06:1:13	55	レナのバカーっ！\nもっと　ましな\nいいわけがあるだろ！！{08}	레나 바보～!\n좀 더 그럴듯한\n변명이 있잖아!!{08}
S06:1:14	27	２人とも　もうおそいよ……{08}	둘 다 이미 늦었어……{08}
S06:1:15	27	……まったく　こまったのぉ{08}	……정말 곤란하구먼{08}
S06:1:16	15	ほれ　持ってけ{08}	자 가져가게{08}
S06:1:17	36	セニアはグレンから\n宝玉を受け取った{08}	세니아는 글렌에게서\n보옥을 받았다{08}
S06:1:18	32	これ……\nいいのか　じーさん……{08}	이거……\n괜찮아 할아버지……{08}
S06:1:19	54	どうせ　閉じ込めでもせんかぎり\nはってでもいくんじゃろ{08}	어차피 가둬 두지 않는 한\n기어서라도 갈 테지{08}
S06:1:20	51	はう　だなんて\n女の子のすることじゃ\nありませんよ～{08}	긴다니\n여자애가 할 일이\n아니잖아요～{08}
S06:1:21	151	……信じるようにやるがいい\n結局　おまえたちのためだと\n思っているからだぞ{08}{0c}この学園は自由だ\nしかし　自由には責任が影のように\nつきまとうことを学ぶのじゃ{08}	……믿는 대로 하게\n결국 자네들을 위한 거라\n생각해서일세{08}{0c}이 학원은 자유롭다\n하지만 자유엔 책임이 그림자\n처럼 따른다는 걸 배우게{08}
S06:1:22	32	うん！\nアタシ　なんでも学ぶよ！{08}	응!\n나 뭐든지 배울게!{08}
S06:1:23	148	宝玉は　ほんらいメリエの神殿に\nあるべきものだ{08}{0c}たしか　そこにつながる\n地下水路がどこかにあったはずじゃ{08}{0c}今　メリエにいくならば\nこの海図も持っていけ{08}	보옥은 원래 메리에 신전에\n있어야 할 물건일세{08}{0c}분명 거기로 이어지는 지하\n수로가 어딘가 있었을 게야{08}{0c}지금 메리에에 간다면\n이 해도도 가져가게{08}
S06:1:24	34	セニアは\nメリエの海図を受け取った{08}	세니아는\n메리에 해도를 받았다{08}
S06:1:25	65	おじいちゃん　見直しちゃった\nでも　わたしのボケは\n無視しないでね{08}	할아버지 다시 봤어요\n그래도 제 개그는\n무시하지 마요{08}
S06:1:26	13	……やれやれ{08}	……이런 이런{08}
S06:1:27	77	なんだ　おまえたちは\nマリー　サナ　ソナーじゃないか\nどうした　こんなところで{08}	뭐냐 너희는\n마리 사나 소나 아니냐\n무슨 일이냐 이런 데서{08}
S06:1:28	27	い　いえ　なんでもないです{08}	아 아뇨 아무것도 아니에요{08}
S06:1:29	46	わしは　ここにくると\n悲しいことを思い出すのだ{08}	나는 여기 오면\n슬픈 일이 떠오른다{08}
S06:1:30	56	それはきっと　先生の前世に\n悲しいことがあったからですよ{08}	그건 분명 선생님 전생에\n슬픈 일이 있었기 때문이에요{08}
S06:1:31	25	いつかバレると思うよ……{08}	언젠가 들킬 것 같아……{08}
S06:1:32	15	ダディス先生！{08}	다디스 선생님!{08}
S06:1:33	36	わかっておる\nメリエのことであろう？{08}	알고 있다\n메리에 일이지?{08}
S06:1:34	32	そ　そうです！\nすごいよ　先生！{08}	그 그래요!\n대단해요 선생님!{08}
S06:1:35	44	ところで　メリエとは\nなんのことだったかな？{08}	그런데 메리에가\n뭐였더라?{08}
S06:1:36	36	ありゃりゃ\nカンがよかっただけなのね{08}	어라라\n감만 좋았던 거구나{08}
S06:1:37	45	はて…\nメリエ……メリエ……\nなんだったかな？{08}	글쎄…\n메리에……메리에……\n뭐였더라?{08}
S06:1:38	48	に　人魚の守りのことを\n聞いても　無駄そうね……{08}	인 인어의 수호에 대해\n물어봐도 소용없겠네……{08}
S06:1:39	40	メリエとかいう人魚の島に\nついたらしいぞ{08}	메리에라는 인어의 섬에\n도착했대!{08}
S06:1:40	38	……どっかで聞いたことが\nあるセリフね{08}	……어디서 들어 본\n대사네{08}
S06:1:41	13	うるさいな！{08}	시끄러!{08}
S06:1:42	36	おまえたち……\nほどほどにするんだぞ{08}	너희……\n적당히 하거라{08}
S06:1:43	13	はっ　はい？{08}	네 네?{08}
S06:1:44	38	アンチたちを\nこらしめにいくんだろうが{08}	안치네를\n혼내 주러 가는 거지{08}
S06:1:45	33	え　ええ　まあ　そんなところです{08}	네 네 뭐 그런 셈이에요{08}
S06:1:46	49	この先生\nとつぜん　カンがさえるから\n驚かされるわ{08}	이 선생님\n갑자기 감이 날카로워져서\n놀란다니까{08}
S06:1:47	29	……ここで　何かあったような{08}	……여기서 뭔가 있었던 듯한데{08}
S06:2:0	83	あら　久しぶり\nスカルアイランド以来かしら？{08}{0c}わざわざ　怒られにくる\nなんて感心ね～{08}	어머 오랜만이네\n스컬 아일랜드 이후인가?{08}{0c}일부러 혼나러 오다니\n기특하구나～{08}
S06:2:1	71	せんせ～　こわい顔……\nそんなんじゃ　お嫁にいけなく\nなっちゃいますよ曖{08}	선생니임～ 무서운 얼굴……\n그러면 시집 못 가게\n돼요♥{08}
S06:2:2	57	…{0d}{0d}…{0d}{0d}\nレナだけ　当分　外出禁止\nという罰にしましょうか{08}	…{0d}{0d}…{0d}{0d}\n레나만 당분간 외출 금지\n벌로 할까{08}
S06:2:3	27	エマ先生……ごめんなさぁい{08}	에마 선생님……죄송해요오{08}
S06:2:4	17	……ごめんなさい{08}	……죄송해요{08}
S06:2:5	53	ばっかだな～\nだまって　あんなところまで\nいくからだよ{08}	바보네～\n말도 없이 그런 데까지\n가니까 그렇지{08}
S06:2:6	128	セニア　あなたも反省するの！\nまったく　この子たちは……{08}{0c}今回は　これで許すから\nメリエにいっても\n問題を起こさないようにしなさい{08}	세니아 너도 반성해!\n정말 이 애들은……{08}{0c}이번엔 이걸로 봐줄 테니\n메리에에 가도\n문제 일으키지 마렴{08}
S06:2:7	60	わたしがお嫁にいけなかったら\nあなたたちのせいにしちゃうわよ{08}	내가 시집 못 가면\n너희 탓으로 할 거야{08}
S06:2:8	23	だから　ごめんなさ～い{08}	그러니까 죄송해요～{08}
S06:2:9	65	あなたたちって\n喜怒哀楽が豊かよねぇ\n……なにかあったんでしょう？{08}	너희는\n희로애락이 풍부하구나\n……무슨 일 있었지?{08}
S06:2:10	77	うん　それがさ　アタシたち\nメリエで人魚たちから\nドロボウあつかいされてさ……{08}	응 그게 말이야 우리\n메리에에서 인어들한테\n도둑 취급을 당해서……{08}
S06:2:11	67	…{0d}{0d}…{0d}{0d}…{0d}{0d}…{0d}{0d}なるほど\nわかった\nわたしから　学園長に聞いておくわ{08}	…{0d}{0d}…{0d}{0d}…{0d}{0d}…{0d}{0d}그렇구나\n알았다\n내가 학원장님께 물어볼게{08}
S06:2:12	57	ところで　先生\n人魚の守りってなんのことだか\nわからない？{08}	그런데 선생님\n인어의 수호가 뭔지\n모르세요?{08}
S06:2:13	74	人魚の守り……？\nう～ん{0d}{0d}{0d}　わからないわ\n博学のラルフ先生に聞いてみれば？{08}	인어의 수호……?\n으～음{0d}{0d}{0d} 모르겠구나\n박식한 랄프 선생님께 물어보렴{08}
S06:2:14	30	わかった！\nそうするよ　先生！{08}	알았어요!\n그럴게요 선생님!{08}
S06:2:15	97	イアソン先生とエマ先生のおかげで\n君たちが起こしたスカルアイランド\nの件は　ふ……不問にされたんだ{08}	이아손 선생님과 에마 선생님\n덕에 너희의 스컬 아일랜드\n일은 부… 불문에 부쳐졌어{08}
S06:2:16	15	……不満そうね{08}	……불만스러워 보이네{08}
S06:2:17	44	ブラウンさんって\nそういうひとだったんですね{08}	브라운 씨는\n그런 사람이었군요{08}
S06:2:18	38	ああ　エリーくん！\nぼ　ぼくが悪かった{08}	아아 엘리 군!\n내 내가 잘못했어{08}
S06:2:19	31	嫌わないでくれよ　エリーくん！{08}	미워하지 말아 줘 엘리 군!{08}
S06:2:20	29	会長も　こうなるとブザマよね{08}	회장도 이러면 꼴사납네{08}
S06:2:21	76	人魚たちが　か……{0d}\nい　いや　なんでもないよ\n独り言だから気にしないでほしい{08}	인어들이 말이지……{0d}\n아 아니 아무것도 아냐\n혼잣말이니 신경 쓰지 마{08}
S06:2:22	38	あんた　どういう情報網を\nもってんのよ{08}	너 대체 무슨 정보망을\n갖고 있는 거야{08}
S06:2:23	75	ブラウンさん\nどうして人魚たちは　わたしたちを\nドロボウって　いうんですか？{08}	브라운 씨\n왜 인어들은 저희를\n도둑이라고 하는 거예요?{08}
S06:2:24	57	いや……エリーくん\nそれが　まったく\nわからないんだけどね{08}	아니……엘리 군\n그게 전혀\n모르겠는데{08}
S06:2:25	13	この役立たず{08}	이 쓸모없는 녀석{08}
S06:2:26	53	ま　まってくれ\nエリーくんのために\n情報を集めるから！{08}	기 기다려 줘\n엘리 군을 위해\n정보를 모을 테니까!{08}
S06:2:27	44	自分たちでさがしたほうが\n早いわ　いきましょ{08}	우리가 찾는 게\n빠르겠어 가자{08}
S06:2:28	36	よかった\n犯人は　君たちかと思ったよ{08}	다행이다\n범인이 너희인 줄 알았어{08}
S06:2:29	25	……なんの犯人ですって？{08}	……무슨 범인이라고?{08}
S06:2:30	83	どうしたんだ　そんな恐い顔して\nとにかくエリーくんと　そこの２人\n学園長がお呼びだよ{08}	왜 그래 그렇게 무서운 얼굴로\n아무튼 엘리 군이랑 거기 둘\n학원장님이 부르셔{08}
S06:2:31	25	それって　どういうこと？{08}	그게 무슨 소리야?{08}
S06:2:32	56	さあ　そこまでは……ぼくは\nいち生徒会長にすぎないからね{08}	글쎄 거기까지는……나는\n일개 학생회장일 뿐이니까{08}
S06:2:33	36	ふぅ～ん\nそういう態度でくるわけ……{08}	흐으응 그런\n태도로 나오겠다 이거지……{08}
S06:2:34	79	エリーくんと　そこの２人\n学園長からのお呼びなんだから\nはやくいったほうがいいよ{08}	엘리 군이랑 거기 둘\n학원장님이 부르시니까\n얼른 가는 게 좋아{08}
S06:2:35	32	……どうしたんだい？\n恐い顔して{08}	……왜 그래?\n무서운 얼굴로{08}
S06:2:36	52	それ以上　何かいったら\nあんたに　やつあたりするわよ{08}	더 뭐라고 하면\n너한테 화풀이할 거야{08}
S06:2:37	56	こ　こんなことになったのは\nぼくの責任じゃないからね……{08}	이 이렇게 된 건\n내 책임이 아니니까……{08}
S06:2:38	38	あら　そう？\nいわれてから　気づいたわ{08}	어머 그래?\n듣고 나서야 알았네{08}
S06:2:39	62	スカルアイランドでは　生徒会長は\n相当な活躍をされたそうですよ{08}	스컬 아일랜드에서 학생회장님은\n대단한 활약을 하셨대요{08}
S06:2:40	69	あ　あの……エルノラさん？\nずっといっしょに\nいたんじゃないんですか？{08}	저 저기……엘노라 씨?\n계속 같이\n있지 않았어요?{08}
S06:2:41	65	はい　ですが生徒会からの報告に\nそう書いてありましたので\nつい……{08}	네 그런데 학생회 보고서에\n그렇게 적혀 있어서\n그만……{08}
S06:2:42	30	……な　なにが\nつい　なの？？{08}	……뭐 뭐가\n그만인데??{08}
S06:2:43	48	生徒会と生徒会長\nどちらを信じたらよいのでしょう{08}	학생회와 학생회장\n어느 쪽을 믿으면 될까요{08}
S06:2:44	49	レナ～\nどっちも信じちゃダメだって\nいってやりなよ{08}	레나～\n둘 다 믿으면 안 된다고\n말해 줘{08}
S06:2:45	17	セニアがいってよ{08}	세니아가 말해{08}
S06:2:46	60	人魚たちと人間は　とても友好的に\nおつきあいしてきたんですよ{08}	인어들과 인간은 아주 사이좋게\n지내 왔어요{08}
S06:2:47	29	やっぱり　そうなんですよね～{08}	역시 그렇죠～{08}
S06:2:48	54	まあ　エルノラさんが\nそういうのなら　ほんとうだもんな{08}	뭐 엘노라 씨가\n그렇다면 진짜겠지{08}
S06:2:49	77	あら　どうかしたんですか？\n人魚さんたちの家を\n爆破したわけでもなさそうですが{08}	어머 무슨 일 있어요?\n인어들 집을\n폭파한 것 같지는 않은데{08}
S06:2:50	81	……エルノラさんに\n心配してもらうのもなんか恐い……\nあ　いえ　なんでもないんです{08}	……엘노라 씨한테\n걱정받는 것도 왠지 무서워……\n아 아뇨 아무것도 아니에요{08}
S06:2:51	73	みなさん　聞きましたか？\n人魚さんたちに\n誰かが捕まってしまったそうですよ{08}	여러분 들으셨어요?\n인어들한테\n누가 붙잡혔대요{08}
S06:2:52	40	え！？\nそれって　どういうことなんだ！？{08}	어!?\n그게 무슨 소리야!?{08}
S06:2:53	30	ああ　心配だわ\nどうしましょう{08}	아아 걱정이에요\n어떡하죠{08}
S06:2:54	42	……なんか　ぜんぜん心配そうに\n見えないわ{08}	……어째 전혀 걱정하는 것처럼\n안 보여{08}
S06:2:55	31	みんな　無事でいてほしいですね{08}	다들 무사했으면 좋겠네요{08}
S06:2:56	53	大丈夫ですよ\nいまから　わたしたちが\n助けにいきますし{08}	괜찮아요\n지금부터 저희가\n구하러 갈 거니까요{08}
S06:2:57	46	……それって\nじょうだんになってないような……{08}	……그거\n농담이 안 되는 것 같은데……{08}
S06:2:58	77	やっぱり　レナさんはそうやって\n問題を起こしていただかないと\nらしくないですわ{08}	역시 레나 씨는 그렇게\n문제를 일으켜 주셔야\n레나 씨답네요{08}
S06:2:59	46	い　いまは　この顔を保つのが\nせいいっぱい……{08}	지 지금은 이 얼굴을 유지하는\n게 고작이야……{08}
S06:2:60	46	人魚たちとトラブルはさけてよ\nお願いだから……{08}	인어들이랑 말썽은 피해 줘\n부탁이니까……{08}
S06:2:61	25	人魚の様子が変なんだ……{08}	인어들 상태가 이상해……{08}
S06:2:62	77	エマ先生は　ブルーン先生と\nメリエに向かわれたよ\nそれより　学園長が探してたよ{08}	에마 선생님은 브룬 선생님이랑\n메리에로 가셨어\n그보다 학원장님이 찾으셨어{08}
S06:2:63	69	べつに君たちのせいってわけ\nじゃないんだろ？\nぼくたちがなんとかするよ{08}	딱히 너희 탓은\n아니잖아?\n우리가 어떻게든 할게{08}
S06:2:64	17	あっ！　セニア！{08}	앗! 세니아!{08}
S06:2:65	65	じーさんもいるのか\nちょうどいい！\nアタシたちの話を聞いてくれよ！{08}	할아버지도 있었네\n마침 잘됐다!\n우리 얘기 좀 들어 줘!{08}
S06:2:66	91	まあ　まて　セニア{08}{0c}メリエの長老と　はなしてきて\n事情は聞いておる\n今回は　災難じゃったのう{08}	뭐 기다리게 세니아{08}{0c}메리에 장로와 얘기하고 와서\n사정은 들었네\n이번엔 재난이었구먼{08}
S06:2:67	69	人魚たちに\nこれを返せばいいんだろ！\nアタシの命をくれてやってもいい！{08}	인어들한테\n이걸 돌려주면 되잖아!\n내 목숨을 줘도 좋아!{08}
S06:2:68	144	セニアくん　めったなことを\nいうものではない{08}{0c}しかし　事態は進んでしまった……\n人魚たちは　君たちと　その宝玉の\n両方をわたすよう要求してきている{08}	세니아 군 함부로\n그런 말 하는 게 아니다{08}{0c}하지만 사태는 이미 벌어졌다\n인어들은 너희와 그 보옥을\n둘 다 넘기라고 요구해 왔다{08}
S06:2:69	29	じゃあ　アタシたちがいくよ！{08}	그럼 우리가 갈게!{08}
S06:2:70	185	バカなことをいってはいけない\nいま　ブルーン先生とエマ先生に\n説得しにいってもらったところだ{08}{0c}それに　かんちがいしてはいけない\n相手はモンスターではなく　人魚だ\n本来は友好的な人々なんだよ{08}	바보 같은 소리 마라\n브룬 선생과 에마 선생에게\n방금 설득을 부탁했다{08}{0c}게다가 착각해선 안 된다\n상대는 몬스터가 아니라 인어다\n본래 우호적인 사람들이다{08}
S06:2:71	183	はあ……はあ……がっ　学園長！\n彼らは　ぼくたちの言葉に\nまるで　耳を傾けてくれません！{08}{0c}それどころか　港も閉じられ\nさらには　アンチ君たちにつづいて\n…{0d}{0d}…{0d}{0d}エマ先生までも　人質に……{08}	헉……헉……하 학원장님!\n그들은 저희 말에\n전혀 귀를 기울이지 않습니다!{08}{0c}그러기는커녕 항구도 닫고\n게다가 안치 군들에 이어\n…{0d}{0d}…{0d}{0d}에마 선생님까지 인질로……{08}
S06:2:72	46	ブルーン先生！\nそれって　どういうことなの！？{08}	브룬 선생님!\n그게 무슨 소리예요!?{08}
S06:2:73	27	彼らがそこまでするとは……{08}	그들이 그렇게까지 하다니……{08}
S06:2:74	63	すみません　グレン先生\n私が彼らの行動を\n読み違えたばかりに……{08}	죄송합니다 글렌 선생님\n제가 그들의 행동을\n잘못 읽은 탓에……{08}
S06:2:75	87	人魚の守りがなくなって\nケガ人がたえなくなったそうじゃ\n彼らにとっては死活問題だからのう{08}	인어의 수호가 없어져서\n다치는 자가 끊이지 않는다더군\n그들에겐 사활이 걸린 문제일세{08}
S06:2:76	85	わたし…{0d}{0d}…{0d}{0d}ゆるさないから…{0d}{0d}…{0d}{0d}\nエマ先生に　なにかあったら\n許さないんだから！！{08}	나…{0d}{0d}…{0d}{0d}용서 못 해…{0d}{0d}…{0d}{0d}\n에마 선생님한테 무슨 일\n생기면 용서 안 할 거야!!{08}
S06:2:77	67	アタシたちがいくよ！\nこれを持っていた\nアタシたちの責任なんだから！{08}	우리가 갈게!\n이걸 갖고 있던\n우리 책임이니까!{08}
S06:2:78	181	セニアくん　なにをいっている\nこれは　誰の責任でもないのだよ{08}{0c}我々と彼らが　すこし\nすれちがいをしてしまっただけ\nなのだからね{08}{0c}こんな時のために大人がいる\n寮に戻って　頭を冷やしなさい{08}	세니아 군 무슨 소리냐\n이건 누구의 책임도 아니다{08}{0c}우리와 그들이 조금\n엇갈렸을 뿐이니\n말이다{08}{0c}이럴 때를 위해 어른이 있다\n기숙사에 돌아가 머리를 식혀라{08}
S06:2:79	57	ア　アタシだって\n自分のやったことぐらい\nわかってるよ！！{08}	나 나도\n내가 한 짓쯤은\n알고 있다고!!{08}
S06:2:80	22	セニア！\nだめだよ！！{08}	세니아!\n안 돼!!{08}
S06:2:81	52	もっと気楽に生きなくちゃ\nダメなのに…{0d}{0d}…{0d}{0d}まったく{08}	좀 더 편하게 살아야\n하는데…{0d}{0d}…{0d}{0d}정말{08}
S06:2:82	58	人魚は背中のヒレで泳ぐんだってね\n昔は足だったって話だけど{08}	인어는 등지느러미로 헤엄친대\n옛날엔 다리였다지만{08}
S06:2:83	62	メリエの様子が変だっていうけど\nそれってどういうことなんだろう{08}	메리에 상태가 이상하다던데\n그게 무슨 뜻일까{08}
S06:2:84	21	学園長が探しているよ{08}	학원장님이 찾고 계셔{08}
S06:2:85	50	君たちのせいじゃない\nそれはみんな　わかっているよ{08}	너희 탓이 아니야\n그건 다들 알고 있어{08}
S06:2:86	44	まあ　これは君たちだから\nいってしまうが……{08}	뭐 너희니까\n말해 버리지만……{08}
S06:2:87	67	な　なんですか　学園長\nスカルアイランドのことなら\nあやまりますけど{08}	뭐 뭔데요 학원장님\n스컬 아일랜드 일이라면\n사과할게요{08}
S06:2:88	115	授業の一環として　冒険というのも\n組み込まれているのだが……{08}{0c}君たちはそんなものなど\nかるがると踏み越えていくのだな{08}	수업의 일환으로 모험이라는\n것도 들어 있는데……{08}{0c}너희는 그런 건\n가볍게 뛰어넘어 버리는구나{08}
S06:2:89	36	だって\nそこに冒険があるんですから曖{08}	그치만\n거기에 모험이 있으니까요♥{08}
S06:2:90	60	……自分の将来は　自分で開く\n簡単なようで容易ではないことだ{08}	……자기 장래는 스스로 연다\n쉬워 보여도 쉽지 않은 일이다{08}
S06:2:91	58	どうしたんですか　センセ～\n急にふけちゃったみたいですよぉ{08}	왜 그러세요 선생니임～\n갑자기 늙어 버린 것 같아요～{08}
S06:2:92	71	……わるかったね\nあまりにも出来の良い生徒を持つと\n気苦労がたえなくてね{08}	……미안하구나\n너무 뛰어난 학생을 두면\n마음고생이 끊이질 않아서{08}
S06:2:93	52	えーっ　心当たりがありませんね\nこんど探しておきます{08}	에～ 짚이는 데가 없네요\n다음에 찾아 둘게요{08}
S06:2:94	48	……見つけたら\nもう悪さをしないよういってほしい{08}	……찾으면 더는\n말썽 피우지 말라고 해 다오{08}
S06:2:95	56	君たちがメリエにいかないなんて\nいったいどうしたのかね？{08}	너희가 메리에에 안 가다니\n대체 어떻게 된 거냐?{08}
S06:2:96	83	せんせ～　それって\nわたしたちが問題を起こす　という\n前提のもとに　話してませんか～{08}	선생니임～ 그건\n우리가 문제를 일으킨다는\n전제로 말씀하시는 거죠～{08}
S06:2:97	69	ご　ごほん……\nとにかくメリエには　いったわけか\nで　どうだったかね？{08}	크 크흠……\n아무튼 메리에엔 갔다는 거군\n그래서 어땠느냐?{08}
S06:2:98	69	アタシたち　人魚たちに\n人間はドロボウだ！　って\nハッキリいわれたんだ{08}	우리 인어들한테\n인간은 도둑이다! 라고\n똑똑히 들었어{08}
S06:2:99	73	……ちょっと待ってくれ\nセニアくんのいっていることが\nよくわからないが……{08}	……잠깐 기다려 다오\n세니아 군이 하는 말이\n잘 이해가 안 되는데……{08}
S06:2:100	101	とにかく\nなんか　すごく怒ってたんです{08}{0c}わたしたち　つかまりそうになって\nあわてて逃げてきたんですから{08}	아무튼\n엄청 화나 있었어요{08}{0c}저희 붙잡힐 뻔해서\n허겁지겁 도망쳐 왔거든요{08}
S06:2:101	91	う～ん　とにかく　メリエの長老と\n会うことには　なっているから\nそのことを　よく聞いておこう{08}	으～음 아무튼 메리에 장로와\n만나기로 돼 있으니\n그 일을 잘 물어보마{08}
S06:2:102	46	胃の痛くなるような\n話でなければいいのだが……{08}	위가 아파질 만한\n얘기가 아니면 좋겠다만……{08}
S06:2:103	21	学園長も大変ですねぇ{08}	학원장님도 힘드시네요{08}
S06:2:104	19	ああ　急に胃が……{08}	아아 갑자기 위가……{08}
S06:2:105	67	セニアくんの気持ちをわかると\n同時に　我々の気持ちも\n理解してほしい{08}	세니아 군의 마음을 아는 만큼\n우리 마음도\n이해해 주었으면 한다{08}
S06:2:106	36	じゃあ\nわたしたちをいかせてください{08}	그럼\n저희를 보내 주세요{08}
S06:2:107	19	それだけはできない{08}	그것만은 안 된다{08}
S06:2:108	56	それって　わたしたちを\n責めているとしか思えませんけど？{08}	그건 저희를 탓하는\n걸로밖에 안 들리는데요?{08}
S06:2:109	153	どうして　そうなるんだ！\n私は魔法学園に　責任感のない子は\nひとりもいないことを知っている{08}{0c}だからこそ私は　なるべく\n生徒に責任を追及しようとは\nしないのだ{08}	왜 그렇게 되는 거냐!\n나는 마법학원에 책임감 없는\n애가 하나도 없다는 걸 안다{08}{0c}그렇기에 나는 되도록\n학생에게 책임을 묻지\n않으려는 거다{08}
S06:2:110	54	とにかく　セニアくんを\nみつけて　寮にもどっていなさい{08}	아무튼 세니아 군을\n찾아서 기숙사에 돌아가 있거라{08}
S06:2:111	120	……もう　決断したことではあるが\n正直　まだ迷っている{08}{0c}しかし　君たちが　ちゃんと\n解決して帰ってくることは\n信じているぞ{08}	……이미 결단한 일이지만\n솔직히 아직 망설여진다{08}{0c}하지만 너희가 제대로\n해결하고 돌아오리라\n믿고 있다{08}
S06:2:112	60	ありがとう　学園長！\nそれから……{0d}{0d}{0d}\nごめんなさい　学園長！{08}	고마워요 학원장님!\n그리고……{0d}{0d}{0d}\n죄송해요 학원장님!{08}
S06:2:113	44	……そのことは　もういい\nがんばってきなさい{08}	……그 일은 이제 됐다\n힘내고 오거라{08}
S06:2:114	49	なんだ？\nおじけづいたんなら\nやめてもいいんだぞ？{08}	뭐냐?\n겁먹었으면\n그만둬도 된다?{08}
S06:2:115	19	や　やりますっ！！{08}	하 할 거예요!!{08}
S06:2:116	29	ここは学園長にしたがうがいい{08}	여긴 학원장 말을 따르게{08}
S06:2:117	62	……今日ほど　おじいちゃんの顔が\nにくたらしく見えた日はないわ{08}	……오늘만큼 할아버지 얼굴이\n얄미워 보인 날은 없어{08}
S06:2:118	40	レナ……ダメだよ\n気持ちはわかるけど……{08}	레나……안 돼\n마음은 알겠지만……{08}
S06:2:119	9	…………{08}	…………{08}
S06:2:120	58	いいたいことは　よくわかっとるよ\nだから　もう責めんでくれ{08}	하고 싶은 말은 잘 알고 있네\n그러니 그만 몰아세우게{08}
S06:2:121	50	ごめんなさい……おじいちゃん\nちょっといいすぎたわ{08}	미안해요……할아버지\n좀 말이 심했어요{08}
S06:2:122	13	やれやれ……{08}	이런 이런……{08}
S06:2:123	47	なんじゃ\n学園長の顔色を\nうかがいに　きたのか？{08}	뭔가\n학원장 눈치를\n보러 왔나?{08}
S06:2:124	15	ち　ちがうわよ{08}	아 아니거든요{08}
S06:2:125	55	はよう　いけ\nこっちは　心配することしか\nできんからのう{08}	어서 가게\n이쪽은 걱정밖에\n할 수가 없으니{08}
S06:2:126	27	安心してよ　グレンじーさん{08}	안심해 글렌 할아버지{08}
S06:2:127	36	セニアの笑いじゃ\n効果はうすそうねぇ{08}	세니아 웃음으론\n효과가 약하겠네{08}
S06:2:128	32	レナの笑いだと\n逆効果になるがな{08}	레나 웃음이면\n역효과지만{08}
S06:2:129	40	…{0d}{0d}…{0d}{0d}は{0d}{0d}　ははは\nちょっと笑える……{08}	…{0d}{0d}…{0d}{0d}하{0d}{0d} 하하하\n좀 웃기네……{08}
S06:2:130	31	エマ先生を置いてきてしまったよ{08}	에마 선생님을 두고 와 버렸어{08}
S06:2:131	56	そんなことしてないくせに\nそういういい方しないでください{08}	그러지도 않았으면서\n그런 식으로 말하지 마세요{08}
S06:2:132	17	レナ……よそうよ{08}	레나……그만하자{08}
S06:2:133	9	…………{08}	…………{08}
S06:2:134	56	レナさんたちは　すごいなぁ\nこれからメリエにいくんだろ？{08}	레나 양네는 대단하구나\n이제 메리에에 가는 거지?{08}
S06:2:135	48	先生　そんななさけないこと\nいわないでくださいよ{08}	선생님 그런 한심한 말\n하지 마세요{08}
S06:2:136	104	ぼくは　こういう性格だからさ\n無理して　強がっても\nうまくいかないんだ{08}{0c}それじゃ\nぼくは　店に戻るとするよ{08}	나는 이런 성격이라\n무리해서 센 척해도\n잘 안 되거든{08}{0c}그럼\n나는 가게로 돌아갈게{08}
S06:2:137	52	おっと　忘れるところだった\n合体魔法を認定しておこう{08}	아차 잊을 뻔했다\n합체 마법을 인정해 두마{08}
S06:2:138	40	エリーとレナは\nマジカルチャームを覚えた{08}	엘리와 레나는\n매지컬참을 익혔다{08}
S06:2:139	42	エリーとレナは\nラブリーチアガールを覚えた{08}	엘리와 레나는\n러블리치어걸을 익혔다{08}
S06:2:140	34	レナとセニアは\nレンズレイを覚えた{08}	레나와 세니아는\n렌즈레이를 익혔다{08}
S06:2:141	49	あっと　待って\n教えとこうと思ってた\n魔法があるの{08}	아 잠깐\n가르쳐 주려던\n마법이 있어{08}
S06:2:142	21	レナはイコイを覚えた{08}	레나는 이코이를 익혔다{08}
S06:3:0	9	…………{08}	…………{08}
S06:3:1	67	一応　あやまりにきた\nつもりなんですから\nそんな顔しないでくださぁい{08}	일단 사과하러 온\n거니까\n그런 얼굴 하지 마세요～{08}
S06:3:2	46	なにをいっている！\nオレは感動しているのだ！！{08}	무슨 소리냐!\n나는 감동하고 있다!!{08}
S06:3:3	51	は　はい？\nイアソン先生\n打ち所が悪かったんじゃ……{08}	네 네?\n이아손 선생님\n어디 잘못 부딪히셨나……{08}
S06:3:4	85	ブレードも　男として大きくなった\nまさか　おまえたちに\n人を育てる能力があったとは……{08}	블레이드도 사나이로서 컸다\n설마 너희에게 사람을\n키우는 능력이 있었다니……{08}
S06:3:5	52	おまえらが男だったら\nこの道場でりっぱな真の男に……{08}	너희가 남자였다면 이 도장에서\n훌륭한 진정한 사나이로……{08}
S06:3:6	27	その仮定はやめてくださ～い{08}	그 가정은 그만둬 주세요～{08}
S06:3:7	48	イアソン先生さ\n人魚の守りってなんだか知ってる？{08}	이아손 선생님\n인어의 수호가 뭔지 알아요?{08}
S06:3:8	71	……人魚の守り{0d}{0d}\nおそらく水流などを利用した\n人魚独自の防御方法であろう{08}	……인어의 수호{0d}{0d}\n아마 물살 등을 이용한\n인어 고유의 방어 방법이겠지{08}
S06:3:9	62	……なんか　合ってそうですけど\nなにかの道具らしいんですよね～{08}	……뭔가 맞는 것 같지만\n무슨 도구래요～{08}
S06:3:10	81	うぬぅ　きっとそれを使えば\n人魚が海の守り神に変身し\n村を守る　という道具であろう{08}	으음 분명 그걸 쓰면\n인어가 바다의 수호신으로 변해\n마을을 지키는 도구겠지{08}
S06:3:11	55	……\nシーラたちが　そんなことできたら\n恐いんだけど……{08}	……\n실라네가 그런 걸 할 수\n있으면 무서운데……{08}
S06:3:12	87	話は聞いたが……しかたない\nこういう時は　学園長の出番だ\n我々が　でしゃばることはできん{08}	얘기는 들었다만……어쩔 수\n없다 이럴 땐 학원장님이 나설\n차례다 우리가 나설 수는 없다{08}
S06:3:13	19	そ　そうですよねぇ{08}	그 그렇죠{08}
S06:3:14	11	……レナよ{08}	……레나여{08}
S06:3:15	17	{0d}…{0d}…は　はい？{08}	{0d}…{0d}…네 네?{08}
S06:3:16	27	真の男とは　こういうものだ{08}	진정한 사나이란 이런 것이다{08}
S06:3:17	52	……セニア　この先生さぁ\nわかって　いってると思う？{08}	……세니아 이 선생님\n알고 하시는 말일까?{08}
S06:3:18	15	わ　わかんない{08}	모 모르겠어{08}
S06:3:19	33	なんだ　２人ともニコニコしおって{08}	뭐냐 둘 다 싱글벙글하고{08}
S06:3:20	36	これも義務だからな\n魔法を教えてやる{08}	이것도 의무니까\n마법을 가르쳐 주마{08}
S06:3:21	25	セニアは花姫乱舞を覚えた{08}	세니아는 화희난무를 익혔다{08}
S06:3:22	52	一応　さそってみるんだけどさ\nあんたもメリエにいく？{08}	일단 권해 보는 건데\n너도 메리에 갈래?{08}
S06:3:23	147	おまえたちと行動をともにするのは\nもうコリゴリだ　勝手にしろ{08}{0c}スカルアイランドでは\n生きた心地がしなかったんだぞ！{08}{0c}それに　メリエはいったことがある{08}	너희랑 행동을 같이하는 건\n이제 질렸다 맘대로 해라{08}{0c}스컬 아일랜드에선\n살아도 산 게 아니었다고!{08}{0c}게다가 메리에는 가 봤다{08}
S06:3:24	31	だから　一応って　いったでしょ{08}	그러니까 일단이라고 했잖아{08}
S06:3:25	25	ブレードもいけばいいのに{08}	블레이드도 가면 좋을 텐데{08}
S06:3:26	79	…{0d}{0d}{0d}…{0d}{0d}{0d}いや　ダメだ\n修行も　サボってしまった分\n取り戻さなくてはならないしな{08}	…{0d}{0d}{0d}…{0d}{0d}{0d}아니 안 된다\n수련도 빼먹은 만큼\n되찾아야 하니까{08}
S06:3:27	38	ブレードさあ……\nさっき悩まなかった？{08}	블레이드\n방금 고민하지 않았어?{08}
S06:3:28	57	そんなことはない！\nそっ　その笑いはよせ！\n気がめいる！！{08}	그런 거 없다!\n그 그 웃음은 그만둬!\n기가 죽는다!!{08}
S06:3:29	44	無理して　あとで後悔しても\n知らないからな～{08}	무리했다가 나중에 후회해도\n난 모른다～{08}
S06:3:30	40	メリエはどうだったんだ？\n楽しかったか？{08}	메리에는 어땠냐?\n즐거웠냐?{08}
S06:3:31	85	あんたにそんなことを\nきかれるとは思ってなかったわ\n…{0d}{0d}…{0d}{0d}もしかして　さびしかった？{08}	네가 그런 걸 물어볼 줄은\n몰랐네\n…{0d}{0d}…{0d}{0d}혹시 외로웠어?{08}
S06:3:32	51	ば　ばかな！！\nおまえたちなどいなくても\n関係ない！{08}	바 바보 같은!!\n너희 따위 없어도\n상관없다!{08}
S06:3:33	42	わかったわかった\nそういうことに　しとこう{08}	알았어 알았어\n그런 걸로 해 둘게{08}
S06:3:34	50	あんたを　からかってるひまは\nあんまりないのよね～{08}	너 놀릴 틈이\n별로 없거든～{08}
S06:3:35	32	ま　またなにか\nやってきたんだな{08}	또 또 뭔가\n저질렀구나{08}
S06:3:36	27	ど　どこかへいくのか……？{08}	어 어디 가는 거냐……?{08}
S06:3:37	69	あんたねぇ\nどこへもいかない　っていっても\nなっとくした顔してくれる？{08}	너 정말\n아무 데도 안 간다고 해도\n납득한 얼굴 해 줄 거야?{08}
S06:3:38	41	そ　そうか　すまん{0d}\n……で　いくわけだな{08}	그 그런가 미안하다{0d}\n……그러니까 가는 거군{08}
S06:3:39	26	うん！\nあんたもいきたい？{08}	응!\n너도 가고 싶어?{08}
S06:3:40	30	……い　いやいい\n遠慮しておく{08}	……아 아니 됐다\n사양하지{08}
S06:3:41	15	つれないわね～{08}	매정하네～{08}
S06:3:42	49	お　おまえらだけで\nいってこい\nおれは　付き合わん{08}	너 너희끼리\n다녀와라\n나는 안 따라간다{08}
S06:3:43	73	剣の技をみがかないと\n魔法を教えてもらえないって\nそりゃないんじゃないの？{08}	검술을 갈고닦아야\n마법을 가르쳐 준다니\n그건 좀 아니잖아?{08}
S06:3:44	55	ちくしょ～っ\nメリエを目の前にして\n生殺しなんだもんな～{08}	젠장～\n메리에를 눈앞에 두고\n애간장만 태우잖아～{08}
S06:3:45	52	かまわないよ　アンチなんかさ\nエマ先生だけ救い出せば{08}	상관없어 안치 따위\n에마 선생님만 구해 내면{08}
S06:3:46	47	魔法と剣の合体！{0d}\nそれが魔法剣というやつらしい{08}	마법과 검의 합체!{0d}\n그게 마법검이라는 건가 봐{08}
S06:3:47	63	メリエだとか　なんだとか\nいってる暇があったら修行した\n方がいい{08}	메리에니 뭐니\n할 틈이 있으면 수련하는\n게 낫다{08}
S06:3:48	46	人魚め　ゆるさん！！\nためし斬りをしてやる！！{08}	인어 놈들 용서 못 해!!\n시험 삼아 베어 주마!!{08}
S06:3:49	54	ぜんぜん強くなった気がしないよ\nてぇい　やあ　とお……{08}	전혀 강해진 것 같지 않아\n에잇 야 토……{08}
S06:3:50	50	あ～　オレもメリエにいきてぇよ～\nてぇい　やあ……{08}	아～ 나도 메리에 가고 싶다～\n에잇 야……{08}
S06:3:51	65	どうでも　いいんじゃない？\nどうせイェンは無事だし\nやあ　とお……{08}	아무래도 좋지 않아?\n어차피 옌은 무사하고\n야 토……{08}
S06:3:52	17	うおぉぉぉ！！！{08}	우오오오!!!{08}
S06:3:53	65	結構　すごいじゃない\nメリエに一緒にいって\n威力をためしてみない？{08}	꽤 대단한데\n메리에에 같이 가서\n위력을 시험해 보지 않을래?{08}
S06:3:54	73	……い　いやいい\nこの魔法剣は　まだ未完成だ\nおまえらと遊んでるヒマはない{08}	……아 아니 됐다\n이 마법검은 아직 미완성이다\n너희랑 놀 틈은 없다{08}
S06:3:55	25	修行のじゃまをするな！！{08}	수련 방해하지 마!!{08}
S06:4:0	89	この間もブレードくんをおどしたり\nイアソン先生の見せ場を奪ったり\nと　大活躍だったそうだな{08}	저번에도 블레이드 군 협박하고\n이아손 선생님 볼거리를 뺏는\n등 대활약이었다지{08}
S06:4:1	48	……先生まで　そうやって\nわたしたちを責めますか{08}	……선생님까지 그렇게\n저희를 탓하세요{08}
S06:4:2	114	まあ　当然だな\n盗み聞きはする　寮を抜け出す\n勝手にスカルアイランドへくる……{08}{0c}本来なら\n罪は　かなり重いところだぞ{08}	뭐 당연하지\n엿듣고 기숙사를 빠져나가\n멋대로 스컬 아일랜드에……{08}{0c}원래라면\n죄가 꽤 무거운 거다{08}
S06:4:3	79	でもまあ　その件に関しては\n不問にされたんだろ？\n気にせず　メリエでもいってこい{08}	그래도 뭐 그 건은\n불문에 부쳐졌잖아? 신경\n쓰지 말고 메리에나 다녀와{08}
S06:4:4	38	……え～と\nあの本は　どこだったかな？{08}	……음\n그 책이 어디 있었더라?{08}
S06:4:5	60	先生！　アタシたちの顔を見るなり\n無視するのはやめてくれよ！{08}	선생님! 우리 얼굴 보자마자\n무시하는 건 그만해!{08}
S06:4:6	81	ん？　いや　すまんすまん\nまあ　セニア　そう怒るな\n誰かがまた嫌がらせにきたのかと{08}	응? 아니 미안 미안\n뭐 세니아 그렇게 화내지 마\n누가 또 괴롭히러 온 줄 알고{08}
S06:4:7	44	ま　ラルフ先生\nその話は　あとにしましょうか{08}	뭐 랄프 선생님\n그 얘긴 나중에 하죠{08}
S06:4:8	48	先生　ひとつ聞くけど\n人魚の守りってなんなんだ？{08}	선생님 하나 묻는데\n인어의 수호가 뭐야?{08}
S06:4:9	136	ああ　メリエが近づいたんで\n文献を調べていたところだ{08}{0c}魔物を遠ざけるための\n一種のお守りだ{08}{0c}まあ　メリエの全体を守れるほど\nの力があるがな{08}	아아 메리에가 가까워져서\n문헌을 찾던 참이다{08}{0c}마물을 멀리하기 위한\n일종의 부적이다{08}{0c}뭐 메리에 전체를 지킬 만한\n힘이 있지만{08}
S06:4:10	32	そ　それが\nこれのことなのか！？{08}	그 그게\n이거야!?{08}
S06:4:11	74	！！{0d}{0d}{0d}　おまえら　そんなものを\n取ってきちまったのか！？\nそれは犯罪だぞ！{08}	!!{0d}{0d}{0d} 너희 그런 걸\n가져와 버렸냐!?\n그건 범죄다!{08}
S06:4:12	63	ちがうでしょ　先生！\nスカルアイランドで\nこれを見せたじゃない！{08}	아니잖아요 선생님!\n스컬 아일랜드에서\n이거 보여 드렸잖아요!{08}
S06:4:13	139	おっ……確かにそうだな\nまあ　それが\n人魚の守りというわけだ{08}{0c}……ああ　なるほど\nどうせ　それを人魚たちに見せて\n追いかけまわされてきたんだろ{08}	오……확실히 그렇군\n뭐 그게\n인어의 수호라는 거다{08}{0c}……아아 그렇군\n어차피 그걸 인어들한테 보여서\n쫓겨 다니다 왔겠지{08}
S06:4:14	36	……さすがに頭の回転は\n早いじゃない{08}	……역시 머리 회전은\n빠르시네{08}
S06:4:15	145	幽霊船の海賊が犯人だろうが\nいってわかるもんじゃないな\nレナ　おまえが自首しろ{08}{0c}おまえは深海の奥深くに\n沈められるが　我々は助かる\nいいアイデアだろ{08}	유령선의 해적이 범인이겠지만\n말해서 통할 게 아니지\n레나 네가 자수해라{08}{0c}너는 깊은 바닷속에\n가라앉겠지만 우린 살아\n좋은 아이디어지?{08}
S06:4:16	48	じょ{0d}{0d}　じょうだんに\nなってないだろ！　それは！{08}	노{0d}{0d} 농담이\n안 되잖아! 그건!{08}
S06:4:17	87	……すまん{08}{0c}まあ　とにもかくにも\n学園長に報告しておくことだ\nさっさと学園塔にいってこい{08}	……미안하다{08}{0c}뭐 어쨌든\n학원장님께 보고해 둬라\n얼른 학원탑에 다녀와{08}
S06:4:18	25	わかりました　ラルフ先生{08}	알겠어요 랄프 선생님{08}
S06:4:19	48	さっさと学園長に報告して\n今後の指示を受けてこい{08}	얼른 학원장님께 보고하고\n앞으로의 지시를 받아 와라{08}
S06:4:20	25	……エマ先生は　頼んだぞ{08}	……에마 선생님은 부탁한다{08}
S06:4:21	42	はいっ！！\n…{0d}…{0d}って　止めないんですか！{08}	네!!\n…{0d}…라니 안 말리세요!{08}
S06:4:22	57	……もう\nわたしは止める気力もない\n死んだ気でいってこいよ{08}	……이제\n나는 말릴 기력도 없다\n죽을 각오로 다녀와라{08}
S06:4:23	11	……はぁい{08}	……네에{08}
S06:4:24	92	アンチたちも　ちゃんと\n助けてこいよ{08}{0c}この状況では\nシャレにならんことになるかも\nしれんからな{08}	안치네도 제대로\n구해 와라{08}{0c}이 상황에선\n농담으로 안 끝날지도\n모르니까{08}
S06:4:25	75	ラルフ先生は　話すと面白いのに\n授業はつまらないんだよなぁ\n本読むだけだから{08}	랄프 선생님은 얘기하면\n재밌는데 수업은 재미없어\n책만 읽으니까{08}
S06:4:26	42	ラルフ先生は　あれでも\n知識は豊富だからさ{08}	랄프 선생님은 저래 봬도\n지식이 풍부하니까{08}
S06:4:27	46	エマ先生のことが心配で\n本も　のどを通らないよ{08}	에마 선생님이 걱정돼서\n책도 목에 안 넘어가{08}
S06:4:28	85	本は　ただ読むだけではなくて\n理解することが大事だ　と先生が\n教えてくれたよ　これだけ{08}	책은 그냥 읽기만 할 게\n아니라 이해하는 게 중요하다고\n선생님이 가르쳐 줬어 이것만{08}
S06:4:29	33	人魚についての本を探しているんだ{08}	인어에 관한 책을 찾고 있어{08}
S06:4:30	53	人魚って悪いやつじゃないよ{0d}\n……って本に書いてあった{08}	인어는 나쁜 녀석이 아니야{0d}\n……라고 책에 적혀 있었어{08}
S06:4:31	48	人魚の生態とその研究……\nやないい方　するわねぇ{08}	「인어의 생태와 그 연구」……\n기분 나쁜 표현이네{08}
S06:4:32	67	それって　アタシを\n獣人呼ばわりする人間が\n書くようなやつじゃないの{08}	그거 나를\n수인 취급하는 인간이\n쓸 법한 거잖아{08}
S06:4:33	48	姿形がちがうからって\nそれが　どうしたんだろうね{08}	모습이 다르다고\n그게 뭐 어떻다는 걸까{08}
S06:4:34	83	まあ　そんなことはいいよ\nで　それってどういう本なの？\nアタシ　人魚には興味あるんだ{08}	뭐 그건 됐어\n그래서 그거 어떤 책이야?\n나 인어엔 관심 있거든{08}
S06:4:35	67	人魚は水中を　人間がかける\n速度の１０倍から２０倍の\nスピードで泳ぐ{08}	인어는 물속을 인간이 달리는\n속도의 １０배에서 ２０배\n속도로 헤엄친다{08}
S06:4:36	11	す　すげ～{08}	대 대단하다～{08}
S06:4:37	31	それってウソだとおもうけどな～{08}	그거 거짓말 같은데～{08}
S06:4:38	34	魔道の邂逅\n……なんて読むの　これ{08}	「마도의 해후」\n……이거 어떻게 읽어{08}
S06:4:39	29	ちょっと　中を読んでみれば？{08}	잠깐 안을 읽어 보면?{08}
S06:4:40	82	魔法の名前がいっぱい並んでる……{0d}\nあれ　この本さ\nおじいちゃんの名前が書いてあるわ{08}	마법 이름이 잔뜩 늘어서\n있어……{0d} 어라 이 책\n할아버지 이름이 적혀 있네{08}
S06:4:41	55	あーっ　ほんとだ\nただのじーさんじゃないんだな\nやっぱり{08}	앗 정말이다\n그냥 할아버지가 아니구나\n역시{08}
S06:4:42	120	ちょっと待って\nもう１人名前が書いてあるみたい{08}{0c}メ…{0d}{0d}…{0d}{0d}ン　フ…{0d}{0d}…？\nファ{0d}{0d}かしら？　う～ん……\nかすれて読めない……{08}	잠깐만\n이름이 하나 더 적혀 있나 봐{08}{0c}멤…{0d}{0d}…{0d}{0d}프…{0d}{0d}…?\n피{0d}{0d}였나? 으～음……\n흐려져서 못 읽겠어……{08}
S06:4:43	27	わざとやってないよね……？{08}	일부러 그러는 거 아니지……?{08}
S06:4:44	48	やってないわよ！\nホントに　かすれて読めないの！{08}	아니거든!\n정말로 흐려서 못 읽겠어!{08}
S06:4:45	36	カイドク不可能ね\nちょっと　残念だわ{08}	해독 불가능이네\n좀 아쉽다{08}
S06:4:46	38	本を読むより\n先にやることがあるのよね{08}	책 읽기보다\n먼저 할 일이 있어{08}
S06:4:47	97	さて　セニアとエリーに\nこの魔法を教えておくか{08}{0c}おまえたちの得意とする\n炎と雷を組み合わせた魔法だ{08}	자 세니아와 엘리에게\n이 마법을 가르쳐 둘까{08}{0c}너희가 잘하는\n불꽃과 번개를 합친 마법이다{08}
S06:4:48	46	エリーとセニアは\nチェーンライトニングを覚えた{08}	엘리와 세니아는\n체인라이트닝을 익혔다{08}
S06:5:0	79	人魚のかたたちは歌がお上手です\nレナさんも人魚だったら\nよかったかもしれませんね{08}	인어분들은 노래를 잘해요\n레나 양도 인어였다면\n좋았을지도 모르겠네요{08}
S06:5:1	15	は　はい～……{08}	네 네～……{08}
S06:5:2	34	これって\n卒業までいわれるだろうな{08}	이거\n졸업할 때까지 듣겠다{08}
S06:5:3	64	メリエでは騒動をおこさないように\n退学になっても知りませんからね{08}	메리에에서는 소동 일으키지\n마요 퇴학당해도 몰라요{08}
S06:5:4	48	……この先生がいうと\nしゃれにならないのよね……{08}	……이 선생님이 말하면\n농담으로 안 들린단 말이야……{08}
S06:5:5	79	問題は起こしませんでしたね？\nレナさんとセニアさんは\nおとなしくしていましたね？{08}	문제는 안 일으켰죠?\n레나 양과 세니아 양은\n얌전히 있었죠?{08}
S06:5:6	36	は　はい\nそれは　大丈夫なんですけど{08}	네 네\n그건 괜찮은데요{08}
S06:5:7	85	……まさか　エリーさんが？\nやはり　あなたのような人は\nこの２人といない方がいいですね{08}	……설마 엘리 양이?\n역시 엘리 양 같은 사람은 이\n둘과 같이 없는 게 좋겠네요{08}
S06:5:8	73	あの……テレイナ先生～\nもうすこしだけ　わたしたちの話を\n聞いてくださぁい{08}	저기……테레이나 선생님～\n조금만 더 저희 얘기를\n들어 주세요～{08}
S06:5:9	52	あら　何もなかったの？\nごめんなさい……はやとちりで{08}	어머 아무 일도 없었어요?\n미안해요……성급했네요{08}
S06:5:10	40	それで　先生さ\n人魚の守りって知ってる？{08}	그래서 선생님\n인어의 수호 알아요?{08}
S06:5:11	52	そういうことに関しては\nラルフ先生がお詳しいと思うわ{08}	그런 거라면\n랄프 선생님이 잘 아실 거예요{08}
S06:5:12	29	わかりました　先生ありがとう{08}	알겠어요 선생님 고마워요{08}
S06:5:13	44	ラルフ先生なら\nきっと　力になってくれますわ{08}	랄프 선생님이라면\n분명 도움이 되실 거예요{08}
S06:5:14	85	エマ先生とブルーン先生が\nメリエに向かわれたそうですよ\n何か　問題があったようですわね{08}	에마 선생님과 브룬 선생님이\n메리에로 가셨대요\n뭔가 문제가 있었나 봐요{08}
S06:5:15	17	そ　そうですね～{08}	그 그렇네요～{08}
S06:5:16	89	人魚たちと交流をしようとしたら\nエマ先生が　つかまってしまって\n予定がくるってしまいました{08}	인어들과 교류하려 했더니\n에마 선생님이 붙잡혀서\n예정이 틀어졌어요{08}
S06:5:17	48	これで　この先生なりに\n心配しているってわけかぁ{08}	이걸로 이 선생님 나름대로\n걱정하고 있다는 건가{08}
S06:5:18	21	わかりにくいわよねぇ{08}	알기 어렵다니까{08}
S06:5:19	61	歌だけで通じ合えれば\n人も人魚もどれだけ\n幸せなことでしょうね{08}	노래만으로 통할 수 있다면\n사람도 인어도 얼마나\n행복할까요{08}
S06:5:20	47	せんせ～っ！\nここに１人\n不幸せな人がいま～す！{08}	선생니임～!\n여기 한 명\n불행한 사람이 있어요～!{08}
S06:5:21	21	ちょっと　セニア！！{08}	잠깐 세니아!!{08}
S06:5:22	27	人魚と合唱してみたいな……{08}	인어랑 합창해 보고 싶다……{08}
S06:5:23	55	聞いたんだけれど\n今年の人魚たちって\n冷たいんですって？{08}	들었는데\n올해 인어들은\n차갑대?{08}
S06:5:24	56	エマ先生を救うためにも\nはやく人魚たちと仲直りしなくちゃ{08}	에마 선생님을 구하려면\n얼른 인어들이랑 화해해야지{08}
S06:5:25	38	メリエ～♪　メリエ～♪\nメリエの歌～♪{08}	메리에～♪ 메리에～♪\n메리에의 노래～♪{08}
S06:5:26	48	人魚～♪　人魚～♪　人魚～♪\n人魚の歌ですよ～♪{08}	인어～♪ 인어～♪ 인어～♪\n인어의 노래예요～♪{08}
S06:5:27	38	人魚には～♪\n背中にひれがあるのよ～♪{08}	인어에게는～♪\n등에 지느러미가 있어요～♪{08}
S06:5:28	63	レナもさ～\nこういうのを弾けるようになって\nおしとやかになれば？{08}	레나도～\n이런 걸 칠 수 있게 돼서\n얌전해지면 어때?{08}
S06:5:29	25	もう　無理みたいだけどね{08}	이제 무리인 것 같지만{08}
S06:5:30	54	わ　わたしだって努力すれば\nこんな楽器の１つや２つ……{08}	나 나도 노력하면\n이런 악기 한두 개쯤……{08}
S06:5:31	61	レナに努力ね～ぇ\nブルーン先生にたくましさ\nの方がいいと思うな{08}	레나한테 노력이라～\n브룬 선생님한테 늠름함을\n바라는 게 낫겠다{08}
S06:5:32	25	ちょっと　セニアーっ！！{08}	잠깐 세니아～!!{08}
S06:5:33	63	わたしに　おしとやかなんて\nどうせ　似合わないんだから\nいいのよ{08}	나한테 얌전함 따위\n어차피 안 어울리니까\n됐어{08}
S06:5:34	42	……そうでした\nここで　魔法を教えましょう{08}	……참\n여기서 마법을 가르쳐 드릴게요{08}
S06:5:35	48	エリーはユウワクを覚えた\nレナはユウワクを覚えた{08}	엘리는 유혹을 익혔다\n레나는 유혹을 익혔다{08}
S06:5:36	96	これは　敵を魅了することで\n混乱状態にしてしまう魔法です{08}相手を　きちんと選んで\n使用して下さいね{08}	이건 적을 매료시켜서\n혼란 상태로 만드는 마법이에요{08}상대를 잘 골라서\n쓰세요{08}
S06:5:37	7	は～い{08}	네～{08}
S06:5:38	55	先生！\nアタシには　その魔法を\n覚えさせてくれないの！？{08}	선생님!\n나는 그 마법\n안 가르쳐 줘요!?{08}
S06:5:39	65	セニアさんは\n魔法を使わなくても\n容姿だけで　ユウワクができますわ{08}	세니아 양은\n마법을 안 써도\n외모만으로 유혹할 수 있어요{08}
S06:5:40	22	そ　そうかな～\nへへ～{08}	그 그런가～\n헤헤～{08}
S06:5:41	33	……見事に　ごまかされてるわね～{08}	……멋지게 속아 넘어갔네～{08}
S06:5:42	23	レナはミナギリを覚えた{08}	레나는 미나기리를 익혔다{08}
S06:5:43	144	レナさんは　声自体は\nとてもすばらしいのです{08}{0c}だから　もしかしたら\nこの魔法を使えるかもしれない\nと思っていました{08}{0c}しかし　本当に使えるなんて……{08}	레나 양은 목소리 자체는\n정말 훌륭해요{08}{0c}그래서 어쩌면\n이 마법을 쓸 수 있을지도\n모른다고 생각했어요{08}{0c}그런데 진짜 쓸 수 있다니……{08}
S06:5:44	9	えっ？？{08}	네??{08}
S06:5:45	54	メリエにいこうと思うんですけど～\n練習の方が大事なの～{08}	메리에에 가려고 했는데～\n연습이 더 중요해요～{08}
S06:5:46	52	あとで　テレイナ先生たちと～\n人魚に会いにいくのよ～{08}	나중에 테레이나 선생님이랑～\n인어 만나러 가요～{08}
S06:5:47	36	きっと～\nエマ先生は　大丈夫ですわ～{08}	분명～ 에마\n선생님은 괜찮으실 거예요～{08}
S06:5:48	50	ララララ～♪　ララララ～♪\nラララ♪　ラリララ～♪{08}	라라라라～♪ 라라라라～♪\n라라라♪ 라리라라～♪{08}
S06:5:49	36	ララララ～♪\nメ～♪　リ～♪　エ～♪{08}	라라라라～♪\n메～♪ 리～♪ 에～♪{08}
S06:5:50	46	ラ～～♪　ララ～～♪\n人魚の島メ～リ～エ～♪♪{08}	라～～♪ 라라～～♪\n인어의 섬 메～리～에～♪♪{08}
S06:6:0	63	どうだ　スカルアイランドでの\nわしの姿をみて\n少しは見直したか？{08}	어떠냐 스컬 아일랜드에서의\n내 모습을 보고\n좀 다시 봤냐?{08}
S06:6:1	23	な　なんのことですか？{08}	무 무슨 말씀이세요?{08}
S06:6:2	54	お化け退治用　吸い取りくん　の\nことに決まっているだろ{08}	유령 퇴치용 「빨아들이미」\n얘기가 당연하지{08}
S06:6:3	93	ケント先生の発明だったんですか～\nあまりにも　まともな発明なんで\n他の人の発明かと思ってました{08}	켄트 선생님 발명이었어요～\n너무 제대로 된 발명이라\n다른 사람 건 줄 알았어요{08}
S06:6:4	69	……おまえだけは　また飛行実験に\nつかってやるからな……\n覚悟しておけ{08}	……너만은 또 비행 실험에\n써 줄 테니……\n각오해 둬라{08}
S06:6:5	38	そ　それだけは\nゆるしてくださぁい……{08}	그 그것만은\n봐주세요오……{08}
S06:6:6	71	ふっふっふ　また新しい実験を\n準備しているからな\n楽しみにしているがいい{08}	후후후 또 새 실험을\n준비하고 있으니\n기대하고 있거라{08}
S06:6:7	51	で　あの……先生？{0d}\nそれはどうでもいいんですが……{08}	그래서 저기……선생님?{0d}\n그건 아무래도 좋은데요……{08}
S06:6:8	84	ど　どうでもいいだと！？\nおまえらこそ　どうでもいいわ！{0d}\nレナを置いてさっさと帰れ！{08}	아 아무래도 좋다고!?\n너희야말로 아무래도 좋다!{0d}\n레나를 두고 얼른 돌아가라!{08}
S06:6:9	105	レナは　だまってろよな～{08}{0c}先生　レナを置いていくからさ\nどうしても教えてもらいたいことが\nあるんだけど……{08}	레나는 조용히 해～{08}{0c}선생님 레나를 두고 갈 테니\n꼭 여쭤보고 싶은 게\n있는데……{08}
S06:6:10	19	よし　なんでも聞け{08}	좋아 뭐든 물어봐라{08}
S06:6:11	21	ちょっと　セニア！？{08}	잠깐 세니아!?{08}
S06:6:12	33	人魚の守りってなんだか知ってる？{08}	인어의 수호가 뭔지 알아요?{08}
S06:6:13	38	知らん\nわしは自分の研究以外は興味ない{08}	모른다 나는\n내 연구 말고는 관심 없다{08}
S06:6:14	17	な　なんだよそれ{08}	뭐 뭐야 그게{08}
S06:6:15	38	わしの研究のことなら\nなんでも聞けィ！{08}	내 연구 얘기라면\n뭐든 물어봐라!{08}
S06:6:16	71	なかなか　よい実験が思いつかん\n思いつけば　すぐにでも\n始めるのじゃがな{08}	좀처럼 좋은 실험이 안\n떠오르는군 떠오르면 당장에라도\n시작할 텐데{08}
S06:6:17	9	…………{08}	…………{08}
S06:6:18	15	あの……先生？{08}	저기……선생님?{08}
S06:6:19	48	もしかしてエマ先生たちのことで\n悩んでいるのかな{08}	혹시 에마 선생님들 일로\n고민하시는 걸까{08}
S06:6:20	17	そんな　まさかぁ{08}	설마 그럴 리가{08}
S06:6:21	115	よし　決まったわい\n次の実験では宇宙へいくのだ！{08}{0c}ちょうどいいところにいたな　レナ\nこんどは死ぬまで息を止めてくれ！{08}	좋아 정했다\n다음 실험은 우주로 간다!{08}{0c}마침 잘 있었구나 레나 이번엔\n죽을 때까지 숨을 참아라!{08}
S06:6:22	33	それじゃ　死んじゃいますけど……{08}	그러면 죽는데요……{08}
S06:6:23	91	ここをこうして……あれを……\nいや　あれでは熱に耐えられん……\nええい！　今は話しかけるな！{08}	여기를 이렇게 해서……저걸……\n아니 저건 열을 못 견뎌……\n에잇! 지금은 말 걸지 마!{08}
S06:6:24	55	ケント先生……\n本当に幽霊船をふきとばして\nきたの……？{08}	켄트 선생님……\n정말 유령선을 날려 버리고\n오셨을까……?{08}
S06:6:25	13	メリエか……{08}	메리에라……{08}
S06:6:26	23	エマ先生　無事かな……{08}	에마 선생님 무사하실까……{08}
S06:6:27	61	なぜか　わたしもつられて\n発明をしています\nこんなはずでは……{08}	왠지 저도 덩달아\n발명을 하고 있어요\n이럴 생각이 아니었는데……{08}
S06:6:28	69	ああ……どうしてでしょう\nわたしも発明が\n楽しくなってきてしまいました{08}	아아……왜일까요\n저도 발명이\n즐거워져 버렸어요{08}
S06:6:29	52	うちの先生はこんな時だというのに\nマイペースです……{08}	우리 선생님은 이런 때인데도\n마이페이스예요……{08}
S06:6:30	42	……まあ　たまには\n魔法でも教えてやるわい{08}	……뭐 가끔은\n마법이라도 가르쳐 주마{08}
S06:6:31	27	セニアはライトレイを覚えた{08}	세니아는 라이트레이를 익혔다{08}
S06:6:32	27	セニアはスターレイを覚えた{08}	세니아는 스타레이를 익혔다{08}
S06:6:33	89	相手にむかって\n一直線に撃ち出す\nレーザー攻撃の魔法だ{08}相手の周囲にいるものも\n巻き込めるぞ{08}	상대를 향해\n일직선으로 쏘아 내는\n레이저 공격 마법이다{08}주위의 적도\n휘말리게 할 수 있다{08}
S06:6:34	23	先生　なんか親切じゃん\n	선생님 왠지 친절하시네\n
S06:6:35	32	そうじゃろう\nだから　レナを……{08}	그렇지\n그러니 레나를……{08}
S06:6:36	15	お断りです！！{08}	거절할게요!!{08}
S06:6:37	48	これは　ライトレイの強力版だな\nひとことでいえば{08}	이건 라이트레이의 강화판이다\n한마디로 말하면{08}
S06:6:38	32	よ　よくわかったよ\n……は　速い{08}	자 잘 알았어\n……빠 빠르다{08}
S06:7:0	44	やあ　レナさん\nこの前も大活躍だったそうだね{08}	안녕 레나 양\n저번에도 대활약했다며{08}
S06:7:1	55	ブルーン先生まで\nそうやってわたしたちを\n責めるんですね{08}	브룬 선생님까지\n그렇게 저희를\n탓하시는군요{08}
S06:7:2	56	ぼくはホメているんだけどなぁ\nどうして　そうなるかなぁ～{08}	난 칭찬한 건데\n왜 그렇게 되는 걸까～{08}
S06:7:3	59	……ブルーン先生って\n女の子が冒険しても\nいいと考えてるんだ{08}	……브룬 선생님은\n여자애가 모험해도\n된다고 생각하는구나{08}
S06:7:4	65	もちろんだよ\n女の子がしちゃいけないことなんて\n誰か決めたのかい？{08}	물론이지\n여자애가 하면 안 되는 걸\n누가 정했니?{08}
S06:7:5	27	ふんふん　確かにそうだな～{08}	흠흠 확실히 그렇네～{08}
S06:7:6	71	おかえり\nメリエと人魚たちは　どうだった？\nぼくもこれからいく予定なんだ{08}	어서 와\n메리에랑 인어들은 어땠니?\n나도 이제 갈 예정이야{08}
S06:7:7	46	先生　人魚の守りって\nなんのことだか　わかる？{08}	선생님 인어의 수호가\n뭔지 아세요?{08}
S06:7:8	54	はは　また探偵の真似ごとかい？\n元気だな　レナさん達は{08}	하하 또 탐정 흉내니?\n기운차구나 레나 양네는{08}
S06:7:9	46	先生！　そんなこと　いってる\n場合じゃないんだ{08}	선생님! 그런 말 할\n때가 아니에요{08}
S06:7:10	107	そっ　そうなんだ　ごめん……{08}{0c}相談ごとなら聞いてあげたいけど\nでも　そういうもののことなら\nラルフ先生かなぁ{08}	그 그렇구나 미안……{08}{0c}상담이라면 들어 주고 싶지만\n그런 물건 얘기라면\n랄프 선생님이려나{08}
S06:7:11	30	わかった！\n先生　ありがとう！{08}	알았어요!\n선생님 고마워요!{08}
S06:7:12	38	ラルフ先生なら\nきっと　わかると思うよ{08}	랄프 선생님이라면\n분명 아실 거야{08}
S06:7:13	36	はぁ\nエマ先生に悪いことしちゃったな{08}	하아\n에마 선생님께 몹쓸 짓을 했어{08}
S06:7:14	54	そんなに思い詰めないでよ\nアタシたちが助けてくるからさ{08}	그렇게 자책하지 마세요\n우리가 구해 올 테니까{08}
S06:7:15	32	……うん\nぼくからもお願いするよ{08}	……응\n나도 부탁할게{08}
S06:7:16	64	……こういう　いざというときに\n役に立てるように　努力しなきゃな{08}	……이런 결정적인 때에\n도움이 되도록 노력해야지{08}
S06:7:17	58	メリエだろうが入江だろうが\nオレはここを動くわけにはいかん{08}	메리에든 후미든\n나는 여길 떠날 수 없다{08}
S06:7:18	60	海草は　なまぐさくていかん……\n食うとうまいものもあるんだが{08}	해초는 비려서 싫어……\n먹으면 맛있는 것도 있지만{08}
S06:7:19	77	ブルーン先生は　エマ先生と\nメリエにいったんだが\nデートって感じじゃなかったな{08}	브룬 선생님은 에마 선생님이랑\n메리에에 가셨는데\n데이트 느낌은 아니었어{08}
S06:7:20	27	先生も　まだまだ　だな……{08}	선생님도 아직 멀었구나……{08}
S06:7:21	44	わたしは……いいわ\nメリエなんかにはいかない{08}	나는……됐어\n메리에 같은 덴 안 가{08}
S06:7:22	29	ブルーン先生とでかけるの……{08}	브룬 선생님이랑 외출하다니……{08}
S06:7:23	60	先生はエマ先生と出かけたわ\n……わたし　べつに気にしてないわ{08}	선생님은 에마 선생님과 나갔어\n……나 딱히 신경 안 써{08}
S06:7:24	27	ブルーン先生……情けないわ{08}	브룬 선생님……한심해{08}
S06:7:25	27	先生……この物体は　なに？{08}	선생님……이 물체는 뭐예요?{08}
S06:7:26	83	ああ　それはメリエの近くだけで\nとれる海草なんだけど……\nためしに悪口をいってごらん{08}	아아 그건 메리에 근처에서만\n나는 해초인데……\n시험 삼아 욕을 해 보렴{08}
S06:7:27	15	わ　悪口……？{08}	요 욕……?{08}
S06:7:28	85	なんて美しい海草なの！？{0d}{0d}\nへへ～　ブルーン先生ってば\nそんな幼稚な手にはのらないわよ{08}	어쩜 이리 아름다운 해초야!?{0d}{0d}\n헤헤～ 브룬 선생님도 참\n그런 유치한 수엔 안 넘어가요{08}
S06:7:29	15	レ　レナっ！！{08}	레 레나!!{08}
S06:7:30	120	だから悪口をいうように\n忠告したじゃないか……{08}{0c}その海草は　通称　逆感情草\n人の感情に対して　あまのじゃくに\n反応するんだ{08}	그러니까 욕을 하라고\n충고했잖니……{08}{0c}그 해초는 통칭 역감정초\n사람 감정에 대해 청개구리처럼\n반응하거든{08}
S06:7:31	23	そ　そんなのあり……？{08}	그 그런 게 어디 있어……?{08}
S06:7:32	29	さ　さすがに　同情するよ……{08}	이 이건 나도 동정한다……{08}
S06:7:33	25	な　なんて生き物なの！？{08}	무 무슨 생물이야 이거!?{08}
S06:7:34	36	うーん　また評判が\n落ちてしまうなぁ{08}	으음 또 평판이\n떨어지겠구나{08}
S06:7:35	30	え～と\nこの魔法を教えておくね{08}	음～\n이 마법을 가르쳐 둘게{08}
S06:7:36	27	レナはパチパチボムを覚えた{08}	레나는 파치파치 봄을 익혔다{08}
S06:7:37	27	エリーは岩石落としを覚えた{08}	엘리는 암석 낙하를 익혔다{08}
S06:7:38	27	レナはサイストームを覚えた{08}	레나는 사이스톰을 익혔다{08}
S06:7:39	57	なら　用心のために\n魔法の種類も増やしておいた方が\nいいよ{08}	그럼 조심하는 의미로\n마법 종류도 늘려 두는 게\n좋아{08}
S06:7:40	11	何だ　これ{08}	뭐야 이거{08}
S06:7:41	30	メリエにも\n同じのがあったよね{08}	메리에에도\n같은 게 있었지{08}
S06:7:42	48	も　もう近寄らないことに\nしましょうよ～　エリー{08}	이 이제 가까이 가지\n말자～ 엘리{08}
S06:8:0	67	霧はスカルアイランドの\nせいだったんだな\nラルフ先生が教えてくれたよ{08}	안개는 스컬 아일랜드\n탓이었구나\n랄프 선생님이 알려 줬어{08}
S06:8:1	50	まあ　イェンで物知りといったら\nラルフ先生だろうな{08}	뭐 옌에서 박식하다 하면\n랄프 선생님이지{08}
S06:8:2	27	そろそろ　メリエにいくかな{08}	슬슬 메리에에 갈까{08}
S06:8:3	58	こんなことになるとはなぁ\nだからって人魚たちをいじめるなよ{08}	이렇게 될 줄이야\n그렇다고 인어들 괴롭히진 마라{08}
S06:8:4	42	メリエはサンゴにかこまれた\nキレイな島です{08}	메리에는 산호에 둘러싸인\n예쁜 섬이에요{08}
S06:8:5	48	人魚さんたちは\nやさしい人ばかりだったでしょう？{08}	인어분들은\n다정한 분들뿐이었죠?{08}
S06:8:6	38	大丈夫ですよ\nきっと　仲直りできますわ{08}	괜찮아요\n분명 화해할 수 있을 거예요{08}
S06:8:7	75	美しい人魚たちと青い海……\nメリエのことを思い出すだけで\n笑いもでないわ……{08}	아름다운 인어들과 푸른\n바다…… 메리에를 떠올리기만\n해도 웃음도 안 나와……{08}
S06:8:8	32	くすくすくす\nメリエはステキよね{08}	쿡쿡쿡\n메리에는 멋지지{08}
S06:8:9	51	くすくすくす\n人のものを盗んだら\nそりゃ怒るわよねぇ{08}	쿡쿡쿡\n남의 물건을 훔치면\n그야 화내겠지{08}
S06:9:0	52	メリエは初めてでしょう？\nぜひ　いってみるべきですね{08}	메리에는 처음이죠?\n꼭 가 봐야 해요{08}
S06:9:1	48	私もメリエに　いってきたのですが\n今年は変ですね{08}	저도 메리에에 다녀왔는데\n올해는 이상하네요{08}
S06:9:2	44	うーん　時間が\n解決してくれるといいんですが{08}	으음 시간이\n해결해 주면 좋겠는데요{08}
S06:9:3	52	さて　カアチャンの目をぬすんで\nメリエにでもいくか！{08}	자 마누라 눈을 피해서\n메리에라도 가 볼까!{08}
S06:9:4	65	ちくしょう\nカアチャンに見つかって\nメリエいきはダメになっちまった{08}	젠장\n마누라한테 들켜서\n메리에 가는 건 틀렸어{08}
S06:9:5	95	なんか　ゴタゴタがあったらしいが\n話に聞いたかぎりでは　人魚たちの\n誤解をとくしかないだろうなぁ{08}	뭔가 옥신각신 있었다는데\n들은 바로는 인어들의\n오해를 푸는 수밖에 없겠지{08}
S06:9:6	50	人魚の服はすごく色っぽいんだぜ\n肩を出してるしさぁ{08}	인어 옷은 엄청 요염하다고\n어깨를 드러내고 말이야{08}
S06:9:7	42	どうしたんだろうなぁ\n今年の人魚たちは……{08}	어떻게 된 걸까\n올해 인어들은……{08}
S06:9:8	58	捕まった生徒やエマ先生が心配だよ\n特にエマ先生は美人だしね{08}	붙잡힌 학생이랑 에마 선생님이\n걱정돼 에마 선생님은 미인이고{08}
S06:9:9	67	わたしも　メリエにいって\nインスピレーションを\nもらってこなくちゃ曖{08}	나도 메리에에 가서\n영감을\n얻어 와야지♥{08}
S06:9:10	62	わたしなんかいきなり蹴られたのよ\nあんなに　ヤバンだったかしら{08}	나 같은 건 갑자기 차였어\n그렇게 야만적이었나{08}
S06:9:11	51	もぉ\nせっかくのインスピレーションが\nだいなしだわぁ{08}	정말\n모처럼의 영감이\n엉망이야앙{08}
S06:10:0	38	わたし　１人で海に\nいくのは　イヤだわ{08}	나 혼자 바다에\n가는 건 싫어{08}
S06:10:1	50	ラルフ先生とブルーン先生……\nどっちがイイ男かしら{08}	랄프 선생님과 브룬 선생님……\n누가 더 멋진 남자일까{08}
S06:10:2	70	人魚かぁ……\nメリエに遊びにいきましょっと{0d}\nえっ　いまはダメなの……？{08}	인어라……\n메리에에 놀러 가야지{0d}\n어 지금은 안 돼……?{08}
S06:10:3	54	イェンは　ほんとに便利だ\n移動せずに旅行ができるからな{08}	옌은 정말 편리해 이동\n안 하고 여행할 수 있으니{08}
S06:10:4	27	また　なにかやってきたな？{08}	또 뭔가 하고 왔구나?{08}
S06:10:5	23	アンチたちは大丈夫かな{08}	안치네는 괜찮을까{08}
S06:12:0	44	はあ　はあ\nあ～　もう　食われるかと思ったわ{08}	헉 헉 아～\n정말 잡아먹히는 줄 알았어{08}
S06:12:1	95	レ　レナって　いったい……{08}{0c}……それにしても\nシーラ　大丈夫かな\nひっぱたかれたみたいだったけど{08}	레 레나는 대체……{08}{0c}……그나저나\n실라 괜찮을까\n얻어맞은 것 같던데{08}
S06:12:2	72	う～ん　きっと　大丈夫だよ{08}{0c}でも　なんか\nその宝玉が問題あったみたいだね{08}	으～음 분명 괜찮을 거야{08}{0c}그래도 왠지\n그 보옥이 문제였나 봐{08}
S06:12:3	61	ぬれぎぬってやつよね\nわたしたちは\nただ　持ってただけじゃない{08}	누명이라는 거지\n우린\n그냥 갖고 있었을 뿐이잖아{08}
S06:12:4	105	人魚の守りと　呼んでたなにかと\n関係あると思うけど……{08}{0c}ねえ　メリエに詳しい先生を\nさがして　相談しようよ{08}	인어의 수호라고 부른 뭔가랑\n관계있는 것 같은데……{08}{0c}있잖아 메리에를 잘 아는\n선생님을 찾아서 상담하자{08}
S06:12:5	93	そうしよう！{08}{0c}アタシたちは　なにもしてないって\nことを　メリエのひとたちに\nわかってもらおう！{08}	그러자!{08}{0c}우리는 아무것도 안 했다는\n걸 메리에 사람들한테\n알려 주자!{08}
S06:12:6	42	メリエにいくのなら\nこの舟を使ってもいいよ{08}	메리에에 간다면\n이 배를 써도 돼{08}
S06:12:7	79	しかし　アンチくんたちは\n使っていいよって　いう前に\n乗っていっちゃうだもんな～{08}	그런데 안치 군네는\n써도 된다고 하기도 전에\n타고 가 버렸단 말이야～{08}
S06:12:8	83	きみたちの話　聞かせてもらったよ\n先生がたに聞きまわっていけば\nなにかわかると思うよ{08}	너희 얘기 들었어\n선생님들께 물어보고 다니면\n뭔가 알 수 있을 거야{08}
S06:12:9	77	アンチくんたちに貸した舟が\n帰ってこないなぁ\nも　もしかして捕まっちゃった！？{08}	안치 군네한테 빌려준 배가\n안 돌아오네\n호 혹시 붙잡혔나!?{08}
S06:12:10	19	舟はどうなるんだ～{08}	배는 어떻게 되는 거야～{08}
S06:12:11	120	舟は使ってもいいけど\n今はメリエには　いけないよ{08}{0c}入り口に　バリケードみたいのが\n置いてあって　中に入れて\nくれないんだよ{08}	배는 써도 되지만\n지금은 메리에에 못 가{08}{0c}입구에 바리케이드 같은 게\n놓여 있어서 안에 들여보내\n주질 않아{08}
S06:12:12	28	よーし！\nメリエに　突入よ！{08}	좋～아!\n메리에로 돌입이다!{08}
S06:12:13	19	そうじゃねーだろ！{08}	그게 아니잖아!{08}
S06:12:14	19	じゃあ　いこうよ！{08}	그럼 가자!{08}
S06:12:15	34	この舟って\n使っていいんですか～？{08}	이 배\n써도 돼요～?{08}
S06:12:16	47	メリエにいくんだろ？\n使っていいよ\n楽しんできな{08}	메리에에 가는 거지?\n써도 돼\n즐기고 와{08}
S06:13:0	29	メリエは　こわしちゃダメだよ{08}	메리에는 부수면 안 된다{08}
S06:13:1	73	どうだった？　メリエ\nイェンじゃないんだから\nどこもこわせなかったでしょ？{08}	어땠어? 메리에\n옌이 아니니까\n아무 데도 못 부쉈지?{08}
S06:13:2	21	人魚たちも怒るのねぇ{08}	인어들도 화를 내는구나{08}
S06:15:0	32	グレンおじいちゃん\nこんにちはっ{08}	글렌 할아버지\n안녕하세요{08}
S06:15:1	55	お……おお\nやたら愛想がいいので\n誰かと思ったら　レナか{08}	오……오오\n유난히 붙임성이 좋아서\n누군가 했더니 레나구먼{08}
S06:15:2	17	じゃあ　こうする{08}	그럼 이렇게 할게{08}
S06:15:3	5	……{08}	……{08}
S06:15:4	65	それでね～\n今日はまた　おじいちゃんの\n秘密を聞きにきたんだけどぉ{08}	그래서요～\n오늘은 또 할아버지\n비밀을 들으러 왔는데요～{08}
S06:15:5	75	学園長がさ　じーさんのこと\n先生とか　いってたけど\nあれって　どういう意味？{08}	학원장님이 할아버지를\n선생님이라고 하던데\n그게 무슨 뜻이야?{08}
S06:15:6	65	２人で　アメとムチとはのう……\n口じゃあ　おまえたち\nには勝てんよ{08}	둘이서 당근과 채찍이라……\n말로는 자네들을\n못 당하겠구먼{08}
S06:15:7	28	それでぇ～\n教えてくれるの？{08}	그래서～\n가르쳐 줄 거예요?{08}
S06:15:8	38	……秘密は秘密にしといて\nくれんかのう{08}	……비밀은 비밀로 해 두면\n안 되겠나{08}
S06:15:9	54	…{0d}{0d}…{0d}{0d}まぁ　いいわ\n後のお楽しみにしておくことにする{08}	…{0d}{0d}…{0d}{0d}뭐 좋아요\n나중의 즐거움으로 남겨 둘게요{08}
S06:15:10	11	すまんのう{08}	미안하구먼{08}
S06:15:11	59	……よく考えてみると\n礼をいう理由は\nないような気もするのう{08}	……잘 생각해 보니\n고마워할 이유는\n없는 것 같기도 하구먼{08}
S06:15:12	17	逃げられたわ！！{08}	도망쳤어!!{08}
S06:15:13	58	おじいちゃんが逃げたとしても\nなんの得にもならないよ……？{08}	할아버지가 도망쳐도\n아무 득도 없잖아……?{08}
S06:15:14	54	でも　この前から大事なときに\n限って　いないじゃないか{08}	그래도 요전부터 중요할 때만\n꼭 없잖아{08}
S06:15:15	71	わかった！\nわたしたちがピンチのときに\n登場して　恩を売るつもりなのよ！{08}	알았다!\n우리가 위기일 때\n등장해서 생색내려는 거야!{08}
S06:16:0	138	ここから人魚の島メリエには\nいけないぜ　お嬢ちゃん達\nいくなら　港から船でだ{08}{0c}オレは　いつも泳いでいくんだが\nなんなら　いっしょにどうだい？{08}	여기선 인어의 섬 메리에에\n못 가 아가씨들\n가려면 항구에서 배로 가{08}{0c}나는 늘 헤엄쳐서 가는데\n괜찮으면 같이 갈래?{08}
S06:16:1	52	水着を　もちあわせてないので\nえんりょしておきま～す{08}	수영복을 안 가져와서\n사양할게요～{08}
S06:16:2	40	なんだよ　レナ\n裸になっちゃえばいいのに{08}	뭐야 레나\n벗어 버리면 되잖아{08}
S06:16:3	44	エ　エリー！？\nそれだけは　かんべんして……{08}	엘 엘리!?\n그것만은 봐줘……{08}
S06:16:4	69	なんだ残念だなあ…{0d}{0d}…{0d}{0d}\nちっ　ちがうぞ！\n船がないのが残念だとだなぁ{08}	뭐야 아쉽네…{0d}{0d}…{0d}{0d}\n아 아니야!\n배가 없어서 아쉽다는 거지{08}
S06:16:5	17	ふ～ん　それで？{08}	흐응 그래서?{08}
S06:16:6	50	ダメじゃないか！\nメリエまでは泳いでいかないと！！{08}	안 되잖아!\n메리에까진 헤엄쳐 가야지!!{08}
S06:19:0	40	あそこの塔って\nちゃんと　いけるのかしら{08}	저기 탑은\n갈 수 있는 걸까{08}
S06:19:1	55	う～ん……\nでも今は　いけないんだから\nもう引き返そうよ{08}	으～음……\n그래도 지금은 못 가니까\n이제 돌아가자{08}
S06:20:0	18	へぇ～\n速いじゃん\n	헤에～\n빠르네\n
S06:20:1	25	魔法がかかってるのかな？\n	마법이 걸려 있나?\n
S06:20:2	23	さっさと撤収するわよ！{08}	얼른 철수하자!{08}
S06:20:3	23	ちょ　ちょっと　レナ！\n	자 잠깐 레나!\n
S06:20:4	23	に～げ～る～の～よ～！\n	도～망～치～자～!\n
S06:20:5	38	こうなっちゃうと\nレナは止まんないよ！\n	이렇게 되면\n레나는 못 멈춰!\n
S06:20:6	65	やっぱり　入れないよな～\nそれじゃ　じーさんの海図を\n見てみようぜ{08}	역시 못 들어가네～\n그럼 할아버지 해도를\n봐 보자{08}
S06:20:7	81	え～と　こっから南側にいけば\n洞窟があって　そっから\n神殿ってとこにいけるみたいね{08}	음 여기서 남쪽으로 가면\n동굴이 있고 거기서\n신전이란 데로 갈 수 있나 봐{08}
S06:20:8	21	うん　いってみようよ{08}	응 가 보자{08}
S06:20:9	32	あら？\nメリエは　お休みかしら？{08}	어라?\n메리에는 휴업인가?{08}
S06:20:10	69	くだらないこと　いってないで\nさっさといくぞ！\nシーラのことも心配だし{08}	시시한 소리 하지 말고\n얼른 가자!\n실라도 걱정되고{08}
S06:20:11	11	見～っけ曖\n	찾～았다♥\n
S06:21:0	75	白い砂浜！　青い空！！\nわたし　一度こういうところに\nきてみたかったんだ～！{08}	하얀 모래사장! 파란 하늘!!\n나 한 번쯤 이런 데\n와 보고 싶었어～!{08}
S06:21:1	69	……？\nどこだって砂は白いし\n空は青いじゃんか{08}{0c}なにいってんだ？　レナ{08}	……?\n모래는 어디든 하얗고\n하늘은 파랗잖아{08}{0c}무슨 소리야? 레나{08}
S06:21:2	29	え～と　そうなんだけどさ……{08}	음 그렇긴 한데……{08}
S06:21:3	108	セニアって\nこういうことに　うといのね{08}{0c}前にレイラがやってた教育って\nセニアのためには　いいこと\nなのかも……{08}	세니아는\n이런 데 둔하구나{08}{0c}전에 레이라가 하던 교육이\n세니아한텐 좋은 거였을지도\n몰라……{08}
S06:21:4	28	なんだよ　レナ\n早くいこうぜ{08}	뭐야 레나\n얼른 가자{08}
S06:21:5	36	どういうことなの？\nチビだなんて……{08}	무슨 소리야?\n꼬맹이라니……{08}
S06:21:6	48	それは　レナだけだよ\n……なんで笑ってんだ　レナ{08}	그건 레나뿐이야\n……왜 웃어 레나{08}
S06:21:7	67	笑わずにはいられないの！\nねえ　なんかイヤな予感がするから\n帰ろうよ{08}	안 웃고는 못 배기겠어!\n있잖아 뭔가 불길한 예감이\n드니까 돌아가자{08}
S06:21:8	19	イヤな予感ねぇ……{08}	불길한 예감이라……{08}
S06:21:9	115	レナのイヤな予感って　昔から\nあんまり　あてにならないんだよね{08}{0c}たいてい　そのあとに自分で騒動を\n起こしてるんだもん{08}	레나의 불길한 예감은 옛날부터\n별로 믿을 게 못 돼{08}{0c}대개 그 뒤에 자기가 소동을\n일으키거든{08}
S06:21:10	79	今回は　違うわよ！{08}{0c}とにかく\nなんか様子が変だから　一度帰る\nそれで　いいでしょ{08}	이번엔 아니거든!{08}{0c}아무튼\n뭔가 분위기가 이상하니 일단\n돌아가 그럼 되잖아{08}
S06:21:11	67	人魚と　いろいろお話\nしたかったけどな……{08}{0c}まあ　いいや\nまた来よう{08}	인어랑 이런저런 얘기\n하고 싶었는데……{08}{0c}뭐 됐어\n또 오자{08}
S06:21:12	55	それでさ～\nそのでっかい船って\n幽霊船だったみたいなんだ{08}	그래서 말이야～\n그 커다란 배가\n유령선이었나 봐{08}
S06:21:13	57	すごいすご～い！\nそれで　どうしたの？\n中に何があったの？{08}	대단해 대단해～!\n그래서 어떻게 됐어?\n안에 뭐가 있었어?{08}
S06:21:14	54	なんか　お化けばっかりだった\n最後は逃げてきちゃったよ{08}	왠지 유령투성이였어\n마지막엔 도망쳐 왔지{08}
S06:21:15	69	……うらやましいな　すごく\n人間の生活って　シゲキが\nたくさんあるのね{08}	……부럽다 정말\n인간의 생활은 자극이\n잔뜩 있구나{08}
S06:21:16	87	でも　これだけハデなのは\nセニアだけよ{08}{0c}わたしは　病弱だから\nそんな冒険はできないわ～曖{08}	그래도 이렇게 요란한 건\n세니아뿐이야{08}{0c}나는 몸이 약해서\n그런 모험은 못 해～♥{08}
S06:21:17	11	レ　レナ？{08}	레 레나?{08}
S06:21:18	103	そう？　少し安心しちゃった{08}{0c}わたしたちも　病弱って\nわけじゃないけど　魔物からは\nいつも逃げてばかりなの{08}	그래? 조금 안심했어{08}{0c}우리도 몸이 약한 건\n아니지만 마물한테선\n늘 도망만 다녀{08}
S06:21:19	67	なんだよ　みんなでさ\nアタシだけが　暴れ回ってるみたい\nじゃないか！{08}	뭐야 다들\n나만 날뛰고 다니는 것\n같잖아!{08}
S06:21:20	89	ふふ　ごめんなさい{08}{0c}……わたし\n３人とも好きになっちゃった\nあなたたち　悪い人間じゃないわ{08}	후후 미안해{08}{0c}……나\n셋 다 좋아졌어\n너희는 나쁜 인간이 아니야{08}
S06:21:21	84	アタシもシーラのこと好きだよ{08}{0c}そうだ！　幽霊船で見つけたんだ\nいいもの見せてあげるよ{08}	나도 실라가 좋아{08}{0c}맞다! 유령선에서 찾은 거\n좋은 거 보여 줄게{08}
S06:21:22	17	そ　それって……{08}	그 그건……{08}
S06:21:23	73	人間ども！\n人魚の守りだけでなく　シーラまで\nさらっていくつもりだったな！{08}	인간 놈들!\n인어의 수호뿐 아니라 실라까지\n납치해 갈 셈이었구나!{08}
S06:21:24	19	な　なんだって！！{08}	뭐 뭐라고!!{08}
S06:21:25	29	ちょっと　どういうことよ！？{08}	잠깐 그게 무슨 소리야!?{08}
S06:21:26	34	盗んでいった犯人は\nこいつらだ！！{08}	훔쳐 간 범인은\n이 녀석들이다!!{08}
S06:21:27	66	ち　ちがうわ！\nみんな　逃げて！！{0d}\nわたし　セニアを信じてるもの！{08}	아 아니야!\n다들 도망쳐!!{0d}\n나 세니아를 믿으니까!{08}
S06:21:28	50	なんだか　よくわからないけど\nありがとう　シーラ！{08}	뭔지 잘 모르겠지만\n고마워 실라!{08}
S06:21:29	26	レナ！　セニア！\nいこう！{08}	레나! 세니아!\n가자!{08}
S06:21:30	25	むっ！　待て　人間ども！{08}	음! 기다려라 인간 놈들!{08}
S06:21:31	35	まって！\nセニアたちは……\n{0d}{0d}{0d}{0d}{0d}{0d}{0d}{0d}{0d}	기다려!\n세니아네는……\n{0d}{0d}{0d}{0d}{0d}{0d}{0d}{0d}{0d}
S06:21:32	28	シーラ　どくんだ！\n{0d}{0d}{0d}{0d}{0d}{0d}{0d}{0d}{0d}	실라 비켜!\n{0d}{0d}{0d}{0d}{0d}{0d}{0d}{0d}{0d}
S06:21:33	13	キャッ！\n{0d}{0d}{0d}{0d}	꺄악!\n{0d}{0d}{0d}{0d}
S06:21:34	17	シーラ！！\n{0d}{0d}{0d}{0d}{0d}{0d}	실라!!\n{0d}{0d}{0d}{0d}{0d}{0d}
S06:21:35	19	逃げるのよ！\n{0d}{0d}{0d}{0d}{0d}{0d}	도망쳐!\n{0d}{0d}{0d}{0d}{0d}{0d}
S06:21:36	29	何しにきたんだ　人間のガキ！{08}	뭐 하러 왔냐 인간 꼬맹이!{08}
S06:21:37	53	どうだ　おまえら！\nアンチさまがメリエに\n初見参だぜ！{08}	어떠냐 너희!\n안치 님이 메리에에\n첫 등장이다!{08}
S06:21:38	13	……それで？{08}	……그래서?{08}
S06:21:39	38	う……いや　その\nおまえらと勝負を……{08}	으……아니 그게\n너희랑 승부를……{08}
S06:21:40	52	せっかくの初見参なんだから\nメリエを楽しんでいけば？{08}	모처럼 첫 등장이니까\n메리에 즐기다 가지?{08}
S06:21:41	48	おまえら　ナマイキだぜ！\nお　おぼえてやがれ！！{08}	너희 건방지다!\n두 두고 봐라!!{08}
S06:21:42	49	け　決着は次回に\nまわしてやる！\nありがたく思え！{08}	겨 결판은 다음으로\n미뤄 주마!\n고맙게 여겨라!{08}
S06:21:43	32	メリエっス！\n人魚の島っスよ！！{08}	메리에예요!\n인어의 섬이에요!!{08}
S06:21:44	28	わ　わかったから\n黙らない？{08}	아 알았으니까\n조용히 할래?{08}
S06:21:45	13	……黙るっス{08}	……조용히 할게요{08}
S06:21:46	23	あ　扱いやすくなってる{08}	다 다루기 쉬워졌네{08}
S06:21:47	82	メリエって　なかなかいいとこだね{08}{0c}でも　この塔みたいな\nでっかい建物はなんだろう？{08}	메리에는 꽤 좋은 곳이다{08}{0c}그런데 이 탑 같은\n커다란 건물은 뭘까?{08}
S06:21:48	24	…？\nとうだい　かしら？{08}	…?\n등대인가?{08}
S06:21:49	49	ところでさ\nなんか　人魚たちの様子が\n変なんだよね{08}	그런데 말이야\n왠지 인어들 상태가\n이상해{08}
S06:21:50	13	ふ～ん……？{08}	흐응……?{08}
S06:21:51	36	なんだよ！\n人魚と　お話するんだろ！{08}	뭐야!\n인어랑 얘기할 거잖아!{08}
S06:21:52	36	そ　そうよね\n……張り切ってるわね～{08}	그 그렇지\n……의욕 넘치네～{08}
S06:21:53	26	これは……\n海草だよねぇ？{08}	이건……\n해초지?{08}
S06:21:54	29	なんか　やな動きをするわねぇ{08}	왠지 싫은 움직임을 하네{08}
S06:21:55	27	海草って動くのもあるんだな{08}	해초도 움직이는 게 있구나{08}
S06:21:56	43	！！\n近よっちゃだめよ　エリー！\n危険だわ！{08}	!!\n가까이 가면 안 돼 엘리!\n위험해!{08}
S06:21:57	15	……喜んでるよ{08}	……기뻐하는데{08}
S06:21:58	9	…………{08}	…………{08}
S06:21:59	9	…………{08}	…………{08}
S06:21:60	32	に　にらんだだけで\n喜ぶなんて！{08}	노 노려보기만 했는데\n기뻐하다니!{08}
S06:21:61	34	ドロボウが\nメリエに来ないでくれよ{08}	도둑은\n메리에에 오지 마{08}
S06:21:62	48	人間を信じてしまって\nわたしたちは　バカでしたわ{08}	인간을 믿어 버리다니\n우린 바보였어요{08}
S06:21:63	27	もう誰か　きてるみたいだね{08}	벌써 누가 와 있나 봐{08}
S06:21:64	68	ん？\n前側に　なんか　ほってある{08}{0c}ア…{0d}{0d}…{0d}{0d}ンチ{0d}{0d}…{0d}{0d}…{0d}{0d}様専用！？{08}	응?\n앞쪽에 뭔가 새겨져 있어{08}{0c}안…{0d}{0d}…{0d}{0d}치{0d}{0d}…{0d}{0d}…{0d}{0d} 님 전용!?{08}
S06:21:65	34	そんなものは　いらないわよ\nえい！{08}	그런 건 필요 없어\n에잇!{08}
S06:21:66	32	あ……\nほんとにやっちゃった……{08}	아……\n진짜로 해 버렸다……{08}
S06:21:67	43	こ{0d}{0d}{0d}　このことは\nなかったことにしましょ曖{08}	이{0d}{0d}{0d} 이 일은\n없었던 걸로 하자♥{08}
S06:21:68	61	すまん　シーラ\nあの人間どもを追おうとして\nカッとなっちまった{08}	미안 실라\n저 인간들을 쫓으려다\n욱해 버렸어{08}
S06:21:69	44	わたしは大丈夫ですけど……\nセニアたちは……{08}	저는 괜찮지만……\n세니아네는……{08}
S06:21:70	48	さ～て　そろそろ帰るとすっか\n……ん？　なんだ？{08}	자 슬슬 돌아가 볼까\n……응? 뭐야?{08}
S06:21:71	58	まだ　人間どもがいたか！\n神殿の牢屋にほうり込んでやる！！{08}	아직 인간 놈들이 있었나!\n신전 감옥에 처넣어 주마!!{08}
S06:21:72	19	な　なんなんスか！{08}	뭐 뭐예요!{08}
S06:21:73	30	アンチ！\n逃げたほうがいいよ！{08}	안치!\n도망치는 게 좋겠어!{08}
S06:21:74	28	よ～し\n素早く　舟へいくぜ！{08}	좋～아\n재빨리 배로 가자!{08}
S06:21:75	33	……って流されてるじゃねーか！！{08}	……떠내려가잖아!!{08}
S06:21:76	30	アニキ！\nはやく逃げるっスよ！{08}	형님!\n얼른 도망쳐요!{08}
S06:21:77	50	……クールのいうとおり\nなんか　様子がおかしいわね{08}	……쿨 말대로\n뭔가 상태가 이상하네{08}
S06:21:78	49	……なんか\n人魚たちは　みんな\n様子がおかしいわね{08}	……왠지\n인어들이 다\n상태가 이상하네{08}
S06:21:79	44	イェン島か……\n…{0d}{0d}…{0d}{0d}ふん！　人間なんて！{08}	옌 섬인가……\n…{0d}{0d}…{0d}{0d}흥！ 인간 따위！{08}
S06:22:0	54	メリエから出ていってよ！\n人間の顔なんて　見たくないわ{08}	메리에에서 나가!\n인간 얼굴 따위 보기도 싫어{08}
S06:22:1	57	ふん\nあなたたち人間が　この島をダメに\nしたにきまってるわ{08}	흥\n너희 인간이 이 섬을 망친 게\n뻔해{08}
S06:22:2	34	出ていけよ！\n魚がまずくなるだろ！{08}	나가!\n생선 맛이 떨어지잖아!{08}
S06:22:3	29	すまんが人間と話すことはない{08}	미안하지만 인간과 할 말 없다{08}
S06:22:4	63	なんだ　このチビ！\n人魚の守りをとってくような\n悪者はでていけ！{08}	뭐야 이 꼬맹이!\n인어의 수호를 가져가는\n나쁜 놈은 나가!{08}
S06:22:5	69	チ　チビって　誰のことなのか\nお姉ちゃんに教えてくれるかな～\nボク～？{08}	꼬 꼬맹이가 누군지\n누나한테 가르쳐 줄래～\n꼬마야～?{08}
S06:22:6	50	あんただよ　チビ！\nわかってるくせに聞くな　チビ！{08}	너야 꼬맹이!\n알면서 묻지 마 꼬맹이!{08}
S06:22:7	52	どうして　そんなこというの？\nわたしたちは　ただ……{08}	왜 그런 말을 해?\n우리는 그냥……{08}
S06:22:8	42	人魚の男は\n本当のことしか　いわないのさ！{08}	인어 남자는\n진실만 말한다고!{08}
S06:22:9	40	はやく出ていかないと\n大きな声　出すぞ！{08}	얼른 안 나가면\n큰 소리 낼 거야!{08}
S06:22:10	56	こ　このガキ……ぼくは\nなかなか面白いこと　いうわね～曖{08}	이 이 꼬맹이……꼬마는\n꽤 재밌는 말을 하네～♥{08}
S06:22:11	46	レナ……ひたいの真ん中に\n一本すじが入ってるぞ{08}	레나……이마 한가운데\n힘줄이 섰어{08}
S06:22:12	67	う～ん……\nなにか　わけがありそうだよね\nとにかく　一度外へ出ようよ{08}	으～음……\n뭔가 사정이 있나 봐\n아무튼 일단 밖에 나가자{08}
S06:22:13	50	……クールのいうとおり\nなんか　様子がおかしいわね{08}	……쿨 말대로\n뭔가 상태가 이상하네{08}
S06:22:14	49	……なんか\n人魚たちは　みんな\n様子がおかしいわね{08}	……왠지\n인어들이 다\n상태가 이상하네{08}
S06:23:0	23	なにか落ちてるみたいね{08}	뭔가 떨어져 있나 봐{08}
S06:23:1	63	それが　じょうだんだったら\n本気で怒るぞ\nシーラだよ！　シーラ！{08}	그게 농담이라면\n진짜로 화낼 거야\n실라야! 실라!{08}
S06:23:2	79	ほんとだ！\nあんたよく見えるわねぇ{08}{0c}……って　いってる場合じゃないわ\nいくわよ！{08}	정말이다!\n너 눈 좋구나{08}{0c}……할 때가 아니지\n가자!{08}
S06:23:3	44	シーラ　大丈夫！？\nいま　魔法をかけるわ……{08}	실라 괜찮아!?\n지금 마법 걸어 줄게……{08}
S06:23:4	42	みんなと　こんなところで\n会えるなんて……{08}	다들 이런 데서\n만나다니……{08}
S06:23:5	54	いったいどうしたんだよ\nなんで　こんな場所にいたんだ？{08}	대체 어떻게 된 거야\n왜 이런 데 있었어?{08}
S06:23:6	44	セニア　怒らないで……\nわたし……わたし……{08}	세니아 화내지 마……\n나……나……{08}
S06:23:7	65	ううん　セニアは\n怒ったりしてないよ\nただ　シーラが心配なだけだよ{08}	아니 세니아는\n화 안 났어\n그냥 실라가 걱정될 뿐이야{08}
S06:23:8	97	ほんとう……？{08}{0c}あのね　わたし聞いちゃったの\nみんなが　セニアたちを捕まえに\nイェンに乗り込むって{08}	정말……?{08}{0c}있잖아 나 들어 버렸어\n다들 세니아네를 잡으러\n옌에 쳐들어간대{08}
S06:23:9	75	え！　そんなことしたら\nイェンとメリエが　仲良しで\nいられなくなっちゃうよ！{08}	어! 그런 짓 하면\n옌이랑 메리에가 사이좋게\n지낼 수 없게 돼!{08}
S06:23:10	182	だから　わたし　ここをぬけ道に\nして　いそいでセニアたちに\n伝えようとしたかったんだけど……{08}{0c}人魚の守りがないから　この神殿を守ってるモンスターたちが\n狂暴化しちゃってたの　それで……{08}	그래서 나 여길 샛길로\n써서 얼른 세니아네한테\n알리려고 했는데……{08}{0c}인어의 수호가 없어서 이 신전을 지키는 몬스터들이\n난폭해져 있었어 그래서……{08}
S06:23:11	104	そうだったのか～\n無茶はだめだよ　シーラ{08}{0c}でも　ありがとう！\n人魚の守りのことは\nアタシたちにまかせてよ！{08}	그랬구나～\n무리하면 안 돼 실라{08}{0c}그래도 고마워!\n인어의 수호는\n우리한테 맡겨!{08}
S06:23:12	55	わたしたちが\n神殿に人魚の守りを\nこっそり返しておくから{08}	우리가\n신전에 인어의 수호를\n몰래 돌려놓을 테니까{08}
S06:23:13	75	だから　シーラに\nそれまでは　メリエのひとたちを\n引き止めていてくれないかな{08}	그러니까 실라가\n그때까지 메리에 사람들을\n붙잡아 두지 않을래?{08}
S06:23:14	67	……わかったわ\nわたし　やってみる\nみんなと仲良しのままでいたいもの{08}	……알았어\n나 해 볼게 다들이랑\n계속 친하게 지내고 싶어{08}
S06:23:15	21	じゃあ　きまりだね！{08}	그럼 결정이다!{08}
S06:23:16	46	うん　わたし　がんばる！\nみんなもがんばってね{08}	응 나 힘낼게!\n다들도 힘내{08}
S06:23:17	14	！{0d}{0d}{0d}　だれ！{08}	!{0d}{0d}{0d} 누구야!{08}
S06:23:18	22	あれ？\nこの声って……{08}	어라?\n이 목소리는……{08}
S06:23:19	13	エマ先生だ！{08}	에마 선생님이다!{08}
S06:23:20	69	ま　また　あなたたち……\nほかの先生がたは\n何をやっているのかしら！？{08}	또 또 너희……\n다른 선생님들은\n뭘 하고 계시는 걸까!?{08}
S06:23:21	57	へへ～　エマ先生\nそこから出られない限り\n怒れないでしょ～{08}	헤헤～ 에마 선생님\n거기서 못 나오면\n화 못 내시죠～{08}
S06:23:22	27	エマ先生　すぐ開けますね！{08}	에마 선생님 금방 열게요!{08}
S06:23:23	21	……ごめんなさぁ～い{08}	……죄송해요오～{08}
S06:23:24	102	……どうしてあげようかしら\nこの子は……{08}{0c}って　やりたいところだけどね\nわたしは　もう少し\nここにいるわ{08}	……어떻게 해 줄까\n이 애를……{08}{0c}……하고 싶은 참이지만\n나는 조금 더\n여기 있을게{08}
S06:23:25	23	えっ　先生　だって……{08}	어 선생님 그치만……{08}
S06:23:26	95	わたしが脱出できるにもかかわらず\n最後まで　ここに残っていれば\n人魚たちの信頼が得られるでしょ？{08}	내가 탈출할 수 있는데도\n끝까지 여기 남아 있으면\n인어들의 신뢰를 얻겠지?{08}
S06:23:27	42	あっ　そうですね！\nわかりました　エマ先生{08}	아 그렇네요!\n알겠어요 에마 선생님{08}
S06:23:28	53	とりあえず\nわたしを助けにきてくれたことは\n感謝します{08}	일단\n날 구하러 와 준 건\n고마워{08}
S06:23:29	32	回復してほしい時に\nまたきなさい{08}	회복이 필요할 땐\n또 오렴{08}
S06:23:30	46	これでよし　と{08}{0c}がんばってきなさいよ\nいいわね{08}	이제 됐다{08}{0c}힘내고 오렴\n알겠지{08}
S06:23:31	63	がんばってきなさいよ\nいいわね{08}{0c}回復してほしい時に\nまたきなさい{08}	힘내고 오렴\n알겠지{08}{0c}회복이 필요할 땐\n또 오렴{08}
S06:23:32	9	はぁ～い{08}	네～{08}
S06:23:33	42	ああ　それからレナ\nこれを覚えていきなさい{08}	아아 그리고 레나\n이걸 배워 가렴{08}
S06:23:34	21	レナはイコイを覚えた{08}	레나는 이코이를 익혔다{08}
S06:23:35	103	強力な全体回復魔法よ\nきっと　役にたつわ{08}{0c}……ほんとは　役に立たせるような\nことを　してほしくないけどね{08}	강력한 전체 회복 마법이야\n분명 도움이 될 거야{08}{0c}……사실은 이게 쓰일 만한\n일은 안 했으면 좋겠지만{08}
S06:23:36	63	……あ　ありがとうございました\nエマ先生！\nがんばってきま～す曖{08}	……고 고맙습니다\n에마 선생님!\n힘내고 올게요～♥{08}
S06:23:37	9	はぁ……{08}	하아……{08}
S06:23:38	27	ほら　さっさと出なさいよ！{08}	자 얼른 나와!{08}
S06:23:39	27	きっ　きたな　このチビ！！{08}	와 왔구나 이 꼬맹이!!{08}
S06:23:40	110	もう　あんたたちに\nチビ呼ばわりされても\n怒る気　なくしちゃったわよ{08}{0c}それにしても　捕まるなんて\n情けないわねぇ{08}	이제 너희한테\n꼬맹이 소리 들어도\n화낼 기운도 없어{08}{0c}그나저나 붙잡히다니\n한심하다{08}
S06:23:41	15	う　うるせい！{08}	시 시끄러!{08}
S06:23:42	58	舟が　波で流されちゃって\nイェンまで逃げられなかったんだよ{08}	배가 파도에 떠내려가서\n옌까지 도망을 못 갔어{08}
S06:23:43	24	そ　そう…\n波でねぇ……{08}	그 그래…\n파도에 말이지……{08}
S06:23:44	55	へっ　とにかく\nオレ様たちは　今ここを\n出る気はねーぜ！{08}	헹 아무튼\n이 몸들은 지금 여길\n나갈 생각 없다고!{08}
S06:23:45	38	この料理は\nなかなかいけるっスからねぇ{08}	이 요리가\n꽤 괜찮거든요{08}
S06:23:46	13	？！　料理！{08}	?! 요리!{08}
S06:23:47	62	あ……レナが……{08}{0c}お　おまえら！\n出たくないなら　勝手にしろ！{08}	아……레나가……{08}{0c}너 너희!\n나가기 싫으면 맘대로 해!{08}
S06:23:48	69	……なにも　閉めることは\nないんじゃないかな……\nと　思うんだけど……{08}	……굳이 닫을\n필요는 없지 않나……\n싶은데……{08}
S06:23:49	15	りょ…料理……{08}	요…요리……{08}
S06:23:50	95	レナ～　もういこうよ{08}{0c}宝玉を戻すのを　はやく終わらせて\nメリエに戻って　魚料理を\n食べるんでしょ{08}	레나～ 이제 가자{08}{0c}보옥 돌려놓는 거 얼른 끝내고\n메리에에 돌아가서 생선 요리\n먹을 거잖아{08}
S06:23:51	55	はっ！　そうよね！\nあんなやつら　ほっといて\nいきましょ{08}	헉! 그렇지!\n저런 녀석들 내버려 두고\n가자{08}
S06:23:52	17	危ない危ない……{08}	위험했다 위험했어……{08}
S06:23:53	28	おい！！\n扉は開けとけよ！！{08}	어이!!\n문은 열어 둬!!{08}
S06:23:54	36	あなたたちの\n尊い犠牲は忘れないわ～{08}	너희의\n고귀한 희생은 잊지 않을게～{08}
S06:23:55	32	うるせー！\nこっから出させろー！{08}	시끄러～!\n여기서 내보내 줘～!{08}
S06:23:56	15	ここがそうだな{08}	여기가 거기군{08}
S06:23:57	65	……なんか　いかにも\nじゃまをしそうなタコのオバケが\nいるじゃない{08}	……왠지 딱 봐도\n방해할 것 같은 문어 괴물이\n있잖아{08}
S06:23:58	15	門番みたいだね{08}	문지기 같아{08}
S06:23:59	56	狂暴化してるって　いってたからな\n気合いを入れ直しとこう{08}	난폭해졌다고 했으니까\n기합을 다시 넣자{08}
S06:23:60	61	タコさん　タコさん\nわたしたち\n人魚の守りを返しに来たんだけど{08}	문어 씨 문어 씨\n우리\n인어의 수호를 돌려주러 왔는데{08}
S06:23:61	19	聞いちゃいないな！{08}	안 듣는다!{08}
S06:23:62	9	くるよ！{08}	온다!{08}
S06:23:63	25	セニアは花姫乱舞を覚えた{08}	세니아는 화희난무를 익혔다{08}
S06:23:64	22	よ～し\n宝玉を戻そう！{08}	좋～아\n보옥을 돌려놓자!{08}
S06:23:65	15	これで　よしっ{08}	이걸로 됐다{08}
S06:23:66	63	あとはエマ先生の\nおしおきだけってわけね\nセニアって　かわいそ～{08}	이제 에마 선생님의\n벌만 남았네\n세니아 불쌍해～{08}
S06:23:67	15	レナァーー！！{08}	레나아아～!!{08}
S06:23:68	38	本当だ！　人魚の守りが\n戻っているぞ！{08}	정말이다! 인어의 수호가\n돌아와 있어!{08}
S06:23:69	34	シーラ姉ちゃんの\nいったとおりだ！{08}	실라 누나\n말대로야!{08}
S06:23:70	9	セニア！{08}	세니아!{08}
S06:23:71	34	シーラ！\nやったよ　アタシたち！！{08}	실라!\n해냈어 우리!!{08}
S06:23:72	43	うん！\nわたし　セニアのこと\n信じてたもの！{08}	응!\n나 세니아를\n믿었는걸!{08}
S06:23:73	71	……セニアが男だったら\nこれから　はずかしいシーンが\nはじまってたわね～{08}	……세니아가 남자였으면\n지금부터 부끄러운 장면이\n시작됐겠네～{08}
S06:23:74	11	レ　レナ？{08}	레 레나?{08}
S06:23:75	73	我々に疑われていたというのに\n神殿まで人魚の守りを\n返しにきてくださるとは{08}	우리에게 의심받았는데도\n신전까지 인어의 수호를\n돌려주러 와 주시다니{08}
S06:23:76	28	疑っていた我々が\n恥ずかしい{08}	의심했던 우리가\n부끄럽구나{08}
S06:23:77	40	人間も悪いやつばっかりじゃ\nないでしょ！{08}	인간도 나쁜 녀석만\n있는 건 아니지!{08}
S06:23:78	108	ああ\n良い人間　というものを知ったよ{08}{0c}おっと　そうだ\n牢屋に入れていた　先生と\n３人組の生徒は　すぐに解放する{08}	아아\n좋은 인간이란 걸 알았다{08}{0c}아 그렇지\n감옥에 넣어 둔 선생님과\n３인조 학생은 곧 풀어 주마{08}
S06:23:79	55	３人組のほうは\nそのままにしといても\nいいんですけど……{08}	３인조 쪽은\n그대로 둬도\n되는데요……{08}
S06:23:80	58	……グレン殿のいうとおりじゃった\n数々の無礼を許してほしい{08}	……글렌 님 말씀대로였네\n갖은 무례를 용서해 주게{08}
S06:23:81	54	うん　もちろんだよ！\nこれからは　みんな仲良く　だね！{08}	응 물론이지! 앞으로는\n모두 사이좋게 지내자!{08}
S06:23:82	73	あの～　ついでに～\n学園長から　わたしたちを\nかばってほしいな～　な～んて{08}	저기～ 겸사겸사～\n학원장님한테서 저희를\n감싸 주시면 좋겠다～ 라든가{08}
S06:23:83	38	最後まで　そんなことを\nいってるなー！{08}	끝까지 그런 소리\n하지 마～!{08}
S06:23:84	7	ふふっ{08}	후훗{08}
S06:23:85	21	わたしは本気なのに～{08}	난 진심인데～{08}
S06:24:0	25	ここが地下水路ってやつね{08}	여기가 지하 수로라는 거구나{08}
S06:24:1	46	じーさんが神殿へいけるって\nいってたやつだよな{08}	할아버지가 신전에 갈 수\n있다고 했던 거지{08}
S06:24:2	50	さ～て　ササッとすませて\nシーラに会いにいきましょ{08}	자 후딱 끝내고\n실라 만나러 가자{08}
S06:24:3	40	レナは　魚料理を\n食べにいきたいんでしょ{08}	레나는 생선 요리\n먹으러 가고 싶은 거지{08}
S06:24:4	49	そうゆうこと！\nさっきまで\nぜんぜん忘れてたけどね{08}	그런 거지!\n아까까진\n완전히 잊고 있었지만{08}
S06:24:5	32	さっ！\nそろそろ　帰る時間よね～{08}	자!\n슬슬 돌아갈 시간이다～{08}
S06:24:6	7	レナ！{08}	레나!{08}
S06:24:7	26	わかってるわよ\nいきましょ{08}	알았어\n가자{08}
S07:1:0	67	ダディス先生曖\nこんなところにいると\nイヤなこと思い出しちゃいますよ{08}	다디스 선생님♥\n이런 데 계시면\n싫은 일이 떠올라요{08}
S07:1:1	38	……おまえたちは\n何か知っておるのか？{08}	……너희는\n뭔가 알고 있느냐?{08}
S07:1:2	79	ここは　先生の研究所が\nあったんですけど　わたしたちが\nこわしちゃったんです……{08}	여기 선생님 연구소가\n있었는데 저희가\n부숴 버렸어요……{08}
S07:1:3	27	あっ　エリー　だめだって！{08}	앗 엘리 안 된다니까!{08}
S07:1:4	70	そうだったのか……{0d}\n建て直しをしようとしていたから\nちょうどよかったな{08}	그랬구나……{0d}\n다시 지으려던 참이었으니\n마침 잘됐구나{08}
S07:1:5	34	これって知ってて\nやってると思う？{08}	이거 알고서\n그러시는 것 같아?{08}
S07:1:6	25	ぜんぜん　わかんない……{08}	전혀 모르겠어……{08}
S07:1:7	119	どうした　おまえたち\nここが直るまで\nまだ　しばらくかかるぞ{08}\n……しかし　よく\nここまでこわしたものだな\n逆に清々するわい{08}	왜 그러냐 너희\n여기가 다 고쳐지려면\n아직 한참 걸린다{08}\n……그나저나 용케\n여기까지 부쉈구나\n오히려 속이 시원하다{08}
S07:1:8	19	先生　ごめんなさい{08}	선생님 죄송해요{08}
S07:1:9	75	なんで　お前たちがあやまるのだ？\nこれはアンチのやつらが\nこわしたのだろう？{08}	왜 너희가 사과하냐?\n이건 안치 녀석들이\n부순 거잖느냐?{08}
S07:1:10	69	そ　そうです！\nどうしょうもないやつらですよね！\n退学ですよ　退学！！{08}	그 그래요!\n구제 불능인 녀석들이죠!\n퇴학이에요 퇴학!!{08}
S07:1:11	58	もうすこしで　ダディス先生\n思い出しそうな気がするけど……{08}	조금만 더 하면 다디스 선생님\n생각해 내실 것 같은데……{08}
S07:1:12	44	ひとつだけ聞くけどさ\nここにきた理由は……？{08}	하나만 묻는데\n여기 온 이유는……?{08}
S07:1:13	65	ちゃーんと　研究所をこわした\n犯人を忘れているか\n確認しておくのよ{08}	연구소를 부순 범인을\n제대로 잊으셨는지\n확인해 두는 거야{08}
S07:1:14	23	ふーん　それから……？{08}	흐응 그리고……?{08}
S07:1:15	34	ウ　ウソだってばぁ\nごめん　セニア{08}	거 거짓말이야\n미안 세니아{08}
S07:1:16	73	なんだ　おまえたちは人のそばで\nぶつぶつと……\nここにきても建物は直らんぞ{08}	뭐냐 너희는 남 옆에서\n중얼중얼……\n여기 와도 건물은 안 고쳐진다{08}
S07:1:17	55	ダディス先生\nこの建物がこわれた原因は\nなんでしたっけ？{08}	다디스 선생님\n이 건물이 부서진 원인이\n뭐였죠?{08}
S07:1:18	46	そんなの決まっておるじゃないか{0d}{0d}\n魔族だろうが{08}	그야 뻔하지 않냐{0d}{0d}\n마족이지{08}
S07:1:19	13	よし　ＯＫ！{08}	좋아 ＯＫ!{08}
S07:1:20	42	いつまでも\nそう　うまくいかないと思う……{08}	언제까지나 그렇게\n잘 풀리진 않을 것 같아……{08}
S07:1:21	6	終わり	끝
S07:2:0	28	エマ先生！\nな～に　用って？{08}	에마 선생님!\n무슨 볼일이에요?{08}
S07:2:1	29	セニアも　すみにおけないわね{08}	세니아도 보통이 아니구나{08}
S07:2:2	42	や　やだな　エマ先生～っ\nなんのことだよぉ{08}	시 싫다 에마 선생님～\n무슨 소리예요{08}
S07:2:3	37	ふふ……\nはい　これ\n手紙がきてるわよ{08}	후후……\n자 이거\n편지가 왔어{08}
S07:2:4	28	アタシに手紙？\n誰からだろ？{08}	나한테 편지?\n누구지?{08}
S07:2:5	21	早く開けてみなさいよ{08}	얼른 열어 봐{08}
S07:2:6	44	……アズからだ！\nアズからだ！！　やった！！{08}	……아즈다!\n아즈한테서다!! 앗싸!!{08}
S07:2:7	23	……アズってなんだろ？{08}	……아즈가 뭘까?{08}
S07:2:8	36	バカねぇ\n今日の次の日のことでしょ？{08}	바보\n「아주 좋아」의 줄임말이잖아?{08}
S07:2:9	9	…………{08}	…………{08}
S07:2:10	23	えーと　なになに{0d}…{0d}…{08}	음 뭐라고 쓰여 있나{0d}…{0d}…{08}
S07:2:11	28	ねえねえ\nなんて書いてあるの{08}	있잖아 있잖아\n뭐라고 쓰여 있어{08}
S07:2:12	9	…{0d}…{0d}…{08}	…{0d}…{0d}…{08}
S07:2:13	25	ぜんぜん聞いてないわ……{08}	전혀 안 듣네……{08}
S07:2:14	25	ねえ　わたしにも見せてよ{08}	있잖아 나도 보여 줘{08}
S07:2:15	13	ラブレター？{08}	러브레터?{08}
S07:2:16	21	それとも不幸の手紙？{08}	아니면 행운의 편지?{08}
S07:2:17	61	ケチーッ！！\nちょっとくらい見せてくれたって\nいいじゃない！！{08}	치사해～!!\n조금쯤 보여 줘도\n되잖아!!{08}
S07:2:18	7	よし！{08}	좋아!{08}
S07:2:19	54	ねえ　なに　どうしたの？\n教えてくれたっていいじゃない{08}	있잖아 뭐야 왜 그래?\n가르쳐 줘도 되잖아{08}
S07:2:20	21	ひ・{0d}み・{0d}つ～曖曖曖{08}	비・{0d}밀・{0d}이～야♥♥♥{08}
S07:2:21	44	そのハートマークが\nすべてを物語ってるわよね{08}	그 하트 마크가\n모든 걸 말해 주네{08}
S07:2:22	64	もうすぐ新入生の季節だよね……\nぼくは　あんまりうれしくないんだ{08}	곧 신입생 계절이구나……\n나는 별로 안 기뻐{08}
S07:2:23	73	いろいろ　いき違いがあったが\nなんとか　メリエの人たちとも\n仲直りできたよ{08}	여러모로 엇갈림이 있었지만\n어떻게든 메리에 사람들과도\n화해할 수 있었어{08}
S07:2:24	46	なぜか　あんたの手柄のように\n聞こえるのよねぇ{08}	왠지 네 공인 것처럼\n들린단 말이지{08}
S07:2:25	19	アタシもそう思うよ{08}	나도 그렇게 생각해{08}
S07:2:26	55	問題はあったが\nべつに誰のせいだというわけでも\nないしね{08}	문제는 있었지만\n딱히 누구 탓이라고 할 것도\n없고 말이야{08}
S07:2:27	38	わたしたちのせいに\nしたいみたいね……{08}	우리 탓으로\n하고 싶은가 보네……{08}
S07:2:28	79	きっと　レナさんたちがいないと\n学園が成り立たないように\nなってしまうと思います{08}	분명 레나 씨네가 없으면\n학원이 안 돌아가게\n될 것 같아요{08}
S07:2:29	46	はあ……それは　どう\nお答えしたらよいものやら{08}	하아……그건 어떻게\n대답해야 할지{08}
S07:2:30	69	あっ　そうだ\nこんど　生徒会長を現場まで\nひっぱってきてあげてください{08}	아 맞다\n다음엔 학생회장님을 현장까지\n끌고 와 주세요{08}
S07:2:31	46	はい　かまいませんが……\n会長がそんなことを？{08}	네 상관없지만……\n회장님이 그런 말을?{08}
S07:2:32	59	え～っ　もちろんです曖\nあの手の人間には\n一番いい薬ですから{08}	에～ 물론이죠♥\n그런 타입한테는\n그게 제일 좋은 약이거든요{08}
S07:2:33	11	うーん……{08}	으음……{08}
S07:2:34	54	ほんとうに成功してしまうんだから\n君たちは……まったく{08}	정말로 성공해 버리다니\n너희는……정말{08}
S07:2:35	85	なにいっているんですかぁ　先生曖\nわたしたちは　おとなしくて\nかわいらしい生徒ですぅ曖{08}	무슨 말씀이세요 선생님♥\n저희는 얌전하고\n귀여운 학생이에요♥{08}
S07:2:36	25	……よくいって聞かせます{08}	……잘 타일러 둘게요{08}
S07:2:37	53	君たちのための\n特別メニューでも組むしか\nないだろうな{08}	너희를 위한\n특별 메뉴라도 짤 수밖에\n없겠구나{08}
S07:2:38	40	えーっ　表彰されても\nいいくらいじゃ……{08}	에～ 표창받아도\n될 정도인데……{08}
S07:2:39	54	私にもガマンの限度というものが\nちゃんと存在するからね{08}	나한테도 참을성의 한계라는 게\n분명히 있단다{08}
S07:2:40	42	……忘れてましたぁ\n学園長　ごめんなさぁい{08}	……잊고 있었어요～\n학원장님 죄송해요～{08}
S07:2:41	63	……今度はエリーくんに\n君があやまった回数を\n数えてもらおうかな{08}	……다음엔 엘리 군한테\n네가 사과한 횟수를\n세어 달라고 할까{08}
S07:2:42	46	生徒会も大変だから\nなるべく　無理はしないでね{08}	학생회도 힘드니까\n되도록 무리하지 마{08}
S07:2:43	87	わたしは　セニアの手紙が\nどんなものか大体　想像つくけど\nいっちゃ　つまんないんでしょ？{08}	나는 세니아 편지가\n어떤 건지 대충 짐작 가지만\n말하면 재미없지?{08}
S07:2:44	48	うん！　エマ先生って\nほんと　わかってるよなーっ{08}	응! 에마 선생님은\n정말 뭘 아신다니까～{08}
S07:2:45	50	さすがに　３０年　女をやっている\nだけありますね！{08}	역시 ３０년 여자를 해 오신\n보람이 있네요!{08}
S07:2:46	15	ひえ～…………{08}	히익～…………{08}
S07:2:47	25	なに？　この気まずい空気{08}	뭐야? 이 어색한 공기{08}
S07:2:48	42	エマ先生は\n２０年くらいしか生きてないよ！{08}	에마 선생님은\n２０년 정도밖에 안 사셨어!{08}
S07:2:49	60	……年の話はよしましょうね\n先生　平静でいられる自信ないから{08}	……나이 얘긴 그만하자 선생님\n평정을 유지할 자신 없으니까{08}
S07:2:50	56	君たちは遊んでばかりだね\n新入生たちにしめしがつかないよ{08}	너희는 놀기만 하는구나\n신입생들한테 본보기가 안 돼{08}
S07:2:51	29	会長もがんばんなきゃダメだぞ{08}	회장님도 힘내야 해{08}
S07:2:52	65	セニア　どうしたの急に……\nこの男の前で\nニコニコするなんて変よ？{08}	세니아 갑자기 왜 그래……\n이 남자 앞에서\n싱글벙글하다니 이상해{08}
S07:2:53	69	……な　なんのことだい！？\nや　やめてもらえないか\nいいがかりはっ！？{08}	……무 무슨 소리야!?\n그 그만둬 줄래\n생트집은!?{08}
S07:2:54	37	まあ　会長も人の子なんだね{0d}\nうんうん{08}	뭐 회장님도 사람이구나{0d}\n응응{08}
S07:2:55	51	ちょっと　セニア\nなんのこと？\nあんた　おかしいわよ{08}	잠깐 세니아\n무슨 소리야?\n너 이상해{08}
S07:2:56	40	えーっ　だからさ\n生徒会長はさぁ　エ……{08}	에～ 그러니까\n학생회장님은 말이야 엘……{08}
S07:2:57	51	わーっ！！\n今日は　とってもいい天気だね\nセニアくん{08}	와～!!\n오늘은 참 날씨가 좋구나\n세니아 군{08}
S07:2:58	36	へへ　会長とも\n仲良くなれそうだね曖{08}	헤헤 회장님이랑도\n친해질 것 같다♥{08}
S07:2:59	11	……？？？{08}	……???{08}
S07:2:60	61	あら　セニアさん\nまるで太陽のように輝いて\nいらっしゃいますね{08}	어머 세니아 씨\n마치 태양처럼 빛나고\n계시네요{08}
S07:2:61	57	まーねーっ\nエルノラさんにいわれると\nなんだか　うれしいな{08}	뭐 그렇지～\n엘노라 씨가 그러니까\n왠지 기쁘다{08}
S07:2:62	79	まあ　こちらもうれしいですわ\nセニアさんの表情だけで\nみんなが幸せになるようです{08}	어머 저도 기뻐요\n세니아 씨 표정만으로\n모두가 행복해지는 것 같아요{08}
S07:2:63	46	なっ　なんなの！？\nここは魔法学園のはずよ！？{08}	뭐 뭐야!?\n여긴 마법학원일 텐데!?{08}
S07:2:64	99	こういう時は　聞いてあげた方が\nよろしいのでしょうか？{08}\nそれとも　黙っていた方が\nよろしいのですか？{08}	이럴 땐 물어봐 드리는 게\n좋을까요?{08}\n아니면 가만있는 게\n좋을까요?{08}
S07:2:65	23	どっちでもいいですよ曖{08}	어느 쪽이든 좋아요♥{08}
S07:2:66	29	まあ……それはこまりましたね{08}	어머……그거 곤란하네요{08}
S07:2:67	54	こ　こんな状態が魔法学園に\nあっていいはずないわよ！！{08}	이 이런 상태가 마법학원에\n있어도 되는 거야!!{08}
S07:2:68	51	レナ……さ\nどうしてここまでってくらい\n考えてない？{08}	레나……\n왜 그렇게까지 할 정도로\n생각하는 거야?{08}
S07:2:69	53	まいったな……\n留守を任せるはずの生徒が\nまだこないぞ{08}	난처하군……\n자리를 맡길 학생이\n아직 안 오는구나{08}
S07:2:70	25	わ　わたしはイヤですよ！{08}	저 저는 싫어요!{08}
S07:2:71	52	君に任せようと思う人間がいたら\n一度見てみたいものだ{08}	너한테 맡기려는 사람이 있다면\n한번 보고 싶구나{08}
S07:2:72	29	……スティルさんという人は？{08}	……스틸이라는 분은?{08}
S07:2:73	57	私を指差して\nどうするつもりなのか……\n一応　聞いてみよう{08}	나를 가리켜서\n어쩔 셈인지……\n일단 들어 보마{08}
S07:2:74	42	すいませぇん\nわたしが間違ってましたぁ……{08}	죄송해요～\n제가 틀렸어요～……{08}
S07:2:75	55	よしよし\nもう２度と悪いことは\nするんじゃないぞ　いいね{08}	옳지 옳지\n두 번 다시 나쁜 짓은\n하지 마라 알겠지{08}
S07:2:76	34	学園長\nやっと　ひと息って感じだね{08}	학원장님\n드디어 한숨 돌렸네요{08}
S07:2:77	57	ああ……まったくだ{0d}{0d}\nご　ごほん\nなっ　何をいわせるんだね{08}	아아……정말이지{0d}{0d}\n크 크흠\n무 무슨 말을 시키는 거냐{08}
S07:2:78	65	ちょっと　今回ばかりは\nあなたたちを　かまっている\n余裕がないのよ{08}	이번만큼은\n너희를 신경 쓸\n여유가 없어{08}
S07:2:79	34	学園の生徒が\nさらわれてるからだろ{08}	학원 학생들이\n납치되고 있어서지{08}
S07:2:80	25	……どうしたの？　セニア{08}	……왜 그러니? 세니아{08}
S07:2:81	75	さっきの手紙の相手のひとが\nわたしたちの目の前で\nさらわれちゃったんです……{08}	아까 그 편지 보낸 사람이\n저희 눈앞에서\n납치당했어요……{08}
S07:2:82	71	……なんてこと\nいい？　こんどこそ先生たちが\nなんとかしてあげるからね？{08}	……이럴 수가\n알겠니? 이번엔 선생님들이\n어떻게든 해 줄 테니까?{08}
S07:2:83	32	……うん　わかってるよ\nエマ先生{08}	……응 알고 있어요\n에마 선생님{08}
S07:2:84	42	セニアの恋人は\nそんなやわじゃないものね曖{08}	세니아 애인은\n그렇게 약하지 않잖아♥{08}
S07:2:85	53	あったりまえだい！\nアタシの{0d}…{0d}…\nアタシのアズだぞ！{08}	당연하지!\n나의{0d}…{0d}…\n나의 아즈라고!{08}
S07:2:86	33	ブラウン会長がさらわれました……{08}	브라운 회장님이 납치됐어요……{08}
S07:2:87	19	それは　ラッキー曖{08}	그거 럭키♥{08}
S07:2:88	38	それにエルノラさんも\n巻き込まれて……{08}	게다가 엘노라 씨도\n휘말려서……{08}
S07:2:89	25	{0d}{0d}の　次はアンラッキー曖{08}	{0d}{0d}……는 언럭키♥{08}
S07:2:90	36	……曖　じゃない！\nはやくいくぞ！！{08}	……♥가 아니야!\n얼른 가자!!{08}
S07:2:91	29	みんな　さらわれてしまう……{08}	다들 납치당하고 있어……{08}
S07:2:92	42	あらっ　学園長室から\n話し声が聞こえるわぁ{08}	어머 학원장실에서\n말소리가 들려{08}
S07:2:93	29	なにが　そんなに楽しいんだよ{08}	뭐가 그렇게 즐거운 건데{08}
S07:2:94	48	メンフィスめ！！\nいったい何をたくらんでおるのだ{08}	멤피스 녀석!!\n대체 무슨 꿍꿍이란 말인가{08}
S07:2:95	59	能力の高い生徒から\nさらわれていますが\nこのままでは全員……{08}	능력 높은 학생부터\n납치당하고 있는데\n이대로면 전원……{08}
S07:2:96	62	そんなことはわかっとるわい！！\n…{0d}{0d}…{0d}{0d}で　何かわかったのか？{08}	그건 알고 있네!!\n…{0d}{0d}…{0d}{0d}그래서 뭔가 알아냈나?{08}
S07:2:97	81	はい　封印されているはずの\n海辺の洞窟の地下から強い魔力が\nもれだしているようです{08}	네 봉인돼 있어야 할\n바닷가 동굴 지하에서\n강한 마력이 새어 나옵니다{08}
S07:2:98	42	やつめ……\nあのダンジョンを利用しおったか{08}	그자 녀석……\n그 던전을 이용했구먼{08}
S07:2:99	81	やつとしては当然でしょうね\nあのダンジョンは何といっても\n先生特製の一級品ですから{08}	그자로선 당연하겠지요\n그 던전은 뭐니 뭐니 해도\n선생님 특제 일급품이니까요{08}
S07:2:100	25	それで　ひとつ問題が……{08}	그래서 문제가 하나……{08}
S07:2:101	42	おじいちゃんって　洞窟掘れるんだ\nすごいね{08}	할아버지 동굴도 팔 줄\n아는구나 대단하다{08}
S07:2:102	59	……た　たしかに\nそうかもしれないけど\nそれは置いといて……{08}	……화 확실히\n그럴지도 모르지만\n그건 제쳐 두고……{08}
S07:2:103	32	しっ！\nそれで　問題ってなんだろ{08}	쉿!\n그래서 문제가 뭘까{08}
S07:2:104	50	イアソン先生たちに\n頼む予定だった先発隊ですが……{08}	이아손 선생님들께\n부탁할 예정이던 선발대인데……{08}
S07:2:105	52	それで　どうしたのだ\nスティルよ　もったいぶるでない{08}	그래서 어쨌단 말인가\n스틸 뜸 들이지 말게{08}
S07:2:106	68	はあ……それが{0d}{0d}\nその　アンチくんたちが{0d}\nイアソン先生の代わりに……{08}	하아……그게{0d}{0d}\n그 안치 군들이{0d}\n이아손 선생님 대신……{08}
S07:2:107	15	……はあ？？？{08}	……하아???{08}
S07:2:108	57	が　学園長……\nなんで　あんなやつらを\n送り込むんだよ！！{08}	하 학원장님……\n왜 그런 녀석들을\n보내는 거야!!{08}
S07:2:109	46	お　落ち着きなさいって\n話の続きがあるみたいよ{08}	지 진정해\n얘기가 더 있나 봐{08}
S07:2:110	79	は　話だけ聞いてください\nどこから聞きつけてきたものか\n誰も止める余裕もなく……{08}	얘 얘기만 들어 주십시오\n어디서 들었는지\n아무도 말릴 틈도 없이……{08}
S07:2:111	52	……どうして今年は\nこう問題児ばかり集まっておるのだ{08}	……어째서 올해는\n이렇게 문제아만 모였단 말인가{08}
S07:2:112	79	ご　ごほん……あのグレン先生？\n私のせいに聞こえますが\nスカウトしてきたのは……{08}	크 크흠……저기 글렌 선생님?\n제 탓처럼 들립니다만\n스카우트해 온 건……{08}
S07:2:113	44	……えーい！！\nいまはそんな時ではないぞ！！{08}	……에잇!!\n지금은 그럴 때가 아닐세!!{08}
S07:2:114	46	あったり前だよ\nいこう！　アタシたちだけでさ！{08}	당연하지\n가자! 우리끼리!{08}
S07:2:115	77	そうこなくっちゃ　と\nいいたいところだけど……\nさすがに　これ以上　問題を……{08}	그래야지……라고\n말하고 싶지만……\n아무래도 더 이상 문제는……{08}
S07:2:116	38	セニアのためじゃないか\nわたしもいく！{08}	세니아를 위해서잖아\n나도 갈래!{08}
S07:2:117	21	ありがとう　エリー！{08}	고마워 엘리!{08}
S07:2:118	42	わっ　わかったわよ\nわたしだっていくわよ！{08}	아 알았어\n나도 갈 거야!{08}
S07:2:119	24	あっ　そう\nがんばってね{08}	아 그래\n힘내{08}
S07:2:120	38	ごめん　セニアぁ\nゆるしてちょうだぁい{08}	미안 세니아아\n용서해 줘어{08}
S07:2:121	31	それはいいから　笑うなーっ！！{08}	그건 됐으니까 웃지 마～!!{08}
S07:2:122	67	海辺の洞窟だよ！\nバレたら　こんどこそ\nしばって閉じ込められるぞ！！{08}	바닷가 동굴이야!\n들키면 이번엔\n묶어서 가둬 버릴 거야!!{08}
S07:2:123	44	もうすこし時間をくれたって\nいいじゃないの！{08}	시간 좀 더 줘도\n되잖아!{08}
S07:2:124	25	お～い　ちょっとまって～{08}	어～이 잠깐 기다려～{08}
S07:2:125	77	忘れるところだった\nラルフ先生が　君たちに頼みたい\nことがあるって　いってたよ{08}	잊을 뻔했다\n랄프 선생님이 너희한테 부탁할\n게 있다고 하셨어{08}
S07:2:126	27	あまり気が進まないけど……{08}	별로 내키진 않지만……{08}
S07:2:127	44	今日のアタシは　なんでも\nいうこときいちゃう{08}	오늘의 나는 뭐든\n말 잘 들어 줄게{08}
S07:2:128	31	じゃあ　図書館にいってみようか{08}	그럼 도서관에 가 볼까{08}
S07:2:129	38	おっ　そうだった\n合体魔法を認定しよう{08}	아 그렇지\n합체 마법을 인정해 주마{08}
S07:2:130	44	セニアとブレードは\nマジカルプリズムを覚えた{08}	세니아와 블레이드는\n매지컬프리즘을 익혔다{08}
S07:2:131	46	エリーとブレードは\nブレードダイビングを覚えた{08}	엘리와 블레이드는\n블레이드다이빙을 익혔다{08}
S07:2:132	34	レナとセニアは\nレンズレイを覚えた{08}	레나와 세니아는\n렌즈레이를 익혔다{08}
S07:2:133	42	エリーとレナは\nラブリーチアガールを覚えた{08}	엘리와 레나는\n러블리치어걸을 익혔다{08}
S07:2:134	40	エリーとレナは\nマジカルチャームを覚えた{08}	엘리와 레나는\n매지컬참을 익혔다{08}
S07:2:135	51	ああ　それと……\nそろそろ　この魔法が\n必要でしょ？{08}	아아 그리고……\n슬슬 이 마법이\n필요하지?{08}
S07:2:136	21	レナはイコイを覚えた{08}	레나는 이코이를 익혔다{08}
S07:2:137	44	そうそう　レナ\nこの魔法を　覚えていったら？{08}	그래그래 레나\n이 마법을 배워 가지 그러니?{08}
S07:2:138	25	レナはメイミャクを覚えた{08}	레나는 메이먀쿠를 익혔다{08}
S07:2:139	6	終わり	끝
S07:3:0	59	エマ先生が\nセニアのこと探してたわよ\nなにか用があるんだって{08}	에마 선생님이\n세니아를 찾으셨어\n무슨 볼일이 있대{08}
S07:3:1	32	ん？{0d}{0d}\nわかった！　すぐいくよ！{08}	응?{0d}{0d}\n알았어! 금방 갈게!{08}
S07:3:2	69	じゃあ　ちゃんと伝えたからね\n忘れたからって\nわたしのせいにしないでよ{08}	그럼 분명히 전했어\n잊었다고\n내 탓 하지 마{08}
S07:3:3	11	何だろね？{08}	뭘까?{08}
S07:3:4	29	ごちそうしてくれるのかしら？{08}	맛있는 거 사 주시려나?{08}
S07:3:5	32	さぁね\nとにかくいってみようぜ！{08}	글쎄\n아무튼 가 보자!{08}
S07:3:6	9	はいはい{08}	네네{08}
S07:3:7	65	そんな　すました顔してると\nなにかもらったって\nわけてやらないよ～{08}	그렇게 새침한 얼굴 하면\n뭘 받아도\n안 나눠 준다～{08}
S07:3:8	25	ゲンコツかもしれないわよ{08}	꿀밤일지도 몰라{08}
S07:3:9	71	ふう……\nメリエでも暴れたらしいですわね\nほんと　めいわくな人たちだこと{08}	후우……\n메리에에서도 날뛰었다면서요\n정말 민폐인 사람들이에요{08}
S07:3:10	138	ちょっと　待ちなさいよ\nなんで　あんたがめいわくなわけ？{08}\nたしかに先生たちには\nめいわくかけたかもしれないけど\nあんたには何もしてないでしょ{08}	잠깐 기다려\n왜 네가 민폐인데?{08}\n확실히 선생님들께는\n폐를 끼쳤을지 몰라도\n너한텐 아무것도 안 했잖아{08}
S07:3:11	60	ほっ　ほほほ……あいかわらず\n口が達者なことでなによりですわ{08}	호 호호호……여전히\n말솜씨가 좋아서 다행이네요{08}
S07:3:12	29	あんた　声がうわずってるわよ{08}	너 목소리가 떨리는데{08}
S07:3:13	83	て　ていせいしますわ\nあなたがた　学園にめいわくかけて\nなんとも思っていませんの！？{08}	저 정정할게요\n당신들 학원에 폐를 끼치고\n아무렇지도 않나요!?{08}
S07:3:14	52	あーあ　むなしいわねぇ\nこんな負け女　ほっときましょ{08}	아～아 허무하다\n이런 패배자는 내버려 두자{08}
S07:3:15	50	ま　待ちなさい！\nキーッ　やはりこの女は強敵だわ！{08}	기 기다려요! 끄응\n역시 이 여자는 강적이야!{08}
S07:3:16	59	あら　セニア\n先生に呼ばれたんだから\nさっさといってきなさい{08}	어머 세니아\n선생님이 부르셨으니\n얼른 다녀와{08}
S07:3:17	54	わたし　キレイになって\nブラウンさんにアタックしたいな{08}	나 예뻐져서\n브라운 씨한테 대시하고 싶어{08}
S07:3:18	60	どうにかしてレイラに仕返しして\nやらなきゃ気がすまないわっ！{08}	어떻게든 레이라한테 복수를\n안 하면 직성이 안 풀려!{08}
S07:3:19	19	おっと　待つっス！{08}	잠깐 기다려요!{08}
S07:3:20	46	なんだ\nヘナチョコ・リックじゃない{0d}\nなにか用？{08}	뭐야\n허접 릭이잖아{0d}\n무슨 볼일이야?{08}
S07:3:21	112	おいらはヘナチョコじゃないっス！{08}そ　そのナマイキな口を\nふさぐためにアンチのアニキと\n早食いの勝負をするっス！！{08}	저 허접 아니에요!{08}그 그 건방진 입을\n막으려고 안치 형님이랑 빨리\n먹기 승부를 할 거예요!!{08}
S07:3:22	17	ステラおばさ～ん{08}	스텔라 아줌마～{08}
S07:3:23	91	あっはっはっ　アンチたちに\nどうしてもってせがまれちゃってね\nま　１回くらい勝負してやりなよ{08}	아하하 안치네가\n꼭 하고 싶다고 졸라서 말이야\n뭐 한 번쯤 승부해 주렴{08}
S07:3:24	54	えーっ　女の子らしくないとか\nなんだとかいってたのにぃ{08}	에～ 여자애답지 않다느니\n뭐니 하셨으면서～{08}
S07:3:25	48	いってることと\n身体の動きが　ばらばらだって……{08}	하는 말이랑\n몸 움직임이 따로 논다니까……{08}
S07:3:26	64	いままで　よくもやってくれたな\nその鼻　いまこそへし折ってやるぜ{08}	여태 잘도 해 줬겠다\n그 콧대 이제야말로 꺾어 주마{08}
S07:3:27	54	レナの鼻は低いんだから\nそんなことが　できるかなーっ曖{08}	레나 코는 낮은데\n그게 될까～♥{08}
S07:3:28	29	セニア　なにいってんのよ！！{08}	세니아 무슨 소리야!!{08}
S07:3:29	44	へっ　ボケっとしてんなよ！\nスタートだぜ！！{08}	헹 멍하니 있지 마!\n시작이다!!{08}
S07:3:30	33	あっ　あんた　きたないわよっ！！{08}	아 너 치사해!!{08}
S07:3:31	52	こ……これだけは……\n負けねえはずだった……のに……{08}	이……이것만은……\n안 질 줄 알았는……데……{08}
S07:3:32	44	わたしに挑戦するなんて\n１０年　はやいわよ！{08}	나한테 도전하다니\n１０년은 일러!{08}
S07:3:33	71	おめでと～　レナ\nこれで　早食い女王としても\n名前がひろまるよ　ぜったい{08}	축하해～ 레나\n이걸로 빨리 먹기 여왕으로도\n이름이 퍼지겠다 분명{08}
S07:3:34	17	し　しまった！！{08}	아 아차!!{08}
S07:3:35	31	わたし　止めてもムダだと思って{08}	나 말려도 소용없을 것 같아서{08}
S07:3:36	65	さてと　勝負もついたことだし\nエマ先生が待ってるから\n早くいこう！{08}	자 승부도 났고\n에마 선생님이 기다리시니\n얼른 가자!{08}
S07:3:37	7	きゅう{08}	끄응{08}
S07:3:38	52	アニキを　こんな目にあわせた礼は\nきっとするっス！！{08}	형님을 이런 꼴로 만든 대가는\n꼭 치르게 할 거예요!!{08}
S07:3:39	54	毒入りじゃない　ケーキがいいな曖\nあと　紅茶もつけてね{08}	독 안 든 케이크가 좋아♥\n홍차도 곁들여 줘{08}
S07:3:40	25	お　おいらにまかせるっス{08}	저 저한테 맡겨요{08}
S07:3:41	15	ダメだ　こりゃ{08}	글렀네 이거{08}
S07:3:42	31	アニキ　死なないでくれっス～！{08}	형님 죽지 마요～!{08}
S07:3:43	39	大丈夫よ{0d}\nみね打ちだから　安心しなさい{08}	괜찮아{0d}\n칼등으로 쳤으니까 안심해{08}
S07:3:44	23	もう　いいよそれは……{08}	이제 됐어 그건……{08}
S07:3:45	53	この種目だけは勝てると\nふんだんだけどね\nまいったなぁ{08}	이 종목만은 이길 줄\n알았는데\n난처하네{08}
S07:3:46	71	ばかね　ダディス先生の研究所を\n１回くらい　こわしてから\n挑戦しなさいよ{08}	바보 다디스 선생님 연구소를\n한 번쯤 부수고 나서\n도전해{08}
S07:3:47	67	どうも　アンチはレナに\n勝てそうにないね\n宿命って　やつじゃないかな{08}	아무래도 안치는 레나를\n못 이길 것 같네\n숙명이라는 거 아닐까{08}
S07:3:48	32	クールが\nさとりをひらいてもねぇ{08}	쿨이\n깨달음을 얻어도 말이지{08}
S07:3:49	71	このくらいは　アンチたちに\n勝たせてあげても\nよかったんじゃないのかい？{08}	이 정도는 안치네한테\n이기게 해 줘도\n괜찮지 않았어?{08}
S07:3:50	29	えーと　一応　努力はしました{08}	음 일단 노력은 했어요{08}
S07:3:51	67	あの年頃の男の子ってのはね\n女の子に負けるのが\n一番　くやしいんだよ{08}	그 나이 또래 남자애들은\n여자애한테 지는 게\n제일 분하단다{08}
S07:3:52	33	アタシなら勝たせてあげたけどねー{08}	나라면 이기게 해 줬을 텐데～{08}
S07:3:53	21	うっ　うらぎりもの！{08}	배 배신자!{08}
S07:3:54	54	レナちゃんと勝負するってこと自体\n間違いなんだろうねぇ{08}	레나랑 승부한다는 것 자체가\n잘못이었겠지{08}
S07:3:55	9	…………{08}	…………{08}
S07:3:56	48	アタシ　レナの顔の使い方が\nやっとわかってきたよ{08}	나 레나의 얼굴 쓰는 법을\n이제야 알 것 같아{08}
S07:3:57	75	すごいな　レナ\nかべ越しに　とてつもない早食いの\nスピードがつたわってきたぜ{08}	대단하다 레나\n벽 너머로 어마어마한 빨리\n먹기 속도가 전해져 왔어{08}
S07:3:58	56	イェンの先生は生徒以外にも\n魔法を教えてくれるんだってさ{08}	옌 선생님들은 학생 말고도\n마법을 가르쳐 준대{08}
S07:3:59	50	エマ先生も帰ってきたことだし\n保健室へ遊びにいこう{08}	에마 선생님도 돌아오셨으니\n보건실에 놀러 가야지{08}
S07:3:60	54	まだ　何も起こってないのが\nさびしいような気がするねぇ{08}	아직 아무 일도 없는 게\n왠지 허전한 것 같구나{08}
S07:3:61	62	お　おばさんは　わたしたちが\nなにか起こすと怒りますよね……？{08}	아 아줌마는 저희가\n뭔가 저지르면 화내시죠……?{08}
S07:3:62	77	いやだよ　この子は\nそんなのあたりまえじゃないか\nカワイイから　そうするんだよ{08}	얘도 참\n그건 당연하지 않니\n귀여우니까 그러는 거란다{08}
S07:3:63	38	でも　何か起こして\nほしいんでしょう？{08}	그래도 뭔가 저질러\n주길 바라시죠?{08}
S07:3:64	27	そこが難しいところだよねぇ{08}	거기가 어려운 부분이야{08}
S07:3:65	38	そっ　そうですかぁ\nあ　あはははは……{08}	그 그렇군요\n아 아하하하……{08}
S07:3:66	69	まあ　たまにはアンチたちにも\n負けておやりよ\nいつも争ってるんだろう？{08}	뭐 가끔은 안치네한테도\n져 주렴\n늘 다투잖니?{08}
S07:3:67	69	ちょっと　ちがうような\n気がしますけど……\n負けるように　努力しまぁす{08}	좀 다른 것\n같지만……\n지도록 노력할게요～{08}
S07:3:68	48	メリエ　メリエ……\n腹がへるたびに思い出すぜ……{08}	메리에 메리에……\n배고플 때마다 생각나……{08}
S07:3:69	44	連絡船かぁ\n女の子でもつれてきてくれねえかな{08}	연락선이라\n여자애라도 데려와 주면 좋겠다{08}
S07:3:70	42	エマ先生は仮病を見抜くのが\nほんとうまいよ{08}	에마 선생님은 꾀병을 간파하는\n게 정말 능숙해{08}
S07:3:71	71	聞きましたわよ……\nなんでも　セニアさんに\n男の人から手紙がきたとか……{08}	들었어요……\n듣자 하니 세니아 씨한테\n남자분이 편지를 보냈다던데……{08}
S07:3:72	53	おっ　おまえは\nいったいどこから\n聞いてくるんだよ！！{08}	너 너는\n대체 어디서\n듣고 오는 거야!!{08}
S07:3:73	40	ば　ばかね\nハッタリにきまってるじゃない{08}	바 바보\n허풍인 게 뻔하잖아{08}
S07:3:74	85	やはり　そうでしたのね……\nあなたがたは　どうして清潔な\n男女交際ができないのかしら？{08}	역시 그랬군요……\n당신들은 왜 깨끗한\n남녀 교제를 못 하나요?{08}
S07:3:75	54	ふん　じゃあ　どんなのが\n清潔な男女交際っていうんだよ{08}	흥 그럼 뭐가\n깨끗한 남녀 교제라는 건데{08}
S07:3:76	61	そっ　それは……\nとても　わたくしの口からは\nいえませんわ！！{08}	그 그건……\n도저히 제 입으로는\n말 못 해요!!{08}
S07:3:77	44	なーに　赤くなってんのよ{0d}{0d}\n……この　スケベ{08}	뭘 빨개지고 있어{0d}{0d}\n……이 응큼이{08}
S07:3:78	69	やーい　いえないでやんの！\nばっかだな～\n清潔じゃないってのはだな……{08}	얼레리 말 못 하네!\n바보구나～\n안 깨끗하다는 건 말이지……{08}
S07:3:79	33	あ　あんたもいうんじゃないの！！{08}	너 너도 말하지 마!!{08}
S07:3:80	75	ねえ　セニア！\nなんで　エマ先生に呼ばれたの？\n教えてくれたっていいじゃない{08}	있잖아 세니아!\n왜 에마 선생님이 불렀어?\n가르쳐 줘도 되잖아{08}
S07:3:81	54	ブラウンさんはステキだから\nきっとライバルも多いのよね{08}	브라운 씨는 멋지니까\n분명 라이벌도 많을 거야{08}
S07:3:82	38	レイラの弱点は\nほかにないのかしら！？{08}	레이라 약점은\n또 없을까!?{08}
S07:3:83	81	魔族がイェンに現れたらしいね\nさすがのあんたたちも\n魔族を相手にするのは　およしよ{08}	마족이 옌에 나타났대\n아무리 너희라도\n마족 상대는 관두렴{08}
S07:3:84	46	で　でも　もうアズが\nさらわれちゃったんだ！！{08}	그 그래도 벌써 아즈가\n납치당했단 말이야!!{08}
S07:3:85	71	セニアちゃんの友達が　かい！？\nはやく学園長へ知らせるんだよ\nいいね！！{08}	세니아 친구가 말이니!?\n얼른 학원장님께 알리렴\n알겠지!!{08}
S07:3:86	105	しっかり　気をもつんだよ？{08}\nセニアちゃんの大事な人なら\nそう簡単に魔族のいいなりなんか\nなるわけないからね{08}	마음 단단히 먹으렴?{08}\n세니아의 소중한 사람이라면\n그리 쉽게 마족 말을\n듣진 않을 테니까{08}
S07:3:87	46	おばさん　ありがとう！\nすこし気が楽になったよ{08}	아줌마 고마워요!\n좀 마음이 편해졌어{08}
S07:3:88	29	寮にいた生徒がさらわれた……{08}	기숙사 학생이 납치됐어……{08}
S07:3:89	44	ど　どうしよう……\n魔族が生徒をさらうなんて{08}	어 어떡해……\n마족이 학생을 납치하다니{08}
S07:3:90	54	わたくしも男でしたら\nとっくに　さらわれていましたのに{08}	제가 남자였다면\n진작 납치당했을 텐데{08}
S07:3:91	42	なんだよ\nそれって　どういうことなんだ！？{08}	뭐야\n그게 무슨 소리야!?{08}
S07:3:92	53	セニアさん\n様子が変ですわね\n……なにかありましたね？{08}	세니아 씨\n상태가 이상하네요\n……무슨 일 있었죠?{08}
S07:3:93	30	う　{0d}ううん　なんにもないわよ{08}	아{0d} 아니 아무 일 없어{08}
S07:3:94	66	あなたたち……わたくしの情報網を\nあなどっていただいては困りますわ{08}	당신들……제 정보망을\n얕보시면 곤란해요{08}
S07:3:95	75	アズがさらわれちまったんだ！！\n文句があるなら\nこのアタシが相手になるぞ！！{08}	아즈가 납치당했다고!!\n불만 있으면\n내가 상대해 주마!!{08}
S07:3:96	9	…………{08}	…………{08}
S07:3:97	38	なるほどぉ\nレイラは　迫力に弱いわけね{08}	그렇구나\n레이라는 박력에 약하구나{08}
S07:3:98	64	生徒が　さらわれているって！？\nそんなのわたしが助けてあげるわよ{08}	학생이 납치당한다고!?\n그런 건 내가 구해 줄게{08}
S07:3:99	32	ブラウンさんは\n大丈夫かしら……{08}	브라운 씨는\n괜찮을까……{08}
S07:3:100	36	どうせなら\nレイラをさらえばいいのに{08}	어차피라면\n레이라를 납치하지{08}
S07:3:101	6	終わり	끝
S07:4:0	20	……そういうことか{08}\n	……그런 거였군{08}\n
S07:4:1	48	な　なにがですか？\nメリエのは正当防衛ですからね{08}	뭐 뭐가요?\n메리에 건 정당방위라고요{08}
S07:4:2	71	オレの知らないところで活躍し\nいつか弟子入りしようという\nこんたんだな？{08}	내가 모르는 데서 활약해서\n언젠가 제자로 들어오려는\n속셈이구나?{08}
S07:4:3	61	先生……もしかして\nわたしたちに弟子入りして\nほしいんですか？{08}	선생님……혹시\n저희가 제자로 들어오길\n바라세요?{08}
S07:4:4	40	うっ……そんなことを\nいった覚えはない！{08}	윽……그런 말을\n한 기억은 없다!{08}
S07:4:5	79	なんだ先生　そういうことですか\nそうならそうと　ハッキリいって\nくれればいいのに{08}	뭐야 선생님 그런 거였어요\n그렇다면 그렇다고\n똑똑히 말씀하시지{08}
S07:4:6	48	真の男は　いいたいことは\n口に出して　いうのだ！{08}	진정한 사나이는 하고 싶은\n말은 입 밖에 내서 한다!{08}
S07:4:7	31	じゃあ　入門はおことわりします{08}	그럼 입문은 거절할게요{08}
S07:4:8	9	…………{08}	…………{08}
S07:4:9	59	あれ？\nいいたいことは　口に出して\nいうんじゃないんですか？{08}	어라?\n하고 싶은 말은 입 밖에\n내서 하는 거 아니었어요?{08}
S07:4:10	42	ど　どうして\nこのオレをさそわなかった！！{08}	왜 왜\n나를 안 불렀냐!!{08}
S07:4:11	54	あんた　いってることが\nぜんぜん　ちがうじゃないの！！{08}	너 하는 말이\n완전 다르잖아!!{08}
S07:4:12	38	ブレードが\nいかないなんていうからだよ{08}	블레이드가\n안 간다고 했으니까 그렇지{08}
S07:4:13	48	そっ　そうか……すまん\n次こそ声をかけてくれ……{08}	그 그런가……미안하다\n다음엔 꼭 불러 다오……{08}
S07:4:14	59	あんた　男なんだから\nもうちょっと　はっきり\nしなさいよ！！{08}	너 남자니까\n좀 더 똑똑히\n해!!{08}
S07:4:15	27	わ　わるかったといっている{08}	미 미안하다고 하잖아{08}
S07:4:16	62	だから後悔するっていっただろ\nブレードも無理することないんだよ{08}	그러니까 후회한다고 했잖아\n블레이드도 무리할 거 없어{08}
S07:4:17	61	次からは　そうする\nだから　頼む\nレナの視線をどうにかしてくれ{08}	다음부턴 그러겠다\n그러니 부탁한다\n레나 시선 좀 어떻게 해 다오{08}
S07:4:18	61	真の男は遊んでいちゃ\nだめなんだってさ\n知らないよ　そんなこと{08}	진정한 사나이는 놀면\n안 된대\n몰라 그런 거{08}
S07:4:19	55	あんたらはいいねえ\n外で思いっきり\nあばれることができて{08}	너희는 좋겠다\n밖에서 마음껏\n날뛸 수 있어서{08}
S07:4:20	40	まあ　こんな修行\nどうでもいいんだけどね{08}	뭐 이런 수련\n아무래도 좋지만{08}
S07:4:21	51	あれっ？\nあいつ　どこにいったんだ？\nまっ　いいけど{08}	어라?\n그 녀석 어디 갔지?\n뭐 상관없지만{08}
S07:4:22	51	あれ～　先輩が見当たらないや{0d}\nま　どうでもいいけど{08}	어라～ 선배가 안 보이네{0d}\n뭐 아무래도 좋지만{08}
S07:4:23	88	先生のいうことを聞かなかったり\n逆らうのは　まあ　いい……{0d}\nだが　ユウカイだけはいかんぞ{08}	선생 말을 안 듣거나\n대드는 건 뭐 괜찮다……{0d}\n하지만 유괴만은 안 된다{08}
S07:4:24	44	それって　ぜんぶ\nわたしたちのせいですかぁ？{08}	그거 전부\n저희 탓이에요?{08}
S07:4:25	73	もちろんだ\nそれが違うというのなら　道場から\n逃亡したやつがいることになる{08}	물론이다\n아니라면 도장에서\n도망친 녀석이 있다는 게 된다{08}
S07:4:26	33	命だけは助けてあげてくださいね～{08}	목숨만은 살려 주세요～{08}
S07:4:27	42	途中で抜けることは\nこの　オレが許さん！！{08}	중간에 빠지는 건\n이 내가 용서 못 한다!!{08}
S07:4:28	38	でも　わたしが\nゆるせばいいんでしょ？{08}	그래도 내가\n용서하면 되잖아?{08}
S07:4:29	27	……いま　本気でいっただろ{08}	……지금 진심으로 말했지{08}
S07:4:30	63	……イアソン先生\nどうしたんですか？\n目が　すごく冷たいですよぉ{08}	……이아손 선생님\n왜 그러세요?\n눈빛이 엄청 차가워요{08}
S07:4:31	36	もうそろそろ\nオレの出番じゃないか？{08}	슬슬\n내 차례 아니냐?{08}
S07:4:32	36	こんどは　ちゃんと\nあんたもいくのよ{08}	이번엔 제대로\n너도 가는 거야{08}
S07:4:33	65	そうそう\nこんなところは抜けだしてさ\nたまには　息ぬきも必要だって{08}	맞아맞아\n이런 데서 빠져나와서\n가끔은 숨 돌리는 것도 필요해{08}
S07:4:34	77	お　おまえらは……{0d}{0d}\nおまえらは　息抜きのあいまに\n人生をやっているだろう！！{08}	너 너희는……{0d}{0d}\n너희는 숨 돌리는 틈틈이\n인생을 사는 거잖아!!{08}
S07:4:35	81	ブレードって　けっこう素直だしね\nどっかの先生とちがって\nすこしは　たよりになるし{08}	블레이드는 꽤 순진하잖아\n어디 선생님이랑 달리\n조금은 믿음직하고{08}
S07:4:36	69	そういうこというなよー\nブルーン先生だって\nけっこう　イケてると思うよ{08}	그런 말 하지 마～\n브룬 선생님도\n꽤 괜찮은 것 같아{08}
S07:4:37	29	おまえら　オレの話を聞け！！{08}	너희 내 말 좀 들어!!{08}
S07:4:38	89	さらわれなくて　ラッキー{0d}{0d}\nとかいっていたら　イアソン先生に\n聞かれて　パンチをもらったよ{08}	납치 안 당해서 럭키{0d}{0d}\n하고 있었더니 이아손 선생님이\n듣고 주먹을 날리셨어{08}
S07:4:39	59	魔族にさらわれたって\n大丈夫！\nそんな大したことじゃないって{08}	마족한테 납치당해도\n괜찮아!\n그리 대단한 일 아니야{08}
S07:4:40	55	なんでも\nいなくなった生徒は\n魔族にさらわれたらしい……{08}	듣자 하니\n없어진 학생들은\n마족한테 납치당했대……{08}
S07:4:41	75	元気のないイアソン先生なんて\n性格のいいレイラより\n気持ち悪いんですけど……{08}	기운 없는 이아손 선생님은\n성격 좋은 레이라보다\n기분 나쁜데요……{08}
S07:4:42	54	そこまで　わかってるんなら\nどうにかしようよ　先生！！{08}	그렇게까지 알면\n어떻게 좀 해요 선생님!!{08}
S07:4:43	59	……わかった{0d}{0d}\nこのイアソン\n腹を切って　すべての責任を取る{08}	……알았다{0d}{0d}\n이 이아손\n배를 갈라 모든 책임을 지겠다{08}
S07:4:44	33	どうして　そうなるんだよーっ！！{08}	왜 그렇게 되는 건데～!!{08}
S07:4:45	25	止めないであげれば……？{08}	말리지 말아 볼까……?{08}
S07:4:46	40	おまえらは　無事か……\nそれは　よかった{08}	너희는 무사하냐……\n그거 다행이다{08}
S07:4:47	46	なーんか　引っかかるいい方ねぇ\nどういうこと？{08}	뭔가 걸리는 말투네\n무슨 뜻이에요?{08}
S07:4:48	31	女は　さらわれないと聞いている{08}	여자는 납치 안 된다고 들었다{08}
S07:4:49	73	なんか　素質のある男の子だけを\n集めているみたいねぇ\n力のある子だけを　ね{08}	뭔가 소질 있는 남자애만\n모으는 것 같네\n힘 있는 애만 말이지{08}
S07:4:50	44	あれ～っ　どうして話が\nとまっちゃうのかなぁ{08}	어라～ 왜 얘기가\n멈춰 버렸을까{08}
S07:4:51	31	レナ……わかってやってるよね？{08}	레나……알고 그러는 거지?{08}
S07:4:52	51	えーっ\n誰もブレードが役立たずだなんて\nひとことも～{08}	에～\n아무도 블레이드가 쓸모없다고는\n한마디도～{08}
S07:4:53	24	き　貴様っ\n叩っ斬る！！{08}	네 네 이놈\n베어 주마!!{08}
S07:4:54	52	いいよ　斬っちゃって\n急いでるってのに　こいつは……{08}	그래 베 버려\n급한데 이 녀석은……{08}
S07:4:55	49	……よかろう\nブレード　この魔法を\nおまえに教える{08}	……좋다\n블레이드 이 마법을\n너에게 가르치마{08}
S07:4:56	36	ブレードは\nウィンドショットを覚えた{08}	블레이드는\n윈드샷을 익혔다{08}
S07:4:57	6	終わり	끝
S07:5:0	36	本を読むのにも\n才能が必要なのかなぁ{08}	책 읽는 데도\n재능이 필요한 걸까{08}
S07:5:1	46	おまえらが　わたし専属の\n死神に見えてきた……{08}	너희가 나 전속\n저승사자로 보이기 시작했다……{08}
S07:5:2	58	えーっ　どうしてですかぁ？\nわたし　ぜんぜんわかりませぇん{08}	에～ 왜요?\n저 전혀 모르겠어요～{08}
S07:5:3	58	だから　その顔が死神だって……\nレナ　わざとやってるだろ？{08}	그러니까 그 얼굴이 저승사자\n레나 일부러 그러지?{08}
S07:5:4	79	おまえらわかっているか……？\nここしばらく　わたしは本を\n読めないでいるんだぞ！{08}	너희 알고 있냐……?\n요즘 나는 책을\n못 읽고 있다고!{08}
S07:5:5	87	えーっ　先生に読むな　なんて\n命令する人がいるんですかぁ\nきっと　あの女ねぇ　いやだわぁ{08}	에～ 선생님한테 읽지 말라고\n명령하는 사람이 있어요?\n분명 그 여자겠네 싫어라{08}
S07:5:6	15	……帰ってくれ{08}	……돌아가 줘{08}
S07:5:7	34	また　レナには\nよくいっておきます{08}	레나한텐 또\n잘 일러 둘게요{08}
S07:5:8	72	また新しい本を入れるんだって\nなにを考えているんだか……{0d}\nあ　本のことか{08}	또 새 책을 들인대\n무슨 생각인지……{0d}\n아 책 생각이구나{08}
S07:5:9	36	これ見てよ！\nミス魔法学園全集だって{08}	이거 봐!\n「미스 마법학원 전집」이래{08}
S07:5:10	69	これの　なにがおもしろいの？\n女の顔をくらべたって\nしょうがないじゃん{08}	이게 뭐가 재밌어?\n여자 얼굴 비교해 봤자\n소용없잖아{08}
S07:5:11	27	あっ　これ　エマ先生だよ！{08}	앗 이거 에마 선생님이야!{08}
S07:5:12	48	あーっ　ほんとだっ！\nすげえ　かわいいじゃんか！{08}	아～ 정말이다!\n엄청 귀엽잖아!{08}
S07:5:13	42	セニア……\nその前に　なにかいわなかった？{08}	세니아……\n그 전에 뭐라고 하지 않았어?{08}
S07:5:14	58	あれ……これってステラって\n書いてあるように読めるけど……{08}	어라……이거 스텔라라고\n적힌 걸로 읽히는데……{08}
S07:5:15	29	うん　そのとおりだと思う……{08}	응 그 말대로인 것 같아……{08}
S07:5:16	65	いまのステラおばさんと\nぜんぜんちがうねーっ\nやせてて美人じゃんか{08}	지금 스텔라 아줌마랑\n완전 다르다～\n날씬하고 미인이잖아{08}
S07:5:17	64	……あのね　セニア{0d}　みんな\nその言葉だけはいうまいと\nしてたのよ{08}	……있잖아 세니아{0d} 다들\n그 말만은 안 하려고\n했던 거야{08}
S07:5:18	42	そのうち　わたしも出ることに\nなるわね～曖{08}	머지않아 나도 실리게\n되겠네～♥{08}
S07:5:19	9	はぁ……{08}	하아……{08}
S07:5:20	54	歌の美意識……はい　セニア\nわたし　この本はパスするわ{08}	「노래의 미의식」……자 세니아\n나 이 책은 패스할래{08}
S07:5:21	47	まだ気にしてんのかよ～{0d}\nえーと　なんだって……{08}	아직도 신경 쓰는 거야～{0d}\n음 뭐라고……{08}
S07:5:22	31	注意書きが　たくさんあるね……{08}	주의 사항이 잔뜩 있네……{08}
S07:5:23	31	レナは見ないほうがいい……うん{08}	레나는 안 보는 게 좋겠어{08}
S07:5:24	38	その１……\nオンチは読まないでください{08}	그 １……\n음치는 읽지 마십시오{08}
S07:5:25	25	読んでんじゃないわよ！！{08}	읽지 마!!{08}
S07:5:26	42	その２……\n食いしん坊は読まないでください{08}	그 ２……\n먹보는 읽지 마십시오{08}
S07:5:27	29	書いてあるわけないでしょ！！{08}	그런 게 적혀 있을 리가!!{08}
S07:5:28	36	その３……\nチビは読まないでください{08}	그 ３……\n꼬맹이는 읽지 마십시오{08}
S07:5:29	44	ちょっとセニア！\nいいかげんにしなさいよ！！{08}	잠깐 세니아!\n적당히 해!!{08}
S07:5:30	11	その４……{08}	그 ４……{08}
S07:5:31	23	ほんとにおこるわよ……{08}	진짜 화낸다……{08}
S07:5:32	50	やれやれ　また本が届くんだってさ\nしょうがないなぁ{08}	이런 이런 또 책이 온대\n어쩔 수 없네{08}
S07:5:33	40	本がとどいたって？\nでも　オレはいかない{08}	책이 왔다고?\n그래도 나는 안 가{08}
S07:5:34	38	ラルフ先生～\nたのみたいことってなに？{08}	랄프 선생님～\n부탁할 게 뭐예요?{08}
S07:5:35	17	お　きたか{0d}…{0d}…{08}	오 왔구나{0d}…{0d}…{08}
S07:5:36	25	……やっぱりやめとくかな{08}	……역시 관둘까{08}
S07:5:37	44	よ　呼びつけといて\nなにいってんのよ　先生！{08}	불 불러 놓고\n무슨 소리예요 선생님!{08}
S07:5:38	42	教えてもいいが\nその代わり　はい　といえよ{08}	가르쳐 줘도 되지만\n그 대신 네 라고 해라{08}
S07:5:39	23	はぁ～い　ラルフ先生曖{08}	네～ 랄프 선생님♥{08}
S07:5:40	93	はい　というだけじゃダメだからな\n聞いた以上　実行してもらう{0d}{0d}\n港にいって　本を取ってきてくれ{08}	네 라고 하기만 하면 안 된다\n들은 이상 실행해야지{0d}{0d}\n항구에 가서 책을 가져와라{08}
S07:5:41	11	いいですよ{08}	좋아요{08}
S07:5:42	23	え～{0d}{0d}　わたしは　ヤダ{08}	에～{0d}{0d} 저는 싫어요{08}
S07:5:43	32	……さっき　はい　といっただろ{08}\n	……아까 네 라고 했잖냐{08}\n
S07:5:44	59	アタシは　いってあげるよ\n港には　ちょうど\n別の用事もあるし{08}	나는 가 줄게\n항구엔 마침\n다른 볼일도 있고{08}
S07:5:45	51	ほれ　レナ\nおまえもいってこい\nどうせ　ヒマだろう？{08}	자 레나\n너도 다녀와\n어차피 한가하잖아?{08}
S07:5:46	23	う～　わかりましたよ！{08}	우～ 알았어요!{08}
S07:5:47	48	せんせいに　なにいわれても\nもう　頭こないもーん{08}	선생님이 뭐라 하셔도\n이제 화 안 나거든요～{08}
S07:5:48	49	ふん\nとにかく　港へいって\nわたしの本を取ってこい{08}	흥\n아무튼 항구에 가서\n내 책을 가져와라{08}
S07:5:49	40	港へいって本を取ってくるんだ\n忘れるなよ{08}	항구에 가서 책을 가져와라\n잊지 마라{08}
S07:5:50	36	また本がきた……\nもうお腹一杯だぁ！{08}	또 책이 왔어……\n이제 배불러!{08}
S07:5:51	67	ほら！　ラルフ先生！！\n本　もってきてやったぞ！\nはやく　うけとれ！{08}	자! 랄프 선생님!!\n책 가져왔어!\n얼른 받아!{08}
S07:5:52	48	なあ　エリー……\nわたしが何か　セニアにしたか？{08}	이봐 엘리……\n내가 세니아한테 뭘 했냐?{08}
S07:5:53	40	えーと……それが\nセニアに会いにきた……{08}	음……그게\n세니아를 만나러 온……{08}
S07:5:54	38	アズが魔族に\nさらわれちゃったんだ！！{08}	아즈가 마족한테\n납치당했단 말이야!!{08}
S07:5:55	159	……なるほどな　そうか……\n生徒が行方不明になっている\n原因は　やはり魔族か……{08}\n突然　いなくなるわけだ\nいかん　これは学園長に報告して\n早急に対策をたてなければ{08}	……그렇군 그런가……\n학생이 행방불명되는\n원인은 역시 마족인가……{08}\n갑자기 없어질 만하지\n이건 학원장님께 보고해서\n서둘러 대책을 세워야 해{08}
S07:5:56	40	先生！\n悪いじょうだんじゃないでしょうね{08}	선생님!\n못된 농담은 아니겠죠{08}
S07:5:57	63	こんな時に　悪い冗談をいえる\nあたまをもってるのは\nおまえだけだ{08}	이런 때 못된 농담을 할\n머리를 가진 건\n너뿐이다{08}
S07:5:58	42	しかし……\n魔族が　どうして……わからんな{08}	그런데……\n마족이 왜……모르겠군{08}
S07:5:59	44	そんなこといってる場合じゃ\nないだろーっ！！{08}	그런 말 할 때가\n아니잖아～!!{08}
S07:5:60	31	はやく学園長のところへいこう！{08}	얼른 학원장님한테 가자!{08}
S07:5:61	44	そうか……１階の後輩は\n魔族にさらわれたのか{08}	그렇구나……１층 후배는\n마족한테 납치당했구나{08}
S07:5:62	114	あ　そうそう\nさっき　エリーにぴったりの\n魔法を見つけたんだ{08}\nそこに置いた本にしるしを\n付けといたから　読んでごらん{08}	아 그렇지\n아까 엘리한테 딱 맞는\n마법을 찾았다{08}\n거기 둔 책에 표시를\n해 뒀으니 읽어 봐라{08}
S07:5:63	25	ありがとう　ラルフ先生！{08}	고마워요 랄프 선생님!{08}
S07:5:64	29	ねぇ　せんせ～　わたしには？{08}	있잖아요 선생님～ 저는요?{08}
S07:5:65	40	レナさぁ　無いのわかってて\n聞いてるだろ{08}	레나 없는 거 알면서\n묻는 거지{08}
S07:5:66	59	この本かな？　あ　ここか\nえーと……\nあ～して　こ～して……{08}	이 책인가? 아 여기구나\n음……\n이렇게 해서 저렇게 해서……{08}
S07:5:67	21	エリーはボムを覚えた{08}	엘리는 봄을 익혔다{08}
S07:5:68	36	ほかに　いい魔法は……\nなさそうだね{08}	다른 좋은 마법은……\n없는 것 같네{08}
S07:5:69	25	？？　何の本だろう　これ{08}	?? 무슨 책일까 이거{08}
S07:5:70	40	セニアとエリーに\nこの魔法を教えてやろう{08}	세니아와 엘리에게\n이 마법을 가르쳐 주마{08}
S07:5:71	46	セニアとエリーは\nチェーンライトニングを覚えた{08}	세니아와 엘리는\n체인라이트닝을 익혔다{08}
S07:5:72	34	ブレードくん……\nなにしてるんだ？{08}	블레이드 군……\n뭐 하는 거냐?{08}
S07:5:73	67	必ずみんなを取り戻します！！\nラルフ先生もいっしょに\nいきませんか？{08}	반드시 모두를 되찾겠습니다!!\n랄프 선생님도 같이\n가지 않으시겠습니까?{08}
S07:5:74	77	わ　わたしは本の整理をしなくては\nいけないんでね……\n残念だけど　いけないんだ{08}	나 나는 책 정리를 해야\n해서……\n아쉽지만 못 간다{08}
S07:5:75	21	こわいのよ　きっと！{08}	무서운 거야 분명!{08}
S07:5:76	6	終わり	끝
S07:6:0	48	おしとやかになれる歌を\nつくってあげましょうか？{08}	얌전해지는 노래를\n만들어 드릴까요?{08}
S07:6:1	36	テレイナ先生って\n恋人いるのかしら～{08}	테레이나 선생님은\n애인 있을까～{08}
S07:6:2	87	あら　お手柄だったそうですね\nわたくしの教室に入っていたら\nまず体験できなかったことです{08}	어머 공을 세웠다면서요\n제 교실에 들어왔다면\n체험 못 했을 일이네요{08}
S07:6:3	27	と　とりあえずは　この顔ね{08}	이 일단은 이 얼굴이야{08}
S07:6:4	34	この先生\nほんとにおもしろいよな～{08}	이 선생님\n정말 재밌다～{08}
S07:6:5	56	でも　するなといっても\nやめないやつですから　このレナは{08}	그래도 하지 말라고 해도\n안 그만두는 애예요 이 레나는{08}
S07:6:6	65	わかっています\nそれもあって　わたくしの教室は\nお断りしたんですよ{08}	알고 있어요\n그래서 제 교실은\n거절한 거예요{08}
S07:6:7	25	やっぱり　そうですよねっ{08}	역시 그렇죠{08}
S07:6:8	40	なに　人の悪口で\nなごんでんのよーっ！！{08}	뭘 남 험담하면서\n훈훈해지는 거야～!!{08}
S07:6:9	38	あっ　レナさんは\nさわらないでください{08}	앗 레나 양은\n만지지 마세요{08}
S07:6:10	27	……どういうことですかぁ？{08}	……무슨 뜻이에요?{08}
S07:6:11	67	楽器にオンチが\nうつってしまうからです{0d}{0d}\nどうかしら　この小話……？{08}	악기에 음치가\n옮으니까요{0d}{0d}\n어때요 이 우스갯소리……?{08}
S07:6:12	40	{0d}{0d}う　うん！\nテレイナ先生って　最高！！{08}	{0d}{0d}으 응!\n테레이나 선생님 최고!!{08}
S07:6:13	25	レナさんはどうでしたか？{08}	레나 양은 어땠어요?{08}
S07:6:14	31	わ　笑うのがせいいっぱいでぇす{08}	우 웃는 게 고작이에요{08}
S07:6:15	65	あら？　それはよかったですね\nまた　なにか考えたら\nお話しましょう{08}	어머? 그거 다행이네요\n또 뭔가 생각나면\n얘기해 드릴게요{08}
S07:6:16	67	テ　テレイナ先生\nめちゃくちゃいうなぁ\nアタシでなくて　よかった……{08}	테 테레이나 선생님\n막말하시네\n내가 아니라서 다행이다……{08}
S07:6:17	71	外から楽しそうなハミングが\n聞こえてきたと思ったら\nあなたたちなんですね{08}	밖에서 즐거운 허밍이\n들린다 했더니\n여러분이었군요{08}
S07:6:18	42	べつに鼻歌なんか\n歌ってませんでしたけど？{08}	딱히 콧노래 같은 거\n안 불렀는데요?{08}
S07:6:19	58	わたくしには　その人の気持ちが\n歌として聞こえてくるのです{08}	저한텐 그 사람의 마음이\n노래로 들려요{08}
S07:6:20	21	じゃあ　いつもは……{08}	그럼 평소엔……{08}
S07:6:21	65	ひどい雑音が\nひとつだけ目立ちます\n聞くにたえなくて困っていました{08}	심한 잡음이\n하나 두드러져요\n듣기 힘들어서 곤란했어요{08}
S07:6:22	23	……それって誰のこと？{08}	……그거 누구 얘기예요?{08}
S07:6:23	50	こいつ　とうとう\n自分の感情を　とじこめやがったよ{08}	얘 드디어\n자기 감정을 가둬 버렸어{08}
S07:6:24	58	なんとなく楽しそうな気持ちが\nあなたたちから伝わってくるわ{08}	왠지 즐거운 기분이\n너희한테서 전해져 와{08}
S07:6:25	31	愛の歌をみんなで歌いましょう～{08}	사랑의 노래를 같이 불러요～{08}
S07:6:26	27	……また　なにかあったの？{08}	……또 무슨 일 있었어?{08}
S07:6:27	27	授業は　さぼっちゃダメよ～{08}	수업 빼먹으면 안 돼요～{08}
S07:6:28	91	このところ　急に生徒たちが\n授業へ参加しなくなったそうです\nあなたたちも気をつけてくださいね{08}	요즘 갑자기 학생들이\n수업에 안 나온대요\n여러분도 조심하세요{08}
S07:6:29	27	……ほんきで答えに苦しむわ{08}	……진심으로 대답이 궁하네{08}
S07:6:30	46	アタシはレナの行動の方が\n理解に苦しむけどね！{08}	나는 레나 행동이 더\n이해가 안 되거든!{08}
S07:6:31	51	いやーん\nたんにセニアの気分を\n落ち着かせようと……{08}	아잉～\n그냥 세니아 기분을\n진정시키려고……{08}
S07:6:32	19	ウソつくなーっ！！{08}	거짓말하지 마～!!{08}
S07:6:33	46	やはりレナさんとセニアさんは\nそうでしたか……{08}	역시 레나 양과 세니아 양은\n그랬군요……{08}
S07:6:34	17	……な　なにが？{08}	……뭐 뭐가요?{08}
S07:6:35	52	つぎは……そうですね\n踊りの魔法を教えてあげましょう{08}	다음은……그렇지\n춤 마법을 가르쳐 드릴게요{08}
S07:6:36	48	エリーはユウワクを覚えた\nレナはユウワクを覚えた{08}	엘리는 유혹을 익혔다\n레나는 유혹을 익혔다{08}
S07:6:37	116	さて　音楽には　テンポなどが\n大事ですが　テンポアップする\n魔法がありますので　教えましょう{08}レナさん　あなたにですよ{08}	자 음악엔 템포 같은 게\n중요한데 템포를 올리는\n마법이 있으니 가르쳐 줄게요{08}레나 양 당신한테요{08}
S07:6:38	23	レナはクイックを覚えた{08}	레나는 퀵을 익혔다{08}
S07:6:39	19	精進してくださいね{08}	정진하세요{08}
S07:6:40	11	は　は～い{08}	네 네～{08}
S07:6:41	6	終わり	끝
S07:7:0	42	いかん……じつに　いかん\nこのままでは……{08}	안 되지……참으로 안 돼\n이대로면……{08}
S07:7:1	53	あれ　先生\nマジメに悩んでいるなんて\nめずらしいですね{08}	어라 선생님\n진지하게 고민하시다니\n별일이네요{08}
S07:7:2	77	うむ　このままでは実験体が\n偉大な人物に成長してしまうんじゃ\nないかと思っての{08}	음 이대로면 실험체가\n위대한 인물로 자라 버리는 건\n아닐까 싶어서{08}
S07:7:3	27	なにいってんの　この先生？{08}	무슨 소리야 이 선생님?{08}
S07:7:4	29	きっと　レナのことだと思うよ{08}	분명 레나 얘기일 거야{08}
S07:7:5	73	こうなったら\n偉大な人物を実験した　ゆいいつの\n科学者というのもよいか……{08}	이렇게 된 이상\n위대한 인물을 실험한 유일한\n과학자라는 것도 괜찮으려나……{08}
S07:7:6	46	先生がそれで\n満足していただけるのでしたら……{08}	선생님이 그걸로\n만족하신다면……{08}
S07:7:7	65	んなわけあるか！\nこの手で　真理を手に入れるまで\n手抜きはせんわい{08}	그럴 리가 있냐!\n이 손으로 진리를 얻을 때까지\n대충은 안 한다{08}
S07:7:8	11	は……はあ{08}	네……네에{08}
S07:7:9	61	魔法の道具をつくるには\n魔法の力より\n考える力が重要なんだ……{08}	마법 도구를 만들려면\n마법의 힘보다\n생각하는 힘이 중요해……{08}
S07:7:10	64	……わたしも実験の素晴らしさが\nわかってきたような気がするんです{08}	……저도 실험의 훌륭함을\n알게 된 것 같아요{08}
S07:7:11	23	……いなくなっちゃった{08}	……없어져 버렸어{08}
S07:7:12	27	生徒が行方不明なんだが……{08}	학생이 행방불명인데……{08}
S07:7:13	75	はは～ぁ　わかりました\nケント先生が実験中に\nどこかへやっちゃったんでしょ？{08}	하하～ 알았다\n켄트 선생님이 실험하다\n어디로 보내 버리셨죠?{08}
S07:7:14	73	ふっ　ふざけたことをいうな！{0d}{0d}\nところで　それをどこから\n聞いてきた……？{08}	시 시시한 소리 마라!{0d}{0d}\n그런데 그걸 어디서\n듣고 왔냐……?{08}
S07:7:15	11	……はい？{08}	……네?{08}
S07:7:16	54	共に同じ　こころざしを持つ者だと\n思っていたのだが……{08}	같은 뜻을 가진 자라고\n생각했는데……{08}
S07:7:17	61	……よかったぁ\n先生も　普通の人間とおなじ感情が\nあるんですね{08}	……다행이다\n선생님도 보통 사람 같은\n감정이 있으시군요{08}
S07:7:18	71	ああ　もちろんだ\nレナを実験に使って　感謝されたい\nと思う感情くらいはな{08}	아아 물론이다\n레나를 실험에 쓰고 고맙다는\n말을 듣고 싶은 감정 정도는{08}
S07:7:19	48	ど　どうして　この先生は\nこんなに手強いのかしら{08}	왜 왜 이 선생님은\n이렇게 만만치 않은 걸까{08}
S07:7:20	25	無事だといいんだけど……{08}	무사하면 좋겠는데……{08}
S07:7:21	63	わしの弟子をうばっていったのは\n魔族だと！？\n絶対　ゆるさんぞ！{08}	내 제자를 빼앗아 간 게\n마족이라고!?\n절대 용서 못 한다!{08}
S07:7:22	75	先生がくやしいのは\n生徒がいなくなったから？\nそれとも実験のモルモットが……{08}	선생님이 분한 건\n학생이 없어져서예요?\n아니면 실험용 모르모트가……{08}
S07:7:23	38	ケント先生！\nこの女　どうしてやろう？{08}	켄트 선생님!\n이 여자 어떻게 할까?{08}
S07:7:24	63	ロケット花火にして\nみんなの視界から\n消し去るというのはどうだ？{08}	로켓 불꽃으로 만들어서\n모두의 시야에서\n없애는 건 어떠냐?{08}
S07:7:25	61	だって～ぇ\nケント先生が普通の人みたいな\nこと　いうんだも～ん{08}	그치만～\n켄트 선생님이 보통 사람 같은\n말씀을 하시잖아요～{08}
S07:7:26	25	……あんた　長生きするよ{08}	……너 오래 살겠다{08}
S07:7:27	69	魔法を教えてやる\nその礼は　実験の時にレナを\n差し出すだけでいいからな{08}	마법을 가르쳐 주마\n그 답례는 실험 때 레나를\n내주기만 하면 된다{08}
S07:7:28	25	ありがとう！　ケント先生{08}	고마워요! 켄트 선생님{08}
S07:7:29	44	わ　わたしが教えられたわけ\nじゃないのに……{08}	나 내가 배운 것도\n아닌데……{08}
S07:7:30	46	ちょ　ちょっと待って～\nなんか　おかしいわよ～{08}	자 잠깐만～\n뭔가 이상하잖아～{08}
S07:7:31	27	セニアはライトレイを覚えた{08}	세니아는 라이트레이를 익혔다{08}
S07:7:32	27	セニアはスターレイを覚えた{08}	세니아는 스타레이를 익혔다{08}
S07:7:33	48	セニアとブレードは\nライトニングブレードを覚えた{08}	세니아와 블레이드는\n라이트닝블레이드를 익혔다{08}
S07:7:34	34	特別に　合体魔法を\n教えてやるぞい{08}	특별히 합체 마법을\n가르쳐 주마{08}
S07:7:35	25	ありがとうございます！！{08}	감사합니다!!{08}
S07:7:36	54	ただの気まぐれ　なのだから\n礼をいわれることではないぞ{08}	그냥 변덕이니\n고맙다고 할 일은 아니다{08}
S07:7:37	6	終わり	끝
S07:8:0	50	ブルーン先生……\nはたして尊敬のおける人物かな……{08}	브룬 선생님……\n과연 존경할 만한 인물일까……{08}
S07:8:1	31	あっ　まって！{0d}\n３　２　１……{08}	앗 기다려!{0d}\n３ ２ １……{08}
S07:8:2	55	よし　実験は成功だ……{0d}{0d}\nなんだい　みんな\nその顔は……{08}	좋아 실험은 성공이다……{0d}{0d}\n왜 그러니 다들\n그 얼굴은……{08}
S07:8:3	31	ぜ　ぜったいウソにきまってる！{08}	저 절대 거짓말이야!{08}
S07:8:4	83	……今できたのは虫歯に効く薬だよ\nレナさんは虫歯があるかい？\nあるなら　飲むといいよ{08}	……방금 된 건 충치에 듣는\n약이야 레나 양은 충치 있니?\n있으면 마시렴{08}
S07:8:5	15	な　ないです！{08}	어 없어요!{08}
S07:8:6	27	ウソだと思っているね……？{08}	거짓말이라고 생각하는구나……?{08}
S07:8:7	54	ブルーン先生なんかどうでもいいわ\nわたしは　わたし……{08}	브룬 선생님 따위 아무래도\n좋아 나는 나……{08}
S07:8:8	63	あれ……ずいぶんとセニアさんが\nご機嫌だね\nなにかあったのかい？{08}	어라……세니아 양이\n꽤 기분이 좋구나\n무슨 일 있었니?{08}
S07:8:9	46	さっすがーっ\n女の顔色だけは　よく見てるわねぇ{08}	역시～\n여자 안색만은 잘 보시네{08}
S07:8:10	44	先生もイイ男だね曖\nへへ　いつか教えてあげる{08}	선생님도 멋진 남자네♥\n헤헤 언젠가 알려 줄게{08}
S07:8:11	44	あっ　相変わらず\n君たちには圧倒されるよ……{08}	여 여전히\n너희한텐 압도당하는구나……{08}
S07:8:12	46	港に船がきているっていうけど\nいってみたかい？{08}	항구에 배가 왔다던데\n가 봤니?{08}
S07:8:13	29	なにか　たくらんでませんか？{08}	뭔가 꾸미는 거 아니에요?{08}
S07:8:14	54	ど　どうして　そうなるのかなぁ\nうーん　理解に苦しむよ{08}	왜 왜 그렇게 되는 걸까\n으음 이해가 안 되네{08}
S07:8:15	60	いつも　そんな調子で事件へ\nまき込まれちゃうからだと思います{08}	늘 그런 식이라서 사건에\n휘말리시는 것 같아요{08}
S07:8:16	44	ブルーン先生にも\n活躍してもらいたいものだな{08}	브룬 선생님도\n활약해 주면 좋겠다{08}
S07:8:17	32	ダメ……\nラルフ先生が待ってるわ{08}	안 돼……\n랄프 선생님이 기다려{08}
S07:8:18	46	なにかあったらしいな……\n危険なにおいがするぜ{08}	무슨 일 있었나 봐……\n위험한 냄새가 난다{08}
S07:8:19	55	ブルーン先生\n魔族が出たみたいなんですけど\nどうします？{08}	브룬 선생님\n마족이 나타난 것 같은데\n어떡하실래요?{08}
S07:8:20	56	……それは　このぼくが\n逃げだすというように聞こえるなぁ{08}	……그건 내가\n도망칠 거라는 것처럼 들리네{08}
S07:8:21	33	べつに先生なんかあてにしてないよ{08}	딱히 선생님은 기대 안 해요{08}
S07:8:22	25	……なにかあったのかい？{08}	……무슨 일 있었니?{08}
S07:8:23	50	セニアの大事なひとが魔族に\nさらわれちゃったんです{08}	세니아의 소중한 사람이\n마족한테 납치당했어요{08}
S07:8:24	75	でも　先生さ\nひとには得手不得手があるって\n父さまがいってたし　気にすんなよ{08}	그래도 선생님\n사람마다 잘하는 게 다르다고\n아버지가 그랬어 신경 쓰지 마{08}
S07:8:25	70	女性になぐさめられるのはいいけど\n……生徒にかぁ{0d}\nぼくも修行しようかな{08}	여성한테 위로받는 건 좋지만\n……학생한테라니{0d}\n나도 수련할까{08}
S07:8:26	46	ブルーン先生はダメ……\n争いには向いていないわ{08}	브룬 선생님은 안 돼……\n싸움엔 안 맞아{08}
S07:8:27	58	{0c}じゃあ　空を飛んでいける\nエリーさんにこの魔法を\n教えるね{08}	{0c}그럼 하늘을 날 수 있는\n엘리 양한테 이 마법을\n가르쳐 줄게{08}
S07:8:28	27	エリーは岩石落としを覚えた{08}	엘리는 암석 낙하를 익혔다{08}
S07:8:29	70	{0c}ついさっき　真空波の実験に\n成功したんだ\nたしか　レナさんが使えるよね{08}	{0c}방금 진공파 실험에\n성공했어\n분명 레나 양이 쓸 수 있지{08}
S07:8:30	27	ほんとに成功したんですか？{08}	정말 성공한 거예요?{08}
S07:8:31	107	たまには　ぼくを信用してほしいね{08}\nモンスターに当たっても\n消えないほど強力な真空波なんだよ\nま　使ってみてよ{08}	가끔은 날 믿어 줬으면 해{08}\n몬스터에 맞아도\n안 사라질 만큼 강력한\n진공파야 뭐 써 봐{08}
S07:8:32	27	レナはサイストームを覚えた{08}	레나는 사이스톰을 익혔다{08}
S07:8:33	62	いつもの先生の実験を見てると\n使うのがとても恐いんですけど……{08}	평소 선생님 실험을 보면\n쓰는 게 너무 무서운데요……{08}
S07:8:34	29	失敗は成功の素っていうだろ？{08}	실패는 성공의 어머니라잖아?{08}
S07:8:35	6	終わり	끝
S07:9:0	54	うう　人魚と会ってないのに\nメリエは去ってしまった……{08}	으으 인어도 못 만났는데\n메리에가 떠나 버렸어……{08}
S07:9:1	60	人魚と人は　ちがいますもの\nいき違いもしかたのないことですね{08}	인어와 사람은 다르니까요\n엇갈림도 어쩔 수 없는 일이죠{08}
S07:9:2	59	くすくすくす\nメリエのことは\nまた　あなたたちなんですって？{08}	쿡쿡쿡\n메리에 일은\n또 너희였다며?{08}
S07:9:3	33	ラルフ先生が手伝いをさがしてたぜ{08}	랄프 선생님이 일손을 찾더라{08}
S07:9:4	46	今度の船ではラルフ先生へ\n本がとどくそうですよ{08}	이번 배로 랄프 선생님께\n책이 온대요{08}
S07:9:5	51	くすくすくす\n連絡船には\nたまに密航者がいるのよねぇ{08}	쿡쿡쿡\n연락선엔\n가끔 밀항자가 있단다{08}
S07:9:6	50	また魔族だって！？\nいったいどうなっているんだ！！{08}	또 마족이라고!?\n대체 어떻게 된 거야!!{08}
S07:9:7	40	あの学園長なら\nどうにかしてくれるはずよ{08}	그 학원장님이라면\n어떻게든 해 주실 거야{08}
S07:9:8	34	人をさらっちゃ\n魔族もおしまいよね{08}	사람을 납치하다니\n마족도 끝났네{08}
S07:9:9	6	終わり	끝
S07:10:0	33	なにか問題がおこってばかりですね{08}	뭔가 문제만 생기네요{08}
S07:10:1	40	陸が近いから\n連絡船がくる回数が増えるな{08}	육지가 가까워서\n연락선이 오는 횟수가 느는군{08}
S07:10:2	60	となりはあやしいけど　仕立屋だし\nここでクツでもあつかうかな{08}	옆집은 수상하지만 재단사니까\n여기선 신발이라도 팔까{08}
S07:10:3	56	人魚たちに心をかき乱されて\nデザインも消えてしまったわ！{08}	인어들한테 마음이 어지러워져서\n디자인도 사라져 버렸어!{08}
S07:10:4	52	港でさらわれた男の子は\n学園の生徒だったでしょうか？{08}	항구에서 납치된 남자애는\n학원 학생이었을까요?{08}
S07:10:5	38	さて　そろそろ船がくるぞ\n忙しくなるな{08}	자 슬슬 배가 온다\n바빠지겠군{08}
S07:10:6	91	新しい生地が　とどくらしいの\nカラントっていう高級な生地なのよ\nいまからわくわくしちゃうわ曖{08}	새 원단이 온대\n커런트라는 고급 원단이야\n벌써부터 설렌다♥{08}
S07:10:7	42	魔族などに　どう対抗すれば\nよいというのだ{08}	마족 따위에게 어떻게 맞서면\n된단 말인가{08}
S07:10:8	47	魔族の大安売りだぞ！{0d}\nうっ　不謹慎だったか……{08}	마족 대방출이다!{0d}\n윽 경솔했나……{08}
S07:10:9	71	もう　いいかげんにして！\n最近のイェンは　いったい\nどうなっているの？！{08}	정말 적당히 해!\n요즘 옌은 대체\n어떻게 된 거야?!{08}
S07:10:10	6	終わり	끝
S07:11:0	44	わたしも先生の建物を\nこわしたりしてみたいわ{08}	나도 선생님 건물을\n부숴 보고 싶어{08}
S07:11:1	42	今度はなにをしてくれるのか\n期待しているよ{08}	이번엔 뭘 해 줄지\n기대하고 있어{08}
S07:11:2	73	リックがいねぇんだ……\nオレ様がわるかった\nたのむから　リックを返してくれ{08}	릭이 없어……\n이 몸이 잘못했다\n부탁이니 릭을 돌려줘{08}
S07:11:3	33	こんどは　なんのじょうだん？？？{08}	이번엔 무슨 농담???{08}
S07:11:4	54	……わかった　取り引きだな\nへっ　悪党にはお似合いだぜ{08}	……알았다 거래구나\n헹 악당한테 어울리는군{08}
S07:11:5	44	こいつら　一度\nふきとばしてやろうかしら……{08}	얘네 한번\n날려 버릴까……{08}
S07:11:6	29	それはもう　やったと思う……{08}	그건 이미 한 것 같은데……{08}
S07:11:7	34	……返したら\nなんかしてくれるの？{08}	……돌려주면\n뭐 해 줄 거야?{08}
S07:11:8	75	弟分のためだ……{0d}{0d}\nオレ様たちの宝物の中から\nスプーンとランプをくれてやる！{08}	동생을 위해서다……{0d}{0d}\n이 몸들의 보물 중에서\n숟가락이랑 램프를 주마!{08}
S07:11:9	31	……聞いたわたしがバカだったわ{08}	……물어본 내가 바보였어{08}
S07:11:10	61	リックが　いないんだ\n一人で　でかけるなんて……\n心配だよ……{08}	릭이 없어\n혼자 나가다니……\n걱정이야……{08}
S07:11:11	42	大丈夫だって\nお腹がすいたら帰ってくるわよ{08}	괜찮아\n배고프면 돌아올 거야{08}
S07:11:12	40	でも　人魚のときみたいに\n捕まってたら？{08}	그래도 인어 때처럼\n붙잡혔으면?{08}
S07:11:13	25	や　やるわね　クール！！{08}	제 제법인데 쿨!!{08}
S07:11:14	31	いったい　なにやってんだよ～っ{08}	대체 뭘 하는 거야～{08}
S07:11:15	34	とにかく\n君たちも心配してやってよ{08}	아무튼\n너희도 걱정해 줘{08}
S07:11:16	50	まあ……それぐらいならねぇ\nでも　それ以上はダメよ{08}	뭐……그 정도라면\n그래도 그 이상은 안 돼{08}
S07:11:17	36	レナ～\nそんなこといっちゃダメだよ～{08}	레나～\n그런 말 하면 안 돼～{08}
S07:11:18	30	連絡船か……\n家に帰ろうかしら{08}	연락선이라……\n집에 갈까{08}
S07:11:19	27	たまには海岸を散歩するかな{08}	가끔은 바닷가를 산책할까{08}
S07:11:20	60	どうやら港に船がきたらしいぞ\nたまには潮風をあびにいくといい{08}	아무래도 항구에 배가 왔나 봐\n가끔은 바닷바람 쐬러 가렴{08}
S07:11:21	69	わたしの　この美しさに\n見向きもしないなんて\nたいした魔族じゃないわね{08}	나의 이 아름다움을\n거들떠보지도 않다니\n대단한 마족은 아니네{08}
S07:11:22	50	魔族は　若い男の子が好きなのか\nそれはこまった……{08}	마족은 젊은 남자애를 좋아하나\n그거 곤란하군……{08}
S07:11:23	6	終わり	끝
S07:12:0	0		=
S07:12:1	6	終わり	끝
S07:13:0	25	連絡船は　まだきてないよ{08}	연락선은 아직 안 왔어{08}
S07:13:1	19	うーん　なんだよぉ{08}	으음 뭐야～{08}
S07:13:2	56	なによ　そのリアクションは\nさっきの手紙と関係あること？{08}	뭐야 그 반응은\n아까 편지랑 관계있는 거야?{08}
S07:13:3	23	ぜったい　ひみつーっ曖{08}	절대 비밀～♥{08}
S07:13:4	25	連絡船は　まだきてないよ{08}	연락선은 아직 안 왔어{08}
S07:13:5	23	連絡船ならもうすぐだよ{08}	연락선이라면 곧 와{08}
S07:13:6	36	おーい\nアズーっ！！　どこだーっ！！{08}	어～이\n아즈～!! 어디야～!!{08}
S07:13:7	42	で　あのおやじに頼まれた本は\nどうするの？{08}	그래서 그 아저씨가 부탁한\n책은 어쩔 거야?{08}
S07:13:8	38	お　おやじって\nラルフ先生のこと……？{08}	아 아저씨라니\n랄프 선생님 말이야……?{08}
S07:13:9	54	うん！{0d}\nま　あんなおやじの本なんか\n後回しよね　ふつう{08}	응!{0d}\n뭐 그런 아저씨 책 따위\n나중이지 보통{08}
S07:13:10	17	いいのかなぁ……{08}	괜찮을까……{08}
S07:13:11	42	荷物のことなら\n小屋の中の人に聞いてごらん{08}	짐이라면\n오두막 안 사람한테 물어봐{08}
S07:13:12	40	……アズ！\nほんとに　きてくれたんだ！！{08}	……아즈!\n정말 와 줬구나!!{08}
S07:13:13	69	なんとかいってよ　アズ！\nいつから　そんな無口な男に\nなったんだよ！！{08}	뭐라고 말 좀 해 아즈!\n언제부터 그렇게 말 없는\n남자가 된 거야!!{08}
S07:13:14	19	しかたないんだ……{08}	어쩔 수 없어……{08}
S07:13:15	55	ふ　ふーん\nあのアズって男の子は\nセニアの恋人ってわけね{08}	흐 흐응\n저 아즈라는 남자애가\n세니아 애인이구나{08}
S07:13:16	36	レナったら\nどうして怒ってるの……？{08}	레나는\n왜 화를 내는 거야……?{08}
S07:13:17	17	あ　あの時の！！{08}	아 그때 그!!{08}
S07:13:18	81	ワタシを引き寄せたのはおまえか？\nたしかに　どっしりとした\n強力な力を感じるな……{08}	나를 끌어당긴 게 너냐?\n확실히 묵직하고\n강력한 힘이 느껴지는군……{08}
S07:13:19	17	だっ　だれだっ！{08}	누 누구냐!{08}
S07:13:20	69	アズ！　気を付けて！\nそいつはイェンをねらっている\n悪いやつなんだっ！{08}	아즈! 조심해!\n그 녀석은 옌을 노리는\n나쁜 녀석이야!{08}
S07:13:21	36	なにっ？！\nセニア！　さがってろっ！{08}	뭐?!\n세니아! 물러나 있어!{08}
S07:13:22	50	貴様　魔族か？！\nセニアには　指一本ふれさせない！{08}	네놈 마족이냐?! 세니아에겐\n손가락 하나 못 댄다!{08}
S07:13:23	59	なかなかいい素材のようだ……\n{0d}{0d}{0d}さあ　ワタシと共にこい！！{08}	꽤 좋은 재목인 것 같군……\n{0d}{0d}{0d}자 나와 함께 가자!!{08}
S07:13:24	15	な　なにっ？！{08}	뭐 뭐?!{08}
S07:13:25	17	……ウソでしょ？{08}	……거짓말이지?{08}
S07:13:26	21	アズ……アズーっ！！{08}	아즈……아즈～!!{08}
S07:13:27	27	学園長へ知らせにいくわよ！{08}	학원장님께 알리러 가자!{08}
S07:13:28	61	……え{0d}{0d}{0d}　あ{0d}{0d}{0d}\nう　うん！\nアズを……アズを取り返さなきゃ！{08}	……어{0d}{0d}{0d} 아{0d}{0d}{0d}\n으 응!\n아즈를……아즈를 되찾아야 해!{08}
S07:13:29	40	さ　さっき\nそこに誰か　いなかったか！？{08}	바 방금\n거기 누가 있지 않았냐!?{08}
S07:13:30	48	あれって魔族だろ？\nとんでもないことになったな！{08}	저거 마족이지?\n큰일 났구나!{08}
S07:13:31	6	終わり	끝
S07:14:0	58	ああ　やっと退屈になったわね\nあれ？　わたしの話し方　変？{08}	아아 드디어 심심해졌네\n어라? 내 말투 이상해?{08}
S07:14:1	48	まあ　君たちが裸にならなくて\nほんとうによかった{08}	뭐 너희가 알몸이 안 돼서\n정말 다행이다{08}
S07:14:2	27	もう船はくるはずだけど……{08}	배는 곧 올 텐데……{08}
S07:14:3	38	ラルフ先生の本？\nそれならこれよ　はい{08}	랄프 선생님 책?\n그거라면 이거야 자{08}
S07:14:4	23	ラルフの本を手に入れた{08}	랄프의 책을 손에 넣었다{08}
S07:14:5	15	食べちゃだめよ{08}	먹으면 안 돼{08}
S07:14:6	19	……どうかしたの？{08}	……무슨 일 있어?{08}
S07:14:7	6	終わり	끝
S07:15:0	0		=
S07:15:1	6	終わり	끝
S07:16:0	35	おじいちゃん　この前は{0d}\nありがとう{08}	할아버지 요전엔{0d}\n고마웠어요{08}
S07:16:1	40	アタシ　じーさんのこと\n見直しちゃったよ{08}	나 할아버지\n다시 봤어{08}
S07:16:2	62	わたしたち　おじいちゃんたちを\n心配させないように　がんばるね{08}	우리 할아버지들\n걱정 안 끼치게 힘낼게요{08}
S07:16:3	81	そんな風に喜ばれても複雑なのだが\n……まあ　いいか\n久しぶりに　よい笑顔を見たわい{08}	그렇게 기뻐해도 복잡하네만\n……뭐 됐나\n오랜만에 좋은 웃음을 봤구먼{08}
S07:16:4	34	うれしいこと\nいってくれるじゃない{08}	기쁜 말을\n해 주시네요{08}
S07:16:5	21	うん　じーさん大好き{08}	응 할아버지 너무 좋아{08}
S07:16:6	46	……あんなのことが\n２度３度あってもこまるわい{08}	……그런 일이\n두세 번 있어도 곤란하네{08}
S07:16:7	27	……聞こえているんだけど？{08}	……다 들리는데요?{08}
S07:16:8	33	どうしてもこうなっちゃうの……？{08}	어째서 늘 이렇게 되는 거야?{08}
S07:16:9	36	し　しばらく\nわしを放っておかんか？{08}	잠 잠시\n나를 내버려 두지 않겠나?{08}
S07:16:10	36	いざというときは\n看病してあげるわよ{08}	여차하면\n간호해 드릴게요{08}
S07:16:11	81	……先の読みすぎじゃい！\nおまえらは心臓に悪いから\n放っておいてくれということじゃ{08}	……너무 앞서가지 말게!\n자네들은 심장에 나쁘니\n내버려 두라는 걸세{08}
S07:16:12	19	かわいくないなーっ{08}	귀염성 없어라～{08}
S07:16:13	17	えーと　その……{08}	음 그게……{08}
S07:16:14	44	……いい　無理をいった\nわしがバカだったわい{08}	……됐네 무리한 말을 한\n내가 바보였구먼{08}
S07:16:15	69	じーさん！\n悪魔城ってやつにいた　あの男が\nアズをさらっていったんだ！{08}	할아버지!\n악마성에 있던 그 남자가\n아즈를 납치해 갔어!{08}
S07:16:16	63	アズ……\nおお　セニアの村にいた\nあの少年か　元気にしておったか{08}	아즈……\n오오 세니아 마을에 있던\n그 소년인가 잘 지내던가{08}
S07:16:17	29	へっ？　なんで知ってるんだ？{08}	응? 어떻게 알아?{08}
S07:16:18	40	じゃなくて！\nなに落ち着いてるんだよ！！{08}	가 아니라!\n뭘 태평하게 있는 거야!!{08}
S07:16:19	38	……とにかく学園長だ\n学園長に相談せい{08}	……아무튼 학원장일세\n학원장에게 상담하게{08}
S07:16:20	69	べつに　おじいちゃんが\nぱーっと　片づけちゃっても\nいいんじゃないの？{08}	딱히 할아버지가\n확 해치워 버려도\n되지 않아요?{08}
S07:16:21	82	そういうわけにはいかん{0d}\nほれ！　そんなに大切な人ならば\n学園長のところに急ぐがいい{08}	그럴 순 없네{0d}\n자! 그렇게 소중한 사람이라면\n학원장에게 서둘러 가게{08}
S07:16:22	38	でも　じーさんも\nきてくれるんだろ！？{08}	그래도 할아버지도\n와 줄 거지!?{08}
S07:16:23	48	わかったわかった\nいってやるから　先にいきなさい{08}	알았네 알았어\n갈 테니 먼저 가게{08}
S07:16:24	23	ほれ　はやくいくがいい{08}	자 어서 가게{08}
S07:16:25	6	終わり	끝
S07:17:0	60	この橋は　オレがつくったんだぞ\n建築魔法の使い手だったからな{08}	이 다리는 내가 만들었다고\n건축 마법의 달인이었거든{08}
S07:17:1	6	終わり	끝
S07:18:0	0		=
S07:18:1	6	終わり	끝
S07:19:0	0		=
S07:19:1	19	でっかい塔だなぁ～{08}	커다란 탑이다～{08}
S07:19:2	25	橋が壊れてて  入れないね{08}	다리가 부서져서 못 들어가{08}
S07:19:3	6	終わり	끝
S07:20:0	21	ねぇ　なにしてるの？{08}	있잖아 뭐 해?{08}
S07:20:1	13	う　うぅ……{08}	으 으으……{08}
S07:20:2	40	あ……　に　人間だ……{0d}{0d}\nけがしてる……{08}	아…… 이 인간이다……{0d}{0d}\n다쳤어……{08}
S07:20:3	30	うぅ{0d}…{0d}…\nだ……だれ……だ？{08}	으으{0d}…{0d}…\n누……누구……냐?{08}
S07:20:4	42	……そうか生きてるんだ\n運がいいな　おまえ{08}	……그렇구나 살아 있구나\n운 좋네 너{08}
S07:20:5	36	父さま～っ！\n人間が倒れてるよーっ！{08}	아버지～!\n인간이 쓰러져 있어～!{08}
S07:20:6	52	アズーッ！　ちょっとまってよ！！\nねぇー　アズーッ！{08}	아즈～! 잠깐 기다려!!\n있잖아～ 아즈～!{08}
S07:20:7	56	いきなりどうしたんだよ　アズ\nどうして村を出ていくんだよ{08}	갑자기 왜 그래 아즈\n왜 마을을 떠나는 거야{08}
S07:20:8	23	もう村には　いられない{08}	이제 마을엔 못 있어{08}
S07:20:9	50	アズ……{0d}\nアズが　なにをいってるのか\nわかんないよ{08}	아즈……{0d}\n아즈가 무슨 말을 하는지\n모르겠어{08}
S07:20:10	103	もう　なにも聞かないでくれ……{08}\nこの村にオレの居場所など\nはじめっからなかったんだよ\nわかってたんだ……{08}	이제 아무것도 묻지 마……{08}\n이 마을에 내 자리 따윈\n처음부터 없었어\n알고 있었어……{08}
S07:20:11	28	そんなの{0d}…{0d}…\nわかんないよ{08}	그런 거{0d}…{0d}…\n모르겠어{08}
S07:20:12	29	うるさい！　そこをどけよ！！{08}	시끄러! 거기 비켜!!{08}
S07:20:13	40	アタシのこと{0d}…{0d}…\nキライになったのか？{08}	나를{0d}…{0d}…\n싫어하게 된 거야?{08}
S07:20:14	19	逃げろ　セニア！！{08}	도망쳐 세니아!!{08}
S07:20:15	22	うぅっ…{0d}…{0d}くっ…{0d}…{08}	으윽…{0d}…{0d}큭…{0d}…{08}
S07:20:16	27	……アズ　大丈夫かっ！！{0d}{0d}{08}	……아즈 괜찮아!!{0d}{0d}{08}
S07:20:17	89	セ　セニアッ……い　今よりも\n幸せになれ{0d}…{0d}…{08}\nい……いいなずけと{0d}…{0d}…\n村のおきてだ……{08}	세 세니아……지 지금보다\n행복해져{0d}…{0d}…{08}\n야……약혼자랑{0d}…{0d}…\n마을의 규칙이야……{08}
S07:20:18	27	アズのバカ！　バカバカ！！{08}	아즈 바보! 바보바보!!{08}
S07:20:19	38	そんなこと\nできるわけないだろーっ！！{08}	그런 거\n할 수 있을 리 없잖아～!!{08}
S07:20:20	64	アタシはアズじゃなきゃ……\nアズじゃなきゃ！！\n{0d}…{0d}…{0d}グスン……{08}	나는 아즈가 아니면……\n아즈가 아니면!!\n{0d}…{0d}…{0d}훌쩍……{08}
S07:20:21	6	終わり	끝
S07:21:0	23	ちょっと待てぇ～い！！{08}	잠깐 기다려～!!{08}
S07:21:1	95	学園じゅうの生徒が\nさらわれているじゃないか！{08}\n助けにいくのに　なんでオレも\nさそわないんだ？！{08}	학원 학생들이 다\n납치되고 있잖아!{08}\n구하러 가면서 왜 나를\n안 부르는 거냐?!{08}
S07:21:2	65	あんたねぇ\n男のくせに　女にさそわれるのを\n待ってんじゃないわよ！{08}	너 정말\n남자가 여자한테 불리길\n기다리지 마!{08}
S07:21:3	44	す　すまん……\nたしかに　男らしくないな……{08}	미 미안하다……\n확실히 사나이답지 못하군……{08}
S07:21:4	52	それが　わかってるから\nこうしてきたんじゃないかな～{08}	그걸 아니까\n이렇게 온 거 아닐까～{08}
S07:21:5	46	人数は多いほうがいいよ！\nいこう　ブレード！！{08}	사람은 많을수록 좋아!\n가자 블레이드!!{08}
S07:21:6	45	いざというときは\nわたしたちの盾になってね曖{0d}{08}	여차할 땐\n우리 방패가 돼 줘♥{0d}{08}
S07:21:7	51	わ　わかってる！！{08}\nオレにまかせろ　うおぉーー！！{08}	아 알고 있다!!{08}\n나한테 맡겨라 우오오～!!{08}
S07:21:8	17	大丈夫かなぁ……{08}	괜찮을까……{08}
S07:21:9	27	あ　あれ？　会長じゃない？{08}	어 어라? 회장님 아냐?{08}
S07:21:10	21	おいっ！　起きろっ！{08}	어이! 일어나!{08}
S07:21:11	13	ワナだっ！！{08}	함정이다!!{08}
S07:21:12	52	んもぉ～っ！　会長なんか\nどうなってもよかったのよ！{08}	정말～! 회장님 따위\n어떻게 되든 상관없었어!{08}
S07:21:13	31	今度会ったら　斬ってやるぜ！！{08}	다음에 만나면 베어 주마!!{08}
S07:21:14	42	でも　今のは本人じゃなかった\nわけだし……{08}	그래도 방금 건 본인이\n아니었으니까……{08}
S07:21:15	49	……{0d}{0d}{0d}{0d}\nそこを曲がったところに\nなにか　いるよ！{08}	……{0d}{0d}{0d}{0d}\n저기 꺾은 곳에\n뭔가 있어!{08}
S07:21:16	55	エリーの直感ね\nほら　ブレード\nちょっと　みてきなさいよ{08}	엘리의 직감이네\n자 블레이드\n좀 보고 와{08}
S07:21:17	29	……自分では　いかないんだな{08}	……자기는 안 가는구나{08}
S07:21:18	23	だ　だれか倒れてるぞ！{08}	누 누가 쓰러져 있다!{08}
S07:21:19	21	あ　エルノラさんだ！{08}	앗 엘노라 씨다!{08}
S07:21:20	31	ま　また戦うんじゃないだろうな{08}	또 또 싸우는 건 아니겠지{08}
S07:21:21	23	まぁさかぁ～　ねぇ……{08}	설마～ 그렇겠어……{08}
S07:21:22	19	エ～ルノ～ラさん？{08}	엘～노～라 씨?{08}
S07:21:23	11	うわっ！！{08}	우왓!!{08}
S07:21:24	13	くるぞっ！！{08}	온다!!{08}
S07:21:25	20	あら？\nなにかしら？{08}	어머?\n뭐지?{08}
S07:21:26	13	あ　カギだ！{08}	앗 열쇠다!{08}
S07:21:27	21	牢屋のカギを見つけた{08}	감옥 열쇠를 찾았다{08}
S07:21:28	29	今　ひろったカギで開けるのね{08}	방금 주운 열쇠로 여는 거구나{08}
S07:21:29	18	あれ？\n開かないよ{08}	어라?\n안 열려{08}
S07:21:30	50	あら　カギ穴があるじゃない\nけっこう　用心深いのね{08}	어머 열쇠 구멍이 있잖아\n꽤 조심성 있네{08}
S07:21:31	23	カギが必要ってわけだな{08}	열쇠가 필요하다는 거군{08}
S07:21:32	73	アニキ……クール……\nさびしいっスよ　ひもじいっスよぉ\n心まで寒いっス……{08}	형님……쿨……\n외로워요 배고파요\n마음까지 추워요……{08}
S07:21:33	33	こいつは　すぐ哲学者になるのねぇ{08}	얘는 금방 철학자가 되네{08}
S07:21:34	63	も　もう\n目がかすんで　よく見えないっス\nあ？　あんたたちは……{08}	이 이제\n눈이 흐려서 잘 안 보여요\n어? 너희는……{08}
S07:21:35	33	や　やっぱりアンチのアニキっス！{08}	여 역시 안치 형님이에요!{08}
S07:21:36	34	へへっ\n泣きべそかいてねえだろうな{08}	헤헤\n울상은 안 지었겠지{08}
S07:21:37	19	アニキィーーーー！{08}	형니이이임～!{08}
S07:21:38	51	え　えーと\nここは　どう笑ったら\nいいのかしら……？{08}	어 음\n여기선 어떻게 웃어야\n할까……?{08}
S07:21:39	71	なあ……リック\n聞くけどよ　どうしてオレ様が\nさらわれなかったんだろうな{08}	야……릭\n묻는데 왜 이 몸은\n납치 안 당했을까{08}
S07:21:40	73	もっ　もちろん！\nアニキが強すぎるからっス！\nあたりまえじゃないっスか！！{08}	무 물론!\n형님이 너무 세서죠!\n당연하잖아요!!{08}
S07:21:41	91	……そうだよな{0d}{0d}\nやっぱり　そうだよな！{08}\nオレ様を　さらおうとしても\n無理だったからだよな！{08}	……그렇지{0d}{0d}\n역시 그렇지!{08}\n이 몸을 납치하려 해도\n무리였기 때문이지!{08}
S07:21:42	27	ばかばかしくって笑えないよ{08}	어이없어서 웃음도 안 나{08}
S07:21:43	34	そぉ～？\nわたしは最高だと思うなぁ{08}	그래～?\n나는 최고라고 생각하는데{08}
S07:21:44	13	リック～！！{08}	릭～!!{08}
S07:21:45	13	アニキ～！！{08}	형님～!!{08}
S07:21:46	15	友情ってやつ？{08}	우정이라는 거?{08}
S07:21:47	23	やっぱり男は友情だよね{08}	역시 남자는 우정이지{08}
S07:21:48	97	ねえ　せっかく盛りあがってきたし\nもっと詳しく　アズのこと教えてよ\nそのほうが　助けがいがあるもん{08}	있잖아 모처럼 분위기 났으니\n아즈 얘기 더 자세히 해 줘\n그래야 구할 맛이 나지{08}
S07:21:49	36	まったく……\nマジメにやってるのかよ{08}	정말……\n진지하게 하는 거야{08}
S07:21:50	50	でも　わたしも聞きたいな\nアズって　どんな人なの？{08}	그래도 나도 듣고 싶어\n아즈는 어떤 사람이야?{08}
S07:21:51	15	イイ男だし～曖{08}	멋진 남자고～♥{08}
S07:21:52	42	なんだよ　みんなで……\nまあ　いいけどさあ{08}	뭐야 다들……\n뭐 괜찮지만{08}
S07:21:53	25	オレはべつに聞きたく……{08}	나는 딱히 듣고 싶지……{08}
S07:21:54	53	そうだなぁ\nアタシが　はじめてアズに\nあったのがね……{08}	그러니까\n내가 처음 아즈를\n만난 건 말이야……{08}
S07:21:55	77	というわけで　そのあと\nアズは父さまに気に入られて\nずっといっしょだったんだよ{08}	그래서 그 뒤로\n아즈는 아버지 마음에 들어서\n계속 같이 지냈어{08}
S07:21:56	57	セニアと幼なじみなのね\nいいじゃない\nうらやましいくらいよ{08}	세니아랑 소꿉친구구나\n좋잖아\n부러울 정도야{08}
S07:21:57	15	それでそれで？{08}	그래서 그래서?{08}
S07:21:58	31	う～ん　もうすこし歩いてからね{08}	으～음 좀 더 걸은 다음에{08}
S07:21:59	48	いつもアズとは　いっしょだった\nけど　最近さ……{08}	늘 아즈랑은 같이 있었지만\n요즘 들어……{08}
S07:21:60	91	そのあとすぐ　イェンにきたんだ\n帰ったら　いいなずけと結婚する\n……父さまと　そう約束してさ{08}	그 뒤 곧 옌에 왔어\n돌아가면 약혼자랑 결혼한다\n……아버지랑 그렇게 약속하고{08}
S07:21:61	48	オレには……アズの気持ちが\nわかるような気がする{08}	나는……아즈의 마음을\n알 것 같다{08}
S07:21:62	95	男同士　つうじるものが\nあるってわけ？{08}\nでも　どうしてあんたたちは\nこう　まわりくどいのかしらね{08}	남자끼리 통하는 게\n있다는 거야?{08}\n그런데 왜 너희는\n이렇게 돌려 말하는 걸까{08}
S07:21:63	25	……なにがいいたいわけ？{08}	……무슨 말이 하고 싶은데?{08}
S07:21:64	65	そんなに好きならさ\nいっそのこと　かけおちでも\nしちゃえばいいのに{08}	그렇게 좋아하면\n차라리 사랑의 도피라도\n해 버리면 될 텐데{08}
S07:21:65	15	かけおちか……{08}	사랑의 도피라……{08}
S07:21:66	5	……{08}	……{08}
S07:21:67	48	ほら　そろそろ帰ったら？\nみんな心配しているわよ{08}	자 슬슬 돌아가지?\n다들 걱정하고 있어{08}
S07:21:68	149	わ　悪い\nもう自分の足で帰れるよ\nラルフ先生も心配してると思うし{08}\nそうそう　ラルフ先生もさ\n君とは　よくいい争ってるけど\nあんなに　いい先生はいないぜ？{08}	미 미안\n이제 내 발로 돌아갈 수 있어\n랄프 선생님도 걱정하실 테고{08}\n참 랄프 선생님 말이야\n너랑 자주 말다툼하지만\n그만큼 좋은 선생님은 없어{08}
S07:21:69	40	よけいなお世話をありがとう\n考えてみるわ{08}	쓸데없는 참견 고마워\n생각해 볼게{08}
S07:21:70	31	まったく　素直じゃないんだから{08}	정말 솔직하지 못하다니까{08}
S07:21:71	51	な　なんだよ\nそんなに気にかけなくったって\n大丈夫さ{08}	뭐 뭐야\n그렇게 신경 안 써도\n괜찮아{08}
S07:21:72	48	こんなみじめな姿\nブレードには見せたくなかったぜ{08}	이런 비참한 꼴\n블레이드한텐 보이기 싫었는데{08}
S07:21:73	61	{0c}こんなことで　くじけるやつは\nイアソン先生の弟子じゃない！！{08}	{0c}이런 일로 꺾이는 녀석은\n이아손 선생님 제자가 아니다!{08}
S07:21:74	67	へっ　ブレードよ\nいってくれるじゃん\n帰ったら　一勝負やんなきゃな！{08}	헹 블레이드\n말 한번 잘하네\n돌아가면 한판 붙어야겠다!{08}
S07:21:75	46	悪いけど……\nあつくるしい会話はやめてくれる？{08}	미안하지만…… 숨\n막히는 대화는 그만해 줄래?{08}
S07:21:76	21	後は自分で帰れるって{08}	나머진 혼자 돌아갈 수 있어{08}
S07:21:77	65	まさか\nあなたたちに助けられるとは……\nうわさには聞いていましたが{08}	설마\n당신들한테 구해질 줄이야……\n소문으론 들었지만{08}
S07:21:78	40	わ　悪かったわね\nそのうわさは本当なのよ{08}	미 미안하게 됐네\n그 소문은 사실이야{08}
S07:21:79	27	……そういうことをいうから{08}	……그런 말을 하니까{08}
S07:21:80	44	ありがとうございました\nこの恩は忘れませんよ{08}	고맙습니다\n이 은혜는 잊지 않을게요{08}
S07:21:81	34	べつにお礼は\nなんでもいいですから{08}	딱히 답례는\n뭐든 좋아요{08}
S07:21:82	9	レナッ！{08}	레나!{08}
S07:21:83	7	ヒエ～{08}	히익～{08}
S07:21:84	38	あれ　たしか……\nダディス先生の倉庫で{08}	어라 분명……\n다디스 선생님 창고에서{08}
S07:21:85	69	なんだ　おまえたちか……\n今度はおまえたちが\nオレをたすける番だったな{08}	뭐야 너희구나……\n이번엔 너희가\n날 구할 차례였군{08}
S07:21:86	54	そんなことより　先輩って\nホント暗い場所が似合うのねぇ{08}	그보다 선배는\n정말 어두운 데가 어울리네{08}
S07:21:87	62	んん……でも　このダンジョン\nちょっと　いごこちがいいかも……{08}	음……그래도 이 던전\n좀 지내기 좋을지도……{08}
S07:21:88	33	早く帰った方がいいと思いますけど{08}	얼른 돌아가는 게 좋겠는데요{08}
S07:21:89	79	助けてくれてありがとう！\nいつも　らんぼうな君たちだけど\n今回はホント助かったよ{08}	구해 줘서 고마워!\n늘 난폭한 너희지만\n이번엔 정말 살았어{08}
S07:21:90	17	どういたしまして{08}	천만에{08}
S07:21:91	42	思わず感動しちゃった\nとにかく　ありがとう{08}	나도 모르게 감동했어\n아무튼 고마워{08}
S07:21:92	25	さあて　ゆっくりと帰るか{08}	자 천천히 돌아가 볼까{08}
S07:21:93	36	また　つかまっても\n助けないわよ……{08}	또 붙잡혀도\n안 구해 줄 거야……{08}
S07:21:94	95	はらぺこで死ぬかと思ったぜ{08}\nステラおばさんの料理が\n食べられなくなるかと思ったよ\nあぁ　よかった{08}	배고파 죽는 줄 알았어{08}\n스텔라 아줌마 요리를\n못 먹게 되는 줄 알았어\n아아 다행이다{08}
S07:21:95	21	また　なぐられたい？{08}	또 맞고 싶어?{08}
S07:21:96	9	食うぞ！{08}	먹는다!{08}
S07:21:97	65	まあ　寮に帰ればきっと\nステラおばさんが\n料理を作って待ってるわよ{08}	뭐 기숙사에 돌아가면 분명\n스텔라 아줌마가\n요리해 놓고 기다리실 거야{08}
S07:21:98	69	はぁ？　なにいってんだよ{0d}…{0d}…{0d}\nおれが食うっていったのはだなぁ{0d}\n……{08}	하아? 무슨 소리야{0d}…{0d}…{0d}\n내가 먹는다고 한 건 말이지{0d}\n……{08}
S07:21:99	46	んもぉ～っ！\nあいつ　帰ったらとっちめてやる！{08}	정말～! 저\n녀석 돌아가면 혼내 줄 거야!{08}
S07:21:100	83	やぁ！　あれ？　どしたのみんな\nこわい顔しちゃってさ\nそうか　腹へってんだろ　ははは{08}	야! 어라? 왜 그래 다들\n무서운 얼굴을 하고\n그렇구나 배고프구나 하하하{08}
S07:21:101	54	さぁ　帰ってステラおばさんの\n料理をたくさん食べるぞ！{08}	자 돌아가서 스텔라 아줌마\n요리 잔뜩 먹자!{08}
S07:21:102	42	真の男が女の子の生徒に\n助けられてしまった{08}	진정한 사나이가 여학생에게\n구해지고 말았다{08}
S07:21:103	34	真の男なんて\n今時　はやらないわよ{08}	진정한 사나이 같은 건\n요즘 유행 안 해요{08}
S07:21:104	40	まっ　これからは\nアタシたちの時代かもね{08}	뭐 앞으로는\n우리의 시대일지도{08}
S07:21:105	40	そうだよ　おじさん\nもう無理しないでさー{08}	맞아요 아저씨\n이제 무리하지 마세요{08}
S07:21:106	46	お　おじさん……？\nこのオレが　おじさん……？{08}	아 아저씨……?\n이 내가 아저씨……?{08}
S07:21:107	29	……そんなにショックかしら？{08}	……그렇게 충격인가?{08}
S07:21:108	46	アズ！{0d}{0d}{0d}\nじゃない……\n会長とエルノラさんだ！{08}	아즈!{0d}{0d}{0d}\n가 아니라……\n회장님이랑 엘노라 씨다!{08}
S07:21:109	65	ああっ！！！\nみんな　二人の帽子見て！\nペアルックよ　ペアルック！{08}	아앗!!!\n다들 둘 모자 봐!\n커플룩이야 커플룩!{08}
S07:21:110	19	あぁ！　あいつ！！{08}	아아! 저 녀석!!{08}
S07:21:111	75	あんたね　みんなをさらったのは！\nここでいったい\nなにをたくらんでるのよ！！{08}	너구나 다들 납치한 게!\n여기서 대체\n뭘 꾸미는 거야!!{08}
S07:21:112	95	なんだ　いつぞやの小娘ではないか\nおまえたちのくるところではない\nここから　早々に立ち去るがいい{08}	뭐냐 언젠가의 계집애 아니냐\n너희가 올 곳이 아니다\n여기서 얼른 떠나라{08}
S07:21:113	50	ほ　ほら　ブレード！\nなんかいってやりなさいよ！！{08}	자 자 블레이드!\n뭐라고 좀 해!!{08}
S07:21:114	44	こ　こいつは……\nこいつは　ヤバすぎるぜ！！{08}	이 이 녀석은……\n이 녀석은 너무 위험하다!!{08}
S07:21:115	17	この根性なし！！{08}	이 근성 없는 녀석!!{08}
S07:21:116	44	ほう……ハーフか……\nグレンも相変わらずだな{08}	호오……하프인가……\n글렌도 여전하군{08}
S07:21:117	30	ハーフ？\nいったいなんのこと？{08}	하프?\n대체 무슨 소리야?{08}
S07:21:118	58	おじいちゃんを知ってるの？\nいったい　どういう関係なのよ？{08}	할아버지를 알아?\n대체 무슨 관계야?{08}
S07:21:119	26	フッ{0d}…{0d}…\nそのうちわかる{08}	훗{0d}…{0d}…\n머지않아 알게 된다{08}
S07:21:120	27	ちょっと　答えなさいよ！！{08}	잠깐 대답해!!{08}
S07:21:121	50	そんなことよりアズをかえせ！\nどこにかくしたっ！！{08}	그보다 아즈를 돌려줘!\n어디 숨겼어!!{08}
S07:21:122	32	まってセニア！\nこの人　強いよ！{08}	기다려 세니아!\n이 사람 세!{08}
S07:21:123	65	実験は失敗だ……\n失敗作の後始末は　おまえたちに\nまかせるとしよう{08}	실험은 실패다……\n실패작 뒤처리는 너희에게\n맡기도록 하지{08}
S07:21:124	47	おのれぇー！\nオレが相手だ！\nうおうりゃあぁー！{08}	이노옴～!\n내가 상대다!\n우오오랴아～!{08}
S07:21:125	17	おそいわよ　もう{08}	늦었거든 이미{08}
S07:21:126	63	エルノラさん！\nもう１人　つかまっている\n男がいるはずなんだけど{08}	엘노라 씨!\n한 명 더 붙잡혀 있는\n남자가 있을 텐데{08}
S07:21:127	42	セニア　待って！！\nこれって普通じゃないよ{08}	세니아 기다려!!\n이거 보통이 아니야{08}
S07:21:128	46	ブラウンさんにも\nちゃんと魔法をかけてあげてよ{08}	브라운 씨한테도\n제대로 마법 걸어 줘{08}
S07:21:129	23	わ　わかってるわよ！！{08}	아 알고 있어!!{08}
S07:21:130	51	エリーくん\n君が助けにきてくれると\n思っていたよ！！{08}	엘리 군\n네가 구하러 와 줄 거라\n믿고 있었어!!{08}
S07:21:131	26	アズ！？\nアズはどこだ！？{08}	아즈!?\n아즈는 어디 있어!?{08}
S07:21:132	69	この奥にもう１人\n知らない生徒がつかまっていました\n助けてあげませんと{08}	이 안쪽에 한 명 더\n모르는 학생이 붙잡혀 있었어요\n구해 줘야 해요{08}
S07:21:133	93	オレは　まだ誰か残ってないか\n探しながら　みんなをイェンに\n連れていく！{08}\nいくぞ　ブラウン！！{08}	나는 아직 누가 남았는지\n찾으면서 모두를 옌에\n데려가겠다!{08}\n가자 브라운!!{08}
S07:21:134	27	だ　だが　エリーくんが……{08}	하 하지만 엘리 군이……{08}
S07:21:135	53	ブラウン会長\nここはみなさんの指示に\nしたがいましょう{08}	브라운 회장님\n여긴 여러분 지시에\n따릅시다{08}
S07:21:136	26	いくぞぉー！！\nおらぁ～っ{08}	간다아～!!\n오라아～{08}
S07:21:137	31	じゃあ　わたしたちも帰ろうか？{08}	그럼 우리도 돌아갈까?{08}
S07:21:138	73	ううん　待って！！\n１人で奥にいったセニアが\n敵のまちぶせにあってるかも！{08}	아니 기다려!!\n혼자 안쪽으로 간 세니아가\n적한테 매복당했을지도 몰라!{08}
S07:21:139	38	……そうなのかなぁ\nでも　アズもいるし{08}	……그럴까\n그래도 아즈도 있고{08}
S07:21:140	52	ま　待っててセニア！\nわたしが見届けてあげるから！！{08}	기 기다려 세니아!\n내가 지켜봐 줄 테니까!!{08}
S07:21:141	21	その笑いは……なに？{08}	그 웃음은……뭐야?{08}
S07:21:142	21	あ　レナ　ダメだよ！{08}	앗 레나 안 돼!{08}
S07:21:143	6	終わり	끝
S08:0:0	65	{0c}まさか　セニアが\nいきなりケッコンしちゃうなんて\n思わなかったわ{08}{0c}	{0c}설마 세니아가\n갑자기 결혼해 버릴 줄은\n몰랐어{08}{0c}
S08:0:1	24	しあわせになるといいね{08}{0c}	행복해지면 좋겠다{08}{0c}
S08:0:2	11	そうね……{08}	그러게……{08}
S08:0:3	152	でも　わたしたちを残して\n村に帰っちゃうなんて……{0d}{0d}{0d}{0d}{0d}{0d}\nゆるさないわ！{08}{0c}わたしだって　いつか\nカッコイイ恋人をつかまえて\n仕返しにいくから待ってなさい！{08}{0c}	그래도 우리를 두고\n마을로 돌아가 버리다니……{0d}{0d}{0d}{0d}{0d}{0d}\n용서 못 해!{08}{0c}나도 언젠가\n멋진 애인을 잡아서\n복수하러 갈 테니 기다려!{08}{0c}
S08:0:4	53	し　仕返しって……{0d}{0d}{0d}\n仕返しするようなことかな……？{08}	보 복수라니……{0d}{0d}{0d}\n복수할 일인가……?{08}
S08:0:5	53	よお　エリーとレナ\nここらへんで新入生を見てないか？{08}{0c}	어이 엘리랑 레나\n이 근처에서 신입생 못 봤냐?{08}{0c}
S08:0:6	52	あら　ブレード\n男の道場の新入生が\n脱走でもしたの？{08}{0c}	어머 블레이드\n사나이 도장 신입생이\n탈주라도 했어?{08}{0c}
S08:0:7	99	ちがう！{0d}{0d}\nその前だ！{08}\n今年は誰も入門しなかったから\nイアソン先生の命令で\n新入生狩りをしているんだ{08}{0c}	아니다!{0d}{0d}\n그 전 단계다!{08}\n올해는 아무도 입문 안 해서\n이아손 선생님 명령으로\n신입생 사냥을 하는 중이다{08}{0c}
S08:0:8	28	新入生を狩っちゃうの……？{08}{0c}	신입생을 사냥하는 거야……?{08}{0c}
S08:0:9	66	バカね～　\nそういうことは　先にいいなさいよ\n２人で手伝ってあげる{08}{0c}	바보～\n그런 건 먼저 말해\n둘이서 도와줄게{08}{0c}
S08:0:10	62	いい　いらん\n道場は男しかいらないんだぞ！\n女なんかいたら……{08}{0c}	됐 됐다\n도장엔 남자만 필요하다!\n여자가 있으면……{08}{0c}
S08:0:11	62	え……{0d}{0d}いいの？{0d}{0d}\nそう？　わかったわ\n喜んで手伝ってあげる曖{08}{0c}	어……{0d}{0d}괜찮다고?{0d}{0d}\n그래? 알았어\n기꺼이 도와줄게♥{08}{0c}
S08:0:12	64	うん　ブレードには\nこの前も助けてもらったし\nわたしも手伝うよ！{08}{0c}	응 블레이드한텐\n저번에도 도움받았으니\n나도 도울게!{08}{0c}
S08:0:13	50	……どうしても　オレに\nイヤといわせないつもりだな{08}	……어떻게든 나한테\n싫다는 말을 못 하게 하는구나{08}
S08:0:14	44	カッコイイ子を\nいっぱい狩っちゃいましょう曖{08}	멋진 애들을\n잔뜩 사냥해 버리자♥{08}
S08:0:15	63	……こ　これはどういうこと！？\n先生！！　こんなの犯罪です！！{08}{0c}	……이 이게 무슨 일이에요!?\n선생님!! 이건 범죄예요!!{08}{0c}
S08:0:16	70	……すまんな　レナ\nこれも全人類のためだ\n上空では青き星が美しいだろう{08}{0c}	……미안하다 레나\n이것도 전 인류를 위해서다\n상공에선 푸른 별이 아름답겠지{08}{0c}
S08:0:17	18	がんばってね……{08}{0c}	힘내……{08}{0c}
S08:0:18	48	ほれ　レナ　かたくなっとるぞ\n深呼吸でもせんかい{08}	자 레나 굳었구나\n심호흡이라도 하거라{08}
S08:0:19	37	はぁ～ぁぁぁ……{0d}{0d}{0d}{0d}{0d}\nはっ　しまった{08}	하아아아아……{0d}{0d}{0d}{0d}{0d}\n헉 아차{08}
S08:0:20	45	{0d}{0d}{0d}{0d}{0d}・{0d}・{0d}・{0d}・{0d}・{0d}・{0d}エ{0d}ア{0d}バ{0d}ッ{0d}ク{0d}は{0d}？{08}{0c}	{0d}{0d}{0d}{0d}{0d}・{0d}・{0d}・{0d}・{0d}・{0d}・{0d}에{0d}어{0d}백{0d}은{0d}?{08}{0c}
S08:0:21	77	死亡率の計算だけは間違って\nいなかったようだな！\nうむ　うむ　よし撤収じゃ！！{08}	사망률 계산만은 안 틀렸던\n모양이군!\n음 음 좋아 철수다!!{08}
S08:0:22	30	やっぱりこうなっちゃうんだね{08}{0c}	역시 이렇게 되는구나{08}{0c}
S08:0:23	49	……もう　そのへんは\nどうでもよくなってきたわよ{08}{0c}	……이제 그런 건\n아무래도 좋아졌어{08}{0c}
S08:0:24	54	お　おまえらの常識と物理法則は\nどうなっているんだ！！{08}	너 너희 상식과 물리 법칙은\n대체 어떻게 된 거냐！！{08}
S08:1:0	34	{0c}まっ　また　わしの研究所がっ！！{08}	{0c}또 또 내 연구소가!!{08}
S08:1:1	43	{0c}や　やっぱり\nここはなくなる運命にあるのね{08}	{0c}여 역시\n여긴 없어질 운명인가 봐{08}
S08:1:2	70	{0c}無事なのが　わかったら\nはやく　あのおじいさんのところへ\nいこうぜ！！{08}	{0c}무사한 걸 알았으면\n얼른 그 할아버지한테\n가자!!{08}
S08:1:3	66	{0c}セニアのやつめ～！！\nだからケッコンなどしおって\n逃げたのかっ！！{08}	{0c}세니아 녀석～!!\n그래서 결혼 같은 걸 하고\n도망친 거냐!!{08}
S08:1:4	37	{0c}すこしづつ\n記憶がずれていくのね……{08}	{0c}조금씩\n기억이 어긋나 가네……{08}
S08:1:5	39	{0c}オレの家が……\n火傷もしちまったよ……{08}	{0c}내 집이……\n화상도 입었어……{08}
S08:1:6	32	{0c}わたしの家が燃えてしまいました{08}	{0c}우리 집이 타 버렸어요{08}
S08:1:7	54	{0c}笑おうとするのに\n泣けてきちゃうの……\n足も痛いし……{08}	{0c}웃으려고 해도\n눈물이 나……\n다리도 아프고……{08}
S08:1:8	39	{0c}ど　どうしてぇ\nなぜ　わたしの店が！？{08}	{0c}어 어째서\n왜 우리 가게가!?{08}
S08:1:9	26	{0c}ちょっと火傷しちゃったよ{08}	{0c}좀 데었어{08}
S08:1:10	30	{0c}なにが起こったのですか……？{08}	{0c}무슨 일이 일어난 거죠……?{08}
S08:1:11	47	{0c}ちくしょう！！\nキレイさっぱり燃えちまった！！{08}	{0c}젠장!!\n깨끗이 다 타 버렸어!!{08}
S08:1:12	22	{0c}きゃーっ　大変だわっ{08}	{0c}꺄악 큰일이야{08}
S08:1:13	24	{0c}これは……またすごいな{08}	{0c}이건……또 굉장하구나{08}
S08:1:14	43	{0c}いやーっ！！\nわたし　家に帰りたいよぉ！！{08}	{0c}싫어～！！\n나 집에 갈래！！{08}
S08:2:0	43	{0c}あれ　先生どうしたんですか\nつかれた顔して{08}	{0c}어라 선생님 왜 그러세요\n지친 얼굴로{08}
S08:2:1	72	{0c}……いいたいことが　山ほどあって\nどれからいえばいいのか\n悩んでるの！！{08}	{0c}……하고 싶은 말이 산더미라\n뭐부터 말해야 할지\n고민 중이야!!{08}
S08:2:2	47	{0c}いいじゃないですか\n生徒がケッコンしちゃっても{08}	{0c}괜찮잖아요\n학생이 결혼해도{08}
S08:2:3	70	{0c}それは　あの子の問題です\nあ～　もう新入生が入ってきて\n忙しいってのに{08}	{0c}그건 그 애 문제야\n아～ 이제 신입생이 들어와서\n바쁜데{08}
S08:2:4	32	{0c}都合の悪いことは忘れましょう！{08}	{0c}불리한 건 잊어버려요!{08}
S08:2:5	16	{0c}……また後でね{08}	{0c}……나중에 보자{08}
S08:2:6	66	{0c}でも{0d}{0d}{0d}　生徒に先を越されるって\nやっぱり　すごいショックだわ……{08}	{0c}그래도{0d}{0d}{0d} 학생한테 추월당하다니\n역시 엄청 충격이야……{08}
S08:2:7	10	{0c}…………{08}	{0c}…………{08}
S08:2:8	66	{0c}今年の新入生はおとなしいわね\nそれに比べて\n去年は大変だったわ……{08}	{0c}올해 신입생은 얌전하구나\n그에 비해\n작년엔 힘들었지……{08}
S08:2:9	78	{0c}わかりますわ　エマ先生……\nアンチたちってば\nほんとにそうぞうしいんだから……{08}	{0c}알아요 에마 선생님……\n안치네는\n정말 시끄러우니까……{08}
S08:2:10	70	{0c}……一番大変にしてくれた子が\n自覚してないってとこが\n困りものよね……{08}	{0c}……제일 힘들게 한 애가\n자각이 없다는 게\n곤란한 점이지……{08}
S08:2:11	53	{0c}エリーもレナも　もっと\n女の子らしくしなくちゃダメよ{08}	{0c}엘리도 레나도 좀 더\n여자답게 굴어야 해{08}
S08:2:12	86	{0c}あちこちから聞いた情報によると\n美形で背の高い新入生が\nここにいるとか聞きましたけど？{08}	{0c}여기저기서 들은 정보로는\n잘생기고 키 큰 신입생이\n여기 있다던데요?{08}
S08:2:13	88	{0c}あいかわらず耳が早いわね{0d}{0d}\nさっきまで看病していたけど\n何もいわずに出ていっちゃったわよ{08}	{0c}여전히 귀가 밝구나{0d}{0d}\n아까까지 간호했는데\n아무 말 없이 나가 버렸어{08}
S08:2:14	45	{0c}……イヤな予感がしますけど\nどんな子でした？{08}	{0c}……불길한 예감이 드는데\n어떤 애였어요?{08}
S08:2:15	92	{0c}色白で気の弱そうな子だったわね\nねえ　あなたたち　よかったら\n連れ戻してきてくれないかしら？{08}	{0c}하얗고 소심해 보이는 애였어\n있잖아 너희 괜찮으면\n데려와 주지 않을래?{08}
S08:2:16	43	{0c}えーっ　やですよ\nほっといても大丈夫ですよ{08}	{0c}에～ 싫어요\n내버려 둬도 괜찮아요{08}
S08:2:17	80	{0c}いままでやってきたことを\n帳消しにしてあげないことも\nありません……これでどう？{08}	{0c}지금까지 해 온 일을\n없던 걸로 해 줄 수도\n있어……이러면 어때?{08}
S08:2:18	30	{0c}……はぁい{0d}{0d}　わかりましたぁ{08}	{0c}……네에{0d}{0d} 알겠어요{08}
S08:2:19	97	{0c}男の子なのに緑色の髪だったわね{08}{0c}このくらいの事で帳消しになるかも\nしれないんだから　楽なものよ曖{08}	{0c}남자애인데 초록 머리였어{08}{0c}이 정도로 없던 일이 될지도\n모르니까 편한 거지♥{08}
S08:2:20	45	{0c}……なるかもでしょ？\nせんせ～のいじわるぅ～{08}	{0c}……될지도라고요?\n선생님 심술쟁이～{08}
S08:2:21	63	{0c}最初にいっておきたいんですが\nあれはわたしのせいじゃありません{08}	{0c}처음에 말해 두고 싶은데요\n그건 제 탓이 아니에요{08}
S08:2:22	37	{0c}あの男の子……\n魔族だったみたいです{08}	{0c}그 남자애……\n마족이었나 봐요{08}
S08:2:23	37	{0c}ええっ！？\nあのおとなしそうな子が？{08}	{0c}뭐!?\n그 얌전해 보이던 애가?{08}
S08:2:24	66	{0c}それで　今からオレたちは\nその新入生を\n真の男にするつもりなんです{08}	{0c}그래서 지금부터 저희는\n그 신입생을\n진정한 사나이로 만들 겁니다{08}
S08:2:25	68	{0c}……ぜんぜん話が\nわからないけど{08}{0c}と　とにかく\nみんな気をつけてね！{08}	{0c}……전혀 얘기가\n이해가 안 되지만{08}{0c}아 아무튼\n다들 조심하렴!{08}
S08:2:26	55	{0c}あの男の子が魔族……？\nなんだか　信じられないわね……{08}	{0c}그 남자애가 마족……?\n왠지 믿기지 않는구나……{08}
S08:2:27	49	{0c}魔族から生徒を救い出したのは\n君たちなんだってね{08}	{0c}마족한테서 학생들을 구한 게\n너희라며{08}
S08:2:28	28	{0c}なかなか正しい情報じゃない{08}	{0c}꽤 정확한 정보네{08}
S08:2:29	45	{0c}多数決で決定されたことに\nぼくは弱いんだ……{08}	{0c}다수결로 정해진 일에\n나는 약해……{08}
S08:2:30	51	{0c}……ぼくはそう思いたくないんだ\nって聞こえるわねぇ{08}	{0c}……나는 그렇게 생각하고 싶지\n않다고 들리는데{08}
S08:2:31	80	{0c}でもぼくを助けてくれたのは\nまぎれもなくエリーくんだった\nありがとう　エリーくん{08}	{0c}그래도 날 구해 준 건\n틀림없이 엘리 군이었어\n고마워 엘리 군{08}
S08:2:32	43	{0c}ちょっと！！\nわたしだって　いたでしょ！！{08}	{0c}잠깐!!\n나도 있었거든!!{08}
S08:2:33	90	{0c}みんなが卒業してしまうと\n生徒会も人手不足になるね{08}{0c}エリーくん　役員に\nなってみないかい？{08}	{0c}다들 졸업하면\n학생회도 일손이 모자라겠어{08}{0c}엘리 군 임원이\n돼 보지 않을래?{08}
S08:2:34	18	{0c}おことわりします{08}	{0c}거절할게요{08}
S08:2:35	39	{0c}ど　どうしてレナくんが\n答えるんだ……{08}	{0c}왜 왜 레나 군이\n대답하는 거야……{08}
S08:2:36	39	{0c}新しい役員をえらばないと\nいけないなぁ{08}	{0c}새 임원을 뽑아야\n하는데{08}
S08:2:37	47	{0c}ぼくのおかげで\nこの学園は守れたようなものだよ{08}	{0c}내 덕분에\n이 학원을 지킨 거나 다름없어{08}
S08:2:38	24	{0c}逃げ回ってたの見たわよ{08}	{0c}도망 다니는 거 봤거든{08}
S08:2:39	26	{0c}……どうして　それを！！{08}	{0c}……어떻게 그걸!!{08}
S08:2:40	16	{0c}もちろんウソ曖{08}	{0c}물론 거짓말♥{08}
S08:2:41	49	{0c}つまらないことをいったら\nバシバシつっこむからね{08}	{0c}시시한 소리 하면\n팍팍 태클 걸 거야{08}
S08:2:42	43	{0c}は　話が関係のない方向へ\nずれていくぞ！！{08}	{0c}얘 얘기가 관계없는 쪽으로\n새고 있잖아!!{08}
S08:2:43	59	{0c}まさか　セニアさんが結婚して\n学園を去ってしまうなんて……{08}	{0c}설마 세니아 씨가 결혼해서\n학원을 떠나다니……{08}
S08:2:44	39	{0c}わ　わたしも\n驚いているんですけれどね{08}	{0c}저 저도\n놀랐어요{08}
S08:2:45	26	{0c}そんな気はしていたんです{08}	{0c}그럴 것 같긴 했어요{08}
S08:2:46	37	{0c}……やっぱり\n予想してたんですね……{08}	{0c}……역시\n예상하셨군요……{08}
S08:2:47	50	{0c}エルノラさんって\n好きなひととか\nいないんですか？{08}	{0c}엘노라 씨는\n좋아하는 사람\n없어요?{08}
S08:2:48	62	{0c}ええ……いません{0d}{0d}\nわたくしは　お見合いでと\n決めていますので{08}	{0c}네……없어요{0d}{0d}\n저는 맞선으로 하기로\n정했거든요{08}
S08:2:49	10	{0c}…………{08}	{0c}…………{08}
S08:2:50	45	{0c}どうも　今年の新入生は\n元気がないようですね{08}	{0c}아무래도 올해 신입생은\n기운이 없네요{08}
S08:2:51	24	{0c}……まあ　それは　その{08}	{0c}……뭐 그건 그게{08}
S08:2:52	41	{0c}前の年が\nさわがしかっただけじゃないのか{08}	{0c}작년이\n소란스러웠던 것뿐 아니냐{08}
S08:2:53	16	{0c}なにかいった？{08}	{0c}뭐라고 했어?{08}
S08:2:54	59	{0c}なんでもエマ先生のところへ\n運ばれた新入生もいるそうですね{08}	{0c}듣자 하니 에마 선생님께\n실려 간 신입생도 있대요{08}
S08:2:55	72	{0c}なっ　軟弱な！\nだから　今年はイアソン先生に\n弟子が入ってこないんだ！！{08}	{0c}나 나약하다!\n그러니 올해는 이아손 선생님께\n제자가 안 들어오는 거다!!{08}
S08:2:56	30	{0c}それと　これとは別問題でしょ{08}	{0c}그거랑 이건 다른 문제잖아{08}
S08:2:57	41	{0c}あっ　大丈夫だったのですね\nよかった……{08}	{0c}앗 괜찮으셨군요\n다행이다……{08}
S08:2:58	43	{0c}大丈夫ですよ\nそんなヤワじゃありませんから{08}	{0c}괜찮아요\n그렇게 약하지 않으니까요{08}
S08:2:59	86	{0c}いえ　そういう意味ではなくて\nレナさんが　犯人だったら\n出歩いてなどいられないと思って{08}	{0c}아뇨 그런 뜻이 아니라\n레나 씨가 범인이었다면\n돌아다니지 못했을 거라서{08}
S08:2:60	10	{0c}…………{08}	{0c}…………{08}
S08:2:61	57	{0c}でも　なんでもレナさんのせいに\nするのはよくありませんね{08}	{0c}그래도 뭐든 레나 씨 탓으로\n하는 건 안 좋죠{08}
S08:2:62	10	{0c}…………{08}	{0c}…………{08}
S08:2:63	68	{0c}ぼくは　もう卒業だから……\nみんな元気でね\nなんだか　はずかしいけど{08}	{0c}나는 이제 졸업이니까……\n다들 잘 지내\n왠지 쑥스럽지만{08}
S08:2:64	24	{0c}卒業できてよかった……{08}	{0c}졸업할 수 있어서 다행이다……{08}
S08:2:65	51	{0c}これは　ぼくの先行きを\n暗示しているのかもしれない{08}	{0c}이건 내 앞날을\n암시하는 걸지도 몰라{08}
S08:2:66	83	{0c}セニアくんがいなくなって\nおとなしくなったろうと思ったら{0d}\nブレードくん……君までか{08}	{0c}세니아 군이 없어져서\n얌전해졌나 했더니{0d}\n블레이드 군……너까지냐{08}
S08:2:67	33	{0c}が　学園長\nオレは違います！！！{08}	{0c}하 학원장님\n저는 아닙니다!!!{08}
S08:2:68	72	{0c}そうなんです\nこのあいだの事件も　ブレードが\nどうしてもと聞かなくて……{08}	{0c}맞아요\n저번 사건도 블레이드가\n꼭 해야 한다고 안 들어서……{08}
S08:2:69	78	{0c}……わかった{0d}{0d}\nレナくんを　どうにかしないかぎり\nどうにもならんというわけだな{08}	{0c}……알았다{0d}{0d}\n레나 군을 어떻게 하지 않는\n한 어쩔 수 없다는 거군{08}
S08:2:70	32	{0c}もう　なにをいってもダメ……？{08}	{0c}이제 뭘 말해도 안 돼요……?{08}
S08:2:71	24	{0c}そういうことになるかな{08}	{0c}그렇게 되겠구나{08}
S08:2:72	37	{0c}こんどはなにかね？{0d}{0d}\n……エリーくん{08}	{0c}이번엔 뭐냐?{0d}{0d}\n……엘리 군{08}
S08:2:73	72	{0c}じつは　エマ先生に\nいなくなった新入生を\nさがすようにお願いされたんです{08}	{0c}실은 에마 선생님께\n없어진 신입생을\n찾아 달라고 부탁받았어요{08}
S08:2:74	29	{0c}そうか　よし\nがんばりなさい{08}	{0c}그런가 좋다\n힘내거라{08}
S08:2:75	18	{0c}あの……学園長？{08}	{0c}저기……학원장님?{08}
S08:2:76	53	{0c}……反省した顔をしてみなさい{0d}{0d}\n心から反省した顔だぞ{08}	{0c}……반성하는 얼굴을 해 보거라{0d}{0d}\n진심으로 반성하는 얼굴이다{08}
S08:2:77	10	{0c}…………{08}	{0c}…………{08}
S08:2:78	22	{0c}……出直してきなさい{08}	{0c}……다시 오너라{08}
S08:2:79	78	{0c}この前は　ありがとう\n魔族に裸にされて変なことされたら\nどうしようかと思ったよ{08}	{0c}저번엔 고마웠어\n마족한테 벗겨져서 이상한 일\n당하면 어쩌나 했어{08}
S08:2:80	68	{0c}今回の新入生は\nみんな　どっかしらの先生に\n弟子入りしてくれるかなぁ{08}	{0c}이번 신입생들은\n다들 어느 선생님께든\n제자로 들어가려나{08}
S08:2:81	53	{0c}学園長はいき先も告げずに\n出かけていってしまったよ！{08}	{0c}학원장님은 행선지도 안 말하고\n나가 버리셨어!{08}
S08:2:82	37	{0c}そうそう\nレナにこの魔法を教えるわね{08}	{0c}그래그래 레나한테\n이 마법을 가르쳐 줄게{08}
S08:2:83	26	{0c}レナはメイミャクを覚えた{08}	{0c}레나는 메이먀쿠를 익혔다{08}
S08:2:84	30	{0c}メイミャクは状態回復の魔法よ{08}	{0c}메이먀쿠는 상태 회복 마법이야{08}
S08:2:85	43	{0c}こういうのはエマ先生の\n得意な魔法ですよね{08}	{0c}이런 건 에마 선생님\n특기 마법이죠{08}
S08:2:86	80	{0c}そうね　でも本当はあなたたちに\nこういう魔法が必要になることを\nしてほしくないの{08}	{0c}그래 하지만 사실은 너희가\n이런 마법이 필요한 일을\n안 했으면 좋겠어{08}
S08:2:87	24	{0c}はぁい　気をつけまぁす{08}	{0c}네에 조심할게요～{08}
S08:2:88	64	{0c}そうだ　待ちたまえ\nエリーくんとレナくんの\n合体魔法を認定しよう{08}	{0c}그렇지 기다리거라\n엘리 군과 레나 군의\n합체 마법을 인정해 주마{08}
S08:2:89	41	{0c}エリーとレナは\nマジカルチャームを覚えた{08}	{0c}엘리와 레나는\n매지컬참을 익혔다{08}
S08:2:90	61	{0c}これは相手を魅了する魔法だ\n男子生徒に使ったりしないようにな{08}	{0c}이건 상대를 매료하는 마법이다\n남학생한테 쓰거나 하지 말도록{08}
S08:2:91	76	{0c}でも学園長……\nわたし　モンスターにもてても\nあんまり　嬉しくありません……{08}	{0c}그래도 학원장님……\n저 몬스터한테 인기 있어도\n별로 안 기뻐요……{08}
S08:2:92	43	{0c}エリーとレナは\nラブリーチアガールを覚えた{08}	{0c}엘리와 레나는\n러블리치어걸을 익혔다{08}
S08:2:93	117	{0c}ラブリーチアガールは仲間を\n応援する魔法だ{08}{0c}レナくんはこういう魔法を\n使えるんだから　その才能を\nもっと大事にしたまえ{08}	{0c}러블리치어걸은 동료를\n응원하는 마법이다{08}{0c}레나 군은 이런 마법을\n쓸 수 있으니 그 재능을\n더 소중히 하거라{08}
S08:2:94	45	{0c}そうですよね　学園長\nわたしもそう思うんです{08}	{0c}그렇죠 학원장님\n저도 그렇게 생각해요{08}
S08:2:95	10	{0c}…………{08}	{0c}…………{08}
S08:2:96	55	{0c}よし　エリーくんとブレードくんの\n合体魔法を認定しよう{08}	{0c}좋아 엘리 군과 블레이드 군의\n합체 마법을 인정해 주마{08}
S08:2:97	47	{0c}エリーとブレードは\nブレードダイビングを覚えた{08}	{0c}엘리와 블레이드는\n블레이드다이빙을 익혔다{08}
S08:2:98	130	{0c}この魔法は\nブレードラウンチャーを\nさらに強力にアレンジしたものだ{08}{0c}合体魔法はきみたちの\n協力の成果でもある\nこれからも精進したまえ{08}	{0c}이 마법은\n블레이드런처를\n더욱 강력하게 다듬은 것이다{08}{0c}합체 마법은 너희\n협력의 성과이기도 하지\n앞으로도 정진하도록{08}
S08:3:0	51	{0c}セニアちゃんが帰っちゃうと\nなんだか　さびしいねぇ{08}	{0c}세니아가 돌아가 버리니\n왠지 쓸쓸하구나{08}
S08:3:1	39	{0c}うん……さびしいけど\nしかたないもんね{08}	{0c}응……쓸쓸하지만\n어쩔 수 없죠{08}
S08:3:2	49	{0c}うん　レナなんか\n寝言でセニアの名前を呼んでたし{08}	{0c}응 레나는 잠꼬대로\n세니아 이름을 불렀어요{08}
S08:3:3	30	{0c}そ　そんなことしてないわよ！{08}	{0c}그 그런 적 없거든!{08}
S08:3:4	50	{0c}ふと思ったんだが……{0d}\nどうして本人がわかるんだ？{08}	{0c}문득 생각했는데……{0d}\n그걸 왜 본인이 아냐?{08}
S08:3:5	72	{0c}あらあら　セニアちゃんの代わりに\nすっかり　いついちまったのかい\nあんた{08}	{0c}어머어머 세니아 대신\n완전히 눌러앉아 버렸구나\n너{08}
S08:3:6	22	{0c}あ　ああ……そうです{08}	{0c}아 아아……그렇습니다{08}
S08:3:7	82	{0c}なーに　固くなってんだよ！\nもっとリラックスしてやらないと\nなにもできやしないよ！{08}	{0c}뭘 굳어 있니!\n좀 더 편하게 하지 않으면\n아무것도 못 한단다!{08}
S08:3:8	20	{0c}{0d}{0d}そっ　そうか！！{08}	{0c}{0d}{0d}그 그런가!!{08}
S08:3:9	32	{0c}なんだい　急に元気になったねえ{08}	{0c}뭐니 갑자기 기운 넘치네{08}
S08:3:10	47	{0c}わたしたちとは\nちがう生き物だと思ってください{08}	{0c}저희랑은\n다른 생물이라고 생각하세요{08}
S08:3:11	18	{0c}あんたたちっ！！{08}	{0c}너희!!{08}
S08:3:12	20	{0c}ご　ごめんなさ～い{08}	{0c}죄 죄송해요～{08}
S08:3:13	82	{0c}別にあやまらなくてもいいよ\nあんたたちさえ無事ならね\n……どうしたのかと心配したよ{08}	{0c}딱히 사과 안 해도 돼\n너희만 무사하다면\n……어떻게 된 줄 걱정했어{08}
S08:3:14	34	{0c}おばさん……ほんとにごめんなさい{08}	{0c}아줌마……정말 죄송해요{08}
S08:3:15	30	{0c}ごめんなさい　ステラおばさん{08}	{0c}죄송해요 스텔라 아줌마{08}
S08:3:16	59	{0c}あんたたちが無事ならいいのさ\n……どうしたのかと心配したよ{08}	{0c}너희가 무사하면 됐어\n……어떻게 된 줄 걱정했어{08}
S08:3:17	41	{0c}助かったぜ！\nこれで借りができちまったな{08}	{0c}살았다!\n이걸로 빚이 생겨 버렸군{08}
S08:3:18	51	{0c}新入生さがしてんのか？\nいやー　今年は不作らしいぜ{08}	{0c}신입생 찾아?\n야～ 올해는 흉작이래{08}
S08:3:19	61	{0c}ここが無事でよかったぜ……\nとりあえず飯にはありつけるもんな{08}	{0c}여기가 무사해서 다행이다……\n일단 밥은 먹을 수 있으니까{08}
S08:3:20	70	{0c}うーん　理由を聞いた後だと\nどうしてさらわれなかったんだろう\nと思うね{08}	{0c}으음 이유를 듣고 나니\n왜 나는 안 납치됐을까\n싶네{08}
S08:3:21	28	{0c}新入生に女の子はいたかい？{08}	{0c}신입생 중에 여자애 있었어?{08}
S08:3:22	54	{0c}とうとう命運つきたか……{0d}{0d}{0d}\nえっ　ここは燃えてない？{08}	{0c}드디어 명운이 다했나……{0d}{0d}{0d}\n어 여긴 안 탔어?{08}
S08:3:23	72	{0c}男の生徒ばかりさらって\nどうするつもりだったんだろう……\nまっ　まさか！{08}	{0c}남학생만 납치해서\n어쩔 셈이었을까……\n서 설마!{08}
S08:3:24	63	{0c}男の道場なんか　大変そうだね\n新入生なんかこないんじゃないの？{08}	{0c}사나이 도장은 힘들어 보이네\n신입생 같은 거 안 오지?{08}
S08:3:25	37	{0c}な　なんだか\n派手なショーだったねぇ{08}	{0c}뭐 뭔가\n화려한 쇼였구나{08}
S08:3:26	76	{0c}新入生か　オレ様も\nいよいよ先輩になるわけだ\n新しい子分でも探しにいくかなぁ{08}	{0c}신입생이라 이 몸도\n드디어 선배가 되는구나\n새 부하라도 찾으러 가 볼까{08}
S08:3:27	49	{0c}あんた達の子分になるような\n新入生がいるかしら？{08}	{0c}너희 부하가 될 만한\n신입생이 있을까?{08}
S08:3:28	68	{0c}フンッ！　まぁ見ていろ\nゆうしゅうな子分をガッチリ\nつかんでやるぞ！{08}	{0c}흥! 뭐 두고 봐라\n우수한 부하를 꽉\n잡아 주마!{08}
S08:3:29	27	{0c}女の子の子分も\nいいかもな{08}	{0c}여자애 부하도\n괜찮겠다{08}
S08:3:30	72	{0c}あんた　なにやってんのよ\nヒマなら　ダディス先生を\n手伝ってあげなさいよ{08}	{0c}너 뭐 하는 거야\n한가하면 다디스 선생님\n좀 도와드려{08}
S08:3:31	68	{0c}なんだぁ　そういうおめえらは\nなにやってんだよ\nサボってんじゃねえぜ{08}	{0c}뭐야 그러는 너희는\n뭐 하는데\n땡땡이치지 마라{08}
S08:3:32	66	{0c}おい　おまえ！……\nオレに斬られたくなかったら\nイアソン道場に入れ{08}	{0c}어이 너!……\n나한테 베이기 싫으면\n이아손 도장에 들어와라{08}
S08:3:33	43	{0c}そうやって　おどかすのはダメだよ\nブレード{08}	{0c}그렇게 겁주면 안 돼\n블레이드{08}
S08:3:34	35	{0c}……す　すまん\n悪気はなかったんだ{08}	{0c}……미 미안하다\n악의는 없었다{08}
S08:3:35	84	{0c}なっ　なんだぁ　こいつ……\nや　やるなら　１対１だぜ\nそれ以外は　お　女のやることさ{08}	{0c}뭐 뭐야 이 녀석……\n하 할 거면 １대１이다 그\n외엔 여 여자나 하는 짓이지{08}
S08:3:36	62	{0c}なさけないわねーっ\n女にばっかり\nでかい顔してるんじゃないわよ{08}	{0c}한심하다～\n여자한테만\n큰소리치지 마{08}
S08:3:37	28	{0c}い　命だけは助けてくれ！！{08}	{0c}모 목숨만은 살려 줘!!{08}
S08:3:38	49	{0c}き　貴様ァ……\nオレたちがやったと思っているな！{08}	{0c}네 네 이놈……\n우리가 한 줄 아는구나!{08}
S08:3:39	39	{0c}こいつにだけは\nそう思わしておきましょ{08}	{0c}얘한테만은\n그렇게 생각하게 두자{08}
S08:3:40	62	{0c}お　おまえたちが\nここまでするとは……\nオレ様が悪かったぜ！！{08}	{0c}너 너희가\n이렇게까지 하다니……\n이 몸이 잘못했다!!{08}
S08:3:41	22	{0c}あー　おもしろいわぁ{08}	{0c}아～ 재밌다{08}
S08:3:42	41	{0c}こんなところで\n油を売っていていいのか？{08}	{0c}이런 데서\n노닥거려도 되냐?{08}
S08:3:43	47	{0c}あれ？　あんたらも新しい子分が\nできたっスか？{08}	{0c}어라? 너희도 새 부하가\n생겼어요?{08}
S08:3:44	62	{0c}誰が子分だ？\n返答次第によっては\n斬って捨てるから　そう思え！{08}	{0c}누가 부하냐?\n대답 여하에 따라선\n베어 버릴 테니 그리 알아라!{08}
S08:3:45	39	{0c}あたり～曖\nでも　貸してあげないからね{08}	{0c}정답～♥\n그래도 안 빌려줄 거야{08}
S08:3:46	10	{0c}…………{08}	{0c}…………{08}
S08:3:47	72	{0c}な　なんか文句あるっスか！\n文句ならアンチのアニキを\n通してくれっス！！{08}	{0c}뭐 뭐 불만 있어요!\n불만이면 안치 형님을\n통해 주세요!!{08}
S08:3:48	67	{0c}リック　それ情けなさすぎるよ……\nあんたほんとにケッコンできんの？{08}	{0c}릭 그건 너무 한심해……\n너 정말 결혼할 수 있겠어?{08}
S08:3:49	45	{0c}なあ……おまえも\n真の男をめざしてみないか？{08}	{0c}이봐……너도 진정한\n사나이를 목표해 보지 않겠냐?{08}
S08:3:50	66	{0c}と　とつぜん　なんスか？\n真の男なら　アンチのアニキが\nそうっスよ{08}	{0c}가 갑자기 뭐예요?\n진정한 사나이라면 안치 형님이\n그렇죠{08}
S08:3:51	76	{0c}他人のことなど　どうでもいい！\nおまえが真の男になれる\nチャンスなんだぞ！！{08}	{0c}남 얘긴 아무래도 좋다!\n네가 진정한 사나이가 될\n기회라고!!{08}
S08:3:52	24	{0c}ほっ　ほんとっスか！？{08}	{0c}저 정말요!?{08}
S08:3:53	41	{0c}そうだ！！\nイアソン先生の弟子になればな{08}	{0c}그렇다!! 이아손\n선생님 제자가 되면 말이지{08}
S08:3:54	34	{0c}あのむさ苦しい道場だけはイヤっス{08}	{0c}그 땀내 나는 도장만은 싫어요{08}
S08:3:55	18	{0c}た　叩っ斬る！！{08}	{0c}베 베어 주마!!{08}
S08:3:56	58	{0c}はい　そこまで！\n最初から無駄なこと\nするんじゃないの！！{08}	{0c}자 거기까지!\n처음부터 쓸데없는 짓\n하지 마!!{08}
S08:3:57	70	{0c}そ　そうか……す　すまん\nだが　できれば最初から\n止めてほしかった……{08}	{0c}그 그런가……미 미안하다\n하지만 가능하면 처음부터\n말려 줬으면 했다……{08}
S08:3:58	63	{0c}すっ　すごいものを見たっス！\nア　アネキと呼んでもいいっスか！{08}	{0c}대 대단한 걸 봤어요!\n누 누님이라고 불러도 돼요!{08}
S08:3:59	20	{0c}ぜったいに　ダメ！{08}	{0c}절대 안 돼!{08}
S08:3:60	41	{0c}ダメっスか……\nどうせ　おいらなんて……{08}	{0c}안 돼요……\n어차피 저 같은 건……{08}
S08:3:61	46	{0c}そうやって\nじわじわと責めるの\nやめてくれる？{08}	{0c}그렇게\n야금야금 괴롭히는 거\n그만할래?{08}
S08:3:62	45	{0c}セニアが帰っちゃって\nレナもつまんなそうだね{08}	{0c}세니아가 돌아가서\n레나도 심심해 보이네{08}
S08:3:63	68	{0c}まあね　なんとか\nこいつが代わりにならないかなと\n思ってるんだけどね{08}	{0c}뭐 그렇지 어떻게든\n얘가 대신이 안 되나\n생각 중인데{08}
S08:3:64	43	{0c}そ　それはもしかして\nオ　オレのことか！？{08}	{0c}그 그건 혹시\n나 나 말이냐!?{08}
S08:3:65	14	{0c}う　うん……{08}	{0c}으 응……{08}
S08:3:66	66	{0c}でも　ケッコンかぁ\n同じ年なのにすごいよな\nセニアのこと見直したよ{08}	{0c}그래도 결혼이라\n같은 나이인데 대단하다\n세니아 다시 봤어{08}
S08:3:67	30	{0c}なに　３人してサボってんのよ{08}	{0c}셋이서 뭘 땡땡이치는 거야{08}
S08:3:68	84	{0c}いや　ここでゴロゴロするくせが\nすっかりついちゃってね\nいま一応　努力はしているんだ{08}	{0c}아니 여기서 뒹구는 버릇이\n완전히 들어 버려서\n지금 일단 노력은 하고 있어{08}
S08:3:69	54	{0c}ダディス先生\n新入生が入ってきて\nてんてこまいなのよ？{08}	{0c}다디스 선생님\n신입생이 들어와서\n정신없으시다고?{08}
S08:3:70	55	{0c}レナだってサボってんだから\n心配いらないよ{0d}\n……だろ？{08}	{0c}레나도 땡땡이치니까\n걱정 없어{0d}\n……그렇지?{08}
S08:3:71	20	{0c}ははは……ま～ね～{08}	{0c}하하하……뭐 그렇지～{08}
S08:3:72	62	{0c}なぁ　クール……\n男の道場で真の男を\n目指してみる気はないか？{08}	{0c}이봐 쿨……\n사나이 도장에서 진정한\n사나이가 돼 볼 생각 없냐?{08}
S08:3:73	8	{0c}ないよ{08}	{0c}없어{08}
S08:3:74	18	{0c}そっ　そうか……{08}	{0c}그 그런가……{08}
S08:3:75	41	{0c}ここが無事なら\nぼくは　いうことはないよ{08}	{0c}여기만 무사하면\n나는 할 말 없어{08}
S08:3:76	33	{0c}じつはクールも\n驚いていたでしょ{08}	{0c}실은 쿨도\n놀랐지?{08}
S08:3:77	45	{0c}ま　まあ　ぼくだって\n普通の人並みには驚くさ{08}	{0c}뭐 뭐 나도\n보통 사람만큼은 놀라지{08}
S08:3:78	62	{0c}イナカの人は\nケッコンするのが早いのね\nまったくあきれちゃうわ{08}	{0c}시골 사람들은\n결혼이 빠르네요\n정말 어이없어요{08}
S08:3:79	30	{0c}ホントはうらやましいんでしょ{08}	{0c}사실은 부럽지?{08}
S08:3:80	94	{0c}あら　わたくしはゼンゼン\nうらやましくなんかないですわ{08}{0c}ヤバン人の\nだんな様なんていやですわ！{08}	{0c}어머 저는 전혀\n안 부러워요{08}{0c}야만인\n남편 같은 건 싫어요!{08}
S08:3:81	55	{0c}そんなこといってるけど\nホントはうらやましいんでしょ！{08}	{0c}그렇게 말해도\n사실은 부럽지!{08}
S08:3:82	41	{0c}そ　そんなことは\nありませんわよ！！！！{08}	{0c}그 그런 거\n아니거든요!!!!{08}
S08:3:83	49	{0c}ケッコンなんて\nゼンゼンうらやましくないですわ！{08}	{0c}결혼 따위\n전혀 안 부러워요!{08}
S08:3:84	76	{0c}ところで　どうしてわたくしの\n部屋に男の方が勝手に入って\nきているのかしら？{08}	{0c}그런데 왜 제\n방에 남자분이 멋대로\n들어와 있는 거죠?{08}
S08:3:85	47	{0c}見てわかんないの？\nわたしの新しい子分だからよ{08}	{0c}보면 몰라?\n내 새 부하니까{08}
S08:3:86	80	{0c}答えになっていませんわ！\nわたくしは　早く出ていってほしい\nといっているんです！{08}	{0c}대답이 안 됐어요!\n저는 얼른 나가 달라고\n하는 거예요!{08}
S08:3:87	32	{0c}早く出ていってくださらない！？{08}	{0c}얼른 나가 주시겠어요!?{08}
S08:3:88	74	{0c}ねえブレード\n２階は女の子だけだから　真の男を\n目指せる人はいないと思うよ{08}	{0c}있잖아 블레이드\n２층은 여자애들뿐이라 진정한\n사나이 후보는 없을 거야{08}
S08:3:89	39	{0c}そ　そうか\nそれじゃあ他の場所を探すか{08}	{0c}그 그런가\n그럼 다른 데를 찾자{08}
S08:3:90	59	{0c}なっ　なんですか　あなたたちは！\nあっちへいってくれます！{08}	{0c}뭐 뭐예요 당신들은!\n저리 가 주실래요!{08}
S08:3:91	30	{0c}……なに　あんた泣いてたの？{08}	{0c}……뭐야 너 울었어?{08}
S08:3:92	30	{0c}な　泣いてなんかいませんわ！{08}	{0c}우 울긴 누가 울어요!{08}
S08:3:93	59	{0c}レイラだって　恐かったんだろうし\nほうっておいてあげようよ{08}	{0c}레이라도 무서웠을 테니\n내버려 두자{08}
S08:3:94	61	{0c}し　しつこい人たちですわね！\nだから泣いてなどいませんわ！！{08}	{0c}끄 끈질긴 사람들이네요!\n그러니까 안 울었다니까요!!{08}
S08:3:95	39	{0c}はいはい\nそういうことにしてあげるわよ{08}	{0c}네네\n그런 걸로 해 줄게{08}
S08:3:96	32	{0c}ふん　これだから女はダメなんだ{08}	{0c}흥 이래서 여자는 안 된다{08}
S08:3:97	30	{0c}ブレード　それはちがうと思う{08}	{0c}블레이드 그건 아닌 것 같아{08}
S08:3:98	20	{0c}と　当然ですわ！！{08}	{0c}다 당연하죠!!{08}
S08:3:99	30	{0c}わ　わけのわからない展開……{08}	{0c}이 이해 안 되는 전개……{08}
S08:3:100	61	{0c}セニアがケッコンですって～ぇ\nわたしはゆるした覚えないわよ！{08}	{0c}세니아가 결혼이라고～\n나는 허락한 기억 없어!{08}
S08:3:101	47	{0c}わたしも　男の子と\nイェンを散歩したいなぁ……{08}	{0c}나도 남자애랑\n옌을 산책하고 싶다……{08}
S08:3:102	68	{0c}また活躍できなかった……\nわたしが活躍できる場所は\nどこなのかしら？{08}	{0c}또 활약 못 했어……\n내가 활약할 곳은\n어디일까?{08}
S08:3:103	78	{0c}あ～あ　いいなあ　セニアは……\nわたしもブラウンさんと\nケッコンしたいなぁ……{08}	{0c}아～아 좋겠다 세니아는……\n나도 브라운 씨랑\n결혼하고 싶어……{08}
S08:3:104	37	{0c}ブラウンさんは\nどうしているのかしら{08}	{0c}브라운 씨는\n어떻게 지낼까{08}
S08:3:105	55	{0c}わたしなんかより……\nブラウンさんは無事なのかしら！？{08}	{0c}나보다……\n브라운 씨는 무사할까!?{08}
S08:3:106	45	{0c}レイラったら陰で\n思い切りくやしがってたわよ{08}	{0c}레이라가 뒤에서\n엄청 분해했어{08}
S08:3:107	39	{0c}どうにかして\nレイラを負かせないかしら{08}	{0c}어떻게든\n레이라를 이길 수 없을까{08}
S08:3:108	65	{0c}レイラのやつ\n恐い恐いって叫んでたわよ{0d}\n……わたしも恐かったけど{08}	{0c}레이라 걔\n무섭다 무섭다 하고 소리쳤어{0d}\n……나도 무서웠지만{08}
S08:4:0	83	{0c}で　どうだったのだ　ブレード{0d}\n……と聞きたいところだが\nどうして　その２人がいる？{08}	{0c}그래 어땠냐 블레이드{0d}\n……하고 묻고 싶다만\n왜 그 둘이 있냐?{08}
S08:4:1	92	{0c}なにいってるんですか　先生\nわたしたち　イアソン先生のために\nじゃまをしているところですよ曖{08}	{0c}무슨 말씀이세요 선생님\n저희 이아손 선생님을 위해\n방해하는 중이에요♥{08}
S08:4:2	31	{0c}そうか　それならかまわ……{08}{0c}き	{0c}그런가 그렇다면 상관없……{08}{0c}네
S08:4:3	45	　貴様！！{0d}{0d}{0d}\nさっさと　ここから出ていけ！！{08}	　네놈!!{0d}{0d}{0d}\n얼른 여기서 나가라!!{08}
S08:4:4	56	{0c}去年のこと\n思い出しますね　イアソン先生\nもう　テレ……{08}	{0c}작년 일이\n생각나네요 이아손 선생님\n또 테레……{08}
S08:4:5	72	{0c}そっ　そこにいる分にはよし！！\nおまえのテレるくせは\n直ったようだな！！{08}	{0c}거 거기 있는 건 좋다!!\n네 부끄러워하는 버릇은\n고쳐진 모양이구나!!{08}
S08:4:6	58	{0c}イアソン先生！\n見つかりませんでした……\n申し訳ありません{08}	{0c}이아손 선생님!\n못 찾았습니다……\n죄송합니다{08}
S08:4:7	49	{0c}……どうして今年は\n誰もいなくなってしまうのだ！{08}	{0c}……어째서 올해는\n다들 없어지는 거냐!{08}
S08:4:8	47	{0c}まーた　きびしいテストを\nやらせてるからですよ{08}	{0c}또 엄한 시험을\n시키니까 그렇죠{08}
S08:4:9	79	{0c}ばっ　ばかをいえ！！{0d}\n息を５分だけ止められるかどうか\nテストしているだけだ！！{08}	{0c}바 바보 소리 마라!!{0d}\n숨을 ５분만 참을 수 있는지\n시험할 뿐이다!!{08}
S08:4:10	18	{0c}死んじゃうよ……{08}	{0c}죽겠다……{08}
S08:4:11	55	{0c}よし　ブレード！{0d}\n続けて　新入生狩りを命ずる\n頼んだぞ{08}	{0c}좋아 블레이드!{0d}\n계속 신입생 사냥을 명한다\n부탁한다{08}
S08:4:12	30	{0c}はっ！　この命に代えましても{08}	{0c}넵! 이 목숨을 걸고서라도{08}
S08:4:13	45	{0c}イアソン先生さ……\n５分も　息止められるの？{08}	{0c}이아손 선생님\n５분이나 숨 참을 수 있어요?{08}
S08:4:14	26	{0c}当然だ　男ならみなできる{08}	{0c}당연하다 사나이라면 다 한다{08}
S08:4:15	45	{0c}イアソン先生なら\n子供も産めそうだもんね……{08}	{0c}이아손 선생님이라면 애도\n낳을 수 있을 것 같아……{08}
S08:4:16	82	{0c}そうか失敗したのか……{0d}{0d}\nと　納得してやりたいところだが\nひとつ気になることがある{08}	{0c}그런가 실패했군……{0d}{0d}\n하고 납득해 주고 싶다만\n하나 마음에 걸리는 게 있다{08}
S08:4:17	30	{0c}わたしは　なんにもしてません{08}	{0c}저는 아무것도 안 했어요{08}
S08:4:18	74	{0c}本当にそうなのか　エリー？\nブレードにも　レナにも\n落ち度はなかったのか？{08}	{0c}정말 그러냐 엘리?\n블레이드도 레나도\n잘못은 없었냐?{08}
S08:4:19	41	{0c}えーと　はい\n誰も悪くないと思います……{08}	{0c}음 네 아무도\n잘못 안 한 것 같아요……{08}
S08:4:20	43	{0c}そうか……\nエリーが　そういうなら信じよう{08}	{0c}그런가……\n엘리가 그렇게 말한다면 믿지{08}
S08:4:21	66	{0c}先生　すいませんでした！！\nこのオレがふがいないばかりに……{0d}{0d}{0d}{0d}{0d}\n	{0c}선생님 죄송했습니다!!\n이 제가 못난 탓에……{0d}{0d}{0d}{0d}{0d}\n
S08:4:22	15	うおおおーっ！{08}	우오오오～!{08}
S08:4:23	70	{0c}よしっ！！\nそれでこそ　オレの教え子だ！！\nその気合いを忘れるな！！！{08}	{0c}좋아!!\n그래야 내 제자지!!\n그 기합을 잊지 마라!!!{08}
S08:4:24	45	{0c}だ　誰か助けて\nこのわけのわからない世界……{08}	{0c}누 누가 좀 구해 줘\n이 이해 안 되는 세계……{08}
S08:4:25	74	{0c}イアソン先生！\nこのオレに　もう一度チャンスを\nください　お願いします！！{08}	{0c}이아손 선생님!\n저에게 한 번만 더 기회를\n주십시오 부탁드립니다!!{08}
S08:4:26	41	{0c}がんばれ　ブレード\nわたしもつきあうから{08}	{0c}힘내 블레이드\n나도 같이 할게{08}
S08:4:27	72	{0c}よ　よし！！\n美しい友情を見せてもらった\nいってくるがいい　ブレード！！{08}	{0c}조 좋아!!\n아름다운 우정을 보았다\n다녀오너라 블레이드!!{08}
S08:4:28	26	{0c}はい　イアソン先生！！！{08}	{0c}네 이아손 선생님!!!{08}
S08:4:29	26	{0c}死んだ気でいってこい！！{08}	{0c}죽을 각오로 다녀와라!!{08}
S08:4:30	18	{0c}はい　先生！！！{08}	{0c}네 선생님!!!{08}
S08:4:31	30	{0c}わたしは　もうつかれたよーぉ{08}	{0c}나는 이제 지쳤어～{08}
S08:4:32	51	{0c}イアソン先生……\nこんなところにいていいんですか？{08}	{0c}이아손 선생님……\n이런 데 계셔도 돼요?{08}
S08:4:33	92	{0c}ばかめ　オレを誰だと思っている\nとっくに　火を消し　避難誘導まで\nすませたから　こうしている{08}	{0c}바보 나를 누구로 보냐\n진작 불을 끄고 대피 유도까지\n끝냈으니 이러고 있는 거다{08}
S08:4:34	20	{0c}さ　さすが　先生！{08}	{0c}여 역시 선생님!{08}
S08:4:35	70	{0c}それよりブレード……\nどうして　あの新入生を\n連れてこなかったのだ！！{08}	{0c}그보다 블레이드……\n왜 그 신입생을\n데려오지 않았냐!!{08}
S08:4:36	77	{0c}……イアソン先生？{0d}\nあの商品だけは　ちょっと\nおすすめすることができませぇん{08}	{0c}……이아손 선생님?{0d}\n그 상품만은 좀\n추천해 드릴 수가 없어요～{08}
S08:4:37	84	{0c}あれほど骨のあるやつだ\nそうとうな使い手になるに違いない\nいいか　これは命令だぞ！！{08}	{0c}그만큼 뼈대 있는 녀석이다\n상당한 고수가 될 게 틀림없다\n알겠냐 이건 명령이다!!{08}
S08:4:38	28	{0c}は　はい　イアソン先生！！{08}	{0c}네 네 이아손 선생님!!{08}
S08:4:39	43	{0c}まあ　本人が\nそう思い込んでいるならいいか{08}	{0c}뭐 본인이\n그렇게 믿는다면 괜찮나{08}
S08:4:40	34	{0c}ぜんぜん　よくないと思うよ……？{08}	{0c}전혀 안 괜찮을 것 같은데?{08}
S08:4:41	75	{0c}レナたちがいれば\nさほど難しいことじゃないだろう{0d}\nいくがいい　ブレード！！{08}	{0c}레나네가 있으면\n그리 어려운 일은 아닐 거다{0d}\n가거라 블레이드!!{08}
S08:4:42	28	{0c}は　はい　イアソン先生！！{08}	{0c}네 네 이아손 선생님!!{08}
S08:4:43	74	{0c}あの新入生は相当な使い手になる！\nなんとしても\n男の道場に入門させるんだ！{08}	{0c}그 신입생은 상당한 고수가\n된다! 어떻게든\n사나이 도장에 입문시켜라!{08}
S08:4:44	64	{0c}ほら　新入生じゃない\nちょうどいいから\nつかまえちゃえばいいのに{08}	{0c}봐 신입생이잖아\n마침 잘됐으니\n잡아 버리면 될 텐데{08}
S08:4:45	30	{0c}なに！？　あっ　待て！！\n他の	{0c}뭐!? 앗 기다려!!\n다른
S08:4:46	19	道場のものだな！？{08}	도장 녀석이구나!?{08}
S08:4:47	39	{0c}……あんたは\nどういう教育受けてんのよ{08}	{0c}……너는\n무슨 교육을 받은 거야{08}
S08:4:48	50	図書館で見かけた新入生と\n同じ人だったような……？{08}	도서관에서 본 신입생이랑\n같은 사람이었던 것 같은……?{08}
S08:4:49	68	{0c}なんか　もう卒業するやつが\nいるらしいけど……\nひきょうだと思わん？{08}	{0c}뭔가 벌써 졸업하는 녀석이\n있다던데……\n치사하다고 생각 안 해?{08}
S08:4:50	45	{0c}卒業だけしたいな\nこのままなんにもしないでさ{08}	{0c}졸업만 하고 싶다\n이대로 아무것도 안 하고{08}
S08:4:51	28	{0c}はあ　ここは無事でよかった{08}	{0c}하아 여기가 무사해서 다행이다{08}
S08:4:52	61	{0c}やあ　君たち\nこの前は助かったよ{0d}\nところで卒業はいつだっけ？{08}	{0c}안녕 너희\n저번엔 살았어{0d}\n그런데 졸업이 언제였더라?{08}
S08:4:53	55	{0c}イアソン先生のことは\nある意味で　一生忘れないよな……{08}	{0c}이아손 선생님은 어떤\n의미로 평생 못 잊겠지……{08}
S08:4:54	64	{0c}ちくしょう！\nイアソン先生さえ命令してくれれば\nあんなやつは！！{08}	{0c}젠장!\n이아손 선생님이 명령만 해\n주시면 그런 녀석은!!{08}
S08:4:55	41	{0c}新入生か　よし\nとことんきたえてやるぜ！{08}	{0c}신입생이라 좋아\n철저히 단련해 주마!{08}
S08:4:56	30	{0c}はやく　こないかなあ　新入生{08}	{0c}얼른 안 오나 신입생{08}
S08:4:57	39	{0c}あ～あ\n火を消すの手伝わされちゃったよ{08}	{0c}아～아\n불 끄는 거 도와야 했어{08}
S08:4:58	41	{0c}ブレード……\nおまえに魔法剣を伝授しよう{08}	{0c}블레이드……\n너에게 마법검을 전수하마{08}
S08:4:59	26	{0c}ブレードは冷撃剣を覚えた{08}	{0c}블레이드는 냉격검을 익혔다{08}
S08:4:60	64	{0c}真の男には\n時として氷の冷たさも必要なのだ\nわかるな……ブレード{08}	{0c}진정한 사나이에겐\n때로 얼음의 차가움도 필요하다\n알겠냐……블레이드{08}
S08:4:61	62	{0c}炎の心だけでは\nダメなんですね\nわかりました！　イアソン先生！{08}	{0c}불꽃의 마음만으론\n안 되는군요\n알겠습니다! 이아손 선생님!{08}
S08:4:62	22	{0c}わたし　わかんな～い{08}	{0c}나는 모르겠어～{08}
S08:4:63	10	{0c}…………{08}	{0c}…………{08}
S08:4:64	51	{0c}ときにブレード……\n毎日素振りは欠かしていないな？{08}	{0c}그런데 블레이드…… 매일\n헛스윙은 거르지 않았겠지?{08}
S08:4:65	26	{0c}は　はい　イアソン先生！{08}	{0c}네 네 이아손 선생님!{08}
S08:4:66	60	{0c}よし　それでこそ\nオレの教え子だ！\nおまえに魔法剣を教えよう{08}	{0c}좋아 그래야\n내 제자지!\n너에게 마법검을 가르쳐 주마{08}
S08:4:67	37	{0c}ブレードは\nウィンドショットを覚えた{08}	{0c}블레이드는\n윈드샷을 익혔다{08}
S08:4:68	60	{0c}おまえにもいつか\n真の剣技というものが\n見えてくるだろう……{08}	{0c}너에게도 언젠가\n진정한 검술이라는 것이\n보이게 될 것이다……{08}
S08:5:0	74	{0c}セニアがいなくなって\n少しは　おとなしくなったかと\n期待していたんだが……{08}	{0c}세니아가 없어져서\n조금은 얌전해질까\n기대했는데……{08}
S08:5:1	32	{0c}先生　それは完全なまちがいです{08}	{0c}선생님 그건 완전한 착각이에요{08}
S08:5:2	80	{0c}……くれぐれも取り扱いには\n気をつけるようにな\n夜中にエサだけは与えてはならんぞ{08}	{0c}……아무쪼록 다룰 땐\n조심하거라\n한밤중에 먹이만은 주지 마라{08}
S08:5:3	72	{0c}……わかりました\nラルフ先生も　うわさにたがわず\nなかなかできる男ですね{08}	{0c}……알겠습니다\n랄프 선생님도 소문대로\n꽤 대단한 분이시군요{08}
S08:5:4	43	{0c}ふっ　君も同じ苦しみを持つ\n男とみたが……{08}	{0c}훗 너도 같은 고통을 지닌\n사나이로 보이는데……{08}
S08:5:5	22	{0c}あの　わたしは……？{08}	{0c}저기 저는……?{08}
S08:5:6	28	{0c}さんざんないわれようだわね{08}	{0c}말 한번 심하네{08}
S08:5:7	22	{0c}自業自得というやつだ{08}	{0c}자업자득이라는 거다{08}
S08:5:8	72	{0c}先生！！\nレナからどんなに悪口をいわれても\n平気な新入生はいませんか！！{08}	{0c}선생님!!\n레나한테 아무리 험담을 들어도\n멀쩡한 신입생은 없습니까!!{08}
S08:5:9	24	{0c}世界中を探してもいない{08}	{0c}온 세상을 뒤져도 없다{08}
S08:5:10	32	{0c}……や　やっぱり　そうですよね{08}	{0c}……여 역시 그렇겠죠{08}
S08:5:11	22	{0c}この男どもは～っ！！{08}	{0c}이 남자들이～!!{08}
S08:5:12	51	{0c}エマ先生のところへ運ばれた\n生徒じゃダメだろうしな{08}	{0c}에마 선생님께 실려 간\n학생으론 안 되겠고{08}
S08:5:13	60	{0c}海岸で倒れていた生徒が\nエマ先生の所へ\n運び込まれたらしいぞ{08}	{0c}바닷가에 쓰러져 있던 학생이\n에마 선생님께\n실려 갔다더라{08}
S08:5:14	45	{0c}あっ　まだ燃えてなかったんですね\nラルフ先生{08}	{0c}앗 아직 안 타셨네요\n랄프 선생님{08}
S08:5:15	76	{0c}この図書館のことか？\nここは特別製だからな\nレナに火をつけられても大丈夫だな{08}	{0c}이 도서관 말이냐?\n여긴 특별제라서\n레나가 불을 질러도 괜찮지{08}
S08:5:16	37	{0c}いえ　図書館じゃなくて\nラルフ先生が{08}	{0c}아뇨 도서관이 아니라\n랄프 선생님이요{08}
S08:5:17	10	{0c}…………{08}	{0c}…………{08}
S08:5:18	43	{0c}ラルフ先生\n特別製ってどういうことですか？{08}	{0c}랄프 선생님\n특별제가 무슨 뜻이에요?{08}
S08:5:19	51	{0c}ああ　じつは秘密があってね\nそれは　また今度話すよ{08}	{0c}아아 실은 비밀이 있어서\n그건 다음에 얘기해 주마{08}
S08:5:20	16	{0c}あら？\nあれ……	{0c}어머?\n저거……
S08:5:21	18	{0d}{0d}{0d}新入生かしら？{08}	{0d}{0d}{0d}신입생인가?{08}
S08:5:22	31	{0c}なっ　なにっ！？\nどこだっ！？{08}	{0c}뭐 뭐!?\n어디냐!?{08}
S08:5:23	28	{0c}もういっちゃったみたいだよ{08}	{0c}벌써 가 버렸나 봐{08}
S08:5:24	20	{0c}くっ　逃したか……{08}	{0c}큭 놓쳤나……{08}
S08:5:25	61	{0c}さっき　道場で見かけた新入生と\n同じ人だったみたいだけど……{08}	{0c}아까 도장에서 본 신입생이랑\n같은 사람이었던 것 같은데……{08}
S08:5:26	49	{0c}新入生がきたか……\nよかった　ほんとうによかった{08}	{0c}신입생이 왔구나……\n다행이다 정말 다행이야{08}
S08:5:27	34	{0c}オレもあんなときがあったんだなあ{08}	{0c}나도 저럴 때가 있었구나{08}
S08:5:28	49	{0c}なんてこった！\n魔族が直接　町に攻めてくるなんて{08}	{0c}이럴 수가!\n마족이 직접 마을을 치다니{08}
S08:5:29	37	{0c}本棚の整理を\n新入生にやらせようっと{08}	{0c}책장 정리는\n신입생한테 시켜야지{08}
S08:5:30	60	{0c}新入生もオレ以上の本好きだよ\nまいったな\n先が思いやられるぜ{08}	{0c}신입생도 나보다 더 책벌레야\n곤란하네\n앞날이 걱정이다{08}
S08:5:31	28	{0c}ここが燃えないでよかったぁ{08}	{0c}여기가 안 타서 다행이다{08}
S08:5:32	39	{0c}ぼくはラルフ先生の弟子に\nなったんです{08}	{0c}저는 랄프 선생님 제자가\n됐어요{08}
S08:5:33	32	{0c}ふーん　けっこうカワイイ子ね曖{08}	{0c}흐응 꽤 귀여운 애네♥{08}
S08:5:34	64	{0c}ふん　男はかわいらしさより\n男らしさだ\nおまえも　男の道場に入れ{08}	{0c}흥 남자는 귀여움보다\n사나이다움이다\n너도 사나이 도장에 들어와라{08}
S08:5:35	54	{0c}あらダメよ\nあんな所いったら\nかわいくなくなっちゃう曖{08}	{0c}어머 안 돼\n그런 데 가면\n안 귀여워지잖아♥{08}
S08:5:36	62	{0c}こ　こいつは\nオレの手伝いをしてくれるんじゃ\nなかったのか！？{08}	{0c}이 이 녀석은\n날 도와주는 게\n아니었냐!?{08}
S08:5:37	37	{0c}わたしは\nそのつもりなんだけどね……{08}	{0c}나는\n그럴 생각인데……{08}
S08:5:38	30	{0c}あ　あの……もういいですか？{08}	{0c}저 저기……이제 됐나요?{08}
S08:5:39	24	{0c}あははは……ごめんねぇ{08}	{0c}아하하하……미안해{08}
S08:5:40	60	{0c}ラルフ先生のところで\nお世話になります\nよろしくお願いします{08}	{0c}랄프 선생님 밑에서\n신세 지게 됐어요\n잘 부탁드려요{08}
S08:5:41	26	{0c}ぼ　ぼく……恐いです！！{08}	{0c}저 저……무서워요!!{08}
S08:5:42	51	{0c}イェンの花と植物だって\nはい　エリー　あなた向きね{08}	{0c}「옌의 꽃과 식물」이래\n자 엘리 너한테 맞겠다{08}
S08:5:43	26	{0c}うん　レナ　ありがとう！{08}	{0c}응 레나 고마워!{08}
S08:5:44	35	{0c}エリーは\nそういうのが好きなのか？{08}	{0c}엘리는\n그런 걸 좋아하냐?{08}
S08:5:45	35	{0c}うん\nなんだ　ブレードは嫌いなの？{08}	{0c}응\n뭐야 블레이드는 싫어?{08}
S08:5:46	67	{0c}あ　いや……{0d}\nそういうわけでもないが\nどちらかといえば……そうだな{08}	{0c}아 아니……{0d}\n그런 건 아니다만\n굳이 말하자면……그렇군{08}
S08:5:47	56	{0c}イェンの花と植物……\n食べられる植物は\nわたしも好きだわ{08}	{0c}옌의 꽃과 식물……\n먹을 수 있는 식물은\n나도 좋아{08}
S08:5:48	48	{0c}変な本　見つけちゃった……{0d}\nさ　帰ろう　みんな{08}	{0c}이상한 책 찾아 버렸어……{0d}\n자 돌아가자 다들{08}
S08:5:49	68	{0c}どうしたんだよ　レナ\nこれ　イアソン先生の本じゃない\nどうかしたの？{08}	{0c}왜 그래 레나\n이거 이아손 선생님 책이잖아\n무슨 일 있어?{08}
S08:5:50	68	{0c}な　なにぃ！！\nイアソン先生の本を\n変呼ばわりするとはゆるさんぞ！！{08}	{0c}뭐 뭐라고!!\n이아손 선생님 책을 이상하다고\n하다니 용서 못 한다!!{08}
S08:5:51	84	{0c}……ゆるさなかったらどうするのよ\n暴力でうったえるなんて\n男のすることじゃないわよ？{08}	{0c}……용서 안 하면 어쩔 건데\n폭력에 호소하는 건\n사나이가 할 짓이 아니잖아?{08}
S08:5:52	34	{0c}こ　この本はオレが借りて帰る！！{08}	{0c}이 책은 내가 빌려 간다!!{08}
S08:5:53	37	{0c}レナにいい返しても\nムダだと思う……{08}	{0c}레나한테 말대꾸해도\n소용없을 것 같아……{08}
S08:5:54	62	{0c}ちょっとこの本を見てみろ\nエリーにぴったりの魔法が\nのってるぞ{08}	{0c}이 책 좀 봐라\n엘리한테 딱 맞는 마법이\n실려 있다{08}
S08:5:55	22	{0c}えっ　本当ですか！？{08}	{0c}어 정말요!?{08}
S08:5:56	22	{0c}エリーはボムを覚えた{08}	{0c}엘리는 봄을 익혔다{08}
S08:5:57	26	{0c}ラルフ先生　ありがとう！{08}	{0c}랄프 선생님 고마워요!{08}
S08:5:58	59	{0c}礼をいわれるほどのことじゃない\nぐうぜん見つけただけだしな{08}	{0c}고맙다고 할 정도는 아니다\n우연히 찾았을 뿐이니까{08}
S08:5:59	23	読んでる時間は　なし！{08}	읽을 시간은 없어！{08}
S08:6:0	49	{0c}レナさん達がきてから\nもうずいぶん　たちましたね{08}	{0c}레나 양네가 온 지\n벌써 꽤 됐네요{08}
S08:6:1	55	{0c}へへ　テレイナ先生には\nいろいろ　ご迷惑おかけしました{08}	{0c}헤헤 테레이나 선생님께는\n여러모로 폐를 끼쳤어요{08}
S08:6:2	52	{0c}どうですか\nもう一度　歌のテストを\n受けてみますか？{08}	{0c}어때요\n한 번 더 노래 테스트를\n받아 볼래요?{08}
S08:6:3	26	{0c}へえ　レナ　歌ってみろよ{08}	{0c}오 레나 불러 봐{08}
S08:6:4	47	{0c}い　いいのかなぁ\nセニアがいないから……うーん{08}	{0c}괘 괜찮을까\n세니아가 없으니까……으음{08}
S08:6:5	39	{0c}え？　あ　じゃあ\nお言葉に甘えましてぇ{08}	{0c}어? 아 그럼\n말씀에 기대어서～{08}
S08:6:6	43	{0c}ブレード……感想なんか\nいわない方がいいよ{08}	{0c}블레이드……감상 같은 건\n말 안 하는 게 좋아{08}
S08:6:7	28	{0c}どうですかぁ　テレイナ先生{08}	{0c}어때요 테레이나 선생님{08}
S08:6:8	66	{0c}……すばらしいです\n最初のころのレナさんは\n生ける凶器でしたからね{08}	{0c}……훌륭해요\n처음의 레나 양은\n살아 있는 흉기였으니까요{08}
S08:6:9	28	{0c}もちろん　練習しましたから{08}	{0c}물론 연습했거든요{08}
S08:6:10	35	{0c}な……なんだ\nこの異常な世界は！？{08}	{0c}뭐……뭐냐\n이 이상한 세계는!?{08}
S08:6:11	64	{0c}今年はレナさん達のような\n個性のある生徒がいないので\n静かですね{08}	{0c}올해는 레나 양네 같은\n개성 있는 학생이 없어서\n조용하네요{08}
S08:6:12	28	{0c}そ　それは　よかったですね{08}	{0c}그 그거 다행이네요{08}
S08:6:13	72	{0c}テレイナ先生！！\nレナより　かわいくて性格のいい\n生徒を知りませんか！？{08}	{0c}테레이나 선생님!!\n레나보다 귀엽고 성격 좋은\n학생을 모르십니까!?{08}
S08:6:14	80	{0c}それなら学校中にいますよ\nもしかして　ブレードさんは\n彼女を探しているんですか？{08}	{0c}그거라면 학교에 잔뜩 있어요\n혹시 블레이드 씨는\n여자 친구를 찾나요?{08}
S08:6:15	57	{0c}……そんなわけありません！！\n男には　おっ　女なんて……{08}	{0c}……그럴 리 없습니다!!\n사나이에게 여 여자 따위……{08}
S08:6:16	20	{0c}このおバカが～！！{08}	{0c}이 바보가～!!{08}
S08:6:17	88	{0c}よろしければブレードさんも\nわたくしの生徒になりませんか？\nちょうど男の子がほしくて……{08}	{0c}괜찮으면 블레이드 씨도\n제 학생이 되지 않을래요?\n마침 남자애가 필요해서……{08}
S08:6:18	30	{0c}なに　赤くなってんのよ　バカ{08}	{0c}뭘 빨개지고 있어 바보{08}
S08:6:19	84	{0c}レナさん……ここに座りなさい\nどうしてこんなことをしたのか\nわけを聞かせてもらいます{08}	{0c}레나 양……여기 앉으세요\n왜 이런 짓을 했는지\n이유를 들어야겠어요{08}
S08:6:20	43	{0c}せ　せんせぇ\nわたしたちじゃ　ないですよぉ{08}	{0c}서 선생니임\n저희 아니에요～{08}
S08:6:21	54	{0c}テレイナ先生\nこれは人間に化けた\n魔族のしわざなんです{08}	{0c}테레이나 선생님\n이건 인간으로 변신한\n마족의 짓이에요{08}
S08:6:22	82	{0c}そ……そうだったんですか\nレナさん　ごめんなさいね\nわたくしは　少し目が悪くて……{08}	{0c}그……그랬군요\n레나 양 미안해요\n제가 눈이 좀 나빠서……{08}
S08:6:23	55	{0c}久しぶりに聞きましたけど\nぜんぜん関係ないと思いまぁす{08}	{0c}오랜만에 들었는데\n전혀 상관없는 것 같아요～{08}
S08:6:24	55	{0c}じゃあ　その魔族の子を\nしかってあげないといけませんね{08}	{0c}그럼 그 마족 애를\n혼내 줘야겠네요{08}
S08:6:25	22	{0c}いえ　そこまでは……{08}	{0c}아뇨 거기까지는……{08}
S08:6:26	35	{0c}新入生と聞くと\nうきうきしてくるわ{08}	{0c}신입생 소리를 들으면\n들뜨게 돼{08}
S08:6:27	37	{0c}新入生の子　見た？\nカワイイでしょう{08}	{0c}신입생 애 봤어?\n귀엽지{08}
S08:6:28	47	{0c}わたし……恐い\nあの男の子　魔族のようだったわ{08}	{0c}나……무서워\n그 남자애 마족 같았어{08}
S08:6:29	33	{0c}そうかぁ～\nわたしも先輩なのね～{08}	{0c}그렇구나～\n나도 선배구나～{08}
S08:6:30	47	{0c}さて　どうやって\n新入生をかわいがろうかしら～{08}	{0c}자 어떻게\n신입생을 귀여워해 줄까～{08}
S08:6:31	32	{0c}イェンが真っ赤に燃えていたわ～{08}	{0c}옌이 새빨갛게 불타고 있었어～{08}
S08:6:32	62	{0c}歌の魔法があるって聞いて\nイェンにきたんだっ！\nよろしくね！！{08}	{0c}노래 마법이 있다고 들어서\n옌에 왔어!\n잘 부탁해!!{08}
S08:6:33	41	{0c}ここは男の子もいなくて\nいい環境ですね！{08}	{0c}여긴 남자애도 없고\n좋은 환경이네요!{08}
S08:6:34	32	{0c}とんでもないとこ　きちゃったわ{08}	{0c}엄청난 데 와 버렸어{08}
S08:6:35	35	{0c}ふん　楽器など\n女が弾くものだ！！{08}	{0c}흥 악기 따위\n여자가 치는 거다!!{08}
S08:6:36	66	{0c}まったく　この男は……\nいちいち訂正していかなきゃ\nいけないわけね{08}	{0c}정말 이 남자는……\n일일이 정정해\n줘야 하는구나{08}
S08:6:37	52	{0c}ねえ　ブレード\nどうして楽器は\n女のひとのものなの？{08}	{0c}있잖아 블레이드\n왜 악기는\n여자 거야?{08}
S08:6:38	46	{0c}それはだな……それは{0d}\nお　女がよく弾くからだ{08}	{0c}그건 말이다……그건{0d}\n여 여자가 자주 치니까다{08}
S08:6:39	43	{0c}ようするに\n勝手に決めつけただけでしょうが{08}	{0c}한마디로\n멋대로 단정했을 뿐이잖아{08}
S08:6:40	43	{0c}そ　そうか……たしかにそうだ\n……すまない{08}	{0c}그 그런가……확실히 그렇군\n……미안하다{08}
S08:6:41	53	{0c}どう？　ちょうどいい機会だし\nあんたも習ってみたら？{08}	{0c}어때? 마침 좋은 기회니\n너도 배워 보면?{08}
S08:6:42	32	{0c}レ　レナが　教えてくれるのか？{08}	{0c}레 레나가 가르쳐 주는 거냐?{08}
S08:6:43	43	{0c}や　やっぱり\nブレードは楽器より剣よねぇ曖{08}	{0c}여 역시\n블레이드는 악기보다 검이지♥{08}
S08:6:44	22	{0c}自分でいっておいて～{08}	{0c}자기가 말해 놓고～{08}
S08:6:45	64	{0c}でも　レナさんでも\nかわいく思えるようになる\n魔法があるんですよ{08}	{0c}그래도 레나 양조차\n귀여워 보이게 만드는\n마법이 있답니다{08}
S08:6:46	43	{0c}ちょっと　いい方が\n気になるんですけど……{08}	{0c}말투가 좀\n신경 쓰이는데요……{08}
S08:6:47	30	{0c}エリーさんも　ご一緒にどうぞ{08}	{0c}엘리 양도 함께 하세요{08}
S08:6:48	26	{0c}エリーはユウワクを覚えた{08}	{0c}엘리는 유혹을 익혔다{08}
S08:6:49	24	{0c}レナはユウワクを覚えた{08}	{0c}레나는 유혹을 익혔다{08}
S08:6:50	72	{0c}エリーさんも　レナさんも\nこの魔法を有効に使えるように\nなってくださいね{08}	{0c}엘리 양도 레나 양도\n이 마법을 잘 쓸 수 있게\n되세요{08}
S08:6:51	45	{0c}ところでレナさん\n歌の練習は続けていますか？{08}	{0c}그런데 레나 양\n노래 연습은 계속하고 있나요?{08}
S08:6:52	33	{0c}え？　え？\nあの……ときどき……{08}	{0c}네? 네?\n저기……가끔……{08}
S08:6:53	68	{0c}そうですか\nレナさんはテンポが遅れますからね\nこの魔法を教えましょう{08}	{0c}그래요\n레나 양은 템포가 늦으니까\n이 마법을 가르쳐 줄게요{08}
S08:6:54	24	{0c}レナはクイックを覚えた{08}	{0c}레나는 퀵을 익혔다{08}
S08:6:55	54	{0c}できるだけ早く\nまともに歌えるように\nなってくださいね{08}	{0c}되도록 빨리\n제대로 노래할 수 있게\n되세요{08}
S08:6:56	29	{0c}ははは……\nがんばります……{08}	{0c}하하하……\n열심히 할게요……{08}
S08:7:0	19	削除もれメッセージ{08}	삭제 누락 메시지{08}
S08:7:1	59	おお　結婚するというのは\nそこの背の高いのと　レナのことか{08}{0c}	오오 결혼한다는 게\n거기 키 큰 녀석과 레나였냐{08}{0c}
S08:7:2	24	ち……ちがいますけれど{08}{0c}	아……아닌데요{08}{0c}
S08:7:3	62	オ　オレは\nこんな性格も口も悪いチビと\n結婚なんかしません！！{08}{0c}	저 저는\n성격도 입도 나쁜 꼬맹이와\n결혼 따위 안 합니다!!{08}{0c}
S08:7:4	26	その言葉……忘れないわよ{08}{0c}	그 말……잊지 않을 거야{08}{0c}
S08:7:5	33	それは　もしかして誓いの言葉か？{08}	그건 혹시 맹세의 말이냐?{08}
S08:7:6	45	ダディス先生\n結婚したのはセニアとアズですよ{08}{0c}	다디스 선생님\n결혼한 건 세니아랑 아즈예요{08}{0c}
S08:7:7	60	おお　そうだったか！\nで　アズくん\nセニアはどこにいるのかね{08}{0c}	오오 그랬나!\n그래서 아즈 군\n세니아는 어디 있느냐{08}{0c}
S08:7:8	25	オ　オレはアズじゃない！{08}	저 저는 아즈가 아니다!{08}
S08:7:9	82	おまえたち　よくきたな{0d}{0d}\nわしは化粧魔法担任のダディスだ\n弟子になりたいのだろう？{08}{0c}	너희 잘 왔다{0d}{0d}\n나는 화장 마법 담당 다디스다\n제자가 되고 싶은 거지?{08}{0c}
S08:7:10	13	やっぱり……{08}	역시……{08}
S08:7:11	24	ふざけているのか……？{08}{0c}	장난하는 건가……?{08}{0c}
S08:7:12	31	そう思ったのは最初のときだけね{08}	그렇게 생각한 건 처음뿐이야{08}
S08:7:13	61	よお　久しぶりぃ！\nここも元通りになって\nやっと勉強ができるよ{08}	여어 오랜만이야!\n여기도 원래대로 돌아와서\n드디어 공부할 수 있어{08}
S08:7:14	40	さて　いままでの分を\nとりもどさないとね{08}	자 지금까지 못 한 걸\n되찾아야지{08}
S08:7:15	48	久しぶりね　あなたたち\nもう　こわすのはやめてよ{08}	오랜만이네 너희\n이제 부수는 건 그만해{08}
S08:7:16	48	研究所の修復が新入生の時期に\n間に合ってよかった{08}	연구소 복구가 신입생 시기에\n맞춰서 다행이다{08}
S08:7:17	69	どうだ！\nやっと倉庫の整理が終わったんだぜ\n少し目が退化しているけどな{08}	어때!\n드디어 창고 정리가 끝났다고\n눈이 좀 퇴화했지만{08}
S08:7:18	25	地上は空気もすばらしいな{08}	지상은 공기도 훌륭하군{08}
S08:8:0	22	{0c}これを見て驚くな！！{08}	{0c}이걸 보고 놀라지 마라!!{08}
S08:8:1	18	{0c}じゃじゃーん！！{08}	{0c}짜잔!!{08}
S08:8:2	26	{0c}……ぜんぜん驚きません曖{08}	{0c}……전혀 안 놀라요♥{08}
S08:8:3	171	{0c}……なあ　レナよ{0d}\n安全を優先したがために　性能を\n落としてまでエアバッグをつけた{08}{0c}さらに人体に無害な燃料を採用し\n死亡率を　わずか数％台まで\n低下させたのだぞ　何が不満だ？{08}	{0c}……이봐 레나{0d}\n안전을 우선해서 성능을\n떨어뜨려 가며 에어백을 달았다{08}{0c}게다가 인체에 무해한 연료로\n사망률을 겨우 몇 ％대까지\n낮췄다 뭐가 불만이냐?{08}
S08:8:4	32	{0c}確率がゼロじゃないところでぇす{08}	{0c}확률이 ０이 아니라는 점이요{08}
S08:8:5	74	{0c}……あ　あんた真の男なんでしょ？\nだったら　か弱い女の子を\n助けなさいよ！{08}	{0c}……너 진정한 사나이지?\n그럼 연약한 여자애를\n도와 봐!{08}
S08:8:6	95	{0c}す　すまんが　まだ修行中なんだ{0d}\nそれに　ば　ばあちゃんの遺言で\n実験台だけは　なっちゃいかんと{08}	{0c}미 미안하지만 아직 수련\n중이다{0d} 게다가 하 할머니\n유언이 실험대만은 되지 말라고{08}
S08:8:7	54	{0c}な　なんなのよそれー！\n真の男ならいいわけするなっ！！	{0c}뭐 뭐야 그게～! 진정한\n사나이면 변명하지 마!!
S08:8:8	1	{08}	{08}
S08:8:9	16	{0c}いまじゃっ！！{08}	{0c}지금이다!!{08}
S08:8:10	45	{0c}もう　次があるなんて\n思わないでくださいね曖{08}	{0c}이제 다음이 있을 거라곤\n생각하지 마세요♥{08}
S08:8:11	31	{0c}なんのなんの\n次が勝負だわい！{08}	{0c}뭘 뭘\n다음이 승부다!{08}
S08:8:12	10	{0c}うっ……{08}	{0c}윽……{08}
S08:8:13	47	{0c}ケント先生！\nどうかオレを弟子にしてください！{08}	{0c}켄트 선생님! 부디\n저를 제자로 삼아 주십시오!{08}
S08:8:14	43	{0c}ちょっと　ブレード！\nなに考えてんのよ！！{08}	{0c}잠깐 블레이드!\n무슨 생각이야!!{08}
S08:8:15	52	{0c}……却下だ\nうちはレナを抱えているだけで\n十分だわい{08}	{0c}……기각이다\n우리는 레나 하나 떠안는\n것만으로 충분하다{08}
S08:8:16	43	{0c}わ　わたしは先生の\n弟子じゃありません！！{08}	{0c}저 저는 선생님\n제자 아니에요!!{08}
S08:8:17	53	{0c}ああ……どうしてなのだ\n今年は新しい弟子がいない！！{08}	{0c}아아……어째서냐\n올해는 새 제자가 없다!!{08}
S08:8:18	51	{0c}……ケント先生にも\nわからないことってあるんですね{08}	{0c}……켄트 선생님도\n모르는 게 있군요{08}
S08:8:19	28	{0c}ぜんぜん違うと思うよ……？{08}	{0c}전혀 다른 것 같은데……?{08}
S08:8:20	56	{0c}先生もですか！！\nオレにも\nその気持ち　よく判ります！！{08}	{0c}선생님도 그렇습니까!!\n저도\n그 마음 잘 압니다!!{08}
S08:8:21	66	{0c}つい楽しくて\n飛行実験ばかりやっておったら\n誰もいなくなったのだ！{08}	{0c}그만 즐거워서\n비행 실험만 했더니\n아무도 없어졌다!{08}
S08:8:22	31	{0c}そりゃあ　そうでしょうよ……{08}\n	{0c}그야 그렇겠죠……{08}\n
S08:8:23	45	{0c}ふう　やれやれ\nここはなんとか守りとおしたぞ{08}	{0c}후우 이런 이런\n여긴 어떻게든 지켜 냈다{08}
S08:8:24	62	{0c}そうですよね\n先生には　いだいな発明が\nたくさんありますもんね{08}	{0c}그렇죠\n선생님한텐 위대한 발명이\n잔뜩 있으니까요{08}
S08:8:25	49	{0c}おまえがいうと\nどうしてもイヤミにしか聞こえんな{08}	{0c}네가 말하면 아무래도\n비꼬는 걸로밖에 안 들린다{08}
S08:8:26	60	{0c}えーっ曖\n弟子が集まらないのは\nわたしのせいじゃありませぇん{08}	{0c}에～♥\n제자가 안 모이는 건\n제 탓이 아니에요～{08}
S08:8:27	48	{0c}は　早く\nあのおじいさんのところへ\nいこうぜ！！{08}	{0c}어 얼른\n그 할아버지한테\n가자!!{08}
S08:8:28	55	{0c}なによ　あなたイェンと\nあんな魔族とどっちが大切なのよ{08}	{0c}뭐야 너 옌이랑\n그런 마족 중에 뭐가 중요해{08}
S08:8:29	20	{0c}くっ……す　すまん{08}	{0c}큭……미 미안하다{08}
S08:8:30	47	{0c}レナのいうことで\nまじめに悩んじゃダメだよ……{08}	{0c}레나 말에\n진지하게 고민하면 안 돼……{08}
S08:8:31	22	{0c}新入生くるといいなぁ{08}	{0c}신입생 오면 좋겠다{08}
S08:8:32	41	{0c}今度の新入生で\nどういう実験をやるのかな{08}	{0c}이번 신입생으로\n어떤 실험을 하시려나{08}
S08:8:33	80	{0c}なんか　すごいことになってるね\nいいの　君たち？\nこんなことしちゃ卒業できないよ{08}	{0c}뭔가 엄청난 일이 됐네\n괜찮아 너희?\n이러면 졸업 못 한다{08}
S08:8:34	45	{0c}この間は助けてくれて\nありがとうございました{08}	{0c}요전엔 구해 줘서\n고마웠어요{08}
S08:8:35	39	{0c}学園塔に新入生が\n運びこまれたそうです{08}	{0c}학원탑에 신입생이\n실려 갔대요{08}
S08:8:36	66	{0c}とんでもないことになりましたね\nこれが発明だったら\nすごいことです{08}	{0c}엄청난 일이 벌어졌네요\n이게 발명이었다면\n대단한 일인데요{08}
S08:9:0	53	{0c}ブルーン先生は色白ですね\n運動不足ではありませんか？{08}	{0c}브룬 선생님은 피부가 하얗군요\n운동 부족 아닙니까?{08}
S08:9:1	64	{0c}ああ　店にこもってることが\n多いからね\n自然に運動不足にもなるよ{08}	{0c}아아 가게에 틀어박혀 있을\n때가 많으니까\n자연히 운동 부족이 되지{08}
S08:9:2	80	{0c}それならイアソン道場で\n真の男を目指しませんか！？\n今が入会のチャンスですよ！！{08}	{0c}그렇다면 이아손 도장에서\n진정한 사나이를 목표하시죠!?\n지금이 입회 기회입니다!!{08}
S08:9:3	57	{0c}先生にいってどうすんのよ！\nこのバカ！　ウスラトンカチ！{08}	{0c}선생님한테 말해서 뭐 해!\n이 바보! 멍텅구리!{08}
S08:9:4	74	{0c}……まあ　いいよ\nブレードくんも　ぼくのことを\n心配しているんでしょうから{08}	{0c}……뭐 됐어\n블레이드 군도 나를\n걱정하는 거겠지{08}
S08:9:5	51	{0c}運動不足だけど　イアソン道場は\n遠慮させてもらうよ{08}	{0c}운동 부족이지만 이아손 도장은\n사양할게{08}
S08:9:6	72	{0c}ブルーン先生！！\nレナに　にらまれても無視できる\n新入生はいませんか！！{08}	{0c}브룬 선생님!!\n레나가 노려봐도 무시할 수\n있는 신입생은 없습니까!!{08}
S08:9:7	78	{0c}……むずかしいなぁ\nとにかく１人ずつ当ってみなさい\nしかし　すごいことをいうね{08}	{0c}……어렵구나\n아무튼 한 명씩 부딪혀 봐\n그런데 대단한 말을 하네{08}
S08:9:8	47	{0c}ええ　ほんとうですよね\nわたしがここにいるのに{08}	{0c}네 정말 그래요\n제가 여기 있는데{08}
S08:9:9	76	{0c}エマ先生が最後まで生徒の誘導を\nしてくれているはずだから\nいってみるといいよ{08}	{0c}에마 선생님이 끝까지 학생\n유도를 하고 계실 테니\n가 보는 게 좋아{08}
S08:9:10	35	{0c}エマ先生のところへ\nいってみれば？{08}	{0c}에마 선생님한테\n가 보지 그러니?{08}
S08:9:11	68	{0c}よかった\nあなたたちは無事なんですね\n今回も　また魔族でしょうかねぇ{08}	{0c}다행이다\n여러분은 무사하군요\n이번에도 또 마족일까요{08}
S08:9:12	82	{0c}あれって魔族だったのかなぁ？\nはじめは　ただの気の弱そうな\n新入生だと思ってたけど{08}	{0c}그거 마족이었나?\n처음엔 그냥 소심해 보이는\n신입생인 줄 알았는데{08}
S08:9:13	37	{0c}前に見たときとずいぶん\n違ってたよね{08}	{0c}전에 봤을 때랑 꽤\n달랐지{08}
S08:9:14	72	{0c}ふーん……？\nなんだかちょっとニオウね\n一応　学園長に知らせておいたら？{08}	{0c}흐응……?\n뭔가 좀 냄새나는데\n일단 학원장님께 알려 두지?{08}
S08:9:15	8	{0c}は～い{08}	{0c}네～{08}
S08:9:16	35	{0c}しかし……\n大変なことになったねぇ{08}	{0c}그런데……\n큰일이 됐구나{08}
S08:9:17	34	{0c}ふっ　新入生か……昔を思い出すぜ{08}	{0c}훗 신입생이라……옛날 생각나네{08}
S08:9:18	63	{0c}海岸にいった生徒がいると聞いた\nふん　なにを考えているんだかな{08}	{0c}바닷가에 간 학생이 있다더군\n흥 무슨 생각인지 원{08}
S08:9:19	49	{0c}大した破壊工作だ！\nこれは見習わなければならんな{08}	{0c}대단한 파괴 공작이다!\n이건 본받아야겠군{08}
S08:9:20	35	{0c}ブルーン先生は\n新入生をとらないわ{08}	{0c}브룬 선생님은\n신입생을 안 받아{08}
S08:9:21	22	{0c}わたし……つかれたわ{08}	{0c}나……지쳤어{08}
S08:9:22	37	{0c}炎がイェンを\n飲み込もうとしていたわ{08}	{0c}불꽃이 옌을\n삼키려 하고 있었어{08}
S08:9:23	33	{0c}エリーさんに\nこの魔法を教えるね{08}	{0c}엘리 양한테\n이 마법을 가르쳐 줄게{08}
S08:9:24	28	{0c}エリーは岩石落としを覚えた{08}	{0c}엘리는 암석 낙하를 익혔다{08}
S08:9:25	37	{0c}ブルーン先生はこの魔法を\n使えるの？{08}	{0c}브룬 선생님은 이 마법\n쓸 수 있어요?{08}
S08:9:26	76	{0c}それが　ぼくは使えないんだ\nエリーさんみたいに\n空を飛ぶこともできないからね{08}	{0c}그게 나는 못 써\n엘리 양처럼\n하늘을 날 수도 없으니까{08}
S08:9:27	45	{0c}あっ　そうだ　レナさんに\nこの魔法を教えるね{08}	{0c}아 그렇지 레나 양한테\n이 마법을 가르쳐 줄게{08}
S08:9:28	28	{0c}レナはサイストームを覚えた{08}	{0c}레나는 사이스톰을 익혔다{08}
S08:9:29	53	{0c}サイストームは強力な魔法だよ\n使い方には気をつけてね{08}	{0c}사이스톰은 강력한 마법이야\n쓸 때 조심해{08}
S08:10:0	46	おっと小さいから新入生と\n間違うところだったよ{08}	아이코 작아서 신입생인 줄\n착각할 뻔했어{08}
S08:10:1	79	今年の新入生はなんだかなぁ\nなんでもエマ先生のところへ\n運ばれた子がいるらしいぜ{08}	올해 신입생은 좀 그렇네\n듣자 하니 에마 선생님께\n실려 간 애가 있대{08}
S08:10:2	46	魔族を追い返したのはあなたたち？\nすごいですね{08}	마족을 쫓아낸 게 너희니?\n대단하네요{08}
S08:10:3	63	今年の新入生は静かですねぇ\nやはり前回が\n特別だったのでしょうね{08}	올해 신입생은 조용하네요\n역시 저번이\n특별했던 거겠죠{08}
S08:10:4	65	くすくすくす\n魔族ってイイ男だったの？\nわたしも見てみたかったなぁ{08}	쿡쿡쿡\n마족은 멋진 남자였어?\n나도 보고 싶었다～{08}
S08:10:5	44	くすくすくす\n新入生ってみんなカワイイわぁ曖{08}	킥킥킥\n신입생은 다들 귀엽구나♥{08}
S08:11:0	69	新入生がくると\nあわただしくなりますね\nでも　去年ほどではありませんが{08}	신입생이 오면\n분주해지네요\n그래도 작년만큼은 아니지만{08}
S08:11:1	36	なんだ！\n新入生かと思ったじゃないか{08}	뭐야!\n신입생인 줄 알았잖아{08}
S08:11:2	57	新入生　見た？\nもう　初々しいわぁ\n食べちゃいたいくらいよ{08}	신입생 봤어?\n정말 풋풋해～\n먹어 버리고 싶을 정도야{08}
S08:11:3	29	……となりをどうにかしてくれ{08}	……옆 좀 어떻게 해 줘{08}
S08:12:0	54	ねえ　ブレード\nあれってさっきの\n新入生じゃないのかな{08}{0c}	있잖아 블레이드\n저거 아까 그\n신입생 아닐까{08}{0c}
S08:12:1	49	そっ　そうだ！\nこれが最後のチャンスかもしれん！{08}{0c}	그 그렇다! 이게\n마지막 기회일지도 모른다!{08}{0c}
S08:12:2	70	ほら　もっと肩の力を抜いて\nがんばりなさいよ\nあんたの出番なんだからね{08}{0c}	자 어깨 힘 좀 빼고\n힘내\n네 차례니까{08}{0c}
S08:12:3	28	お　おう……すまんな　レナ{08}{0c}	오 오우……고맙다 레나{08}{0c}
S08:12:4	82	まず　ニッコリ笑ってから{0d}{0d}{0d}{0d}{0d}{0d}\nばっさり斬っちゃえば\n相手も痛みを感じないかも……{08}{0c}	우선 싱긋 웃은 다음에{0d}{0d}{0d}{0d}{0d}{0d}\n싹둑 베어 버리면\n상대도 아픔을 못 느낄지도……{08}{0c}
S08:12:5	51	そっ　そうか……！\nためしてみるぜ\n恩にきるぞ　レナ{08}	그 그런가……!\n해 보겠다\n은혜를 입었다 레나{08}
S08:12:6	84	じょうだんでいったのに……\nもしかして　ブレードったら\n緊張しまくってんじゃないの？{08}{0c}	농담으로 한 말인데……\n혹시 블레이드\n엄청 긴장한 거 아냐?{08}{0c}
S08:12:7	76	もしかすると　ブレードも\nじょうだんで　きりかえした\nつもりじゃないかな……{08}{0c}	어쩌면 블레이드도\n농담으로 받아친\n걸지도……{08}{0c}
S08:12:8	62	おい　新入生！！\nイアソン道場にくるか　こないか\nその命をかけて	어이 신입생!!\n이아손 도장에 올지 말지\n목숨을 걸고
S08:12:9	17	選んでもらおう！{08}	골라 봐라!{08}
S08:12:10	96	わーっ　ごめんねぇ～\nびっくりしたでしょ？{08}{0c}いま　イアソン道場の\n新入生を募集してるんだけど……{08}{0c}	와～ 미안해～\n깜짝 놀랐지?{08}{0c}지금 이아손 도장\n신입생을 모집하는데……{08}{0c}
S08:12:11	36	あっ……\nご　ごめんなさい　ぼく……{08}	아……\n죄 죄송해요 저……{08}
S08:12:12	47	……久しぶりにきたわね\n自分を　ぼくと呼ぶ男が{08}{0c}	……오랜만에 왔네 자기를\n「저」라고 부르는 남자가{08}{0c}
S08:12:13	47	あなた　その様子じゃ\n先生きまってないでしょ？{08}{0c}	너 그 꼴을 보니\n선생님 못 정했지?{08}{0c}
S08:12:14	78	あの　はい　そうなんですけれど\nまだ……どういう先生がいるのか\n知らないんです{08}{0c}	저 네 그렇긴 한데\n아직……어떤 선생님이 있는지\n몰라서요{08}{0c}
S08:12:15	59	……ちょっと　あんたねえ\nもう弟子になってる子もいるのよ？{08}{0c}	……잠깐 너 말이야\n벌써 제자가 된 애도 있다고?{08}{0c}
S08:12:16	64	自由に選んでいいなんて\nいわれても……\nぼくには……無理です……{08}{0c}	자유롭게 골라도 된다고\n해도……\n저한텐……무리예요……{08}{0c}
S08:12:17	80	むりぃ……？{0d}{0d}{0d}{0d}　あんたね\nなんにもしていないうちに\n無理だなんていわないでよ！{08}{0c}	무리이……?{0d}{0d}{0d}{0d} 너 말이야\n아무것도 안 해 보고\n무리라고 하지 마!{08}{0c}
S08:12:18	66	お　おまえのような軟弱な男に\n用はない！！\nさっさと消えうせろ！！{08}{0c}	너 너 같은 나약한 남자에겐\n볼일 없다!!\n얼른 사라져라!!{08}{0c}
S08:12:19	55	あんたが　そこまでいう権利も\nないと思うんだけどね……{08}{0c}	네가 그렇게까지 말할 권리도\n없을 것 같은데……{08}{0c}
S08:12:20	43	ふん　あんな男女は\nイアソン先生に失礼だぜ{08}{0c}	흥 저런 여자 같은 남자는\n이아손 선생님께 실례다{08}{0c}
S08:12:21	68	……あんたさ……\n集めるはずの新入生を\n追っ払っちゃってどうするの？{08}{0c}	……너 말이야……\n모아야 할 신입생을\n쫓아 버려서 어쩌려고?{08}{0c}
S08:12:22	40	イアソン先生に怒られても\nし～らないっと{08}	이아손 선생님께 혼나도\n난 모른다～{08}
S08:12:23	18	さっすがーっ！！{08}{0c}	역시～!!{08}{0c}
S08:12:24	20	また魔族か……！！{08}{0c}	또 마족인가……!!{08}{0c}
S08:12:25	47	おじいちゃん！\nわたしたち　どうすればいい！？{08}{0c}	할아버지!\n우리 어떡하면 돼!?{08}{0c}
S08:12:26	65	お前たちは　学園の様子を見てから\nすぐにわしの小屋までくるのじゃ{08}{0c}	자네들은 학원 상황을 보고\n곧장 내 오두막으로 오게{08}{0c}
S08:12:27	24	それで　どうするの！？{08}{0c}	그래서 어떡할 건데!?{08}{0c}
S08:12:28	78	今は問答より　行動じゃ\nわしは先にいって準備をせねば……\n学園のことは頼んだぞ{08}{0c}	지금은 문답보다 행동일세\n나는 먼저 가서 준비를\n해야…… 학원 일은 부탁하네{08}{0c}
S08:12:29	45	わっ　わたしたちも\n連れていきなさいよー！！{08}{0c}	우 우리도\n데려가요～!!{08}{0c}
S08:12:30	58	いこう　レナ！！\n助けを待っているひとが\nいるかもしれない{08}{0c}	가자 레나!!\n도움을 기다리는 사람이\n있을지도 몰라{08}{0c}
S08:12:31	32	イアソン先生……どうかご無事で{08}{0c}	이아손 선생님……무사하시길{08}{0c}
S08:12:32	88	ガンジョウなのを心配してないで\nエマ先生とか燃えやすいラルフ先生\nとかを心配しなさいよ！{08}{0c}	튼튼한 분 걱정하지 말고\n에마 선생님이나 잘 타는 랄프\n선생님을 걱정해!{08}{0c}
S08:12:33	44	そんなことで\nいい争ってる場合じゃないよ！！{08}	그런 걸로\n말다툼할 때가 아니야!!{08}
S08:12:34	77	今年こそは\nどこかの先生の弟子にならなきゃ！\nって　頭ではわかってるんだけどね{08}	올해야말로\n어느 선생님 제자가 돼야지!\n……라고 머리론 아는데{08}
S08:12:35	39	今年こそー！{0d}\nああ　力がはいらないわぁ{08}	올해야말로～!{0d}\n아아 힘이 안 들어가～{08}
S08:12:36	21	きゃーっ　大変だわっ{08}	꺄악 큰일이야{08}
S08:12:37	23	新入生はカワイイな……{08}	신입생은 귀엽구나……{08}
S08:12:38	62	さっき　公園でうろうろしていた\n緑色の頭の子は　海岸にいったぞ{08}	아까 공원에서 어슬렁대던\n초록 머리 애는 바닷가로 갔어{08}
S08:12:39	23	これは……またすごいな{08}	이건……또 굉장하구나{08}
S08:12:40	65	どうして\n誰もなにも教えてくれないの？\nこうやって困っているのにぃ{08}	왜\n아무도 아무것도 안 알려 줘?\n이렇게 곤란한데{08}
S08:12:41	36	思い切って\nだれかに話しかけなきゃ！{08}	용기 내서\n누구한테 말을 걸어야지!{08}
S08:12:42	40	いやーっ！！\nわたし家に帰りたいよぉ！！{08}	싫어～！！\n나 집에 갈래！！{08}
S08:16:0	77	みんな　かわいいな～\nどの子か１人ちょうだいって\n学園長に頼んでみてくれない？{08}	다들 귀엽다～\n아무나 한 명 달라고\n학원장님께 부탁해 줄래?{08}
S08:16:1	49	今年はいつもより\n新入生が少ないね\nつまんないのぉ{08}	올해는 평소보다\n신입생이 적네\n재미없어{08}
S08:16:2	33	ねえ　イェンはどうなっているの？{08}	있잖아 옌은 어떻게 된 거야?{08}
S08:16:3	23	しばらく船はこないよん{08}	한동안 배는 안 와～{08}
S08:16:4	48	あ～あ　新入生が\nここを通るなんて一瞬だからなぁ{08}	아～아 신입생이\n여길 지나는 건 한순간이니까{08}
S08:16:5	50	ええっ　イェンが燃えちゃったって\nそりゃ大変だぁ！{08}	뭐어 옌이 불타 버렸다고\n그거 큰일이다！{08}
S08:18:0	28	おじいちゃん　こんにちは！{08}{0c}	할아버지 안녕하세요!{08}{0c}
S08:18:1	130	……何事じゃ\nおまえたちには色々聞きたいことが\nあったのだが……{08}\nその様子では\nセニアのことぐらいで\nごまかされてくれそうにないのう{08}{0c}	……무슨 일인가\n자네들한텐 여러모로 묻고 싶은\n게 있었네만……{08}\n그 모양새를 보니\n세니아 얘기 정도로는\n얼버무려질 것 같지 않구먼{08}{0c}
S08:18:2	51	あのメンフィスって男が\n知り合いだっていってたわよ{08}{0c}	그 멤피스라는 남자가\n아는 사이라고 했어요{08}{0c}
S08:18:3	41	……そうか\nもう　いい逃れはできんな……{08}{0c}	……그런가\n이제 발뺌은 못 하겠구먼……{08}{0c}
S08:18:4	49	うん　そうだよ\n早くしゃべっちゃえば楽になるわよ{08}{0c}	응 맞아요\n얼른 말하면 편해져요{08}{0c}
S08:18:5	45	{0d}{0d}時がきたら　すべてを話そう\nそれまでは……{08}{0c}	{0d}{0d}때가 오면 모든 걸 말하지\n그때까지는……{08}{0c}
S08:18:6	10	…………{08}{0c}	…………{08}{0c}
S08:18:7	66	……秘密なんだが\n胃がきりきり痛むのぉ{0d}\nどうにか　ならんもんか……{08}	……비밀이네만\n위가 쿡쿡 쑤시는구먼{0d}\n어떻게 좀 안 되려나……{08}
S08:18:8	74	{0c}メンフィスのことはまだ秘密じゃ\nいつか話すから\nそう　わしをいじめんでくれ{08}	{0c}멤피스 일은 아직 비밀일세\n언젠가 말할 테니\n그렇게 날 괴롭히지 말게{08}
S08:18:9	49	また留守か……\n{0c}わたしたちを　さけてるみたいよね{08}	또 없어……\n{0c}우리를 피하는 것 같아{08}
S08:18:10	19	あたりまえだよ……{08}	당연하지……{08}
S08:18:11	63	よし　やっとそろったの！！\nでは　いまから新入生を\n追いかけるぞ{08}	좋아 드디어 다 모였구먼!!\n그럼 지금부터 신입생을\n쫓아가세{08}
S08:18:12	26	あの子　魔族じゃないの？{08}{0c}	그 애 마족 아니에요?{08}{0c}
S08:18:13	78	ただバルアに操られておるだけだ\n早く助けてやらんとな\nすでに準備できておるぞ！{08}{0c}	그저 바르아에게 조종당하는\n걸세 얼른 구해 줘야지\n벌써 준비는 됐네!{08}{0c}
S08:18:14	64	ま　待ってくれ！\n追いかけるっていっても\nどうやってやるんだ！？{08}{0c}	기 기다려 주십시오!\n쫓아간다 해도\n어떻게 합니까!?{08}{0c}
S08:18:15	25	それは　こうやってじゃよ{08}	그건 이렇게 하는 걸세{08}
S08:18:16	20	{0c}……あの　ここは？{08}	{0c}……저기 여긴?{08}
S08:18:17	55	{0c}ここはイェンのわしの小屋だ\nおぼえているじゃろ　わしを{08}	{0c}여긴 옌의 내 오두막일세\n날 기억하겠지{08}
S08:18:18	66	{0c}はい……\nぼくをスカウトしてくれた人ですね\nでも　どうしてここに？{08}	{0c}네……\n절 스카우트해 주신 분이죠\n그런데 왜 여기에?{08}
S08:18:19	89	{0c}魔族に操られておったのを\nここのみんなで助けたのじゃよ{0d}\nもっと男の子は　しっかりせんとな{08}	{0c}마족에게 조종당하던 자네를\n여기 모두가 구했다네{0d}\n남자는 좀 더 똑바로 해야지{08}
S08:18:20	20	{0c}ご……ごめんなさい{08}	{0c}죄……죄송해요{08}
S08:18:21	84	{0c}ちょっと　あんた！\n自分が記憶にないこといわれたのに\nあっさり認めてどうすんのよ！！{08}	{0c}잠깐 너!\n기억에 없는 말을 들었는데\n순순히 인정하면 어떡해!!{08}
S08:18:22	60	{0c}これこれ……レナ\nウィンも少しは記憶に\n残っているからじゃろ{08}	{0c}이런 이런……레나\n윈도 조금은 기억이\n남아 있어서 그런 걸세{08}
S08:18:23	65	{0c}そう？　あんた　ウィンていうんだ\nわたしはレナ　こっちはエリーよ{08}	{0c}그래? 너 윈이구나\n나는 레나 이쪽은 엘리야{08}
S08:18:24	20	{0c}オ　オレはブレード{08}	{0c}나 나는 블레이드다{08}
S08:18:25	78	{0c}最初にいっておくが\nイェンの町を焼いてしまったのは\nおまえさんのせいではないぞ{08}	{0c}먼저 말해 두지만\n옌 마을을 태워 버린 건\n자네 탓이 아닐세{08}
S08:18:26	16	{0c}ぼ　ぼくが！？{08}	{0c}제 제가!?{08}
S08:18:27	80	{0c}そんなに驚くことないわよ\nそれより　あの時のあんたと\nいまのあんたの差の方がねぇ{08}	{0c}그렇게 놀랄 거 없어\n그보다 그때의 너랑\n지금의 너 차이가 더……{08}
S08:18:28	98	{0c}そ　それなら　どうして\n殺してくれなかったんです！！{08}{0c}いっそのこと　死んで\nみんなに謝ればよか……{08}	{0c}그 그렇다면 왜\n죽여 주지 않았어요!!{08}{0c}차라리 죽어서\n모두에게 사과하면 됐을……{08}
S08:18:29	133	{0c}あ　あんたのせいじゃないって\nいってるじゃない！！\nバカ！　ウスラトンカチ！！{08}{0c}そんなに死にたいなら\nわたしが　いま殺してあげるわよ！{08}	{0c}너 너 탓이 아니라고\n했잖아!!\n바보! 멍텅구리!!{08}{0c}그렇게 죽고 싶으면\n내가 지금 죽여 줄게!{08}
S08:18:30	79	{0c}……もう　よさんかレナ{08}{0c}ウィンよ　いい方こそ正しくないが\nレナのいうとおりだぞ{08}	{0c}……그만하게 레나{08}{0c}윈 말투는 옳지 않다만\n레나 말이 맞네{08}
S08:18:31	29	{0c}ご……ごめんなさい\nでも……{08}	{0c}죄……죄송해요\n그래도……{08}
S08:18:32	53	{0c}そうだな　おまえさんは学園長に\nあずけることにするか{08}	{0c}그렇지 자네는 학원장에게\n맡기기로 할까{08}
S08:18:33	73	{0c}な～に　たくらんでるのよ\nおじいちゃんは{0d}\nでも　もう正体はわかったからね{08}	{0c}뭘 꾸미는 거예요\n할아버지는{0d}\n그래도 이제 정체는 알았거든요{08}
S08:18:34	57	{0c}わ　わしで終わらせようとした\n努力が水のあわではないか！{08}	{0c}나 나로 끝내려던\n노력이 물거품 아닌가!{08}
S08:18:35	51	{0c}え～　なんのことぉ？\nわたし　ぜんぜんわかんなぁい{08}	{0c}에～ 무슨 소리～？\n난 하나도 모르겠는데～{08}
S08:19:0	52	よしよし　どの新入生も\n昔のオレみたいに　りりしいな{08}	좋아좋아 어느 신입생이나\n옛날의 나처럼 늠름하구나{08}
S08:19:1	67	まったく　新入生たちの\nオレを見る目が違うぜ\nモテる男はつらいよなぁ{08}	정말 신입생들이\n날 보는 눈이 다르다니까\n인기 많은 남자는 괴롭구나{08}
S08:19:2	52	なあ……気のせいか\nイェンが燃えていたように見えたぞ{08}	있잖아……기분 탓인가\n옌이 불타는 것처럼 보였어{08}
S08:22:0	68	{0c}ここの橋って\nずっと壊れたままだけど……\n中の人はどうしてるのかしら{08}	{0c}여기 다리\n계속 부서진 채인데……\n안의 사람은 괜찮을까{08}
S08:23:0	59	いったいどうなってるの？！\nこ　心の準備ぐらいさせてよ！！{08}{0c}	대체 어떻게 된 거야?!\n마음의 준비라도 하게 해 줘!{08}{0c}
S08:23:1	49	細かいのか　おおざっぱなのか\nレナは　難しいのぉ{08}{0c}	섬세한 건지 대범한 건지\n레나는 어렵구먼{08}{0c}
S08:23:2	32	おじいちゃん　ここはどこなの？{08}{0c}	할아버지 여기가 어디예요?{08}{0c}
S08:23:3	25	ここは悪魔城の内部じゃよ{08}	여긴 악마성 내부일세{08}
S08:23:4	26	な　なに考えてんのよ！！{08}{0c}	무 무슨 생각이에요!!{08}{0c}
S08:23:5	47	だ　だから　新入生を助けにいくと\nいったじゃろ{08}{0c}	그 그러니까 신입생을 구하러\n간다고 했잖나{08}{0c}
S08:23:6	92	あの　１つだけ聞いてもいい？\n毎回わたしたちを　もめごとから\n遠ざけようとしたのはどこの誰？{08}{0c}	저기 하나만 물어봐도 돼요?\n매번 우리를 말썽에서\n떼어 놓으려던 건 누구죠?{08}{0c}
S08:23:7	86	……そういえば　そうだの\nどうして　お前たちでなければ\nいかんと思ったんだ　わしは……{08}{0c}	……그러고 보니 그렇구먼\n어째서 자네들이 아니면\n안 된다고 생각했지 나는……{08}{0c}
S08:23:8	51	お　おじいちゃん？\nもしかして　まじめにボケてる？{08}{0c}	할 할아버지?\n혹시 진지하게 노망나셨어요?{08}{0c}
S08:23:9	70	オレはいくぜ！！\nイアソン先生のために\nあの新入生を入門させてやる！！{08}{0c}	나는 간다!!\n이아손 선생님을 위해\n그 신입생을 입문시키겠다!!{08}{0c}
S08:23:10	38	わたしは\nぜんぜん気が進まないよぉ……{08}	나는\n전혀 내키지 않아……{08}
S08:23:11	41	では　ここにレナを　\nおいていくとするか{08}{0c}	그럼 여기에 레나를\n두고 갈까{08}{0c}
S08:23:12	34	さあ　がんばりましょう　みんな！{08}{0c}	자 힘내요 여러분!{08}{0c}
S08:23:13	13	やれやれ……{08}	이런 이런……{08}
S08:23:14	61	ずうずうしい客がきたかと思ったら\n案の定　貴様か……グレンよ{08}{0c}	뻔뻔한 손님이 왔나 했더니\n역시 네놈이구나……글렌{08}{0c}
S08:23:15	68	うむ……\n罪のない生徒をまきこむのは\nやめてもらえんか……メンフィス{08}{0c}	음……\n죄 없는 학생을 끌어들이는 건\n그만둬 주지 않겠나……멤피스{08}{0c}
S08:23:16	167	ワタシがやったことではないが？{0d}{0d}{0d}{0d}{0d}\n……ワタシとバルアを\n一緒にされてはこまるな　グレン{08}{0c}バルアとは……\nイェンの力を手に入れるまでの間\n一時的に手を組んでいるにすぎん{08}{0c}	내가 한 일이 아닌데?{0d}{0d}{0d}{0d}{0d}\n……나와 바르아를\n한데 묶으면 곤란하다 글렌{08}{0c}바르아와는……\n옌의 힘을 손에 넣을 때까지\n잠시 손잡았을 뿐이다{08}{0c}
S08:23:17	66	変わらぬな……\n力が強力になったぶんだけ\nやっかいになったのう……{08}{0c}	변하지 않았구먼……\n힘이 강해진 만큼\n골치 아파졌구먼……{08}{0c}
S08:23:18	131	グレン！　おまえこそ！\n……だから　ワタシはこうしてきた{08}\n貴様１人の都合で\nまた力のある子供を手なずけ\n自分の手足のように扱うのか！{08}{0c}	글렌! 너야말로!\n……그래서 나는 이렇게 왔다{08}\n네놈 혼자 사정으로\n또 힘 있는 아이들을 길들여\n자기 수족처럼 부릴 셈이냐!{08}{0c}
S08:23:19	76	そうか……おまえは\nそんな風に感じておったのか\nわかってもらえなかったか……{08}{0c}	그런가……자네는\n그렇게 느꼈던 겐가\n이해받지 못했구먼……{08}{0c}
S08:23:20	90	ちょっとあんた！　自分の\nいってることが正しいと思うんなら\nどうして悪役なんかになるわけ？{08}{0c}	잠깐 당신! 자기가 하는\n말이 옳다고 생각하면\n왜 악역 같은 걸 하는 거야?{08}{0c}
S08:23:21	113	……なんという女だ……\nこれが貴様の洗脳の結果か\n……グレン{08}{0c}やっていることはバルアと\nなにも変わらんではないか！{08}{0c}	……이 무슨 여자냐……\n이게 네놈 세뇌의 결과냐\n……글렌{08}{0c}하는 짓은 바르아와\n다를 게 없지 않으냐!{08}{0c}
S08:23:22	16	し　しかし……{08}{0c}	하 하지만……{08}{0c}
S08:23:23	90	子供たちよ！　このグレンが\nやさしいグレンじいさんのまま\n変わらない保証などどこにある！？{08}{0c}	아이들아! 이 글렌이\n다정한 글렌 할아버지 그대로\n안 변한다는 보장이 있냐!?{08}{0c}
S08:23:24	85	{0d}{0d}{0d}……あんた　友達いないでしょ！？\nそんな考え方じゃ　友達だって\nできるはずないわ！{08}{0c}	{0d}{0d}{0d}……당신 친구 없지!?\n그런 생각으론 친구도\n생길 리 없어!{08}{0c}
S08:23:25	168	メンフィスさん……でしたっけ？\nわたし……難しいことは\nわからないけど……{08}\nわたしは　おじいちゃんを\n大好きだし　信じてるし……{08}\nここにいるみんなが\nそう思っているんです{08}{0c}	멤피스 씨……였던가요?\n저……어려운 건\n잘 모르지만……{08}\n저는 할아버지를\n아주 좋아하고 믿어요……{08}\n여기 있는 모두가\n그렇게 생각해요{08}{0c}
S08:23:26	41	ああ！　そうだ！\nエリーのいうとおりだ！{08}{0c}	아아! 그렇다!\n엘리 말대로다!{08}{0c}
S08:23:27	138	そうよ！\nわたしだって　おじいちゃんが\n大好きなんだから！{08}\nそれから　あんた！\nさっさと新入生を返しなさいよ！\nわたし早く帰りたいんだから！{08}{0c}	그래!\n나도 할아버지를\n아주 좋아하니까!{08}\n그리고 당신!\n얼른 신입생 돌려줘!\n나 빨리 집에 가고 싶거든!{08}{0c}
S08:23:28	224	そんな子供などワタシはしらん！\nワタシがやったことではないと\n最初にいったはずだ{08}{0c}今回に関してはな！　{0d}{0d}{0d}グレンよ！\n貴様が本当に正しいのかどうか……{08}\n今は　この子供たちの心にめんじて\n少しだけ結論を出すのは\n待つことにしよう！{08}{0c}	그런 아이는 나는 모른다!\n내가 한 일이 아니라고\n처음에 말했을 텐데{08}{0c}이번만큼은! {0d}{0d}{0d}글렌이여!\n네놈이 정말 옳은지……{08}\n지금은 이 아이들의 마음을\n봐서 조금만 결론을 내는 걸\n미뤄 두마!{08}{0c}
S08:23:29	10	…………{08}{0c}	…………{08}{0c}
S08:23:30	71	さあ　いけ！\nさがしものはこの奥にある{0d}{0d}{0d}\n……しかし　……次はないぞ！{08}{0c}	자 가라!\n찾는 건 이 안쪽에 있다{0d}{0d}{0d}\n……하지만 ……다음은 없다!{08}{0c}
S08:23:31	25	……メンフィス　すまんな{08}	……멤피스 미안하네{08}
S08:23:32	21	さっさといくがいい！{08}	얼른 가라!{08}
S08:23:33	70	なにっ！！\nメンフィスはどうしたのだ！？\n悪魔城を　これほど容易に……{08}{0c}	뭐!!\n멤피스는 어떻게 된 거지!?\n악마성을 이렇게 쉽게……{08}{0c}
S08:23:34	68	大事な生徒を\n返してもらいにきただけなのだが\n大した　いわれようだの{08}{0c}	소중한 학생을\n돌려받으러 왔을 뿐인데\n말 한번 심하구먼{08}{0c}
S08:23:35	45	う　うるさい！！\nウィン　皆殺しにおしっ！！{08}{0c}	시 시끄러워!!\n윈 전부 죽여 버려!!{08}{0c}
S08:23:36	71	自分の手ではなく他人の手でか……\nメンフィスのいったとおりかも\nしれんな{08}	자기 손이 아니라 남의\n손으로인가…… 멤피스\n말대로일지도 모르겠구먼{08}
S08:23:37	57	おまえたちはウィンを頼む\nわしはあの女を片づけねばの！！{08}{0c}	자네들은 윈을 부탁하네 나는\n저 여자를 처리해야겠어!!{08}{0c}
S08:23:38	33	きゃ～\nおじいちゃんカッコイイ曖{08}{0c}	꺄～\n할아버지 멋있다♥{08}{0c}
S08:23:39	42	し……静かにしていたかと思えば\nそれか……{08}	조……조용하다 했더니\n그거냐……{08}
S08:23:40	76	オレはウィン！\nおごり高ぶり　だらくしきった\nイェンの者達よ　かくごしろ！！{08}{0c}	나는 윈!\n오만하고 타락해 빠진\n옌의 녀석들아 각오해라!!{08}{0c}
S08:23:41	30	同じこと　いってやがるぜ！！{08}{0c}	똑같은 소리 하고 있잖아!!{08}{0c}
S08:23:42	56	こいつは\nこのままにしておいた方が\nカッコイイかもね……{08}{0c}	얘는\n이대로 두는 게\n더 멋있을지도……{08}{0c}
S08:23:43	44	そんなこといってる場合じゃないよ\n来たよ！！{08}	그런 말 할 때가 아니야\n온다!!{08}
S08:23:44	39	メンフィスなどと違って\n楽なもんだわい{08}{0c}	멤피스 같은 것과 달리\n편하구먼{08}{0c}
S08:23:45	71	……ふ　ふざけないでよ！！\nワ　ワタシは　ウィンを\nあきらめないからね！{08}	……웃 웃기지 마!!\n나 나는 윈을\n포기 안 할 거야!{08}
S08:23:46	15	おじいちゃん！{08}	할아버지!{08}
S08:23:47	51	おお　おまえたち無事だったか\nそっちは大丈夫かの？{08}{0c}	오오 자네들 무사했구먼\n그쪽은 괜찮나?{08}{0c}
S08:23:48	22	気を失っているだけだ{08}{0c}	기절했을 뿐입니다{08}{0c}
S08:23:49	65	おお　そうかそうか\nならば　こんなところとは\nとっととおさらばじゃ{08}	오오 그래그래\n그럼 이런 곳과는\n얼른 작별일세{08}
S08:23:50	84	あの子供……\nワタシが預かってもよかったのだが\nまあ　いいだろう{08}{0c}ディー　ワタシだ！{08}{0c}	그 아이……\n내가 맡아도 좋았지만\n뭐 됐다{08}{0c}디 나다!{08}{0c}
S08:23:51	26	メンフィス……メンフィス{08}{0c}	멤피스……멤피스{08}{0c}
S08:23:52	63	おまえも感じるか　あの力を！\n時空を超える力を持つ　あの小島を{08}{0c}	너도 느끼느냐 그 힘을!\n시공을 넘는 힘을 지닌 섬을{08}{0c}
S08:23:53	52	カンジル……\nチカラ　ホシイ\nアノ　チカラ　ホシイ！{08}{0c}	느낀다……\n힘 원한다\n그 힘 원한다!{08}{0c}
S08:23:54	48	いつか　食わせてやる\nその時を楽しみに待つがいい{08}	언젠가 먹여 주마\n그때를 기대하며 기다려라{08}
S09:0:0	73	エマ先生ーっ！！\nほら　この子に見覚えありませんか\nつかまえてきましたっ曖{08}	에마 선생님～!!\n봐요 이 애 본 적 없어요?\n잡아 왔어요♥{08}
S09:0:1	38	ウィンには\nじょうだんにならないよ……{08}	윈한텐\n농담이 안 돼……{08}
S09:0:2	57	あ……うん　もう　いいわ\nその話は学園長から\n聞いてるから{08}	아……응 이제 됐어\n그 얘긴 학원장님께\n들었으니까{08}
S09:0:3	77	先生　どうしたの？\n夜ふかしなら美容の天敵ですよ\nお肌のまがり角なんですから曖{08}	선생님 왜 그러세요?\n밤샘은 미용의 천적이에요\n피부가 꺾이는 나이잖아요♥{08}
S09:0:4	56	……あ　あのねぇ{0d}\nこのあいだの火事で\nたいへんだったの！{08}	……저 저기 말이지{0d}\n요전 화재로\n엄청 힘들었거든!{08}
S09:0:5	54	レナさん……やっぱり\nぼくは　ここにはいられないんです{08}	레나 씨……역시\n저는 여기 있을 수 없어요{08}
S09:0:6	91	……めずらしく責任感の強い子ね\nやさしくて　たくましい男になれる\n素質あるわよ　がんばってね{08}	……드물게 책임감이 강한\n애구나 다정하고 늠름한 남자가\n될 소질 있어 힘내{08}
S09:0:7	65	レナの顔見たら\nどっと疲れがでちゃった\n半休とってあるし　おやすみ{08}	레나 얼굴 보니까\n피로가 확 몰려왔어\n반차 냈으니 잘게{08}
S09:0:8	21	……おやすみなさぁい{08}	……안녕히 주무세요～{08}
S09:0:9	56	あんた……いま　エマ先生に\nへんなこと考えていたでしょ？{08}	너……방금 에마 선생님 보고\n이상한 생각 했지?{08}
S09:0:10	61	そ　そんなこと……！\nただ　きれいな先生だなって……\nその……{08}	그 그런……!\n그냥 예쁜 선생님이구나\n하고…… 그……{08}
S09:0:11	52	あんたは　その話し方から\n直さなきゃいけないみたいね{08}	넌 그 말투부터\n고쳐야겠다{08}
S09:0:12	69	先生……エマ先生{0d}{0d}\n早くケッコンしてくださいねぇ\n売れ残っちゃいますよ{08}	선생님……에마 선생님{0d}{0d}\n얼른 결혼하세요～\n안 팔리고 남아요{08}
S09:0:13	13	……{0d}\nう～ん{08}	……{0d}\n으～음{08}
S09:0:14	23	うなされてるみたいね～{08}	악몽 꾸시나 봐～{08}
S09:0:15	9	…………{08}	…………{08}
S09:0:16	29	エマ先生　眠っちゃってるわよ{08}	에마 선생님 주무시네{08}
S09:0:17	36	きっと\nこの前の火事で疲れてるんだよ{08}	분명\n요전 화재로 지치셨을 거야{08}
S09:0:18	21	ぼくのせいですよね…{08}	제 탓이죠…{08}
S09:0:19	83	先生って　ほんと美人ねぇ\nミリョク的なクチビルだわ\nせっかくだし　キスしちゃおうかな{08}	선생님 정말 미인이다\n매력적인 입술이야\n모처럼이니 뽀뽀해 버릴까{08}
S09:0:20	54	やめたほうがいいよ　レナ\nエマ先生　目が覚めちゃうよ？{08}	그만두는 게 좋아 레나\n에마 선생님 깨시잖아?{08}
S09:0:21	65	えーっ　ほら　だって\nキスで目を覚ますって童話が\nあったじゃない？{08}	에～ 봐 봐 그치만\n뽀뽀로 잠을 깨운다는 동화가\n있었잖아?{08}
S09:0:22	47	ところで\nなに１人で顔を赤くしてるの？\nウィンは{08}	그런데\n왜 혼자 얼굴이 빨개?\n윈은{08}
S09:0:23	42	ウィンは　それ以上\n近づいたらダメだからね{08}	윈은 더 이상\n가까이 오면 안 돼{08}
S09:0:24	48	先生のクチビルは\nわたしが最初にうばうんだもん曖{08}	선생님 입술은\n내가 제일 먼저 빼앗을 거야♥{08}
S09:0:25	31	……エマ先生って女のひとだよ？{08}	……에마 선생님은 여자인데?{08}
S09:0:26	0		=
S09:0:27	90	上の方が騒がしいけど……{0d}\nわたしが眠っているあいだに{08}\nあなたたち\nなにかしてないでしょうね{08}	위쪽이 시끄러운데……{0d}\n내가 자는 사이에{08}\n너희\n무슨 짓 안 했겠지{08}
S09:0:28	28	……な…なにもしてませぇん{08}\n	……아…아무것도 안 했어요～{08}\n
S09:0:29	53	素直にいえばゆるしてあげようと\n思ったんだけどな……{08}\n	솔직하게 말하면 용서해 주려고\n했는데……{08}\n
S09:0:30	50	じ…じつは……{0d}{0d}\n先生にキスしようとしただけですぅ{08}	시…실은……{0d}{0d} 선생님한테\n뽀뽀하려고 했을 뿐이에요～{08}
S09:0:31	48	レナ……あなた\nほんとにしなかったでしょうね……{08}	레나……너\n정말 안 했겠지……{08}
S09:0:32	65	ほんとは開かずの扉を\n開けちゃったんです……\nここのウィン大先生が{08}	사실은 봉인의 문을\n열어 버렸어요……\n여기 윈 대선생님이{08}
S09:0:33	19	ごめんなさい　先生{08}	죄송해요 선생님{08}
S09:0:34	65	……あ　あそこだけは\nふれないでほしかったわ……\nこの子たちは……{08}	……거 거기만은\n건드리지 않았으면 했는데……\n이 애들은……{08}
S09:0:35	21	先生　イモムシ好き？{08}	선생님 애벌레 좋아해요?{08}
S09:0:36	55	……………{0d}{0d}{0d}{08}\nレナに無理矢理\n食べさせたいくらいね……{08}	……………{0d}{0d}{0d}{08}\n레나한테 억지로\n먹이고 싶을 정도야……{08}
S09:0:37	48	もう困った子たちね\nこれ以上問題をおこさないでよ{08}	정말 곤란한 애들이구나\n더 이상 문제 일으키지 마{08}
S09:0:38	61	あ　そうだ\n忘れるところだったわ\nこの魔法を教えておかないとね{08}	아 그렇지\n잊을 뻔했다\n이 마법을 가르쳐 줘야지{08}
S09:0:39	36	レナとウィンは\n風のヤスラギを覚えた{08}	레나와 윈은\n바람의 야스라기를 익혔다{08}
S09:0:40	75	この魔法はレナとウィンくんで\n協力して使うから仲良くなれる\nかもしれないわね{08}	이 마법은 레나랑 윈 군이\n협력해서 쓰니까 친해질지도\n모르겠구나{08}
S09:0:41	25	レナはメイミャクを覚えた{08}	레나는 메이먀쿠를 익혔다{08}
S09:0:42	27	ウィンはメイミャクを覚えた{08}	윈은 메이먀쿠를 익혔다{08}
S09:0:43	54	あら…\nみんな　ケガしてるじゃない{08}\nちょっと待ってね…{08}	어머…\n다들 다쳤잖니{08}\n잠깐 기다려…{08}
S09:0:44	19	はいっ　おしまい曖{08}	자 끝♥{08}
S09:0:45	19	エマ先生ありがとう{08}	에마 선생님 고마워요{08}
S09:0:46	50	エマ先生　おきちゃうから\nここにいるのはやめようよ{08}	에마 선생님 깨시니까\n여기 있지 말자{08}
S09:0:47	98	ちょっとくらい　いいじゃない？{0d}{0d}{0d}{0d}{0d}{0d}{0d}\nほんとにキレイだわエマ先生って\nわたしもキレイになれるかなぁ{08}	조금쯤 괜찮잖아?{0d}{0d}{0d}{0d}{0d}{0d}{0d}\n정말 예쁘다 에마 선생님은\n나도 예뻐질 수 있을까{08}
S09:0:48	30	きっとなれるよ！\nねっ　ウィン{08}	분명 될 수 있어!\n그치 윈{08}
S09:0:49	11	は……はい{08}	네……네{08}
S09:0:50	90	上の方が騒がしいけど……{0d}\nわたしが眠っているあいだに{08}\nあなたたち\nなにかしてないでしょうね{08}	위쪽이 시끄러운데……{0d}\n내가 자는 사이에{08}\n너희\n무슨 짓 안 했겠지{08}
S09:0:51	30	……な…なにもしてませんけど{08}\n	……아…아무것도 안 했는데요{08}\n
S09:0:52	53	素直にいえばゆるしてあげようと\n思ったんだけどな……{08}\n	솔직하게 말하면 용서해 주려고\n했는데……{08}\n
S09:0:53	19	えっ　えーと……{0d}{0d}{08}	어 음……{0d}{0d}{08}
S09:0:54	23	やっぱりなにかしたのね{08}	역시 뭔가 했구나{08}
S09:0:55	70	リヒター先生をさがす義務のある\n生徒でもいないかなぁ{0d}{0d}{0d}\nねぇ　きみたち{08}	리히터 선생님을 찾을 의무가\n있는 학생은 없으려나{0d}{0d}{0d}\n그렇지 너희{08}
S09:0:56	85	その前に学園を守る義務のある\n生徒がいたんじゃないかしらぁ？\nその生徒の責任とかもねぇ{08}	그 전에 학원을 지킬 의무가\n있는 학생이 있지 않았나? 그\n학생 책임 같은 것도 말이야{08}
S09:0:57	51	は　はは……\nやだなレナくん　独りごとだよ\n独りごと{08}	하 하하……\n싫다 레나 군 혼잣말이야\n혼잣말{08}
S09:0:58	60	まさかきみたちも　あのウワサを\n信じてきたんじゃないだろうね{08}	설마 너희도 그 소문을\n믿고 온 건 아니겠지{08}
S09:0:59	40	そうですよ\n開かずの扉を開けにきたんです{08}	맞아요\n봉인의 문을 열러 왔어요{08}
S09:0:60	26	……まあ\n健闘を期待するよ{08}	……뭐\n선전을 기대하지{08}
S09:0:61	75	でも　生徒会長として\n黙ってみているわけにはいかない\n断固　阻止するからね！{08}	하지만 학생회장으로서\n가만히 볼 수는 없어\n단호히 막을 거야!{08}
S09:0:62	31	{0d}{0d}……具体的には　どうやって？{08}	{0d}{0d}……구체적으로 어떻게?{08}
S09:0:63	9	…………{08}	…………{08}
S09:0:64	50	さすがのきみたちも\n開かずの扉は無理だったようだね{08}	아무리 너희라도\n봉인의 문은 무리였나 보네{08}
S09:0:65	25	……ほんとうにそう思う？{08}	……정말 그렇게 생각해?{08}
S09:0:66	51	もちろんだとも\nアレは学園長が\n封印したものだからさ{08}	물론이지\n그건 학원장님이\n봉인한 거니까{08}
S09:0:67	21	……ですって　ウィン{08}	……래 윈{08}
S09:0:68	48	……ウィンくん\nあとで生徒会室まできてくれるかな{08}	……윈 군\n나중에 학생회실로 와 줄래{08}
S09:0:69	54	あんた　直感でウィンが\nライバルになると思ったでしょう{08}	너 직감으로 윈이\n라이벌이 될 거라 생각했지{08}
S09:0:70	59	生徒会長は自分の責任を\n人のせいにしたがっている\nようですね{08}	학생회장님은 자기 책임을\n남 탓으로 하고 싶으신\n것 같네요{08}
S09:0:71	38	ま　まあ　好きにさせて\nあげましょうよ{08}	뭐 뭐 좋을 대로\n하게 둬요{08}
S09:0:72	48	それは……もちろん\n最初からそのつもりなのですが{08}	그건……물론\n처음부터 그럴 생각인데요{08}
S09:0:73	31	……そ　そうだとは思ってました{08}	……그 그럴 거라 생각했어요{08}
S09:0:74	50	学園長もリヒター先生を\nさがしているという話ですね{08}	학원장님도 리히터 선생님을\n찾고 계신대요{08}
S09:0:75	63	そうか……\nその先生さえ見つかれば\nイェンの町も元通りになるのね{08}	그렇구나……\n그 선생님만 찾으면\n옌 마을도 원래대로 돌아오겠네{08}
S09:0:76	29	ですが　時間は戻ってきません{08}	하지만 시간은 돌아오지 않아요{08}
S09:0:77	21	{0d}{0d}ご…ごめんなさぁい{08}	{0d}{0d}죄…죄송해요～{08}
S09:0:78	38	リヒター先生は\nどこにいるのでしょう…{08}	리히터 선생님은\n어디 계실까요…{08}
S09:0:79	33	わたくしはわかりました　みなさん{08}	저 알았어요 여러분{08}
S09:0:80	11	は　はい？{08}	네 네?{08}
S09:0:81	65	開かずの扉も\nきっとレナさんたちのために\n用意してあるのでしょうね{08}	봉인의 문도\n분명 레나 씨네를 위해\n준비돼 있는 거겠죠{08}
S09:0:82	23	……じ　自覚はあります{08}	……자 자각은 있어요{08}
S09:0:83	69	そういえば　宝さがしが\nはやっているようですが\nどうしてなんでしょうね{08}	그러고 보니 보물찾기가\n유행하는 것 같은데\n왜일까요{08}
S09:0:84	50	さあ……開かずの扉に\n聞いてみたらどうでしょうか？{08}	글쎄요……봉인의 문한테\n물어보면 어떨까요?{08}
S09:0:85	71	でも　いってみたいですね…\nですが生徒会がいそがしいので……\n残念ですわ{08}	그래도 가 보고 싶네요…\n하지만 학생회가 바빠서……\n아쉬워요{08}
S09:0:86	54	開かずの扉ができた当時の\n記録を調べてみたのですが……{08}	봉인의 문이 생긴 당시\n기록을 찾아봤는데요……{08}
S09:0:87	60	だいたい想像はつきますけれど……\n参考までに聞かせてください{08}	대충 짐작은 가지만……\n참고로 들려주세요{08}
S09:0:88	90	ケント先生　リヒター先生……{0d}\nおよびハイド先生の合体魔法の\n結果　生まれた空間らしいですわ{08}	켄트 선생님 리히터 선생님……{0d}\n그리고 하이드 선생님의 합체\n마법 결과 생긴 공간이래요{08}
S09:0:89	55	……それをどうして\nあの先生たちは建物の中で\nやるわけ？{08}	……그걸 왜\n그 선생님들은 건물 안에서\n하는 건데?{08}
S09:0:90	42	すみません\nそこまで調べてきていないのです{08}	죄송해요\n거기까진 조사 못 했어요{08}
S09:0:91	61	えっ　ちがいます\nエルノラさんに\nいったわけじゃないんですよ曖{08}	어 아니에요\n엘노라 씨한테\n한 말이 아니에요♥{08}
S09:0:92	63	……そうだったんですか{0d}{0d}\n曖が気になりますが\n忘れることにします{08}	……그랬군요{0d}{0d}\n♥가 신경 쓰이지만\n잊기로 할게요{08}
S09:0:93	19	あ　あはははは……{08}	아 아하하하하……{08}
S09:0:94	36	ほかにも　また何か\n調べておきますわ{08}	다른 것도 또\n조사해 둘게요{08}
S09:0:95	27	あら　あんな人でも悩むのね{08}	어머 저런 사람도 고민하는구나{08}
S09:0:96	40	ちょっと　じゃまなんだけど\n生徒会長さん{08}	좀 방해되는데\n학생회장님{08}
S09:0:97	95	ああ　すまない\nそういうつもりはないんだ{0d}{0d}{0d}\nじつはイェンの町の修復に\n生徒会も頭を痛めていてねぇ{08}	아아 미안해\n그럴 생각은 없었어{0d}{0d}{0d}\n실은 옌 마을 복구로\n학생회도 골치가 아파서{08}
S09:0:98	23	……ぼくのせいですよね{08}	……제 탓이죠{08}
S09:0:99	83	自覚があってうれしいよ\nきみがあれほど魔法力が強いとはね\n監視を強めないといけないな{08}	자각이 있다니 기쁘구나\n네가 그렇게 마법력이 셀\n줄이야 감시를 강화해야겠어{08}
S09:0:100	73	それなら　大丈夫ですよ\nエリーとわたしで面倒みるように\nいわれてますからぁ{08}	그거라면 괜찮아요\n엘리랑 제가 돌보라고\n들었거든요～{08}
S09:0:101	70	だから心配なんだ{0d}{0d}{0d}{0d}{0d}\nあ～　こんな時に\nリヒター先生がいてくれればなあ{08}	그러니까 걱정인 거야{0d}{0d}{0d}{0d}{0d}\n아～ 이럴 때\n리히터 선생님이 계셔 주면{08}
S09:0:102	25	そのリヒター先生って誰よ{08}	그 리히터 선생님이 누군데{08}
S09:0:103	73	建築魔法の先生なんだ\n先生さえいれば　たちどころに\n直してくれるのだけどね{08}	건축 마법 선생님이야\n선생님만 계시면 순식간에\n고쳐 주실 텐데{08}
S09:0:104	98	ふーん…そんな便利な先生が\nいたんだ{08}\nそれなら生徒会長が\nみんなのために探しに\nいけばいいんじゃない{08}	흐응…그런 편리한 선생님이\n있었구나{08}\n그럼 학생회장님이\n모두를 위해 찾으러\n가면 되잖아{08}
S09:0:105	9	…………{08}	…………{08}
S09:0:106	21	ああ…こまったなぁ…{08}	아아…곤란하네…{08}
S09:0:107	57	あの　レナさん？\nここは……？\nすごい魔法力を感じますけど{08}	저기 레나 씨?\n여긴……?\n엄청난 마법력이 느껴지는데요{08}
S09:0:108	27	レナさまと呼びなさいよ！！{08}	레나 님이라고 불러!!{08}
S09:0:109	26	は…はい……\nレナ……さま{08}	네…네……\n레나……님{08}
S09:0:110	85	……じょうだんが通じないわねぇ\nさすがに　さま　なんて\nつけさせないから安心しなさいよ{08}	……농담이 안 통하네\n아무리 그래도 님 같은 건\n안 붙이게 할 테니 안심해{08}
S09:0:111	54	……レナのじょうだんと本音の\n区別なんてつかないよ……{08}	……레나 농담이랑 진심은\n구별이 안 돼……{08}
S09:0:112	78	この扉は　強い魔法力で\n封印されているみたいですけど……{0d}\nなにかあるんですか？{08}	이 문은 강한 마법력으로\n봉인된 것 같은데……{0d}\n뭐가 있나요?{08}
S09:0:113	46	そういえば開いてるところなんて\n見たことないね{08}	그러고 보니 열린 건\n본 적이 없네{08}
S09:0:114	42	わかった！\nきっと　ごはんが入ってるのよ！{08}	알았다!\n분명 과자가 들어 있을 거야!{08}
S09:0:115	11	……？？？{08}	……???{08}
S09:0:116	80	やだぁ～　わからないの？{0d}\nおかずの扉なんだから\nごはんはつきものでしょ……あはは{08}	싫다～ 모르겠어?{0d}\n「봉지의 문」이니까\n과자는 당연하지……아하하{08}
S09:0:117	21	ご…ごめんなさい……{08}	죄…죄송해요……{08}
S09:0:118	88	それをいうなら\n開かずの扉だと思うけど……{0d}{0d}{0d}{08}\nそれより\nウィンに町の案内をしてあげようよ{08}	그건「봉인의 문」이라고\n하는 것 같은데……{0d}{0d}{0d}{08}\n그보다\n윈한테 마을 안내해 주자{08}
S09:0:119	47	ふーんだ\n少しくらい笑ってくれても\nいいじゃない{08}	흥이다\n조금쯤 웃어 줘도\n되잖아{08}
S09:0:120	40	ここって　ほんとに\nなにがあるんだろうね{08}	여긴 정말\n뭐가 있을까{08}
S09:0:121	42	レナが勝手に開けちゃうと\n問題になると思う{08}	레나가 멋대로 열면\n문제가 될 거야{08}
S09:0:122	27	そ…それはわかってるわよ！{08}	그…그건 알거든!{08}
S09:0:123	57	宝があるのはわかったけど\Nこの扉ってどうやって開けるの？{08}	보물이 있는 건 알겠는데 이 문은 어떻게 열어?{08}
S09:0:124	51	レナ…やっぱりやめようよ{08}\nまた学園長におこられるよ{08}	레나…역시 그만두자{08}\n또 학원장님께 혼나{08}
S09:0:125	59	ねぇウィンさぁ\nここって魔法で封印されてるって\nいってたよね{08}	있잖아 윈\n여기 마법으로 봉인돼 있다고\n했지{08}
S09:0:126	36	はい\n扉から　すごい魔法力を感じます{08}	네 문에서\n엄청난 마법력이 느껴져요{08}
S09:0:127	81	カギなんて無いみたいだし\nためしに　開けてみれば？\nうまくいったら　見直してあげる{08}	열쇠는 없는 것 같으니\n시험 삼아 열어 보지?\n잘되면 다시 봐 줄게{08}
S09:0:128	34	わ…わかりました……\nやってみます{08}	아…알겠어요……\n해 볼게요{08}
S09:0:129	60	な…なんなのよ　あんたたち！\nどこから　わきでてきたのよ！！{08}	뭐…뭐야 너희!\n어디서 솟아난 거야!!{08}
S09:0:130	65	べ…べつに\nおまえたちなら　やりかねんと\n思っていたわけじゃないぞ{08}	따…딱히\n너희라면 할 것 같다고\n생각한 건 아니다{08}
S09:0:131	33	宝物は誰にも　渡しませんわっ！！{08}	보물은 아무한테도 안 줘요!!{08}
S09:0:132	61	あっ　このバカっ！！\nこの扉をだれが開けたと\n思ってんのよ！！{08}	앗 이 바보!!\n이 문을 누가 열었다고\n생각하는 거야!!{08}
S09:0:133	11	ウィン……{08}	윈……{08}
S09:0:134	25	そ…それはわたさないわぁ{08}	그…그건 안 넘겨～{08}
S09:0:135	21	あっ！　レナさん！！{08}	앗! 레나 씨!!{08}
S09:0:136	17	ちょっと待て！！{08}	잠깐 기다려!!{08}
S09:0:137	59	おおっ！\nあるぜあるぜ　宝の山だ！！\nいくぞ！　ヤロウども！{08}	오오!\n있다 있어 보물 산이다!!\n가자! 이놈들아!{08}
S09:0:138	27	ど…どいつもこいつも～！！{08}	너…너나 할 것 없이～!!{08}
S09:0:139	38	みんな　どうしたんだろ\nなんか変だよね{08}	다들 왜 그러지\n뭔가 이상해{08}
S09:0:140	27	欲に目がくらんだんでしょ！{08}	욕심에 눈이 먼 거지!{08}
S09:0:141	52	レナ？　よく　そういうことを\n大きな声でいえるね……{08}	레나? 잘도 그런 걸\n큰 소리로 말하네……{08}
S09:0:142	69	オレは身に覚えがある……\n山でキノコを食った時に\nあんな風になった！！{08}	나는 짚이는 데가 있다……\n산에서 버섯을 먹었을 때\n저렇게 됐다!!{08}
S09:0:143	21	それで　オチは……？{08}	그래서 결론은……?{08}
S09:0:144	48	ダメだよ　ブレード\n知らないキノコを食べちゃ……{08}	안 돼 블레이드\n모르는 버섯 먹으면……{08}
S09:0:145	9	…………{08}	…………{08}
S09:0:146	77	魔法のクツヒモが切れたと思ったら\n……ま…また……\nまたしても　きみたちか！！{08}	마법 신발 끈이 끊어졌다\n했더니 ……또…또……\n또 너희냐!!{08}
S09:0:147	31	正確にいうと　ウィンくんでぇす{08}	정확히는 윈 군이에요～{08}
S09:0:148	71	……だが　しかし\nここは開けようとしても\n開くようなものではないはずだが{08}	……하지만\n여긴 열려고 해도\n열릴 게 아닐 텐데{08}
S09:0:149	36	学園長\nここは　いったい……なぁに？{08}	학원장님\n여긴 대체……뭐예요?{08}
S09:0:150	132	ある先生たちの共同実験後に\n発生してしまった空間だ{08}\nどういうわけか　イモムシが\n大量発生したため　さらに厳重に\n封印しておいたところだ{08}	어떤 선생님들의 공동 실험\n후에 생겨 버린 공간이다{08}\n어째선지 애벌레가\n대량 발생해서 더 단단히\n봉인해 둔 곳이다{08}
S09:0:151	87	それなら前に聞いたことがあるぞ\nたしかケント先生とリヒター先生と\nハイド先生だったはずだ{08}	그거라면 전에 들은 적 있다\n분명 켄트 선생님과 리히터\n선생님과 하이드 선생님이었다{08}
S09:0:152	142	あっ　ある先生たちだ！{0d}{0d}{0d}\nブレードくん\nきみはいつからそんな生徒に\nなったのかね？{08}\nまあいい　事後処理は私が行うから\nきみたちも責任を取りなさい{08}	어 어떤 선생님들이다!{0d}{0d}{0d}\n블레이드 군\n너는 언제부터 그런 학생이\n됐느냐?{08}\n뭐 좋다 뒷수습은 내가 할\n테니 너희도 책임을 지거라{08}
S09:0:153	65	でましたね　学園のオキテ……\nみんなを救いにいけって\nことですか？{08}	나왔네요 학원의 규칙……\n모두를 구하러 가라는\n거죠?{08}
S09:0:154	65	当然だ\nそれから　君たちには幻覚を見ない\nように　魔法をかけておく{08}	당연하다\n그리고 너희에겐 환각을 보지\n않도록 마법을 걸어 두마{08}
S09:0:155	59	学園長\nこいつらだけじゃ心配です\nオレもつきあわせてください{08}	학원장님\n이 녀석들만으론 걱정입니다\n저도 같이 가게 해 주십시오{08}
S09:0:156	21	ありがとう　ブレード{08}	고마워 블레이드{08}
S09:0:157	23	それでは魔法をかけるぞ{08}	그럼 마법을 걸겠다{08}
S09:0:158	61	リヒター先生に会ったら\nいいかげん帰ってくるように\n伝えなさい{08}	리히터 선생을 만나면\n적당히 좀 돌아오라고\n전하거라{08}
S09:0:159	17	は　はーい？？？{08}	네 네～???{08}
S09:0:160	57	さて　今日　きみたちを\n呼んだのは他でもない\n実はだね……{08}	자 오늘 너희를\n부른 건 다름이 아니라\n실은 말이다……{08}
S09:0:161	28	学園長\n今日もお説教ですか？{08}	학원장님\n오늘도 설교예요?{08}
S09:0:162	74	レナくんはなにやら\n勝手に想像しているようだが……{0d}{0d}{0d}\nさあウィンくん　前へ{08}	레나 군은 뭔가\n멋대로 상상하는 모양이다만……{0d}{0d}{0d}\n자 윈 군 앞으로{08}
S09:0:163	32	あら？\nこの前の新入生じゃない？{08}	어머?\n저번 신입생 아냐?{08}
S09:0:164	83	……実はきみたちに\nたのみたい事があるのだが{08}\nこのウィンくんの面倒を\nみてもらいたい{08}	……실은 너희에게\n부탁할 게 있다{08}\n이 윈 군을\n돌봐 주었으면 한다{08}
S09:0:165	71	この前　おじいちゃんは学園長に\nあずけるっていったのを\n聞きましたけど？{08}	저번에 할아버지가 학원장님께\n맡긴다고 하시는 걸\n들었는데요?{08}
S09:0:166	66	新入生の面倒をみるのは\n先輩のつとめではないかな？{0d}{0d}{0d}{0d}{0d}{0d}{0d}\nレナくん{08}	신입생을 돌보는 건\n선배의 몫이 아니냐?{0d}{0d}{0d}{0d}{0d}{0d}{0d}\n레나 군{08}
S09:0:167	44	よろしくおねがいします\nレナさん　エリーさん{08}	잘 부탁드려요\n레나 씨 엘리 씨{08}
S09:0:168	85	あのぉ　よろしく　といわれても\nあまり気が進まないんですが…{0d}{0d}\n簡単にいえば　イヤです{08}	저기 잘 부탁한다고 해도\n별로 안 내키는데요…{0d}{0d}\n간단히 말하면 싫어요{08}
S09:0:169	81	…そうか　それならば仕方ない\nレナくんの村に　今までのことを\n知らせるとしよう……{08}	…그런가 그렇다면 어쩔 수\n없다 레나 군 마을에 지금까지\n일을 알리도록 하지……{08}
S09:0:170	85	さ～てウィン\n学園案内からしてほしい？{08}\nそれとも　先生たちを\n紹介してあげましょうか？{08}	자～ 윈\n학원 안내부터 해 줄까?{08}\n아니면 선생님들을\n소개해 줄까?{08}
S09:0:171	44	あの……ぼくはやっぱり\nひとりで　大丈夫です{08}	저기……저는 역시\n혼자 괜찮아요{08}
S09:0:172	96	いってることがよくわからないわね\nさ…いくわよ　ウィン{0d}{08}\nこれからは　わたしの\nいうことをきくのよ{08}	무슨 말인지 잘 모르겠네\n자…가자 윈{0d}{08}\n앞으로는 내\n말을 들어야 해{08}
S09:0:173	42	あ…あの……はい\nよろしくお願いします……{08}	아…저기……네\n잘 부탁드려요……{08}
S09:0:174	111	…ウィンくんはレナくんの子分に\nしたわけではないのだよ{08}\nただ　しばらくウィンくんの面倒を\n見てもらうだけでいいぞ{08}	…윈 군을 레나 군의 부하로\n준 게 아니다{08}\n그저 당분간 윈 군을\n돌봐 주기만 하면 된다{08}
S09:0:175	56	わたしたちにまかせた以上\nそれなりの覚悟はしてくださいね{08}	저희한테 맡긴 이상\n그만한 각오는 하세요{08}
S09:0:176	17	気をつけます……{08}	조심하마……{08}
S09:0:177	56	……やはり　何かあやまった判断を\nしたような気がする……{08}	……역시 뭔가 잘못된 판단을\n한 것 같은 기분이 든다……{08}
S09:0:178	73	な～に　いってるんですかぁ\n魔法学園の本当の厳しさを\n教えてあげますってば{08}	무슨 말씀이세요～\n마법학원의 진짜 엄함을\n가르쳐 준다니까요{08}
S09:0:179	51	ウィンくん\nレナくんに負けないように\nがんばりなさい{08}	윈 군\n레나 군에게 지지 않도록\n힘내거라{08}
S09:0:180	30	は…はい\nがんばります　学園長{08}	네…네\n힘낼게요 학원장님{08}
S09:0:181	136	これくらいの出来事であれば\n生徒に任せることになっている{08}\nそのつど　問題を起こした生徒は\n真っ赤な顔の私に　泣きそうに\nなったものだが……{08}	이 정도 일이라면\n학생에게 맡기게 되어 있다{08}\n그때마다 문제 일으킨 학생은\n새빨개진 내 앞에서 울상이\n되곤 했다만……{08}
S09:0:182	29	大変なことがあったんですねぇ{08}	힘든 일이 있었군요{08}
S09:0:183	51	もう　いい\nなんだか私の方が\n情けなくなってきた……{08}	이제 됐다\n왠지 내가 더\n한심해졌다……{08}
S09:0:184	51	大丈夫ですよ\nみんなは　きっと\n助け出してきますから{08}	괜찮아요\n다들 분명\n구해 올 테니까요{08}
S09:0:185	63	その件に関してだけは\n心配することがないのが\nゆいいつの救いだな{08}	그 일에 관해서만은\n걱정할 게 없다는 게\n유일한 위안이구나{08}
S09:0:186	29	素直に喜べないのはどうして？{08}	왜 솔직하게 못 기뻐하지?{08}
S09:0:187	46	とにかくこれ以上\n問題をおこさないでくれたまえ{08}	아무튼 더 이상\n문제를 일으키지 말거라{08}
S09:0:188	38	おっ　そうだった\n合体魔法を認定しよう{08}	아 그렇지\n합체 마법을 인정해 주마{08}
S09:0:189	46	エリーとブレードは\nブレードダイビングを覚えた{08}	엘리와 블레이드는\n블레이드다이빙을 익혔다{08}
S09:0:190	42	ブレードとウィンは\nブラックホールを覚えた{08}	블레이드와 윈은\n블랙홀을 익혔다{08}
S09:0:191	40	エリーとウィンは\nバックドラフトを覚えた{08}	엘리와 윈은\n백드래프트를 익혔다{08}
S09:0:192	44	エリーとウィンは\nフレイズトルネードを覚えた{08}	엘리와 윈은\n프레이즈토네이도를 익혔다{08}
S09:0:193	46	エリーとウィンは\nセブンヘッドドラゴンを覚えた{08}	엘리와 윈은\n세븐헤드드래곤을 익혔다{08}
S09:0:194	40	エリーとレナは\nマジカルチャームを覚えた{08}	엘리와 레나는\n매지컬참을 익혔다{08}
S09:0:195	42	エリーとレナは\nラブリーチアガールを覚えた{08}	엘리와 레나는\n러블리치어걸을 익혔다{08}
S09:0:196	46	ブレードとウィンは\nメイルシュトロームを覚えた{08}	블레이드와 윈은\n메일스트롬을 익혔다{08}
S09:0:197	83	どうして　こうなるわけ？\nまた　なにかたくらんでるでしょ！\nあの秘密　バラすわよ！？{08}	왜 이렇게 되는 건데?\n또 뭔가 꾸미고 있죠!\n그 비밀 폭로할 거예요!?{08}
S09:0:198	75	……学園長の前では\nいい子になるつもりか……\nまったく　この娘にはまいるのう{08}	……학원장 앞에선\n착한 애가 될 셈이구먼……\n정말 이 아가씨는 못 당하겠네{08}
S09:0:199	33	……その勢いでウィンのこと頼むぞ{08}	……그 기세로 윈을 부탁하네{08}
S09:0:200	44	いわれなくても\n手加減なんかしてあげませーん{08}	말 안 해도\n봐주지 않을 거예요～{08}
S09:0:201	9	…………{08}	…………{08}
S09:0:202	71	できれば　おまえたちには\n宝さがしに関わって\nほしくなかったのじゃが……{08}	가능하면 자네들은\n보물찾기에 끼지\n않았으면 했는데……{08}
S09:0:203	42	ねぇ　おじいちゃん\nそれってどういう意味？{08}	있잖아요 할아버지\n그게 무슨 뜻이에요?{08}
S09:0:204	40	また問題がおこってしまう\nということじゃ{08}	또 문제가 일어나 버린다는\n뜻일세{08}
S09:0:205	11	……………{08}	……………{08}
S09:0:206	48	あまり学園長に心配を\nかけないようにするのじゃぞ{08}	너무 학원장에게 걱정을\n끼치지 말게{08}
S09:0:207	58	学園長の魔法のクツヒモを\n切ったのは……やはり　おまえらか{08}	학원장의 마법 신발 끈을\n끊은 건……역시 자네들이구먼{08}
S09:0:208	57	ご…ごめんなさい\nまさか本当に開くとは\n思わなかったんです{08}	죄…죄송해요\n설마 진짜 열릴 줄은\n몰랐어요{08}
S09:0:209	67	……まあ　よい\nあらかじめ注意しておかなかった\nわしらも悪かったしの{08}	……뭐 됐네\n미리 주의를 주지 않은\n우리도 잘못했으니{08}
S09:0:210	40	……こんどは　なにを\nたくらんでいるの？{08}	……이번엔 뭘\n꾸미시는 거예요?{08}
S09:0:211	50	それでどうじゃった？\nリヒターのやつはおったのか？{08}	그래서 어땠나?\n리히터 녀석은 있던가?{08}
S09:0:212	46	え～と…それが……\nイモムシとかがいるので……{08}	음…그게……\n애벌레 같은 게 있어서……{08}
S09:0:213	44	もう宝物なんてものが\n無いとわかったじゃろ？{08}	이제 보물 같은 건\n없다는 걸 알았겠지?{08}
S09:0:214	85	おじいちゃん\nまだわからないわよぉ{08}\nきっとあの中においしいものが\nたくさんあるんだから{08}	할아버지\n아직 모르잖아요～{08}\n분명 그 안에 맛있는 게\n잔뜩 있을 거예요{08}
S09:0:215	19	そうかもしれんのう{08}	그럴지도 모르겠구먼{08}
S09:0:216	50	おじいちゃん　リヒター先生\nのてがかりがありました{08}	할아버지 리히터 선생님\n단서가 있었어요{08}
S09:0:217	34	ほほぉ\nそれでなにがあったんじゃ？{08}	호오\n그래서 뭐가 있었나?{08}
S09:0:218	36	リヒター先生の日記が\n落ちてたんです{08}	리히터 선생님 일기가\n떨어져 있었어요{08}
S09:0:219	38	まだ無事でいるようなので\n安心しました{08}	아직 무사하신 것 같아서\n안심했어요{08}
S09:0:220	42	ほぉ　ウィンも\nがんばっているようじゃのう{08}	호오 윈도\n열심히 하는 것 같구먼{08}
S09:0:221	11	は…はい！{08}	네…네!{08}
S09:0:222	79	あそこには　なにがいるか\nわからんからのぉ{08}\nとっておきの魔法を\n教えてやるかのう{08}	거기엔 뭐가 있을지\n모르니까{08}\n비장의 마법을\n가르쳐 주겠네{08}
S09:0:223	65	ウィンはアルテナを覚えた{08}\n{0c}レナとウィンは\nオーロラレインを覚えた{08}	윈은 알테나를 익혔다{08}\n{0c}레나와 윈은\n오로라레인을 익혔다{08}
S09:0:224	29	おじいさん　この魔法は……？{08}	할아버지 이 마법은……?{08}
S09:0:225	89	この魔法はな\n聖なる力によって攻撃するのじゃ{08}\n強力じゃが　ウィンなら\n使いこなせるじゃろう{08}	이 마법은 말일세\n성스러운 힘으로 공격하지{08}\n강력하지만 윈이라면\n다룰 수 있을 걸세{08}
S09:0:226	32	おじいさん\nありがとうございます{08}	할아버지\n감사합니다{08}
S09:0:227	21	じゃあ　わたしのは？{08}	그럼 제 건요?{08}
S09:0:228	57	その魔法は\n神の力で体力の回復と攻撃を\n一緒にできるのじゃ{08}	그 마법은\n신의 힘으로 체력 회복과\n공격을 함께 할 수 있지{08}
S09:0:229	40	へぇ～　神様かぁ\nなんだかすごそうよねぇ{08}	헤에～ 신이라\n왠지 굉장해 보이네{08}
S09:0:230	21	うん　たのしみだね！{08}	응 기대된다!{08}
S09:0:231	33	まぁ無理をせんようにするのじゃぞ{08}	뭐 무리하지 말게{08}
S09:0:232	42	リヒターのやつは\nまだ見つからんようじゃな{08}	리히터 녀석은\n아직 못 찾은 모양이구먼{08}
S09:0:233	31	そうか　きみは新入生だったのか{08}	그렇군 자네는 신입생이었나{08}
S09:0:234	61	学園長は\n魔法のクツヒモが切れたとかいって\n飛び出していったよ{08}	학원장님은\n마법 신발 끈이 끊어졌다며\n뛰쳐나가셨어{08}
S09:0:235	28	宝探しかぁ\nたのしそうだなぁ{08}	보물찾기라\n재밌겠다{08}
S09:0:236	15	ん…この声は…{08}	응…이 목소리는…{08}
S09:0:237	23	アンチさんみたいですね{08}	안치 씨 같네요{08}
S09:0:238	41	学園長！\n２階の扉はどうやって\n開けるんだ{08}	학원장님!\n２층 문은 어떻게\n여는 거예요{08}
S09:0:239	50	きみたちは　なぜそんなにあの扉を\n開けたいのかね？{08}	너희는 왜 그렇게 그 문을\n열고 싶은 거냐?{08}
S09:0:240	23	あそこには宝があるっス{08}	거기 보물이 있어요{08}
S09:0:241	29	そんな話は聞いたことはないが{08}	그런 얘긴 들어 본 적 없다만{08}
S09:0:242	52	ごまかしたって無駄だぜ\n宝があるのはわかってるんだ！{08}	얼버무려도 소용없어요 보물이\n있는 건 알고 있다고요!{08}
S09:0:243	7	うーん{08}	으음{08}
S09:0:244	59	何をやっとるんじゃ！\nそんなもの　ウソを教えれば\nいいのじゃ{08}	뭘 하는 겐가!\n그런 건 거짓말을 가르쳐 주면\n되는 걸세{08}
S09:0:245	59	そ…そうだ\nたしか　イェンの森でカギを\n落としたことがあった{08}	그…그렇지\n분명 옌의 숲에서 열쇠를\n떨어뜨린 적이 있었다{08}
S09:0:246	68	ねえウィン？{08}\nたしか　あの扉は魔法で封印\nされてるっていってたわよね{08}	있잖아 윈?{08}\n분명 그 문은 마법으로 봉인\n돼 있다고 했지{08}
S09:0:247	30	はい\n強い魔法の力を感じました{08}	네\n강한 마법의 힘이 느껴졌어요{08}
S09:0:248	23	よしっ！　いくぞっ！！{08}	좋아! 가자!!{08}
S09:0:249	44	こっちにくるわ\nここは逃げたほうがよさそうね{08}	이리로 온다\n여긴 피하는 게 좋겠어{08}
S09:0:250	79	なぜか学園内で\n宝探しが始まっているようだが{08}\nまさか\nきみたちもじゃないだろうね{08}	어째선지 학원 안에서\n보물찾기가 시작된 것 같다만{08}\n설마\n너희도는 아니겠지{08}
S09:0:251	29	え～　なんでわかるんですかぁ{08}	에～ 어떻게 아셨어요{08}
S09:0:252	63	何か問題がおこるたびに\nたいてい　きみたちが\n関わっているからね{08}	무슨 문제가 생길 때마다\n대개 너희가\n관련돼 있으니까{08}
S09:0:253	19	ごめんなさい………{08}	죄송해요………{08}
S09:0:254	50	これ以上騒ぎが大きく\nならなければいいのだが………{08}	더 이상 소동이 커지지\n않으면 좋겠다만………{08}
S09:0:255	42	ねえ　レナ\nカギ穴なんてどこにもないけど…{08}	있잖아 레나 열쇠 구멍\n같은 건 어디에도 없는데…{08}
S09:0:256	21	やっぱりやってるわね{08}	역시 하고 있네{08}
S09:0:257	48	おい　学園長！\n扉にカギ穴なんてないじゃないか！{08}	어이 학원장님! 문에\n열쇠 구멍 같은 거 없잖아요!{08}
S09:0:258	29	本当にカギがおちているとは…{08}	진짜 열쇠가 떨어져 있다니…{08}
S09:0:259	29	そ…そんなはずはないと思うが{08}	그…그럴 리가 없을 텐데{08}
S09:0:260	29	ウィンが正解だったみたいだね{08}	윈이 정답이었나 봐{08}
S09:0:261	9	…………{08}	…………{08}
S09:0:262	29	わたしたち　だまされてたの？{08}	우리 속았던 거야?{08}
S09:0:263	32	レナ？\nもしかして　信じてたの？{08}	레나?\n혹시 믿었어?{08}
S09:0:264	48	そ…そんなことより\nここはひとまずひきあげましょ{08}	그…그보다\n여기선 일단 물러나자{08}
S09:0:265	25	どこにカギをいれるんだ～{08}	열쇠를 어디다 넣는 거야～{08}
S09:0:266	53	だから　そんなカギは\n役に立たないって\nいったじゃない{08}	그러니까 그런 열쇠는\n소용없다고\n했잖아{08}
S09:0:267	38	おまえのいうことなんか\n信用できるか！{08}	네 말 따위\n믿을 수 있냐!{08}
S09:0:268	23	それじゃ開けてみせてよ{08}	그럼 열어 보든가{08}
S09:0:269	19	よ…よく見てろよ！{08}	자…잘 봐라!{08}
S09:0:270	8	ハッ！！	핫!!
S09:0:271	25	アニキ～　カッコイイっス{08}	형님～ 멋있어요{08}
S09:0:272	27	そんなこと　わかってるって{08}	그건 나도 알아{08}
S09:0:273	27	ウィンくんもそう思うだろ？{08}	윈 군도 그렇게 생각하지?{08}
S09:0:274	15	は…はい………{08}	네…네………{08}
S09:0:275	29	わたしには理解できないわ……{08}	나는 이해가 안 돼……{08}
S09:0:276	27	よしっ　いつでもいいぜっ！{08}	좋아 언제든 된다!{08}
S09:0:277	9	アニキ～{08}	형님～{08}
S09:0:278	56	カギを見つけたのはアニキっス\nだから　おまえらの負けっス{08}	열쇠를 찾은 건 형님이에요\n그러니까 너희가 진 거예요{08}
S09:0:279	50	それじゃ　扉を開けたら\nわたしたちの勝ちだからね～{08}	그럼 문을 열면\n우리가 이긴 거다～{08}
S09:0:280	19	まだ　やってる……{08}	아직도 하네……{08}
S09:0:281	40	ねぇ　エリー\nあの扉を見にいきましょうよ{08}	있잖아 엘리\n그 문 보러 가자{08}
S09:0:282	6	終わり	끝
S09:1:0	46	みんな　宝さがし宝さがしって\nうるさいわねぇ～{08}	다들 보물찾기 보물찾기\n시끄럽네～{08}
S09:1:1	46	ホントはレナが一番いきたいと\n思ってるでしょ…{08}	사실은 레나가 제일 가고\n싶은 거지…{08}
S09:1:2	43	はずれ～曖{0d}\nでも　すこし当たってるかもね曖{08}	땡～♥{0d}\n그래도 조금은 맞을지도♥{08}
S09:1:3	75	やっぱり……{08}\nでもウィンは\nリヒター先生をさがしたいと\n思ってるんじゃない？{08}	역시……{08}\n그래도 윈은\n리히터 선생님을 찾고\n싶은 거 아냐?{08}
S09:1:4	62	レナさんがそう思っているなら\nぼくはレナさんについていきます…{08}	레나 씨가 그렇게 생각한다면\n저는 레나 씨를 따라갈게요…{08}
S09:1:5	27	あら…わかってきたじゃない{08}	어머…알게 됐네{08}
S09:1:6	43	ウィン？\nあんまりがまん\nしないほうがいいよ{08}	윈?\n너무 참지\n않는 게 좋아{08}
S09:1:7	60	だ…大丈夫です{0d}{0d}{0d}\nぼくはレナさんのように\n強くなりたいんです{08}	괘…괜찮아요{0d}{0d}{0d}\n저는 레나 씨처럼\n강해지고 싶어요{08}
S09:1:8	0		=
S09:1:9	40	はい　きまりっ\n学園塔へ　レッツゴー！！{08}	자 결정!\n학원탑으로 렛츠 고!!{08}
S09:1:10	40	おお　セニアじゃないか\nもう帰ったのか？{08}	오오 세니아 아니냐\n벌써 돌아왔냐?{08}
S09:1:11	19	えっ！　どこどこ？{08}	어! 어디 어디?{08}
S09:1:12	34	は　はい……？\nぼくのことですか？{08}	네 네……?\n저 말이에요?{08}
S09:1:13	57	この２人でほっとくと\n面白そうだから\nだまって見てようか？{08}	이 둘을 내버려 두면\n재밌을 것 같으니\n잠자코 볼까?{08}
S09:1:14	17	わたしは反対……{08}	나는 반대……{08}
S09:1:15	79	そうか　おまえが火をつけたのか\nだが　もう少しがまんすれば\nみんなも忘れるだろう{08}	그렇군 네가 불을 질렀구나\n하지만 조금만 참으면\n다들 잊을 거다{08}
S09:1:16	71	ダディス先生が\nまともに話してるわ……\nわたしはキセキを見ているの……？{08}	다디스 선생님이\n제대로 말씀하셔……\n나 기적을 보는 걸까……?{08}
S09:1:17	52	リヒター先生をさがして\nここを直してみせますよ　先生{08}	리히터 선생님을 찾아서\n여기를 고쳐 보일게요 선생님{08}
S09:1:18	75	そうか　期待しているぞ\nところで　リヒター先生が\nいなくなったのは　いつだ？{08}	그런가 기대하마\n그런데 리히터 선생님이\n없어진 게 언제냐?{08}
S09:1:19	21	こっちが聞きたいです{08}	그건 저희가 묻고 싶어요{08}
S09:1:20	83	そうか……最初からリヒター先生を\nさがせばよかったのか\nはじめから思い出していればな{08}	그렇군……처음부터 리히터\n선생님을 찾았으면 됐구나\n처음부터 생각났다면{08}
S09:1:21	9	…………{08}	…………{08}
S09:1:22	62	なんで先生たちの建物は平気で\nオレたちの家が焼けちまうんだ！？{08}	왜 선생님들 건물은 멀쩡하고\n우리 집은 타 버리는 거야!?{08}
S09:1:23	58	リヒター先生がでてきたら\nここも魔法で直してもらわないとな{08}	리히터 선생님이 나오시면\n여기도 마법으로 고쳐 달라야지{08}
S09:1:24	77	……また　魔族かと思いました\nあれ　でも　その男の子\nどこかで会ったことが……{08}	……또 마족인 줄 알았어요\n어라 그런데 그 남자애\n어디서 만난 적이……{08}
S09:1:25	42	リヒター先生\n帰ってきてくれないかしら……{08}	리히터 선생님\n돌아와 주시지 않을까……{08}
S09:1:26	61	くすくすくす\n足もエマ先生になおしたもらったし\nあとは家だけね{08}	쿡쿡쿡\n다리도 에마 선생님이 고쳐\n줬고 이제 집만 남았네{08}
S09:1:27	65	そういえば\nリヒター先生を見なくなってから\n７年くらいたつと思うわ{08}	그러고 보니\n리히터 선생님을 못 본 지\n７년쯤 된 것 같아{08}
S09:1:28	48	リヒター先生は\nどこへいってしまったんでしょう？{08}	리히터 선생님은\n어디로 가 버리셨을까요?{08}
S09:1:29	36	このままじゃ\nホームレスになっちまう{08}	이대로면\n노숙자가 되겠어{08}
S09:1:30	51	えーい　何でも持ってけドロボウ！{0d}\nもうやけくそだ！{08}	에잇 뭐든 가져가라 도둑놈아!{0d}\n이제 될 대로 돼라!{08}
S09:1:31	32	リヒター先生～\n帰ってきてくれ！{08}	리히터 선생님～\n돌아와 주세요!{08}
S09:1:32	63	……ううん　泣いても\n家は戻ってこないものね\nわたし泣かないわっ{08}	……아니 울어도\n집은 안 돌아오지\n나 안 울 거야{08}
S09:1:33	52	でも　建物をはやく直さないと\n商売にならないわねぇん{08}	그래도 건물을 얼른 안 고치면\n장사가 안 되잖아앙{08}
S09:1:34	23	これで宝はいただきだぜ{08}	이걸로 보물은 받아 간다{08}
S09:1:35	38	それじゃ\nわたしたちも　いきましょうか{08}	그럼\n우리도 가 볼까{08}
S09:3:0	111	おや　違う男の子つれて\nレナちゃんたちも宝さがしかい{08}\n学園塔に宝物が　あるんだって\n寮のみんなは　はりきってるよ{08}	어머 다른 남자애를 데리고\n레나네도 보물찾기니?{08}\n학원탑에 보물이 있대\n기숙사 애들이 신났단다{08}
S09:3:1	50	それって　もしかして\n開かずの扉がどうとかいう……{08}	그거 혹시\n봉인의 문이 어쩌고 하는……{08}
S09:3:2	83	なんだい　知ってるじゃないか\nアンチたちなんか張り切ってたよ\n大物釣り上げるんだって{08}	뭐야 알고 있잖니\n안치네가 신났더라\n대어를 낚을 거래{08}
S09:3:3	85	学園塔の宝さがし　いっておいでよ\nそんなことは子供のときじゃないと\nできないんだからね{08}	학원탑 보물찾기 다녀오렴\n그런 건 어릴 때가 아니면\n못 하니까{08}
S09:3:4	29	じつは　おばさんもいきたい？{08}	실은 아줌마도 가고 싶어요?{08}
S09:3:5	59	あったりまえだよ！\nこっちだって\nワクワクしてきちまうよ！！{08}	당연하지!\n나도\n설레는걸!!{08}
S09:3:6	40	じゃあ　おばさんの分まで\nいってきまーす{08}	그럼 아줌마 몫까지\n다녀올게요～{08}
S09:3:7	46	あの　リヒター先生は\nさがさないんですか……？{08}	저기 리히터 선생님은\n안 찾는 거예요……?{08}
S09:3:8	58	え～　ほんとにさがすの？{0d}{0d}{0d}{0d}{0d}{0d}\nねぇ宝さがしにしましょうよ{08}	에～ 정말 찾을 거야?{0d}{0d}{0d}{0d}{0d}{0d}\n있잖아 보물찾기 하자{08}
S09:3:9	60	ほらほら　早くいっておいで\nアンチたちに宝物を取られちゃうよ{08}	자자 얼른 다녀오렴\n안치네한테 보물 뺏긴다{08}
S09:3:10	32	おや\nもう宝物を見つけたのかい？{08}	어머\n벌써 보물을 찾았니?{08}
S09:3:11	103	開かずの扉を開けるのに\nカギが必要みたいなんです{08}\n学園長はイェンの森に落としたって\nいってたんですけど…{08}	봉인의 문을 여는 데\n열쇠가 필요한가 봐요{08}\n학원장님은 옌의 숲에\n떨어뜨렸다고 하셨는데…{08}
S09:3:12	29	そんな話　聞いたことないねぇ{08}	그런 얘긴 들어 본 적 없구나{08}
S09:3:13	52	レナちゃんたちが宝物\n持ってくるのを楽しみにしてるよ{08}	레나네가 보물 가져오는 걸\n기대하고 있을게{08}
S09:3:14	9	は～い曖{08}	네～♥{08}
S09:3:15	73	で　どうだったんだい\n宝物さがしの結果は！？\nこっちも　ワクワクしちゃうよ{08}	그래서 어땠니\n보물찾기 결과는!?\n나도 설렌단다{08}
S09:3:16	19	えーと　それが……{08}	음 그게……{08}
S09:3:17	33	ま…まだ　宝さがしの途中なんです{08}	아…아직 보물찾기 중이에요{08}
S09:3:18	85	どうせ　レナちゃんたちが\n取ってくると信じてるけどね\nアンチたちにも手加減してあげなよ{08}	어차피 레나네가\n가져올 거라 믿지만\n안치네도 좀 봐주렴{08}
S09:3:19	29	はーい　できる限りしまぁす曖{08}	네～ 최대한 해 볼게요♥{08}
S09:3:20	53	さて　アタシは\nここで　みんなの報告を\n待つとするかね{08}	자 나는\n여기서 모두의 보고를\n기다려 볼까{08}
S09:3:21	33	……イモムシって　食べられます？{08}	……애벌레 먹을 수 있어요?{08}
S09:3:22	40	……いきなり\nなにをいうんだい　この子は{08}	……갑자기\n무슨 소리니 얘는{08}
S09:3:23	40	レナちゃん\nここにいても　なにもでないよ{08}	레나\n여기 있어도 아무것도 안 나와{08}
S09:3:24	59	おまえら知ってるか！？\n知らねえだろ\nけど　教えてやらねえぜ{08}	너희 알아!?\n모르지\n그래도 안 가르쳐 줄 거다{08}
S09:3:25	62	聞きたくもないし　知りたくもない\n教えてくれなくても　けっこう{08}	듣고 싶지도 알고 싶지도 않아\n안 가르쳐 줘도 괜찮아{08}
S09:3:26	61	きっ…聞けよ！！\n学園塔の開かずの扉には\n宝物があるって話だぜ{08}	드…들어!!\n학원탑 봉인의 문에는\n보물이 있다는 얘기다{08}
S09:3:27	31	いいこと教えてくれてありがとう{08}	좋은 거 알려 줘서 고마워{08}
S09:3:28	77	ねぇ　それってどういう宝物なの？\nもう　ここまで話したら\n同じじゃないの　ね？{08}	있잖아 그거 어떤 보물이야?\n벌써 여기까지 말했으면\n똑같잖아 그치?{08}
S09:3:29	59	知りたいか？{0d}{0d}{0d}\\n学園長が集めた\n宝がぎっしりあるって話だぜ{08}	알고 싶냐?{0d}{0d}{0d}\n학원장님이 모은\n보물이 가득하다는 얘기다{08}
S09:3:30	38	あんたってホントに\nよくしゃべるわねぇ{08}	너 정말\n말 많구나{08}
S09:3:31	34	お…おまえなんか\n大嫌いだーっ！！{08}	너…너 따위\n정말 싫어～!!{08}
S09:3:32	29	もうなにもしゃべらないぜっ！{08}	이제 아무 말도 안 한다!{08}
S09:3:33	31	なにを　そんなにうかれてんの？{08}	뭘 그렇게 들떠 있어?{08}
S09:3:34	85	こ　これだけは話せないっス\n宝さがしのことを話したら\nアニキになぐられてしまうっス！！{08}	이 이것만은 말 못 해요\n보물찾기 얘기 하면\n형님한테 맞아요!!{08}
S09:3:35	62	ふーん　じゃあ　なにも聞かない\nでも　あんた話しちゃってるわよ{08}	흐응 그럼 아무것도 안 물을게\n근데 너 이미 말해 버렸어{08}
S09:3:36	67	な…なんスか　その顔は\nおいらは話さないといったら\n話さないっス！！{08}	뭐…뭐예요 그 얼굴은\n저는 말 안 한다면\n안 해요!!{08}
S09:3:37	22	はいはい\nわかったわよ{08}	네네\n알았어{08}
S09:3:38	48	おいらは意志がかたいっス\nぜったいに話さないっス{08}	저는 의지가 굳어요\n절대 말 안 해요{08}
S09:3:39	36	ねえ　レナ\nその男の子は誰なんだい？{08}	있잖아 레나\n그 남자애는 누구야?{08}
S09:3:40	46	この子はウィン\nいまは　わたしたちが特訓中なの{08}	얘는 윈\n지금 우리가 특훈 중이야{08}
S09:3:41	72	そうかぁ{08}\nでも　今からでもおそくないから\nぼくたちの仲間にならないかい？{08}	그렇구나{08}\n그래도 지금부터라도 안\n늦었으니 우리 패거리가 될래?{08}
S09:3:42	45	あ…あの…{0d}{0d}{0d}\nぼくはレナさんについていきます{08}	저…저기…{0d}{0d}{0d}\n저는 레나 씨를 따라갈게요{08}
S09:3:43	62	ウィンくんは　大人しいんだね\nだからレナたちがあずかったんだろ{08}	윈 군은 얌전하구나\n그래서 레나네가 맡았구나{08}
S09:3:44	25	そ…そうかもしれない……{08}	그…그럴지도 몰라……{08}
S09:3:45	56	ウィンくん　いつでもぼくたちの\nところへ来てもいいからね{08}	윈 군 언제든 우리한테\n와도 돼{08}
S09:3:46	65	開かずの扉には\nおいしいものがいっぱいだってよ\nなんだい　その顔？{08}	봉인의 문엔\n맛있는 게 잔뜩이래\n뭐야 그 얼굴?{08}
S09:3:47	44	なんだって！\nイモムシだけってのは　いやだぞ{08}	뭐라고!\n애벌레뿐인 건 싫다고{08}
S09:3:48	42	学園塔に宝物があるって\nうわさがたってるよ{08}	학원탑에 보물이 있다는\n소문이 돌고 있어{08}
S09:3:49	67	開かずの扉を\n開けちゃったんだって？\nじゃあ　この開かないフタも……{08}	봉인의 문을\n열어 버렸다며?\n그럼 이 안 열리는 뚜껑도……{08}
S09:3:50	50	……ぜったいウソだと思うな\n宝が学園塔にあるなんて{08}	……절대 거짓말 같아\n보물이 학원탑에 있다니{08}
S09:3:51	90	もう１つ　ぼくには開けられない\n扉があるんだけど開けてくれない？{0d}\n……女子更衣室なんだけど{08}	하나 더 내가 못 여는\n문이 있는데 열어 줄래?{0d}\n……여자 탈의실인데{08}
S09:3:52	32	ちょっと！\nどうしたのよ　ウィン{08}	잠깐!\n왜 그래 윈{08}
S09:3:53	59	やっぱり　ぼく……\nここを出ていったほうが\nいいと思うんです{08}	역시 저……\n여기서 나가는 게\n좋을 것 같아요{08}
S09:3:54	38	どうしてあんたは\nいつもそうなるわけ？{08}	왜 너는\n늘 그렇게 되는 거야?{08}
S09:3:55	58	じゃないと　みんな安心して\n生活なんかできないと思うんです{08}	안 그러면 다들 안심하고\n생활 못 할 것 같아요{08}
S09:3:56	162	本気でいってんの　あんた？{0d}\nあのね　そういうことを決めるのは\nあんたじゃないの　わかる？{08}\nウィンのやったことが\nどういうことか　なんて\n周りのみんなが　決めることよ{08}	진심이야 너?{0d}\n있잖아 그런 걸 정하는 건\n네가 아니야 알겠어?{08}\n윈이 한 일이\n어떤 일인지는\n주변 모두가 정하는 거야{08}
S09:3:57	27	そうかもしれませんけど……{08}	그럴지도 모르지만……{08}
S09:3:58	83	もうっ！　ウジウジしないの！\nあんたはわたしの子分なんだから\nいう通りにしなさいよ！{08}	정말! 끙끙대지 마!\n너는 내 부하니까\n내 말대로 해!{08}
S09:3:59	70	レナ？\n子分っていうのはいいすぎだよ{08}\nそれにウィンも考えすぎだと思うよ{08}	레나?\n부하는 말이 심해{08}\n그리고 윈도 생각이 너무 많아{08}
S09:3:60	42	……そうでしょうか\nよく　わかりません……{08}	……그럴까요\n잘 모르겠어요……{08}
S09:3:61	48	あ…あんたね～ぇ\nわたしのいったこと聞いてたの？{08}	너…너 정말～\n내 말 듣긴 했어?{08}
S09:3:62	56	これだったら{0d}\n操られていたほうが\nよかったんじゃないの？{08}	이럴 거면{0d}\n조종당하던 게\n나았던 거 아냐?{08}
S09:3:63	62	しばらくは　こんなこといわれても\nがまんしなさいってことみたい{08}	당분간 이런 말 들어도\n참으라는 건가 봐{08}
S09:3:64	13	は　はい……{08}	네 네……{08}
S09:3:65	87	まったく　そんな気になるなら\n町を直してもらえばいいんでしょ\n行方不明のリヒター先生にさ{08}	정말 그렇게 신경 쓰이면\n마을을 고쳐 달라면 되잖아\n행방불명된 리히터 선생님한테{08}
S09:3:66	11	は　はい！{08}	네 네!{08}
S09:3:67	69	ま…また…\n男の方を連れてらっしゃるの？\nなんて人たちなんでしょう……{08}	또…또…\n남자분을 데리고 오셨어요?\n어쩜 이런 사람들이……{08}
S09:3:68	46	……ホレた？\nけっこう　レイラ好みだとは思うわ{08}	……반했어?\n꽤 레이라 취향일 것 같은데{08}
S09:3:69	83	……た…たしかに{0d}{0d}\nなっ　なにをいわせるのかしら！？\nまったく油断もスキもないですわ{08}	……화…확실히{0d}{0d}\n뭐 뭘 말하게 하는 거예요!?\n정말 방심도 틈도 없네요{08}
S09:3:70	61	あなたのような\nふざけた人たちに学園塔の宝は\n渡しませんわっ！{08}	당신 같은\n장난스러운 사람들한텐 학원탑\n보물은 안 넘겨요!{08}
S09:3:71	54	……わたしたちの後を\nつけまわすようなことはしないでね{08}	……우리 뒤를\n졸졸 따라다니지 마{08}
S09:3:72	62	なっ…なんのことでしょう！？\nいいがかりは　やめてほしいですわ{08}	무…무슨 말씀이세요!?\n생트집은 그만둬 주세요{08}
S09:3:73	31	あなたたちだけには負けませんわ{08}	당신들한테만은 안 져요{08}
S09:3:74	50	宝さがしかぁ……\nブラウンさんはどうするのかしら？{08}	보물찾기라……\n브라운 씨는 어떻게 할까?{08}
S09:3:75	58	まったくイモムシが　どうとか\n変な学園に入ってしまったわね{08}	정말 애벌레가 어쩌고\n이상한 학원에 들어와 버렸네{08}
S09:3:76	58	宝はわたしが手に入れるからね\nあんたたちはジャマしないでよ{08}	보물은 내가 차지할 거야\n너희는 방해하지 마{08}
S09:3:77	59	レイラが学園塔の宝物を\nねらってるみたいよ\n気をつけてね……{08}	레이라가 학원탑 보물을\n노리는 것 같아\n조심해……{08}
S09:3:78	44	学園塔に宝物が\nあるってさわいでいるけど……{08}	학원탑에 보물이\n있다고 난리던데……{08}
S09:3:79	66	ねえ　イモムシがどうかしたの！？\nその先がすごい気になるのよ～！！{08}	있잖아 애벌레가 뭐 어쨌어!?\n그 뒤가 너무 궁금하다고!{08}
S09:3:80	60	宝が学園塔２階にあるんですって！\nい…いっ…いそがなきゃ！！{08}	보물이 학원탑 ２층에 있대!\n서…서…서둘러야 해!!{08}
S09:3:81	69	レイラが消えたんですって！？\nそのまま帰ってこなくていいわよ\nあんな女{08}	레이라가 사라졌다고!?\n그대로 안 돌아와도 돼\n그런 여자{08}
S09:3:82	34	なんだか　わたし\nいやな予感がする{08}	왠지 나\n불길한 예감이 들어{08}
S09:3:83	11	どけどけ～{08}	비켜 비켜～{08}
S09:3:84	29	宝はオレ様たちがいただくぜ！{08}	보물은 이 몸들이 받아 간다!{08}
S09:3:85	27	そう？　わたしはしないけど{08}	그래? 나는 안 줄 건데{08}
S09:3:86	15	いただくっス～{08}	받아 가요～{08}
S09:3:87	9	うわっ！{08}	우왓!{08}
S09:3:88	66	あの３人ってやる気だけはあるけど\nいつも　結果がともなわないのよね{08}	저 셋은 의욕만 있지\n늘 결과가 안 따라온단 말이야{08}
S09:3:89	17	ウィン　大丈夫？{08}	윈 괜찮아?{08}
S09:3:90	9	は…はい{08}	네…네{08}
S09:3:91	60	甘やかしたらだめよ　エリー\nそれじゃウィンは強くなれないわよ{08}	오냐오냐하면 안 돼 엘리\n그러면 윈은 강해질 수 없어{08}
S09:3:92	17	が…がんばります{08}	여…열심히 할게요{08}
S09:4:0	46	先生の道場も燃えないで\nよかったじゃないですか{08}	선생님 도장도 안 타서\n다행이네요{08}
S09:4:1	94	ここは炎より熱い男の気合いにも\n耐えるよう　リヒター先生に頼んだ{0d}\nあれぐらいでは　なんともない{08}	여긴 불꽃보다 뜨거운 사나이\n기합도 견디도록 리히터 선생께\n부탁했다{0d} 그 정도론 끄떡없다{08}
S09:4:2	48	魔法学園がなくなっても\nここだけ残りそうよね……{08}	마법학원이 없어져도\n여기만 남을 것 같아……{08}
S09:4:3	85	リヒター先生は　学園に関わる建物\nすべての設計をした人だ\n魔法の火では　びくともせんわ{08}	리히터 선생은 학원 관련 건물\n모두를 설계한 분이다\n마법 불로는 꿈쩍도 안 한다{08}
S09:4:4	63	ウィン\nなによ　その情けない顔！\nあんたのせいじゃないでしょ！！{08}	윈\n뭐야 그 한심한 얼굴!\n네 탓이 아니잖아!!{08}
S09:4:5	42	そこの男は　例の生徒だな\nちょっと話がある{08}	거기 남자는 그 학생이군\n잠깐 할 얘기가 있다{08}
S09:4:6	34	は　はい……{0d}{0d}\n先生　ごめんなさい{08}	네 네……{0d}{0d}\n선생님 죄송해요{08}
S09:4:7	60	なに　いきなりあやまってんのよ！\nあんた　バカじゃないの！？{08}	뭘 갑자기 사과하는 거야!\n너 바보 아냐!?{08}
S09:4:8	67	……ブレードのいうとおりだったな\nなんでもない\nここの道場には不要だ{08}	……블레이드 말대로였군\n아무것도 아니다\n이 도장엔 필요 없다{08}
S09:4:9	34	この道場には\n強い男しか必要ない！{08}	이 도장엔\n강한 사나이만 필요하다!{08}
S09:4:10	32	ブレード……\nそいつらは頼んだぞ{08}	블레이드……\n그 녀석들은 부탁한다{08}
S09:4:11	21	オ…オレがですか！？{08}	제…제가요!?{08}
S09:4:12	71	おまえなら　なんとか\nこいつらをコントロールすることが\nできるかもしれん{08}	너라면 어떻게든\n이 녀석들을 통제할 수\n있을지도 모른다{08}
S09:4:13	17	そんな…先生！！{08}	그런…선생님!!{08}
S09:4:14	54	真の男への道は　つらくけわしい\n耐えるのだぞ　ブレード{08}	진정한 사나이의 길은 험하고\n가파르다 견뎌라 블레이드{08}
S09:4:15	44	わたしをさしおいて\nなに盛り上がってるわけ？{08}	나를 제쳐 두고\n뭘 신나는 건데?{08}
S09:4:16	38	ところで　イアソン先生\nイモムシ好き？{08}	그런데 이아손 선생님\n애벌레 좋아해요?{08}
S09:4:17	31	ブレード　こいつはまかせた！！{08}	블레이드 이 녀석은 맡겼다!!{08}
S09:4:18	19	そ…そんな先生！！{08}	그…그런 선생님!!{08}
S09:4:19	40	うむ……ブレード\nおまえに魔法を教えよう{08}	음……블레이드\n너에게 마법을 가르쳐 주마{08}
S09:4:20	38	ブレードは\nドレインスラッシュを覚えた{08}	블레이드는\n드레인슬래시를 익혔다{08}
S09:4:21	25	ブレードは冷撃剣を覚えた{08}	블레이드는 냉격검을 익혔다{08}
S09:4:22	36	ブレードは\nウィンドショットを覚えた{08}	블레이드는\n윈드샷을 익혔다{08}
S09:4:23	58	なんだ　ウィンじゃねえか\nどうだ？　ちゃんと修行してるか？{08}	뭐야 윈 아니냐\n어때? 제대로 수련하냐?{08}
S09:4:24	91	はい　先輩後輩ごっこは　そこまで\nこの子は　とうぶん　わたしたちが\nあずかることになったから{08}	자 선후배 놀이는 거기까지\n이 애는 당분간 우리가\n맡게 됐으니까{08}
S09:4:25	33	お　男の世界に女が口を出すな！！{08}	사나이 세계에 여자는 빠져!{08}
S09:4:26	74	あっ　そう{0d}\nこのウィンが男だっていい張るなら\nあんたにあずけてもいいのよ？{08}	아 그래{0d}\n이 윈이 남자라고 우긴다면\n너한테 맡겨도 되는데?{08}
S09:4:27	9	…………{08}	…………{08}
S09:4:28	27	なーに　だまりこんでんのよ{08}	뭘 잠자코 있어{08}
S09:4:29	59	ふん　せっかく\nいい話を聞かせてやろうと思ったが\nやめたぜ！{08}	흥 모처럼\n좋은 얘기 들려주려 했는데\n관두겠다!{08}
S09:4:30	19	リヒター先生の話？{08}	리히터 선생님 얘기?{08}
S09:4:31	9	…………{08}	…………{08}
S09:4:32	19	……当てちゃった？{08}	……맞혀 버렸어?{08}
S09:4:33	34	もういい\nオレはこれから修行する！{08}	됐다\n나는 이제 수련한다!{08}
S09:4:34	50	あーあ　オレもマジメに修行すっか\n卒業しなきゃなあ{08}	아～아 나도 성실하게 수련할까\n졸업해야지{08}
S09:4:35	71	あーあ　なんかきみたちは\n好き勝手なことやってるね\n自由でうらやましいな{08}	아～아 너희는 참\n하고 싶은 대로 하는구나\n자유로워서 부럽다{08}
S09:4:36	58	なんだよ　後輩の目があるんじゃ\nマジメにやるしかねぇじゃん{08}	뭐야 후배 눈이 있으니\n성실하게 할 수밖에 없잖아{08}
S09:4:37	27	そろそろ修行しださないとな{08}	슬슬 수련 시작해야지{08}
S09:4:38	54	とりゃ　とりゃ　とりゃぁ\n早く一人前の男になるんだ！！{08}	토랴 토랴 토랴아 얼른\n어엿한 사나이가 될 거다!!{08}
S09:4:39	39	うおりゃあ！！{0d}\n気合いの練習してるんだ{08}	우오랴앗！！{0d}\n기합 연습하는 중이야{08}
S09:5:0	46	おっ　そこにいる男の子は\n例の有名人じゃないか{08}	오 거기 남자애는\n그 유명인 아니냐{08}
S09:5:1	17	ご　ごめんなさい{08}	죄 죄송해요{08}
S09:5:2	42	先生　そういうこというのは\nやめてください{08}	선생님 그런 말씀은\n그만해 주세요{08}
S09:5:3	62	……あ　ああ　悪かった{0d}\nしかし　この組み合わせは\n水と油だぞ？{08}	……아 아아 미안하다{0d}\n그런데 이 조합은\n물과 기름이다?{08}
S09:5:4	44	へーっ　先生\nそれってどういう意味ですかぁ？{08}	헤에～ 선생님\n그거 무슨 뜻이에요?{08}
S09:5:5	71	うーん　イェンはなぁ……\nリヒター先生の建築魔法さえ\nあればと思うんだが{08}	으음 옌은 말이지……\n리히터 선생의 건축 마법만\n있으면 좋겠다만{08}
S09:5:6	40	リヒター先生って\n出張しているんですか？{08}	리히터 선생님은\n출장 중이세요?{08}
S09:5:7	54	ああ……とある実験中に\n別の次元に飛ばされたって話だよ{08}	아아……어떤 실험 중에\n다른 차원으로 날아갔다더라{08}
S09:5:8	25	あのぉ　わたしの話は……{08}	저기 제 얘기는……{08}
S09:5:9	48	遊んでばかりいないで\nたまには本でも読んでいけよ{08}	놀기만 하지 말고\n가끔은 책이라도 읽고 가라{08}
S09:5:10	65	なんだ？　今度は　ぞろぞろと\nいいかげん　わたしに\n仕事をさせろよ{08}	뭐냐? 이번엔 우르르\n적당히 좀\n일하게 해 다오{08}
S09:5:11	79	ねぇ　開かずの間を作る原因\nになった実験をやっていたのって\nラルフ先生たちなの？{08}	있잖아요 봉인의 방이 생긴\n원인 이 된 실험을 한 게\n랄프 선생님들이에요?{08}
S09:5:12	89	勝手にうわさをつくるな……\nあれは　ケント先生　リヒター先生\nそれにハイド先生がやったのだ{08}	멋대로 소문 만들지 마……\n그건 켄트 선생과 리히터 선생\n그리고 하이드 선생이 한 거다{08}
S09:5:13	33	ハイド先生も　すごいひとなんだね{08}	하이드 선생님도 대단하구나{08}
S09:5:14	19	まあ　別の意味でな{08}	뭐 다른 의미로{08}
S09:5:15	89	わたしの計算では　リヒター先生は\n魔法によって　生み出された\n虚数空間にとらわれてるはずだ{08}	내 계산으론 리히터 선생은\n마법으로 생겨난\n허수 공간에 갇혀 있을 거다{08}
S09:5:16	83	……先生　どこかで聞いたような\n話をして　わたしたちを\nごまかそうとしていませんか？{08}	……선생님 어디서 들은 것\n같은 얘기로 저희를\n속이려는 거 아니에요?{08}
S09:5:17	9	ちっ……{08}	쳇……{08}
S09:5:18	13	やっぱり……{08}	역시……{08}
S09:5:19	44	わたしは仕事が残っているんだ\nもう帰ってくれ{08}	나는 일이 남았다\n이제 돌아가 줘{08}
S09:5:20	45	おっと\nこの魔法を\nエリーに教えてやらないとな{08}	아차\n이 마법을\n엘리한테 가르쳐 줘야지{08}
S09:5:21	45	おっと\nこの魔法を\nウィンに教えてやらないとな{08}	아차\n이 마법을\n윈한테 가르쳐 줘야지{08}
S09:5:22	34	ウィンは\nフレイムボックスを覚えた{08}	윈은\n플레임박스를 익혔다{08}
S09:5:23	21	エリーはボムを覚えた{08}	엘리는 봄을 익혔다{08}
S09:5:24	73	この魔法は気をつけろよ\n使ってる本人が　危ない目に\nあうかもしれないからな{08}	이 마법은 조심해라\n쓰는 본인이 위험한 꼴을\n당할지도 모르니까{08}
S09:5:25	50	オレも入ったばかりのころは\nあの新入生のようだった{08}	나도 막 들어왔을 땐\n그 신입생 같았어{08}
S09:5:26	44	しかし　ここはなんのために\n弟子を取るんだよ{08}	그런데 여긴 뭘 위해\n제자를 받는 거야{08}
S09:5:27	44	ラルフ先生も無事だし\n図書館は　あんたいだね{08}	랄프 선생님도 무사하고\n도서관은 안심이다{08}
S09:5:28	36	あんなに本が好きなやつは\n初めて見た{08}	저렇게 책 좋아하는 녀석은\n처음 봤다{08}
S09:5:29	48	あ　みなさん　こんにちは\n今日も本が楽しいですよ{08}	아 여러분 안녕하세요\n오늘도 책이 즐거워요{08}
S09:5:30	21	…………{0d}\nなるほどぉ{08}	…………{0d}\n그렇구나～{08}
S09:6:0	85	操られていたのは　あなたですね？\nどういうことですか？\nもとから交友があったのですか？{08}	조종당했던 게 당신이군요?\n어떻게 된 거죠?\n원래 교류가 있었나요?{08}
S09:6:1	42	本人は反省しておりますので\nそのへんで……{08}	본인이 반성하고 있으니\n그쯤에서……{08}
S09:6:2	19	先生　ごめんなさい{08}	선생님 죄송해요{08}
S09:6:3	60	どうして　あなたのような子が\nレナさんと一緒にいるんですか？{08}	왜 당신 같은 애가\n레나 양이랑 같이 있죠?{08}
S09:6:4	61	テレイナ先生\nレナも反省していますから\nゆるしてあげてください{08}	테레이나 선생님\n레나도 반성하고 있으니\n용서해 주세요{08}
S09:6:5	25	そうですか　わかりました{08}	그래요 알겠어요{08}
S09:6:6	38	わたしは　まだ\n悪いことやってませぇん{08}	저는 아직\n나쁜 짓 안 했어요～{08}
S09:6:7	32	ウィンくん\nがんばってくださいね{08}	윈 군\n힘내세요{08}
S09:6:8	36	どうしました？\nみなさん　おそろいで{08}	무슨 일이에요?\n다들 모여서{08}
S09:6:9	31	テレイナ先生……イモムシ好き？{08}	테레이나 선생님……\n애벌레 좋아해요?{08}
S09:6:10	65	あまり食卓にのせようとは\n思いませんね\nそれが　どうかしましたか？{08}	별로 식탁에 올리고 싶진\n않네요\n그게 왜요?{08}
S09:6:11	40	なんなら　たくさん\n持ってきましょうか？{08}	괜찮으시면 잔뜩\n가져다드릴까요?{08}
S09:6:12	71	レナさん……あなたがそういう\n嫌がらせをする生徒だとは\n思いませんでした{08}	레나 양……당신이 그런\n괴롭힘을 하는 학생일 줄은\n몰랐어요{08}
S09:6:13	44	ち…ちがいます\nそういう意味じゃなくてですね{08}	아…아니에요\n그런 뜻이 아니라요{08}
S09:6:14	29	じゃあ　どういう意味なんだろ{08}	그럼 무슨 뜻일까{08}
S09:6:15	47	レナさん\nイモムシのおみやげは\nいりませんからね{08}	레나 양\n애벌레 선물은\n필요 없어요{08}
S09:6:16	46	つぎは……そうですね\n魔法を教えてあげましょう{08}	다음은……그렇지\n마법을 가르쳐 드릴게요{08}
S09:6:17	23	レナはクイックを覚えた{08}	레나는 퀵을 익혔다{08}
S09:6:18	29	ブレードはシーブレスを覚えた{08}	블레이드는 시브레스를 익혔다{08}
S09:6:19	29	歌と時が心をいやしてくれるわ{08}	노래와 시간이 마음을 달래 줘{08}
S09:6:20	60	新入生もがんばってるみたいだし\nわたしも今度は卒業しなくちゃ{08}	신입생도 열심인 것 같으니\n나도 이번엔 졸업해야지{08}
S09:6:21	57	後輩のくせに～\nわたしより歌がうまいなんて～\nなまいきよ～{08}	후배 주제에～\n나보다 노래를 잘하다니～\n건방져～{08}
S09:6:22	33	チョウチョの歌をつくりましょう～{08}	나비 노래를 만들어요～{08}
S09:6:23	48	テレイナ先生って\nあの性格のきついところが最高！{08}	테레이나 선생님은\n그 까칠한 성격이 최고!{08}
S09:6:24	29	わたしも女らしくならないとね{08}	나도 여자다워져야지{08}
S09:6:25	61	いいハープですね……\nすごいな\nこれって弦がピコリロなんだ……{08}	좋은 하프네요……\n대단하다\n이거 줄이 피코리로구나……{08}
S09:6:26	61	なによ……\nもしかして　あんた\n男のくせに楽器なんか弾けるの？{08}	뭐야……\n혹시 너 남자\n주제에 악기 칠 줄 알아?{08}
S09:6:27	73	はい……いちおうできますけど\nでも　どうして\nレナさんは怒るんですか……？{08}	네……일단 할 줄은 아는데\n그런데 왜\n레나 씨가 화내세요……?{08}
S09:6:28	44	だめだよ　ウィン\nレナの前で音楽の話をしたら{08}	안 돼 윈\n레나 앞에서 음악 얘기하면{08}
S09:6:29	28	エリーさん\nどうしてですか？{08}	엘리 씨\n왜요?{08}
S09:6:30	69	わたしたちが学園に来たころ\nテレイナ先生の歌のテストで\n不合格だったの{08}	우리가 학원에 왔을 때\n테레이나 선생님 노래 시험에서\n불합격했거든{08}
S09:6:31	17	ご…ごめんなさい{08}	죄…죄송해요{08}
S09:6:32	25	レナは歌のテストでね……{08}	레나는 노래 시험에서……{08}
S09:6:33	15	エリー　ダメ～{08}	엘리 안 돼～{08}
S09:6:34	58	ぼくは　どうしてレナさんが\n怒るのか　知りたいだけなんです{08}	저는 왜 레나 씨가\n화내는지 알고 싶을 뿐이에요{08}
S09:6:35	42	レナが弾けないのは\nウィンのせいじゃないよ{08}	레나가 못 치는 건\n윈 탓이 아니야{08}
S09:6:36	31	そ　そんなのわかってるわよ！！{08}	그 그런 건 알거든!!{08}
S09:6:37	17	……ごめんなさい{08}	……미안해{08}
S09:7:0	60	リヒター先生がいなくなったのは\nもしかしてケント先生のせい？{08}	리히터 선생님이 없어진 건\n혹시 켄트 선생님 탓이에요?{08}
S09:7:1	23	……レナ　少し話がある{08}	……레나 잠깐 할 얘기가 있다{08}
S09:7:2	52	あの　ケント先生……？\nレナには　よくいっておきます{08}	저기 켄트 선생님……?\n레나한텐 잘 일러 둘게요{08}
S09:7:3	98	{0d}……そうだ　わしとの共同実験中に\nやつは四次元空間に消えたのだ！\nわしさえ　もっと優秀であったら！{08}	{0d}……그렇다 공동 실험 중에\n녀석은 ４차원으로 사라졌다!\n내가 좀 더 우수했다면!{08}
S09:7:4	15	はぁ……はい？{08}	하아……네?{08}
S09:7:5	69	そのことは忘れられないのだ\n思い返せば　おしいやつを\n無くしたわい……{08}	그 일은 잊을 수가 없다\n돌이켜 보면 아까운 녀석을\n잃었지……{08}
S09:7:6	44	……あの　リヒター先生は\n生きてるんでしょ？{08}	……저기 리히터 선생님은\n살아 계시죠?{08}
S09:7:7	73	そうともいうな\nだから　無くした　なのだが\nまあ　いないのだから同じだわい{08}	그렇게도 말하지\n그러니까 잃었다는 거지만\n뭐 없으니 마찬가지다{08}
S09:7:8	9	…………{08}	…………{08}
S09:7:9	50	リヒターのやつは\nどこでなにをしているんじゃろうか{08}	리히터 녀석은\n어디서 뭘 하고 있을까{08}
S09:7:10	158	ふと　あの実験を思い出したよ{08}\nリヒターのやつが　ある日\n離れた空間同士を直接結ぶと\nいいだしてな{08}\nこれは学園長には秘密だったから\n深夜　学園塔に忍び込んだわけだ{08}	문득 그 실험이 생각나는구나{08}\n리히터 녀석이 어느 날\n떨어진 공간끼리 직접 잇자고\n하더구나{08}\n이건 학원장한텐 비밀이라\n한밤중에 학원탑에 숨어들었지{08}
S09:7:11	78	へーっ　ここまではマジメに\n聞けますけど　問題はオチですね{0d}\n笑わせてくださいね{08}	헤에～ 여기까진 진지하게\n들을 수 있는데 문제는\n결말이죠{0d} 웃겨 주세요{08}
S09:7:12	17	……話はやめじゃ{08}	……얘기 안 한다{08}
S09:7:13	40	えーっ　わたしは\nなにもいってないのにぃ{08}	에～ 저는\n아무 말도 안 했는데～{08}
S09:7:14	29	……その口を改造してやろうか{08}	……그 입을 개조해 줄까{08}
S09:7:15	19	ぜひ　お願いします{08}	꼭 부탁드려요{08}
S09:7:16	55	レナ\nそのうち新しい発明をしてやるから\n楽しみにしていろ{08}	레나\n조만간 새 발명을 해 줄 테니\n기대하고 있거라{08}
S09:7:17	63	またか……\nまったく　なぜ　わしが魔法などを\n教えねばならんのだ{08}	또냐……\n정말 왜 내가 마법 따위를\n가르쳐야 한단 말이냐{08}
S09:7:18	27	ウィンはグラビティを覚えた{08}	윈은 그래비티를 익혔다{08}
S09:7:19	77	ケント先生とリヒター先生\nそして　ハイド先生は\nライバル同士だったそうだよ……{08}	켄트 선생님과 리히터 선생님\n그리고 하이드 선생님은\n라이벌 사이였대……{08}
S09:7:20	38	リヒター先生は\nどこへ消えたのかな……{08}	리히터 선생님은\n어디로 사라진 걸까……{08}
S09:7:21	31	わたしは発明に目覚めたのですよ{08}	저는 발명에 눈을 떴어요{08}
S09:7:22	77	そろそろ次の実験の準備を\nしなくてはいけないのですが\n目的はどうしましょうかね{08}	슬슬 다음 실험 준비를\n해야 하는데\n목적은 뭘로 할까요{08}
S09:8:0	19	あれ　その子は……{08}	어라 그 애는……{08}
S09:8:1	69	ウィンです……\nごめんなさい　先生たちには\nめいわくかけてしまいました{08}	윈이에요……\n죄송해요 선생님들께\n폐를 끼쳐 버렸어요{08}
S09:8:2	86	あのねぇ　わたしたちなんて\nめいわくかけっぱなしなのよ？{0d}\nいいから　その顔やめなさいよ{08}	있잖아 우리야말로\n폐만 끼치고 다닌다고?{0d}\n됐으니까 그 얼굴 그만해{08}
S09:8:3	54	がんばれよ　ウィンくん\nぼくの分まで強くなってくれ……{08}	힘내 윈 군\n내 몫까지 강해져 줘……{08}
S09:8:4	36	なによ　ブルーン先生\nまた失敗なの？{08}	뭐예요 브룬 선생님\n또 실패예요?{08}
S09:8:5	34	……ウィンくん\nきみは希望なんだよ{08}	……윈 군\n너는 희망이란다{08}
S09:8:6	79	ということで　ウィンくん\nきみのことを　うらむような人は\nいないから安心しなさい{08}	그러니까 윈 군\n너를 원망하는 사람은\n없으니 안심하렴{08}
S09:8:7	33	でも……ぼくの罪は消えませんから{08}	그래도……제 죄는 안 사라져요{08}
S09:8:8	77	あーっ　もう！！\nどうして　考えが内側にいくのよ！\n気楽に考えなさいってば！！{08}	아～ 정말!!\n왜 생각이 안으로만 파고들어!\n편하게 생각하라니까!!{08}
S09:8:9	50	レナとウィンを足して割ると\nちょうどいいと思う……{08}	레나랑 윈을 더해서 나누면\n딱 좋을 것 같아……{08}
S09:8:10	40	レナさん\nウィンくんをいじめたらダメだよ{08}	레나 양\n윈 군 괴롭히면 안 돼{08}
S09:8:11	71	なんだか　きみたちから\n変わったニオイがするけど……\nなにかしたのかい？{08}	왠지 너희한테서\n특이한 냄새가 나는데……\n뭐 했니?{08}
S09:8:12	46	えーと　先生\nあまり難しい質問はやめてください{08}	음 선생님 너무\n어려운 질문은 하지 마세요{08}
S09:8:13	73	人面チョウのりんぷんのニオイに\nにているけど……\n何か心当たりはないかい？{08}	인면나비 인분 냄새랑\n비슷한데……\n짚이는 데 없니?{08}
S09:8:14	27	人面チョウってなんですか？{08}	인면나비가 뭐예요?{08}
S09:8:15	71	四次元にすむチョウだよ\nそのりんぷんは　人の心を\nまどわせるっていうけど{08}	４차원에 사는 나비야\n그 인분은 사람 마음을\n홀린다던데{08}
S09:8:16	24	なるほどぉ\n納得しました{08}	그렇구나\n납득했어요{08}
S09:8:17	87	な　なにが納得なんだい！？\nあのチョウは　極めて珍しいんだ\nどっ　どこかで見たのかい！？{08}	뭐 뭘 납득한 거니!?\n그 나비는 아주 희귀하단다\n어 어디서 봤니!?{08}
S09:8:18	13	ニコニコ……{08}	싱글벙글……{08}
S09:8:19	69	ちょっと　レナさん！\nじらして楽しんでいるね！\nねえ　お願いだからさあ{08}	잠깐 레나 양!\n애태우며 즐기는구나!\n응 제발 부탁이야{08}
S09:8:20	13	ニコニコ……{08}	싱글벙글……{08}
S09:8:21	36	そういうことばっかり\nしてるから……{08}	그런 짓만\n하니까……{08}
S09:8:22	44	レナさん……？\n本当に教えてくれないのかい？{08}	레나 양……?\n정말 안 가르쳐 줄 거니?{08}
S09:8:23	42	ふん　ケガにんが多くて\n助けがいがあったぜ{08}	흥 다친 사람이 많아서\n도울 보람이 있었다{08}
S09:8:24	46	さて　たまには弟子らしいことも\nやらなくてはな{08}	자 가끔은 제자다운 일도\n해야지{08}
S09:8:25	54	あなたね……イェンを焼いた人……\nでも　もう……いいわ{08}	너구나……옌을 태운 사람……\n그래도 이제……됐어{08}
S09:8:26	40	あなたたちから\n変わったニオイがする……{08}	너희한테서\n특이한 냄새가 나……{08}
S09:8:27	38	そうだなぁ\nウィンくんに魔法を教えるよ{08}	그렇지\n윈 군한테 마법을 가르쳐 줄게{08}
S09:8:28	27	ウィンはトルネードを覚えた{08}	윈은 토네이도를 익혔다{08}
S09:8:29	36	そうだなぁ\nレナさんに魔法を教えるよ{08}	그렇지 레나\n양한테 마법을 가르쳐 줄게{08}
S09:8:30	27	レナはサイストームを覚えた{08}	레나는 사이스톰을 익혔다{08}
S09:9:0	25	……まあ　成功のうちだな{08}	……뭐 성공인 셈이지{08}
S09:9:1	27	い…生きててよかったわ……{08}	사…살아서 다행이야……{08}
S09:9:2	29	オ…オレは　もうイヤだー！！{08}	나…나는 이제 싫어～!!{08}
S09:9:3	79	まったく　もう火の粉で\n服があなだらけだったのよ\nお父さまにもらった服だったのに{08}	정말 불똥 때문에\n옷이 구멍투성이였어요\n아버님께 받은 옷이었는데{08}
S09:9:4	48	わたし……このままじゃ\n性格　変わっちゃいそうよ{08}	나……이대로면\n성격이 바뀔 것 같아{08}
S09:9:5	59	それにしても\n見通しがよくなったな\nあ　いや　じょうだんだよ{08}	그나저나\n전망이 좋아졌구나\n아 아니 농담이야{08}
S09:9:6	48	さて　開かずの間がひらいて\nどうなることやら……{08}	자 봉인의 방이 열렸으니\n어떻게 될는지……{08}
S09:12:0	59	じつは　ここもリヒター先生が\nつくってくれたの\nだから安心ね{08}	실은 여기도 리히터 선생님이\n만들어 주셨어\n그러니 안심이야{08}
S09:12:1	48	リヒター先生？\nふとってて　かっぷくのいい先生よ{08}	리히터 선생님?\n통통하고 풍채 좋은 선생님이야{08}
S09:12:2	73	ここはリヒター先生が\nつくってくれなかったから……\n火気厳禁だぞ　火気厳禁{08}	여긴 리히터 선생님이\n안 만들어 주셨으니까……\n화기 엄금이다 화기 엄금{08}
S09:12:3	27	生きがいは船だけなのさ……{08}	삶의 보람은 배뿐이지……{08}
S09:15:0	65	まあ　じまんじゃないが\nイェンはオレとリヒター先生が\nつくったのさ{08}	뭐 자랑은 아니지만\n옌은 나랑 리히터 선생님이\n만들었지{08}
S09:15:1	69	リヒター先生の建築魔法ってのは\n魔法を唱えるだけで\n建物がつくれるのさ{08}	리히터 선생님의 건축 마법은\n주문을 외우기만 해도\n건물을 지을 수 있거든{08}
S09:16:0	8	台詞なし	대사없음
S09:16:1	17	カギはあったか？{08}	열쇠는 있었냐?{08}
S09:16:2	17	どこにも無いっス{08}	어디에도 없어요{08}
S09:16:3	15	無いみたいだね{08}	없나 봐{08}
S09:16:4	40	よしっ！\nこうなったら手分けしてさがすぞ{08}	좋아!\n이렇게 된 이상 나눠서 찾자{08}
S09:16:5	29	まだ見つかっていないみたいね{08}	아직 못 찾았나 봐{08}
S09:16:6	71	本当にカギなんてあるのかな？\nウィンも魔法で封印されてるって\nいってるし{08}	정말 열쇠 같은 게 있을까?\n윈도 마법으로 봉인됐다고\n했고{08}
S09:16:7	25	カギを見つけて　お宝っス{08}	열쇠 찾아서 보물이에요{08}
S09:16:8	17	うーん　無いなあ{08}	으음 없네{08}
S09:16:9	29	今度こそ　レナたちに勝てるぜ{08}	이번에야말로 레나네를 이긴다{08}
S09:16:10	33	そんなの無理に決まってるじゃない{08}	그런 거 무리인 게 뻔하잖아{08}
S09:16:11	32	ちょっとレナ！\n見つかっちゃうよ{08}	잠깐 레나!\n들킨다고{08}
S09:16:12	64	大丈夫よ　エリー{08}\nカギ探しに夢中で全然気付いてない\nみたいだから{08}	괜찮아 엘리{08}\n열쇠 찾기에 정신 팔려서\n전혀 모르는 것 같으니까{08}
S09:16:13	0		=
S09:16:14	21	あ…あったっス{0d}{0d}{0d}{0d}{0d}{0d}{08}	차…찾았어요{0d}{0d}{0d}{0d}{0d}{0d}{08}
S09:16:15	27	あったっス　アニキー{0d}{0d}{0d}{0d}{0d}{0d}{08}	찾았어요 형니임～{0d}{0d}{0d}{0d}{0d}{0d}{08}
S09:16:16	29	よし！　よくやったな　リック{08}	좋아! 잘했다 릭{08}
S09:16:17	33	アニキの役にたてて　ウレシイっス{08}	형님께 도움이 돼서 기뻐요{08}
S09:16:18	25	お手柄じゃないか　リック{08}	공 세웠네 릭{08}
S09:16:19	37	…………{08}\nおい　これはカギじゃないぞ{08}	…………{08}\n어이 이건 열쇠가 아니잖아{08}
S09:16:20	21	そんなはずはないっス{08}	그럴 리가 없어요{08}
S09:16:21	26	本当っス\nカギじゃないっス{08}	정말이에요\n열쇠가 아니에요{08}
S09:16:22	40	まあ　気にするなリック\nまた探せばいいさ{08}	뭐 신경 쓰지 마 릭\n또 찾으면 돼{08}
S09:16:23	9	アニキ～{08}	형님～{08}
S09:16:24	23	よしっ！　いくぞっ！！{08}	좋아! 가자!!{08}
S09:16:25	48	やっとみつけたぜ\nこれで宝は　オレ様たちのものだ{08}	드디어 찾았다\n이걸로 보물은 이 몸들 거다{08}
S09:16:26	20	やったっス\nお宝っス{08}	해냈어요\n보물이에요{08}
S09:16:27	21	ちょっと待ちなさいよ{08}	잠깐 기다려{08}
S09:16:28	50	な…なんで　おまえたちが\nこんなところにいるんだ？{08}	너…너희가 왜\n이런 데 있는 거냐?{08}
S09:16:29	42	あんたたちこそ　こんな所で\nなにしてるのよ{08}	너희야말로 이런 데서\n뭐 하는 거야{08}
S09:16:30	52	な…なにをしてようが\nオレ様たちの　か…勝手だろうが{08}	뭐…뭘 하든\n이 몸들 마…마음이잖아{08}
S09:16:31	42	それじゃ\nその手に持っているのは　な～に曖{08}	그럼\n그 손에 든 건 뭐～야♥{08}
S09:16:32	29	こ…これは　と…扉のカギだっ{08}	이…이건 무…문 열쇠다{08}
S09:16:33	101	ホントになんでも\nしゃべっちゃうのね{08}\nでもね～あの扉って\n魔法で封印されてるらしいわよ{08}\nねっ　ウィン曖{08}	정말 뭐든지\n말해 버리는구나{08}\n그런데 있지～ 그 문은\n마법으로 봉인됐대{08}\n그치 윈♥{08}
S09:16:34	13	は…はい……{08}	네…네……{08}
S09:16:35	60	だから　そんなカギ必要ないから\nわたしたちにくれないかしら曖{08}	그러니까 그런 열쇠 필요\n없으니 우리한테 주지 않을래♥{08}
S09:16:36	29	そんなのウソに決まってるっス{08}	그런 거 거짓말이 뻔해요{08}
S09:16:37	23	そうだ　だまされるな！{08}	그렇다 속지 마!{08}
S09:16:38	29	あそこは　すごい魔法力が……{08}	거긴 엄청난 마법력이……{08}
S09:16:39	74	こんなやつらにかまっている\nヒマはないぜっ！{08}\nいくぞっ！！　リック　クール{08}	이런 녀석들 상대할\n틈 없다!{08}\n가자!! 릭 쿨{08}
S09:16:40	44	おかしいわね\nいつもなら簡単にひっかかるのに{08}	이상하네\n평소라면 쉽게 걸려드는데{08}
S09:16:41	71	ねえ　レナ？　アンチたちは{0d}{0d}\n向こうにいったみたいだから\n追いかけようよ{08}	있잖아 레나? 안치네는{0d}{0d}\n저쪽으로 간 것 같으니\n쫓아가자{08}
S09:16:42	56	エリーがいうなら仕方ないわね\nそれじゃ追いかけましょうか{08}	엘리가 그러면 어쩔 수 없지\n그럼 쫓아가 볼까{08}
S09:16:43	19	早く追いかけましょ{08}	얼른 쫓아가자{08}
S09:16:44	33	こっちからいくと見つかっちゃうよ{08}	이쪽으로 가면 들켜{08}
S09:16:45	27	それじゃ　他をあたりましょ{08}	그럼 다른 데로 가자{08}
S09:16:46	50	あれ？　みんなこんなところに\nなにしにきたんだい？{08}	어라? 다들 이런 데\n뭐 하러 왔니?{08}
S09:16:47	25	ちょっと用事があって……{08}	좀 볼일이 있어서……{08}
S09:16:48	67	さっきアンチくんたちも\n森の中に入っていったけど\nなにかあるのかい？{08}	아까 안치 군들도\n숲에 들어갔는데\n뭐 있니?{08}
S09:16:49	21	い…いえ　べつに……{08}	아…아뇨 별로……{08}
S09:16:50	114	でもこの森はとても危険だから\n気をつけるんだよ{08}\nあと今日は薬草がたくさん\n取れたからケガをしたら\nいつでも来るんだよ{08}	그래도 이 숲은 아주 위험하니\n조심하렴{08}\n그리고 오늘은 약초가 많이\n났으니까 다치면\n언제든 오렴{08}
S09:16:51	50	この森はあぶないからね\nケガをしたらすぐくるんだよ{08}	이 숲은 위험하니까\n다치면 바로 오렴{08}
S09:16:52	54	あっ　ケガをしているみたいだね\nみんなこの薬草を使って{08}	앗 다친 것 같구나\n다들 이 약초를 쓰렴{08}
S09:16:53	15	先生ありがとう{08}	선생님 고마워요{08}
S09:16:54	38	また　あぶなくなったら\nすぐ来るんだよ{08}	또 위험해지면\n바로 오거라{08}
S09:17:0	23	な…なんだ　ここは！！{08}	뭐…뭐냐 여긴!!{08}
S09:17:1	58	レナさん　ここは　べつの空間と\nつながっているみたいですね{08}	레나 씨 여긴 다른 공간과\n이어져 있는 것 같아요{08}
S09:17:2	55	ここに宝があるのね曖\nなにがあるのかしら\n楽しみだわぁ～{08}	여기 보물이 있구나♥\n뭐가 있을까\n기대된다～{08}
S09:17:3	53	でも　学園長が\nイモムシがたくさん出るって\nいってたし{08}	그래도 학원장님이\n애벌레가 잔뜩 나온다고\n하셨는데{08}
S09:17:4	40	いざという時は\n真の男が助けてくれるわよ{08}	여차하면\n진정한 사나이가 구해 줄 거야{08}
S09:17:5	11	……………{08}	……………{08}
S09:17:6	27	あ…あの…リヒター先生は…{08}	저…저기…리히터 선생님은…{08}
S09:17:7	42	かっ…神は\nわたくしを見捨てなかったわ！！{08}	시…신은\n저를 버리지 않으셨어!!{08}
S09:17:8	122	は～い　みんな　聞いてくださ～い{08}\nここでレイラさんが　ふか～く\n反省したいことがあるそうです{0d}\nゆっくり聞いてあげましょう曖{08}	네～ 다들 들어 주세요～{08}\n여기서 레이라 씨가 깊～이\n반성하고 싶은 게 있대요{0d}\n천천히 들어 줍시다♥{08}
S09:17:9	60	レ…レナさん！？\nなにを　おふざけになって……{0d}\nキャーッ！！{08}	레…레나 씨!?\n무슨 장난을……{0d}\n꺄악!!{08}
S09:17:10	40	はい　みなさん\n静かに聞きましょうねぇ曖{08}	자 여러분\n조용히 들어요♥{08}
S09:17:11	64	だ　だれが　あなたたちなどに\n頭など下げますか……{0d}\nキャーッ！！{08}	누 누가 당신들한테\n고개를 숙여요……{0d}\n꺄악!!{08}
S09:17:12	46	開き直りの悲鳴って\nなんて心地よいのかしらぁ曖{08}	배짱 튕기는 비명은\n어쩜 이리 기분 좋을까♥{08}
S09:17:13	23	もう見てられないよ……{08}	이제 못 보겠어……{08}
S09:17:14	17	オレは戦うぜ！！{08}	나는 싸운다!!{08}
S09:17:15	33	この借りはきっと返しますからね！{08}	이 빚은 꼭 갚을 거예요!{08}
S09:17:16	27	どうして　そうなるの……？{08}	왜 그렇게 되는 거야……?{08}
S09:17:17	29	それって　マジメにいってる？{08}	그거 진지하게 하는 말이야?{08}
S09:17:18	61	リヒターの日記だって\nほんとに　ここにいるみたいね\nラッキ～曖{08}	「리히터의 일기」래\n정말 여기 있나 봐\n럭키～♥{08}
S09:17:19	17	よ　よかった……{08}	다 다행이다……{08}
S09:17:20	65	あんたねぇ\nそういう顔は　最後の最後まで\nおあずけにしときなさいよ{08}	너 말이야\n그런 얼굴은 마지막의\n마지막까지 아껴 둬{08}
S09:17:21	29	ねえねえ　なんて書いてあるの{08}	있잖아 뭐라고 적혀 있어{08}
S09:17:22	94	実験は成功したものの\n閉じ込められてしまったらしい{08}\n扉が封印されてしまい\n魔法も使えないようだ{08}\n	실험은 성공했지만\n갇혀 버린 모양이다{08}\n문이 봉인돼 버려서\n마법도 못 쓰는 것 같다{08}\n
S09:17:23	31	って……失敗したからでしょうに{08}	……실패했으니까 그렇지{08}
S09:17:24	83	やだぁ……日付がずいぶん前ね\nリヒター先生っていっても\n骨だけじゃ役に立たないしねぇ{08}	싫다……날짜가 꽤 오래됐네\n리히터 선생님이라도\n뼈만 남았으면 소용없잖아{08}
S09:17:25	69	そ　そんなことは\nいわないでください……\nほんとうに　そうだったら……{08}	그 그런 말\n하지 마세요……\n정말 그렇다면……{08}
S09:17:26	88	ウィンの運がわるかったのよね{0d}\nでも　ここでなにをいおうが\n運命が変わるわけじゃないわよ？{08}	윈 운이 나빴던 거지{0d}\n그래도 여기서 뭐라 하든\n운명이 바뀌는 건 아니야?{08}
S09:17:27	25	二冊目は比較的新しいわね{08}	두 번째 권은 비교적 새거네{08}
S09:17:28	25	内容はどうなっているんだ{08}	내용은 어떻게 돼 있냐{08}
S09:17:29	69	イモムシとの生活にも慣れた\nよく見れば　かわいいやつらだし\n腹がへ……{08}	애벌레와의 생활에도 익숙해졌다\n잘 보면 귀여운 녀석들이고\n배가 고……{08}
S09:17:30	38	レナ～……\nもう　その先は聞きたくない{08}	레나～……\n그 뒤는 듣고 싶지 않아{08}
S09:17:31	50	ま…まあ　いちおう\n生きてることはわかったじゃない{08}	뭐…뭐 일단\n살아 계신 건 알았잖아{08}
S09:17:32	38	と…とにかく\nリヒター先生をさがそうよ{08}	아…아무튼\n리히터 선생님을 찾자{08}
S09:17:33	42	そうだぜ　ウィン\n男が結果をおそれるな！！{08}	그렇다 윈 사나이가\n결과를 두려워 마라!!{08}
S09:17:34	81	たまには　いいこというわね\nでも　結果がよくなくちゃ\nだれもホメてくれないけどねー{08}	가끔은 좋은 말 하네\n그래도 결과가 좋아야\n아무도 칭찬 안 해 주지만{08}
S09:17:35	15	まゆですね……{08}	고치네요……{08}
S09:17:36	58	そんなの見ればわかるじゃない\nそれより問題は　中身よ　中身{08}	그런 건 보면 알잖아\n그보다 문제는 내용물이야{08}
S09:17:37	40	レナ？\nまた　すごいこと考えてない……？{08}	레나? 또 엄청난\n생각 하는 거 아니지……?{08}
S09:17:38	50	助けてあげるわよ\nレイラに比べれば　かわいげあるし{08}	구해 줄게\n레이라에 비하면 귀여운 편이고{08}
S09:17:39	21	よし　オレにまかせろ{08}	좋아 나한테 맡겨{08}
S09:17:40	42	オレに切れない物など\n無いはずなのにっ！！{08}	내가 못 베는 건\n없을 텐데!!{08}
S09:17:41	59	世話をやかせるわねぇ\nこんなやつら燃やしちゃおうか\nまったく{08}	손이 많이 가네\n이런 녀석들 태워 버릴까\n정말{08}
S09:17:42	36	そうだよ　レナ！\nそれが　いいと思う{08}	맞아 레나!\n그게 좋겠어{08}
S09:17:43	51	……あの　エリー？\nじょうだんなんだけど……{0d}{0d}{0d}{0d}{0d}{0d}{0d}\n	……저기 엘리?\n농담인데……{0d}{0d}{0d}{0d}{0d}{0d}{0d}\n
S09:17:44	19	よかったね　みんな{08}	다행이다 다들{08}
S09:17:45	27	な…な…なにすんだーっ！！{08}	뭐…뭐…뭐 하는 거야～!!{08}
S09:17:46	85	あら　生きながら食べられるより\nいっそのこと　わたしたちに\n燃やされた方がいいでしょ？{08}	어머 산 채로 먹히느니\n차라리 우리한테\n타는 게 낫잖아?{08}
S09:17:47	50	……そんなことより宝だ\nいくぞ　リック　クール！！{08}	……그보다 보물이다\n가자 릭 쿨!!{08}
S09:17:48	31	ちょ…ちょっと待ちなさいよ！！{08}	자…잠깐 기다려!!{08}
S09:17:49	31	あーっ　手間がはぶけそうだわ曖{08}	아～ 수고를 덜 것 같네♥{08}
S09:17:50	40	あそこにいるのが\nリヒター先生なのかな？{08}	저기 있는 게\n리히터 선생님일까?{08}
S09:17:51	17	なにかくるぞ！！{08}	뭔가 온다!!{08}
S09:17:52	15	わたし　やだぁ{08}	나 싫어{08}
S09:17:53	38	あのチョウが\nすべての原因のようですね{08}	저 나비가\n모든 원인인 것 같아요{08}
S09:17:54	31	よし！　相手に不足はないぜ！！{08}	좋아! 상대로 부족함 없다!!{08}
S09:17:55	31	あのぉリヒター先生……ですか？{08}	저기 리히터 선생님……이세요?{08}
S09:17:56	36	ああ　そうだが\nおまえたちはなんだ？{08}	아아 그렇다만\n너희는 뭐냐?{08}
S09:17:57	52	学園長にたのまれて\nリヒター先生をむかえにきたんです{08}	학원장님 부탁으로\n리히터 선생님을 모시러 왔어요{08}
S09:17:58	61	そうだ　学園長めっ！！\nわがはいの命より\nイェンを優先しおって{08}	그렇지 학원장 녀석!!\n이 몸의 목숨보다\n옌을 우선하다니{08}
S09:17:59	60	結局どういうことなんですか？\nリヒター先生がここにいるわけは{08}	결국 어떻게 된 거예요?\n리히터 선생님이 여기 있는 건{08}
S09:17:60	218	まあ　な！　くわしく話せば\nすべて　わがはいの責任だよ\nわははははは！！{08}\nよりにもよって人面チョウの巣と\nつながってしまってな{08}\nだから学園長のやつに扉もふさがれ\n頭きたわがはいは　迎えが来るまで\nここで待ってたというわけだ{08}	뭐 그렇지! 자세히 말하면\n전부 이 몸 책임이다\n와하하하하!!{08}\n하필이면 인면나비 둥지와\n이어져 버려서 말이지{08}\n학원장 녀석이 문을 막았고\n열받은 이 몸은 마중 올\n때까지 여기서 기다렸다는 거다{08}
S09:17:61	9	……はあ{08}	……하아{08}
S09:17:62	39	さて\nむかえもきたことだし\n帰るとするか{08}	자\n마중도 왔으니\n돌아가 볼까{08}
S09:17:63	31	よし　おまえらも目を覚ませ！！{08}	좋아 너희도 정신 차려라!!{08}
S09:17:64	73	ど　どうして　わたくしが\nこんなところに……\nレナさんが助けくれたの……？{08}	왜 왜 제가\n이런 데에……\n레나 씨가 구해 주셨어요……?{08}
S09:17:65	52	こ　ここはどこだぁ！！\nなんでレナたちがいるんだ！？{08}	여 여기가 어디냐!!\n왜 레나네가 있는 거야!?{08}
S09:17:66	65	はいはい　みんな\nごまかしてもムダだよ\nこの借りは高くつくわよん曖{08}	네네 다들\n얼버무려도 소용없어\n이 빚은 비싸게 치를 거야♥{08}
S09:17:67	78	どうやら魔法が使えるようだな{08}\nよし！　未完成だが\nあの魔法をためしてみるか！！{08}	아무래도 마법을 쓸 수 있군{08}\n좋아! 미완성이지만\n그 마법을 시험해 볼까!!{08}
S09:17:68	33	せ　先生！　ちょっと待ってよ……{08}	서 선생님! 잠깐만요……{08}
S09:17:69	27	失敗をおそれてどうする！！{08}	실패를 두려워해서 어쩌냐!!{08}
S09:17:70	46	そ…そういうことは\n１人の時にやってくださぁい{08}	그…그런 건\n혼자 있을 때 해 주세요～{08}
S09:18:0	8	台詞なし	대사없음
S09:19:0	27	橋が壊れてて　渡れませんね{08}	다리가 부서져서 못 건너겠어요{08}
S09:19:1	34	いつになったら直るの\nかしらねぇ～{08}	언제쯤 고쳐지려나～{08}
S10:0:0	39	そろそろ　ウィンがおきて{0d}\nくるころねぇ{08}	슬슬 윈이 일어날{0d}\n때네{08}
S10:0:1	34	たしかアンチと\n同じ部屋だったよね{08}	분명 안치랑\n같은 방이었지{08}
S10:0:2	48	ウィンのことだから\nアンチにいじめられてるかもね{08}	윈이니까\n안치한테 괴롭힘당할지도{08}
S10:0:3	58	レナ～　いつもいじめてるけど\nほんとはウィンが心配なんだね{08}	레나～ 늘 괴롭히지만\n사실은 윈이 걱정되는구나{08}
S10:0:4	38	な…なによエリー\nそんなことないわよ！{08}	뭐…뭐야 엘리\n그런 거 아니거든!{08}
S10:0:5	30	そうかな～\n心配そうだけどなぁ{08}	그런가～\n걱정스러워 보이는데{08}
S10:0:6	52	もうっ　わかったわよ\nウィンの様子を見にいきましょう{08}	정말 알았어\n윈 상태 보러 가자{08}
S10:0:7	46	ねぇ　エリー\nなにか忘れ物してると思わない～？{08}	있잖아 엘리\n뭔가 잊은 것 같지 않아～?{08}
S10:0:8	25	ほら　やっぱり心配なんだ{08}	거봐 역시 걱정되는구나{08}
S10:0:9	57	ち…ちがうわよ\n学園長に面倒みるように\nいわれてるじゃない{08}	아…아니거든\n학원장님이 돌보라고\n하셨잖아{08}
S10:0:10	40	ウィンが\nわたしたちのこと　待ってるわよ{08}	윈이\n우릴 기다리고 있어{08}
S10:0:11	56	レナちゃんも見たかい？\n建物がみんな元どおりになってるよ{08}	레나도 봤니?\n건물이 다 원래대로 돌아왔어{08}
S10:0:12	54	へ～っ　ほんとにリヒター先生の\n建築魔法ってすごいんだ{08}	헤에～ 리히터 선생님\n건축 마법 정말 대단하다{08}
S10:0:13	54	あの先生があんなすごい魔法を\n使うなんて思えないよねぇ{08}	그 선생님이 그런 굉장한\n마법을 쓴다니 믿기지 않지{08}
S10:0:14	36	本当に人は\n見かけによらないですねぇ{08}	정말 사람은\n겉보기와 다르네요{08}
S10:0:15	53	でも\nよくあんな所にいて無事だったよね\nリヒター先生は{08}	그래도\n용케 그런 데서 무사했어\n리히터 선생님은{08}
S10:0:16	54	あの先生なら　あれくらい\nぜんぜん平気そうですけど……{08}	그 선생님이라면 그 정도는\n전혀 멀쩡할 것 같은데요……{08}
S10:0:17	17	それもそうだねぇ{08}	그것도 그렇구나{08}
S10:0:18	45	ほらほら！\nいつまでも寝てないで\nおきなさいよ{08}	자자!\n언제까지 자지 말고\n일어나{08}
S10:0:19	29	う～ん……{0d}\nレナさ…ん……{0d}{0d}{08}	으～음……{0d}\n레나 씨…{0d}{0d}{08}
S10:0:20	59	この男は……\nわたしの名前を呼びながら\nうなされないでよ！！{08}	이 남자는……\n내 이름을 부르면서\n악몽 꾸지 마!!{08}
S10:0:21	27	はやく　おきなさいってば！{08}	얼른 일어나라니까!{08}
S10:0:22	7	う～ん{08}	으～음{08}
S10:0:23	38	あ……レ…レナさん\nおはようございます{08}	아……레…레나 씨\n안녕히 주무셨어요{08}
S10:0:24	44	あんたっ　なんで\n人の顔見て赤くなってるのよ{08}	너 왜\n남의 얼굴 보고 빨개져{08}
S10:0:25	36	い…いえ……\nな…なんでもありません{08}	아…아뇨……\n아…아무것도 아니에요{08}
S10:0:26	52	まあ　どうでもいいわよ\nまだまだ特訓は続くんだからね{08}	뭐 아무래도 좋아\n특훈은 아직 계속되니까{08}
S10:0:27	79	いやー　すごいよ　すごいよ\nリヒター先生の魔法で\nイェンはあっという間に直ったよ{08}	야～ 대단해 대단해\n리히터 선생님 마법으로\n옌이 순식간에 고쳐졌어{08}
S10:0:28	71	しかし　イェンって\nほんとに便利だよなぁ\n魔法で建物まで直せるんだからさ{08}	그런데 옌은\n정말 편리하구나\n마법으로 건물까지 고치니까{08}
S10:0:29	77	リヒター先生も\nあんな　むさ苦しい男じゃなければ\n弟子になってもいいんだけどさ{08}	리히터 선생님도\n그렇게 땀내 나는 남자만\n아니면 제자가 돼도 좋은데{08}
S10:0:30	56	魔法学園の魔法力には驚いたわ……\nこれがイェンの力なのね{08}	마법학원의 마법력엔 놀랐어……\n이게 옌의 힘이구나{08}
S10:0:31	63	わ…わたし……どうして\nあなたたちに勝てないの！？\nどうして！？{08}	나…나……어째서\n당신들을 못 이기는 거야!?\n어째서!?{08}
S10:0:32	66	リヒター先生が帰ってきたと聞いて\nカッコイイ先生を期待していたのに{08}	리히터 선생님이 돌아왔대서\n멋진 선생님을 기대했는데{08}
S10:0:33	70	レイラはこれから\n学園塔に住むんですって{0d}\nやっと自由を手に入れたわ……{08}	레이라는 앞으로\n학원탑에서 산대{0d}\n드디어 자유를 얻었어……{08}
S10:0:34	57	おっ　来たな\nイェンの町は元通りにしたから\n文句はないだろ{08}	오 왔구나\n옌 마을은 원래대로 해 놨으니\n불만 없겠지{08}
S10:0:35	36	先生がいてくれなかったら\nぼくは……{08}	선생님이 안 계셨다면\n저는……{08}
S10:0:36	52	そこまで喜んでもらえると\nやりがいがあるってもんだな{08}	그렇게까지 기뻐해 주면\n할 맛이 난다니까{08}
S10:0:37	48	あのリヒター先生\n建築魔法ってどう使うんですか？{08}	저기 리히터 선생님\n건축 마법은 어떻게 써요?{08}
S10:0:38	44	残念だったなぁ\nわがはいは　弟子をとらないぞ{08}	아쉽구나\n이 몸은 제자를 안 받는다{08}
S10:0:39	44	なんだ？　おまえたち\nわがはいにホレたのか？{08}	뭐냐? 너희\n이 몸한테 반했냐?{08}
S10:0:40	19	もういきましょ……{08}	이제 가자……{08}
S10:0:41	52	おや…みんなそろって\n宝さがしのあとは何をするんだい{08}	어머…다들 모여서\n보물찾기 다음엔 뭘 하니{08}
S10:0:42	44	い…いえ…べつに……\nなにもしませんけど……{08}	아…아뇨…별로……\n아무것도 안 하는데요……{08}
S10:0:43	38	レナちゃんその顔は\nもうなにかしたねぇ{08}	레나 그 얼굴은\n벌써 뭔가 했구나{08}
S10:0:44	44	わたしが星見の塔を\nこわしちゃったんです……{08}	제가 별보기 탑을\n부숴 버렸어요……{08}
S10:0:45	43	もうっ\nエリーったら\n本当に正直なんだから…{08}	정말\n엘리도 참\n너무 정직하다니까…{08}
S10:0:46	42	大丈夫だよ\n他の先生にはだまっててあげるよ{08}	괜찮아 다른\n선생님들께는 비밀로 해 줄게{08}
S10:0:47	67	うたがってるのかい？{0d}{0d}{0d}{0d}{0d}{0d}\n心配しなくても先生には\nいったりしないよ{08}	의심하는 거니?{0d}{0d}{0d}{0d}{0d}{0d}\n걱정 안 해도 선생님들께\n말 안 할게{08}
S10:0:48	13	約束ですよぉ{08}	약속이에요～{08}
S10:0:49	73	今　考えてたんだけど\nきっとイアソン先生でも\nイェンの町をなおせたと思うよ{08}	지금 생각했는데\n분명 이아손 선생님도 옌\n마을을 고칠 수 있었을 거야{08}
S10:0:50	51	なんか遠くで\nすごい音が聞こえたような\n気がするけど{08}	왠지 멀리서\n엄청난 소리가 들린 것\n같은데{08}
S10:0:51	112	ハイド先生ってセイシンキカンを\n研究しているんだってよ{0d}{08}\nところで　それっておばさんの\n料理よりもおいしいのかな？{08}	하이드 선생님은 성진 기관을\n연구하신대{0d}{08}\n그런데 그거 아줌마\n요리보다 맛있을까?{08}
S10:0:52	44	なんども勝ってるからって\nいい気になるなよ！{08}	몇 번 이겼다고\n우쭐대지 마라!{08}
S10:0:53	54	それは　わかったわよ\nで…なにかいうことがあるでしょ？{08}	그건 알았어\n그래서…할 말 있잖아?{08}
S10:0:54	58	わ…わかってるさ！！{0d}\nた……助けてくれて\nカンシャしてるぜ{08}	아…알고 있다고!!{0d}\n구……구해 줘서\n고맙다{08}
S10:0:55	21	はい　よくできました{08}	네 잘했어요{08}
S10:0:56	54	ふん　これで　はじめから勝負だぜ\nもう　負けねぇからな{08}	흥 이걸로 처음부터 승부다\n이제 안 진다{08}
S10:0:57	44	おまえも　あきらめて\nこっちにきたらどうだ？{08}	너도 포기하고\n이쪽으로 오지 그래?{08}
S10:0:58	38	な…情けない話は\nお願いだからやめてね{08}	하…한심한 얘기는\n제발 그만해{08}
S10:0:59	42	オレ様は負けをみとめた\nわけじゃないぜっ！{08}	이 몸은 진 걸 인정한\n게 아니다!{08}
S10:0:60	42	真の男っスか……\nなんか　それもいいっスね{08}	진정한 사나이라……\n왠지 그것도 괜찮네요{08}
S10:0:61	31	リックは　また落ちこんでんの？{08}	릭은 또 우울해?{08}
S10:0:62	46	……大人になるって\nこういうことなんスかね……{08}	……어른이 된다는 건\n이런 걸까요……{08}
S10:0:63	44	ブレード……\nおいらも真の男になれるっスか？{08}	블레이드…… 저도 진정한\n사나이가 될 수 있어요?{08}
S10:0:64	17	それは　無理だな{08}	그건 무리다{08}
S10:0:65	50	{0d}{0d}……も…もうイヤっス\nどこか遠くに逃げたいっス！{08}	{0d}{0d}……이…이제 싫어요 어디\n먼 데로 도망치고 싶어요!{08}
S10:0:66	42	あ…おい　やめろリック！！\n早まるなっ！！{08}	아…어이 그만둬 릭!!\n성급하게 굴지 마!!{08}
S10:0:67	23	……リック　おそるべし{08}	……릭 무섭다{08}
S10:0:68	52	いくら真の男でもアンチのアニキ\nにはかなわないっスよ{08}	아무리 진정한 사나이라도\n안치 형님은 못 이겨요{08}
S10:0:69	17	あの　こんにちは{08}	저기 안녕하세요{08}
S10:0:70	75	へぇ　彼はきみのところにいても\nマイペースだね\nみかけによらず　すごいんだね{08}	헤에 쟤는 너희한테 있어도\n마이페이스구나\n보기와 달리 대단한데{08}
S10:0:71	21	そ…そうですか……？{08}	그…그래요……?{08}
S10:0:72	21	なによ{0d}\nその笑いは！{08}	뭐야{0d}\n그 웃음은!{08}
S10:0:73	44	ウィンは　あんたにあずけた方が\nいいのかしら{08}	윈은 너한테 맡기는 게\n나을까{08}
S10:0:74	60	本人の前でそんなこというなよ\nウィンくんは　がんばっているさ{08}	본인 앞에서 그런 말 하지 마\n윈 군은 열심히 하고 있어{08}
S10:0:75	48	クールにいわれると\n安心しちゃうわね……ありがと{08}	쿨이 그러니까\n안심되네……고마워{08}
S10:0:76	9	…………{08}	…………{08}
S10:0:77	50	でもほんとに　ぼくたちのところに\nきてもいいからね{08}	그래도 정말 우리한테\n와도 돼{08}
S10:0:78	61	なに　その新しい服？\nけっこう似合ってるじゃない\nイケてるわよ{08}	뭐야 그 새 옷?\n꽤 어울리잖아\n멋지다{08}
S10:0:79	57	ハイド先生のあとは\nブラウンさんがついであげれば\nいいのに{08}	하이드 선생님 뒤는\n브라운 씨가 이어 주면\n좋을 텐데{08}
S10:0:80	36	ほんと\nこの学園はいいところですねぇ{08}	정말\n이 학원은 좋은 곳이네요{08}
S10:0:81	75	レイラもいなくなって\nそれでいいはずだったのに\nなぜか　はりあいがないわ……{08}	레이라도 없어지고\n그걸로 좋았을 텐데\n왠지 맥이 빠져……{08}
S10:0:82	38	あの…リヒター先生\nお願いがあるんです{08}	저기…리히터 선생님\n부탁이 있어요{08}
S10:0:83	41	すまんが……{0d}\nもう　交際する気はないんだ{08}	미안하지만……{0d}\n이제 교제할 생각은 없다{08}
S10:0:84	52	でたわね　オヤジギャグ\nイェンにきて　初めて聞いたわ{08}	나왔다 아재 개그\n옌에 와서 처음 들었어{08}
S10:0:85	105	あの……わたし　星見の塔を\nこわしてしまったんです{08}\nそれで　ケント先生が\nリヒター先生をつれてきなさいって{08}	저기……제가 별보기 탑을\n부숴 버렸어요{08}\n그래서 켄트 선생님이\n리히터 선생님을 모셔 오래요{08}
S10:0:86	56	なんだと　星見の塔を！？\nあれを　破壊したというのか！？{08}	뭐라고 별보기 탑을!?\n그걸 부쉈단 말이냐!?{08}
S10:0:87	52	なにが　こわしたかといえば\nケント先生の発明ですけど{08}	뭐가 부쉈냐 하면\n켄트 선생님 발명이지만요{08}
S10:0:88	46	あ…あいつかっ！\nまったくロクな物を発明せんな{08}	그…그 녀석이냐! 정말\n변변한 걸 발명 안 하는군{08}
S10:0:89	27	リヒター先生　お願いします{08}	리히터 선생님 부탁드려요{08}
S10:0:90	135	おう　気にするな\n助けてもらったこともあるし\nばっちり直してやるわい{08}\nケントは　もういってるのだろ？\nおまえらも後から　星見の塔へ\nこいよ{08}	오 신경 쓰지 마라\n구해 준 일도 있으니\n확실히 고쳐 주마{08}\n켄트는 벌써 갔겠지?\n너희도 나중에 별보기 탑으로\n와라{08}
S10:0:91	77	あと　本当は　いけないんだがな\n助けてもらった礼だ\nこっそり魔法を教えてやろう{08}	그리고 원래는 안 되지만\n구해 준 답례다\n몰래 마법을 가르쳐 주마{08}
S10:0:92	42	レナとウィンは\nアイスファンタジーを覚えた{08}	레나와 윈은\n아이스판타지를 익혔다{08}
S10:0:93	75	レナちゃん\n先生たちには　いわなかったけど\nみんなに知られちゃったみたいだよ{08}	레나\n선생님들께 말은 안 했는데\n다들 알게 된 것 같아{08}
S10:0:94	31	星見の塔をこわしたことですか？{08}	별보기 탑 부순 거요?{08}
S10:0:95	71	そうだよ{0d}{0d}{0d}{0d}{0d}{0d}{0d}{0d}\nレナちゃんたちは　ほんとに\n問題をおこすのが好きだねぇ{08}	그래{0d}{0d}{0d}{0d}{0d}{0d}{0d}{0d}\n레나네는 정말\n문제 일으키는 걸 좋아하는구나{08}
S10:0:96	47	大丈夫ですよ\nもうおこられるのは\nなれてますから{08}	괜찮아요\n혼나는 건 이제\n익숙하니까요{08}
S10:0:97	27	わたしはイヤなんだけど……{08}	나는 싫은데……{08}
S10:0:98	23	でも塔はなおったんだろ{08}	그래도 탑은 고쳐졌지{08}
S10:0:99	15	そ…それが……{08}	그…그게……{08}
S10:0:100	25	まだなおってないのかい？{08}	아직 안 고쳐졌니?{08}
S10:0:101	46	はい　まだ星辰機関っていうのが\n動かないんです{08}	네 아직 성진 기관이란 게\n안 움직여요{08}
S10:0:102	54	へぇ～　リヒター先生でも\nなおせないものがあるんだねぇ{08}	헤에～ 리히터 선생님도\n못 고치는 게 있구나{08}
S10:0:103	42	星辰機関ってそんなに\nすごいものなのかい？{08}	성진 기관이 그렇게\n대단한 거니?{08}
S10:0:104	44	なんか平和だな\n飯がうまいんだ　こういう日は{08}	왠지 평화롭다\n이런 날은 밥이 맛있어{08}
S10:0:105	53	こういう時はふと\n魔族と人間の関係を\n考えたりするんだ{08}	이럴 땐 문득\n마족과 인간의 관계를\n생각하곤 해{08}
S10:0:106	46	リヒター先生って\n寮に住みついているんだって？{08}	리히터 선생님은\n기숙사에 눌러산다며?{08}
S10:0:107	57	……じつはなぁ\nおまえたちとの勝ち負けを\n計算してみたんだ{08}	……실은 말이다\n너희와의 승패를\n계산해 봤다{08}
S10:0:108	73	あんたらしくもないことを……\nでも　そんなことしても\n落ち込むだけだってば{08}	너답지 않은 짓을……\n그래도 그런 거 해 봤자\n우울해질 뿐이라니까{08}
S10:0:109	67	おまえらに　もうかぞえきれない\nくらい負けたっ！\nどうしてなんだ！！{08}	너희한테 이제 셀 수도 없을\n만큼 졌다!\n어째서냐!!{08}
S10:0:110	29	自分の実力がやっとわかった？{08}	자기 실력을 이제야 알았어?{08}
S10:0:111	23	おぼえてやがれーっ！！{08}	두고 봐라～!!{08}
S10:0:112	36	あんたには　やっぱり\nそれが似合うわ{08}	너한텐 역시\n그게 어울려{08}
S10:0:113	52	も…もしかして　オレ様は\nぜんぜん進歩してないのか？{08}	호…혹시 이 몸은\n전혀 발전이 없는 거냐?{08}
S10:0:114	9	……うん{08}	……응{08}
S10:0:115	31	おまえらなんて大嫌いだーっ！！{08}	너희 따위 정말 싫어～!!{08}
S10:0:116	31	オ…オレ様が進歩していない！？{08}	이…이 몸이 발전이 없다고!?{08}
S10:0:117	25	……お…落ち込んでんの？{08}	……우…우울한 거야?{08}
S10:0:118	40	強くなりたいっス～\n強くなりたいっスよ～{08}	강해지고 싶어요～\n강해지고 싶다고요～{08}
S10:0:119	54	そ……そのまんまじゃない\nあんた　ファンが増えないわよ{08}	그……그대로잖아\n너 팬 안 늘어{08}
S10:0:120	65	そんなことでどうする！！\nイアソン先生の元で\n真の男となるんだ！！{08}	그래서 어쩔 거냐!!\n이아손 선생님 밑에서\n진정한 사나이가 되는 거다!!{08}
S10:0:121	27	そんなの　もう遅いっス……{08}	그런 거 이제 늦었어요……{08}
S10:0:122	56	リックさん　ぼくと……\nぼくといっしょにがんばりましょう{08}	릭 씨 저랑……\n저랑 같이 힘내요{08}
S10:0:123	48	似た者同士が　傷をなめあっても\nムダじゃないの？{08}	비슷한 애들끼리 상처 핥아\n봤자 소용없지 않아?{08}
S10:0:124	9	…………{08}	…………{08}
S10:0:125	38	…真の男……\nやっぱりそれもいいっスね{08}	…진정한 사나이……\n역시 그것도 좋네요{08}
S10:0:126	59	あの……クールさん\nどうしたら\nぼく　強くなれるでしょう……{08}	저기……쿨 씨\n어떻게 하면\n저 강해질 수 있을까요……{08}
S10:0:127	49	あんたねーっ\n身内のハジを\nさらさないでくれる！？{08}	너 정말～\n집안 망신을\n시키지 말아 줄래!?{08}
S10:0:128	67	やめなよ　レナ\nウィンくんだって男さ\n女の子には話にくいこともあるよ{08}	그만해 레나\n윈 군도 남자야 여자애한텐\n말하기 힘든 것도 있어{08}
S10:0:129	46	……ふーんだ\n２人そろって　いやらしいんだから{08}	……흥이다\n둘이 똑같이 음흉하다니까{08}
S10:0:130	40	レナさ……\nいってることが目茶苦茶だよ？{08}	레나……\n말이 엉망진창이야?{08}
S10:0:131	73	ウィンくんさ\n自分の好きなように行動してから\n考えるのがいいんじゃないかな{08}	윈 군\n하고 싶은 대로 행동한 뒤에\n생각하는 게 좋지 않을까{08}
S10:0:132	25	好きなように……ですか？{08}	하고 싶은 대로……요?{08}
S10:0:133	67	いつも君は\n考えてから行動するだろう？\nその逆の方も　大事ってことさ{08}	넌 늘\n생각하고 나서 행동하잖아?\n그 반대도 중요하다는 거야{08}
S10:0:134	34	……ぼく\nわかったような気がします{08}	……저\n알 것 같아요{08}
S10:0:135	34	へぇ……なんだか\nほほえましいわぁ{08}	헤에……왠지\n훈훈하네{08}
S10:0:136	46	ウィンくん　きみは強いんだから\nきっと大丈夫さ{08}	윈 군 너는 강하니까\n분명 괜찮을 거야{08}
S10:0:137	31	勝ち続けるってむずかしいのよね{08}	계속 이기는 건 어렵단 말이지{08}
S10:0:138	58	ブラウンさんが　ちかごろ\n元気がなくなったような気がするの{08}	브라운 씨가 요즘\n기운이 없어진 것 같아{08}
S10:0:139	52	この間　レイラに会ったんだけど\nショックだったわ……{08}	요전에 레이라를 만났는데\n충격이었어……{08}
S10:0:140	60	わたし　ここにきてよかった\n立派な魔法使いになろうと思います{08}	나 여기 오길 잘했어\n훌륭한 마법사가 될 거예요{08}
S10:0:141	42	おう　おまえたち\n星辰機関はなおったのか？{08}	오 너희\n성진 기관은 고쳐졌냐?{08}
S10:0:142	27	え～と　まだなんですけど…{08}	음 아직인데요…{08}
S10:0:143	65	ハイド先生に\n魔法球っていうものを\n取ってくるようにいわれたんです{08}	하이드 선생님이\n마법구라는 걸\n가져오라고 하셨어요{08}
S10:0:144	30	そうか…\nまぁ　がんばるんだな{08}	그런가…\n뭐 힘내라{08}
S10:0:145	73	ハイドには　まいったな！\n昔はなぁ　ほれ　そこにいる\n男の子みたいだったぞ{08}	하이드한텐 두 손 들었다!\n옛날엔 말이다 봐 거기 있는\n남자애 같았다고{08}
S10:0:146	50	先生　それはなにかのまちがいでは\nないでしょうか？{08}	선생님 그건 뭔가 착오가\n아닐까요?{08}
S10:0:147	56	星辰機関を作り出してから\nあんなふうになってしまったんだ{08}	성진 기관을 만들고 나서\n저렇게 돼 버렸다{08}
S10:0:148	40	ウィン　あんたは\n変なもの作ったらダメよ{08}	윈 너는\n이상한 거 만들면 안 돼{08}
S10:0:149	19	はい…気をつけます{08}	네…조심할게요{08}
S10:0:150	83	わがはいのような永遠の美青年を\n目標とすれば　あんなひねくれ\n大人になることはないぞ{08}	이 몸 같은 영원한 미청년을\n목표로 하면 저런 비뚤어진\n어른이 될 일은 없다{08}
S10:0:151	36	それはたしか……\nグレン先生の………{08}	그건 분명……\n글렌 선생의………{08}
S10:0:152	25	これが魔法球らしいですよ{08}	이게 마법구래요{08}
S10:0:153	38	で…グレン先生に　\n許可はとったのか？{08}	그래서…글렌 선생에게\n허락은 받았냐?{08}
S10:0:154	19	えっと…じつは……{08}	음…실은……{08}
S10:0:155	23	もっ…もちろんですよ～{08}	무…물론이죠～{08}
S10:0:156	27	そうか　それならいいんだが{08}	그런가 그렇다면 됐다만{08}
S10:0:157	52	う～む　その魔法球から\nものすごい魔法力をかんじるな{08}	으음 그 마법구에서\n엄청난 마법력이 느껴지는군{08}
S10:0:158	61	おまえら　しつこいなぁ{0d}{0d}{0d}{0d}{0d}\n魔法を教えてやるから　帰るんだぞ{08}	너희 끈질기구나{0d}{0d}{0d}{0d}{0d} 마법을\n가르쳐 줄 테니 돌아가라{08}
S10:0:159	34	ウィンは\nネクストワールドを覚えた{08}	윈은\n넥스트월드를 익혔다{08}
S10:0:160	67	あ！　レナさん\nわたくしずっとレナさんのことを\nお待ちしていました曖{08}	아! 레나 씨\n저 계속 레나 씨를\n기다렸어요♥{08}
S10:0:161	31	な…なんだか様子がおかしいわね{08}	뭐…뭔가 상태가 이상하네{08}
S10:0:162	107	わたくし　これからは学園塔で\n生活しますの　ですから……{08}\nわたくし　レナさんには報告しよう\nと思いましたの曖{08}	저 앞으로 학원탑에서\n생활해요 그러니까……{08}\n레나 씨한텐 알려 드리려고\n생각했어요♥{08}
S10:0:163	33	なんなのよっ！　気持ちわるいわね{08}	뭐야! 기분 나빠{08}
S10:0:164	31	レナさん会いにきてくださいね曖{08}	레나 씨 만나러 와 주세요♥{08}
S10:0:165	29	あれってほんとにレイラなの？{08}	저거 정말 레이라야?{08}
S10:0:166	9	う…うん{08}	으…응{08}
S10:0:167	40	い…今のはわるい夢よ\nはやくわすれましょ{08}	바…방금 건 나쁜 꿈이야\n얼른 잊어버리자{08}
S10:1:0	40	イェンの町が……\nほんとうによかった……{08}	옌 마을이……\n정말 다행이다……{08}
S10:1:1	60	へぇ～　こんなに早く直るなんて\nリヒター先生ってすごいんだ～{08}	헤에～ 이렇게 빨리 고쳐지다니\n리히터 선생님 대단하다～{08}
S10:1:2	56	そうだね　こんなに早く\n元通りになるなんて思わなかったね{08}	그러게 이렇게 빨리\n원래대로 될 줄 몰랐어{08}
S10:1:3	38	リヒター先生の\n建築魔法はすごいですね{08}	리히터 선생님의\n건축 마법은 대단하네요{08}
S10:1:4	52	よかったわね　ウィン\nこれで堂々と町を歩けるじゃない{08}	잘됐다 윈\n이제 당당하게 마을을 걷겠네{08}
S10:1:5	39	は…はいっ{0d}{0d}{0d}{0d}{0d}{0d}{0d}\nレナさんのおかげです{08}	네…네{0d}{0d}{0d}{0d}{0d}{0d}{0d}\n레나 씨 덕분이에요{08}
S10:1:6	25	ウィンだってがんばったよ{08}	윈도 열심히 했어{08}
S10:1:7	38	そ…そうですか？\nありがとうございます{08}	그…그래요?\n고맙습니다{08}
S10:1:8	27	ねえ　ケント先生が呼んでる{08}	있잖아 켄트 선생님이 부르셔{08}
S10:1:9	48	わっ…　わたしは熱出して\n寝てることにしておいて{08}	나…나는 열나서\n누워 있다고 해 줘{08}
S10:1:10	69	ちがうよ\n用があるのはエリーさんだって\n渡したいものがあるっていってた{08}	아니야\n볼일 있는 건 엘리 씨래\n줄 게 있다고 하셨어{08}
S10:1:11	51	なんだろう\nケント先生がわたしになんて\nめずらしいね{08}	뭘까\n켄트 선생님이 나한테라니\n별일이네{08}
S10:1:12	27	じゃあ　用件は伝えたからね{08}	그럼 용건은 전했어{08}
S10:1:13	27	よかったですね　エリーさん{08}	잘됐네요 엘리 씨{08}
S10:1:14	59	よくないわよ\nあんた　ケント先生の発明を\n見たことあるの！？{08}	안 좋거든\n너 켄트 선생님 발명\n본 적 있어!?{08}
S10:1:15	25	いえ…ありませんけど……{08}	아뇨…없는데요……{08}
S10:1:16	62	わたしなんか　あの発明のせいで\nひどい目にあってるんだから……{08}	나 같은 건 그 발명 때문에\n험한 꼴 당했다니까……{08}
S10:1:17	57	でも　せっかく\nなにか作ってくれたんだから\nいってみようよ{08}	그래도 모처럼\n뭔가 만들어 주셨으니\n가 보자{08}
S10:1:18	34	よおっ！　おまえたち\nおそかったな{08}	여어! 너희\n늦었구나{08}
S10:1:19	25	なんで　あんたがいるのよ{08}	왜 네가 있어{08}
S10:1:20	54	ケント先生に呼ばれたんだ\n新しい発明をしたらしいからな{08}	켄트 선생님이 부르셨다\n새 발명을 하셨다더군{08}
S10:1:21	36	どうしてあんたが\n呼ばれたのかしら？{08}	왜 네가\n불렸을까?{08}
S10:1:22	73	声がするだけで\nいっこうに入ってこんから\n待ちきれずにでてきてしまったわい{08}	목소리만 들리고\n좀처럼 안 들어오니\n못 기다리고 나와 버렸다{08}
S10:1:23	44	それで　ケント先生\nなにを発明したんです！？{08}	그래서 켄트 선생님\n뭘 발명하셨어요!?{08}
S10:1:24	44	リヒターのやつを\n引っ張り出してくれた礼だよ{08}	리히터 녀석을\n끌어내 준 답례다{08}
S10:1:25	111	これはエリーが　より自由に\n飛べるようにするための道具だ{08}\n特別に飛行服も用意しておいたぞ\nさっそく使ってみてくれ{08}	이건 엘리가 더 자유롭게\n날 수 있게 하는 도구다{08}\n특별히 비행복도 준비해 뒀다\n당장 써 봐라{08}
S10:1:26	33	何でエリーの時は　まともなのよ？{08}	왜 엘리 때는 멀쩡한 거예요?{08}
S10:1:27	50	ほんとにくれるんですか？\nケント先生　ありがとう！{08}	정말 주시는 거예요?\n켄트 선생님 고마워요!{08}
S10:1:28	93	さっそく　その服を着て飛んで\nみてくれ　その道具も腕につけて\n横のボタンを押せば飛べるはずじゃ{08}	당장 그 옷을 입고 날아\n봐라 그 도구도 팔에 차고\n옆 버튼을 누르면 날 거다{08}
S10:1:29	7	はい！{08}	네!{08}
S10:1:30	23	これ　すごいね　先生！{08}	이거 대단해요 선생님!{08}
S10:1:31	34	エリーは\nソニックウェーブを覚えた{08}	엘리는\n소닉웨이브를 익혔다{08}
S10:1:32	38	……おまえさんの方こそ\nたいしたもんだ{08}	……너야말로\n대단하구나{08}
S10:1:33	32	まずいぞ　エリー\n星見の塔が……{08}	큰일이다 엘리\n별보기 탑이……{08}
S10:1:34	37	あっ……{0d}\nもしかして　わたしのせい？{08}	앗……{0d}\n혹시 내 탓?{08}
S10:1:35	27	えっ！　気付かなかったの？{08}	어! 몰랐어?{08}
S10:1:36	65	うん……\n塔にぶつかりそうになったから\nよけただけなんだけど………{08}	응……\n탑에 부딪힐 뻔해서\n피했을 뿐인데………{08}
S10:1:37	121	その飛行盾が魔法力を強め\n飛行中の身体を守るように\nなっているためだな{08}\nまあ　気にするな\nハイドの建物など\nどうでもいいわい{08}	그 비행 방패가 마법력을 높여\n비행 중인 몸을 지키게\n돼 있어서다{08}\n뭐 신경 쓰지 마라\n하이드 건물 따위\n아무래도 좋다{08}
S10:1:38	36	ハイド先生？\nどんな先生なんですか？{08}	하이드 선생님?\n어떤 선생님이에요?{08}
S10:1:39	52	わたし　ハイド先生のところへ\nあやまりにいってきます{08}	저 하이드 선생님께\n사과하러 다녀올게요{08}
S10:1:40	166	やめておけ　あやまるだけで\nすむような相手ではない{08}\nやつは自分の作品のことになると\nまわりが見えなくなってしまう{08}\n特に星見の塔の星辰機関は\n気に入っているみたいだからな{08}	관둬라 사과만으로\n끝날 상대가 아니다{08}\n녀석은 자기 작품 일이 되면\n주변이 안 보이게 된다{08}\n특히 별보기 탑의 성진 기관은\n아끼는 모양이니까{08}
S10:1:41	79	う…うわ～　ケント先生に\nそういわせるハイド先生って\nすごい性格してるんですねぇ{08}	우…우와 켄트 선생님이\n그렇게 말할 정도라니 하이드\n선생님은 엄청난 성격이네요{08}
S10:1:42	66	当たり前だわい　謝って\n建物が直るわけではないんじゃ{0d}\nわしでも怒る{08}	당연하다 사과해서\n건물이 고쳐지는 건 아니다{0d}\n나라도 화낸다{08}
S10:1:43	29	そ…そういう問題なんですか？{08}	그…그런 문제예요?{08}
S10:1:44	100	今回は　わしの責任もある\n学園寮にいるリヒターを呼んで\n星見の塔までこい{08}\n{0c}わしは先にいっているからな{08}	이번엔 내 책임도 있다\n학원 기숙사에 있는 리히터를\n불러 별보기 탑으로 와라{08}\n{0c}나는 먼저 가 있으마{08}
S10:1:45	53	さてと\nわたしたちもリヒター先生を呼んで\nいってみる？{08}	자\n우리도 리히터 선생님 불러서\n가 볼까?{08}
S10:1:46	36	うん！\nハイド先生にあやまりにいこう{08}	응!\n하이드 선생님께 사과하러 가자{08}
S10:1:47	50	何だか　おもしろそうだな\nオレも一緒にいってみるか{08}	왠지 재밌어 보이는데\n나도 같이 가 볼까{08}
S10:2:0	17	あの……エマ先生{08}	저기……에마 선생님{08}
S10:2:1	83	わたしたちが入学したとき\nどうして　リヒター先生のこと\n教えてくれなかったんですか？{08}	저희가 입학했을 때\n왜 리히터 선생님 얘기를\n안 해 주셨어요?{08}
S10:2:2	80	あらこんにちは　ウィンくん{0d}\n行方がわからなかったから\n教えてもしょうがないでしょ{08}	어머 안녕 윈 군{0d}\n행방을 몰랐으니까\n알려 줘도 소용없잖니{08}
S10:2:3	51	……なーんだ\nエマ先生のジェラシーじゃ\nなかったのね{08}	……뭐야\n에마 선생님 질투가\n아니었구나{08}
S10:2:4	23	あ…あたりまえです！！{08}	다…당연하지!!{08}
S10:2:5	57	ウィンくん？\nレナなんかの悪いところは\n真似しちゃだめよ曖{08}	윈 군?\n레나 같은 애 나쁜 점은\n따라 하면 안 된다♥{08}
S10:2:6	11	は……はい{08}	네……네{08}
S10:2:7	23	なによ　その笑い方は！{08}	뭐예요 그 웃음은!{08}
S10:2:8	50	あら……面白い光景ね\n２人とも　なかなかいい感じよ{08}	어머……재밌는 광경이네\n둘 다 꽤 분위기 좋다{08}
S10:2:9	44	よかったわね　ウィンくん\n町が元通りになって{08}	잘됐구나 윈 군\n마을이 원래대로 돌아와서{08}
S10:2:10	7	はい！{08}	네!{08}
S10:2:11	61	あ　そうだ\n忘れるところだったわ\nこの魔法を教えておかないとね{08}	아 그렇지\n잊을 뻔했다\n이 마법을 가르쳐 줘야지{08}
S10:2:12	36	レナとウィンは\n風のヤスラギを覚えた{08}	레나와 윈은\n바람의 야스라기를 익혔다{08}
S10:2:13	25	レナはメイミャクを覚えた{08}	레나는 메이먀쿠를 익혔다{08}
S10:2:14	27	ウィンはメイミャクを覚えた{08}	윈은 메이먀쿠를 익혔다{08}
S10:2:15	67	生徒会長さん\n望みどおりリヒター先生をさがして\n町をなおしましたけど{08}	학생회장님\n바라던 대로 리히터 선생님\n찾아서 마을 고쳤는데요{08}
S10:2:16	62	いやぁ　きみたちが関わったのに\n無事に終わるなんて意外だったよ{08}	야 너희가 끼었는데\n무사히 끝나다니 의외였어{08}
S10:2:17	29	……ブラウンさん　こんにちは{08}	……브라운 씨 안녕하세요{08}
S10:2:18	67	ところで　ケント先生から\nエリーくんへの贈り物が\nあるそうじゃないか{08}	그런데 켄트 선생님이\n엘리 군한테 줄 선물이\n있다며?{08}
S10:2:19	50	あの先生がくれる物なんて\n期待しないほうがいいわよ{08}	그 선생님이 주는 건\n기대 안 하는 게 좋아{08}
S10:2:20	23	あの……ブラウンさん？{08}	저기……브라운 씨?{08}
S10:2:21	57	ねぇ　あんたは\nいったいどこから情報を\n仕入れてくるのよ！{08}	있잖아 너는\n대체 어디서 정보를\n얻어 오는 거야!{08}
S10:2:22	60	生徒会長は生徒の代表だから\n生徒の事は色々と知っていないとね{08}	학생회장은 학생 대표니까\n학생 일은 여러모로 알아야지{08}
S10:2:23	58	どうせ　魔法で女子更衣室でも\nのぞいているだけじゃないの？{08}	어차피 마법으로 여자\n탈의실이나 훔쳐보는 거 아냐?{08}
S10:2:24	31	いやぁ　町がなおってよかったよ{08}	야 마을이 고쳐져서 다행이다{08}
S10:2:25	48	リヒター先生の建築魔法って\nすばらしかったですね{08}	리히터 선생님 건축 마법은\n훌륭했어요{08}
S10:2:26	46	あんなツルツル頭からは\n想像もできませんよねぇ{08}	그런 반들반들 머리에서는\n상상도 못 하겠죠{08}
S10:2:27	48	レナさんたちは\n建築魔法をごらんになりましたか？{08}	레나 씨네는\n건축 마법 보셨어요?{08}
S10:2:28	56	見てないんですぅ{0d}{0d}{0d}{0d}{0d}{0d}\n一回でいいから見てみたかったなぁ{08}	못 봤어요～{0d}{0d}{0d}{0d}{0d}{0d}\n한 번이라도 보고 싶었는데{08}
S10:2:29	67	あら　ウィンさん　こんにちは\nなかなかの活躍だったと\n聞いていますよ{08}	어머 윈 씨 안녕하세요\n꽤 활약했다고\n들었어요{08}
S10:2:30	57	そんなことないですよ\nわたしたちが\n面倒見ていたからですよ{08}	그렇지 않아요\n저희가\n돌봐 줬으니까요{08}
S10:2:31	9	…………{08}	…………{08}
S10:2:32	46	あら　レナさん曖\n会いに来てくださったのですね{08}	어머 레나 씨♥\n만나러 와 주셨군요{08}
S10:2:33	60	ち…ちがうわよ！　だいたい\nあんたがどうしてここに来たのよ！{08}	아…아니거든! 애초에\n네가 왜 여기 온 건데!{08}
S10:2:34	46	あら…わたくしは\n生徒会役員になっただけですわ{08}	어머…저는\n학생회 임원이 됐을 뿐이에요{08}
S10:2:35	57	ま…まさか！\nわたしたちを\nここから追い出すつもりねっ！！{08}	서…설마!\n우리를\n여기서 쫓아낼 셈이구나!!{08}
S10:2:36	71	……そんな\nわたくしは　ただレナさんのことを\nお慕いしているだけです……{08}	……그런\n저는 그저 레나 씨를\n사모할 뿐인데……{08}
S10:2:37	50	{0d}{0d}……はやくエマ先生に\n見てもらったほうがいいわよ{08}	{0d}{0d}……얼른 에마 선생님한테\n진찰받는 게 좋겠어{08}
S10:2:38	23	レイラさん　こんにちは{08}	레이라 씨 안녕하세요{08}
S10:2:39	65	わたくし……この間\nレナさんに助けられてから\n心を入れ替えたのです{08}	저……요전에\n레나 씨한테 구해진 뒤로\n마음을 고쳐먹었어요{08}
S10:2:40	15	……わたし帰る{08}	……나 갈래{08}
S10:2:41	32	よかったね\nレイラと仲直りできて{08}	잘됐다\n레이라랑 화해해서{08}
S10:2:42	46	な…直すもなにも\nもとから仲良くなかったわよ！{08}	화…화해고 뭐고\n원래 사이 안 좋았거든!{08}
S10:2:43	67	わたくし……レナさんのことが\n好きになってしまったのかも\nしれません{08}	저……레나 씨를\n좋아하게 됐는지도\n몰라요{08}
S10:2:44	48	ウ　ウィンまで\n顔を赤くしてるんじゃないわよ！！{08}	위 윈까지\n얼굴 빨개지지 마!!{08}
S10:2:45	44	レナさん曖\nまた　会いにいらしてくださいね曖{08}	레나 씨♥\n또 만나러 와 주세요♥{08}
S10:2:46	57	いやぁ\nリヒター先生のおかげで\n町も元通りになったようだね{08}	야\n리히터 선생 덕분에\n마을도 원래대로 됐구나{08}
S10:2:47	58	リヒター先生を助けてきたのは\nわたしたちなんですけど………{08}	리히터 선생님 구해 온 건\n저희인데요………{08}
S10:2:48	59	そうなんだ\nきみたちに頼んで\n無事に解決するとは思わなかった{08}	그렇다\n너희에게 맡겨서\n무사히 해결될 줄은 몰랐다{08}
S10:2:49	48	ねぇ　学園長！\nたまには素直にホメてくださいよぉ{08}	있잖아요 학원장님!\n가끔은 솔직하게 칭찬해 주세요{08}
S10:2:50	74	そうだな…………{08}\nエリーくん　レナくん　ウィンくん\nみんなよくやってくれた{08}	그렇군…………{08}\n엘리 군 레나 군 윈 군\n다들 잘해 주었다{08}
S10:2:51	21	ちょっとうれしいね！{08}	좀 기쁘다!{08}
S10:2:52	52	今後は　今回のように\nあまり問題をおこさないように…{08}	앞으로는 이번처럼\n너무 문제를 일으키지 않도록…{08}
S10:2:53	7	はい！{08}	네!{08}
S10:2:54	67	リヒター先生も強情だった\n７年もあそこから\nでてこなかったのだからね{08}	리히터 선생도 고집이 셌지\n７년이나 거기서\n안 나왔으니{08}
S10:2:55	50	そういう学園長も\nじゅうぶんすぎるほど強情ですよ～{08}	그러는 학원장님도\n고집이 충분히 세시거든요～{08}
S10:2:56	38	おっ　そうだった\n合体魔法を認定しよう{08}	아 그렇지\n합체 마법을 인정해 주마{08}
S10:2:57	42	ブレードとウィンは\nブラックホールを覚えた{08}	블레이드와 윈은\n블랙홀을 익혔다{08}
S10:2:58	46	エリーとブレードは\nブレードダイビングを覚えた{08}	엘리와 블레이드는\n블레이드다이빙을 익혔다{08}
S10:2:59	40	エリーとウィンは\nバックドラフトを覚えた{08}	엘리와 윈은\n백드래프트를 익혔다{08}
S10:2:60	44	エリーとウィンは\nフレイズトルネードを覚えた{08}	엘리와 윈은\n프레이즈토네이도를 익혔다{08}
S10:2:61	46	エリーとウィンは\nセブンヘッドドラゴンを覚えた{08}	엘리와 윈은\n세븐헤드드래곤을 익혔다{08}
S10:2:62	40	エリーとレナは\nマジカルチャームを覚えた{08}	엘리와 레나는\n매지컬참을 익혔다{08}
S10:2:63	42	エリーとレナは\nラブリーチアガールを覚えた{08}	엘리와 레나는\n러블리치어걸을 익혔다{08}
S10:2:64	46	ブレードとウィンは\nメイルシュトロームを覚えた{08}	블레이드와 윈은\n메일스트롬을 익혔다{08}
S10:2:65	72	リヒター先生は\n７年も開かずの間にいたってね……{0d}\nぜったい　変だと思うよ{08}	리히터 선생님은\n７년이나 봉인의 방에\n있었대……{0d} 절대 이상하다고 봐{08}
S10:2:66	48	うん　エリー　いいじゃない\nどうしたの　その服？{08}	응 엘리 괜찮은데\n웬일이니 그 옷?{08}
S10:2:67	27	ケント先生にもらったんです{08}	켄트 선생님이 주셨어요{08}
S10:2:68	27	えっ……どういうことなの？{08}	어……무슨 소리야?{08}
S10:2:69	85	ふーん……それが発明品なんだ\n知らなかった　ケント先生って\nけっこうセンスがいいのねぇ{08}	흐응……그게 발명품이구나\n몰랐네 켄트 선생님은\n꽤 센스가 좋구나{08}
S10:2:70	27	もっと悪いと思ってました？{08}	더 나쁠 줄 아셨어요?{08}
S10:2:71	61	え…ええ……\nだってそうじゃない\nいつも変な発明ばっかりでしょ{08}	어…응……\n그렇잖아\n늘 이상한 발명뿐이잖니{08}
S10:2:72	29	ケント先生にいっちゃいますよ{08}	켄트 선생님께 말할 거예요{08}
S10:2:73	13	………………{08}	………………{08}
S10:2:74	52	ケント先生　なにか悪いものでも\n食べてないかしらねぇ{08}	켄트 선생님 뭐 상한 거라도\n드신 거 아닐까{08}
S10:2:75	75	リヒター先生の記録を\n調べてみたのですが……\n特に問題もなくてこまっています{08}	리히터 선생님 기록을\n찾아봤는데요……\n별 문제가 없어서 곤란해요{08}
S10:2:76	56	開かずの扉の中に入る前の事は\nわからないってことですか？{08}	봉인의 문에 들어가기 전 일은\n모른다는 거예요?{08}
S10:2:77	19	そのようですね……{08}	그런 것 같아요……{08}
S10:2:78	15	ざんねんだなぁ{08}	아쉽다{08}
S10:2:79	77	ハイド先生とケント先生\nそれと　リヒター先生は\nかなりの交流があったようですね{08}	하이드 선생님과 켄트 선생님\n그리고 리히터 선생님은\n꽤 교류가 있었나 봐요{08}
S10:2:80	38	ステラおばさんの記録も\nありませんか？{08}	스텔라 아줌마 기록도\n없어요?{08}
S10:2:81	36	それが……\nあまり見当たらないので…{08}	그게……\n별로 안 보여서…{08}
S10:2:82	44	そ…そうですかぁ\nそれならいいんですけど……{08}	그…그래요\n그럼 됐는데……{08}
S10:2:83	44	いっていただけたら\nまた調べて差し上げますよ{08}	말씀해 주시면\n또 찾아 드릴게요{08}
S10:2:84	73	君たち　大勢でどうしたんだい？\n個人的なことなら\n生徒会を通してくれたまえ{08}	너희 여럿이서 무슨 일이야?\n개인적인 일이라면\n학생회를 통해 주게{08}
S10:2:85	77	あんた……声がふるえてるわよ\nどうかしたのか　聞いてあげれば？\nねぇ　ブレード{08}	너……목소리가 떨리는데\n무슨 일인지 물어봐 주지?\n그치 블레이드{08}
S10:2:86	32	ふん　この剣は\nかざりじゃないぜ{08}	흥 이 검은\n장식이 아니다{08}
S10:2:87	93	イ…イアソン先生のところだけは\n生徒会の圧力が届かないからって\nいい気にならないでくれたまえよ{08}	이…이아손 선생님 쪽만은\n학생회 압력이 안 닿는다고\n우쭐대지 말아 주게{08}
S10:2:88	65	あれ～　星見の塔の件は\n耳に入ってるはずよね\nどうしていわないの？{08}	어라～ 별보기 탑 일은\n귀에 들어갔을 텐데\n왜 말 안 해?{08}
S10:2:89	65	……ふ…不可抗力の場合は\n責任を問わないことに\nなっているからだよ{08}	……부…불가항력인 경우엔\n책임을 묻지 않게\n돼 있으니까{08}
S10:2:90	40	エリーがやったからじゃ\nないでしょうね～{08}	엘리가 해서는\n아니겠지～{08}
S10:2:91	9	…………{08}	…………{08}
S10:2:92	54	き…きみたちは　生徒だろう？\nはやく　授業に出たまえ…{08}	너…너희는 학생이잖아?\n얼른 수업에 나가게…{08}
S10:2:93	61	レナさん……\n知りたいことがあったら\nなんでも聞いてくださいね{08}	레나 씨……\n알고 싶은 게 있으면\n뭐든 물어보세요{08}
S10:2:94	40	……あんた　いつまで\nふざけてるつもりよ{08}	……너 언제까지\n장난칠 셈이야{08}
S10:2:95	61	わたくし　本気ですわ\nもう　ずっと離れるつもりは\nありませんの{08}	저 진심이에요\n이제 계속 떨어질 생각은\n없어요{08}
S10:2:96	86	ちょっと　誰かなにかいってよ！\nわ…わたし１人じゃ……{0d}\nイヤーっ　セニア助けてーっ！！{08}	잠깐 누가 뭐라고 좀 해!\n나…나 혼자선……{0d}\n싫어～ 세니아 살려 줘～!!{08}
S10:2:97	46	セニアが　ここにいても\n助けてくれないと思うよ{08}	세니아가 여기 있어도\n안 구해 줄 것 같아{08}
S10:2:98	42	どうしたのレナ？\nせっかく仲良くなれたのに{08}	왜 그래 레나?\n모처럼 친해졌는데{08}
S10:2:99	31	もう学園塔に来るのはやめない？{08}	이제 학원탑엔 오지 말자?{08}
S10:2:100	17	え？　どうして？{08}	어? 왜?{08}
S10:2:101	56	あんなのにいつも会ってたら\nわたしおかしくなっちゃうわよ{08}	저런 애를 매번 만나다간\n나 이상해질 거야{08}
S10:2:102	30	もうイヤだっていったじゃない！	이제 싫다고 했잖아!
S10:2:103	31	レナをよろしくな　レイラとやら{08}	레나를 잘 부탁해\n레이라라고 했나{08}
S10:2:104	31	あら……ありがとうございますわ{08}	어머……고마워요{08}
S10:2:105	62	だから　素直によろこびなよ　レナ\nレイラと仲直りできたんだから{08}	그러니까 솔직하게 기뻐해 레나\n레이라랑 화해했잖아{08}
S10:2:106	40	こんなの仲直りじゃ\nないんだってばぁ！！{08}	이건 화해가\n아니라니까!!{08}
S10:2:107	38	レナさん？\nもういってしまうのですか？{08}	레나 씨?\n벌써 가 버리시나요?{08}
S10:2:108	65	ハイド先生とリヒター先生と\nケント先生……\nすごい組み合わせだよね{08}	하이드 선생님과 리히터\n선생님과 켄트 선생님……\n엄청난 조합이다{08}
S10:2:109	60	きみたち…また何かしたような\n気がするんだが…気のせいかな？{08}	너희…또 뭔가 한 것 같은\n기분이 든다만…기분 탓인가?{08}
S10:2:110	13	………………{08}	………………{08}
S10:2:111	48	……ご　ごほん\nま…またきみたちはなにかしたのか{08}	……크 크흠\n또…또 너희가 뭘 했냐{08}
S10:2:112	36	星見の塔を\nこわしちゃったんです……{08}	별보기 탑을\n부숴 버렸어요……{08}
S10:2:113	23	ちょ…ちょっとエリー！{08}	자…잠깐 엘리!{08}
S10:2:114	44	{0d}{0d}よ…よりにもよって\nハイド先生の建物を……{08}	{0d}{0d}하…하필이면\n하이드 선생의 건물을……{08}
S10:2:115	52	え～と　いま　ケント先生が\n手伝ってくれていますけど{08}	음 지금 켄트 선생님이\n도와주고 계신데요{08}
S10:2:116	54	きみたちに　すべてまかせたぞ\n……私は頭が痛いので休む{08}	너희에게 전부 맡긴다\n……나는 머리가 아파서 쉬겠다{08}
S10:2:117	55	やはりきみたちに\n期待した私がまちがって\nいたようだ……{08}	역시 너희에게\n기대한 내가 잘못이었던\n모양이다……{08}
S10:2:118	65	星見の塔が壊れたって\nうわさを聞いたけど\nどうやら　ちがったようね{08}	별보기 탑이 부서졌다는\n소문을 들었는데\n아무래도 아닌가 보네{08}
S10:2:119	31	最初から　うたがってるんですね{08}	처음부터 의심하시는군요{08}
S10:2:120	71	ええ　もちろんよ\nあなたたちのやることは\n最初から心の準備をしてないとね{08}	그래 물론이지\n너희가 하는 일은\n처음부터 마음의 준비를 해야지{08}
S10:2:121	46	先生　そんなこといってると\n老化がはやいですよ{08}	선생님 그런 말 하시면\n노화가 빨라요{08}
S10:2:122	73	セニアがケッコンしてから\nそういう話題が多いわねぇ\n気のせいかしら……！？{08}	세니아가 결혼하고 나서\n그런 화제가 많네\n기분 탓일까……!?{08}
S10:2:123	36	先生　好きな人とか\nいないんですか？{08}	선생님 좋아하는 사람\n없어요?{08}
S10:2:124	13	……いません{08}	……없어{08}
S10:2:125	23	やっぱり　いるんだぁ～{08}	역시 있구나～{08}
S10:2:126	52	あなたしつこいわねぇ\n好きな人は　い　ま　せ　んっ！{08}	너 끈질기구나\n좋아하는 사람은 없・어・요!{08}
S10:2:127	77	ねえ　エリーくん……\nセニアくんは　きみたちと同じ年で\n結婚したわけだよね……{08}	있잖아 엘리 군……\n세니아 군은 너희랑 같은\n나이에 결혼했지……{08}
S10:2:128	19	そう　聞いているな{08}	그렇게 들었다{08}
S10:2:129	34	……どうしてきみが\n答えるのかな？{08}	……왜 네가\n대답하는 걸까?{08}
S10:2:130	44	キャーッ　カッコイイ！\nがんばれ　ブレード曖{08}	꺄～ 멋있다!\n힘내 블레이드♥{08}
S10:2:131	73	なんだい　きみたちは！？\nぼくとエリーくんで\nゆっくり話をさせてくれたまえ{08}	뭐야 너희는!?\n나랑 엘리 군이\n천천히 얘기하게 해 주게{08}
S10:2:132	71	久しぶりにはじまったわね\n悪い病気が……\nほらエリー　いってやりなさいよ{08}	오랜만에 시작됐네\n나쁜 병이……\n자 엘리 한마디 해 줘{08}
S10:2:133	11	えーと……{08}	음……{08}
S10:2:134	46	そうだよね！\n今はじゃま者が多いし　後にしよう{08}	그렇지! 지금은\n방해꾼이 많으니 나중에 하자{08}
S10:2:135	42	このつるぎにかけて\nそんなことはさせん！！{08}	이 검에 걸고\n그런 짓은 못 하게 하겠다!!{08}
S10:2:136	89	用がないのなら帰ってくれたまえ\nエリーくんと２人で話をさせて\nくれるならば　かまわないが…{08}	볼일 없으면 돌아가 주게\n엘리 군과 둘이서 얘기하게\n해 준다면 상관없지만…{08}
S10:2:137	69	でも　驚きました\nエリーさんとケント先生が\nあのような関係だったなんて{08}	그래도 놀랐어요\n엘리 씨와 켄트 선생님이\n그런 관계였다니{08}
S10:2:138	38	えっ　どんな関係だと\n思ってるんですか{08}	어 어떤 관계라고\n생각하세요{08}
S10:2:139	48	プレゼントをおくられたのですから\nもちろん………{08}	선물을 보내셨으니\n물론………{08}
S10:2:140	32	へぇ～\nエリー　そうだったんだ～{08}	헤에～\n엘리 그랬구나～{08}
S10:2:141	15	…………………{08}	…………………{08}
S10:2:142	52	そういえば　エルノラさんって\n料理が好きなんですか？{08}	그러고 보니 엘노라 씨는\n요리 좋아하세요?{08}
S10:2:143	65	嫌いじゃありません\nでも　バリエーションは\n１００ぐらいですし……{08}	싫어하진 않아요\n그래도 가짓수는\n１００개 정도라……{08}
S10:2:144	43	ふ～ん\n実はわたしも料理が\n得意なんですよ～{08}	흐응～\n실은 저도 요리를\n잘하거든요～{08}
S10:2:145	31	今度レナさんにごちそうしますわ{08}	다음에 레나 씨께 대접할게요{08}
S10:2:146	85	レナさん……安心してください\n星見の塔の情報　わたくしのほうで\n握りつぶしておりますわ{08}	레나 씨……안심하세요\n별보기 탑 정보는 제가\n묻어 두었어요{08}
S10:2:147	52	あ…ありがとう……\nでも　わたしの手を握らないで……{08}	고…고마워……\n그래도 내 손 잡지 마……{08}
S10:2:148	31	よかったね　本当に仲良くなって{08}	잘됐다 정말 친해져서{08}
S10:2:149	54	みなさん　ありがとう\nわたくし　幸せになってみせますわ{08}	여러분 고마워요\n저 행복해지고 말겠어요{08}
S10:2:150	23	……ど…どうにでもして{08}	……마…마음대로 해{08}
S10:2:151	29	レナ　ほんとにうれしそうだね{08}	레나 정말 기뻐 보인다{08}
S10:2:152	36	レナさん曖\n２人で幸せになりましょう{08}	레나 씨♥\n둘이서 행복해져요{08}
S10:2:153	63	本人たちに聞くが……\nまだ　なにも問題を\n起こしていないんだね？{08}	본인들에게 묻겠다만……\n아직 아무 문제도\n안 일으켰지?{08}
S10:2:154	25	もちろんです　学園長！！{08}	물론이죠 학원장님!!{08}
S10:2:155	11	うーん……{08}	으음……{08}
S10:2:156	54	長いつきあいのせいか\nどうも　レナ君が不自然に見えてね{08}	오래 알고 지낸 탓인지\n레나 군이 어색해 보여서{08}
S10:2:157	26	……はい？\nなにがですかぁ{08}	……네?\n뭐가요{08}
S10:2:158	77	その顔で　メリエに乗り込んだり\nダディス先生の研究所を\n壊したのかと思うと……{08}	그 얼굴로 메리에에 쳐들어가고\n다디스 선생의 연구소를\n부쉈다고 생각하면……{08}
S10:2:159	25	かわいくもなりますよねぇ{08}	귀여워지기도 하죠{08}
S10:2:160	23	……帰ってくれないか…{08}	……돌아가 주지 않겠나…{08}
S10:2:161	46	ハイド先生はちゃんと\nご飯を食べているのかなぁ{08}	하이드 선생님은 제대로\n밥은 드시려나{08}
S10:2:162	56	みんな傷だらけじゃない\nもう…あなたたち無理したらだめよ{08}	다들 상처투성이잖니\n정말…너희 무리하면 안 돼{08}
S10:2:163	9	は～い曖{08}	네～♥{08}
S10:2:164	48	はい　終わったわよ\n気を付けていってらっしゃいね{08}	자 끝났다\n조심해서 다녀오렴{08}
S10:2:165	31	あれぇ　この扉もうしまってる～{08}	어라 이 문 벌써 닫혔네～{08}
S10:2:166	19	もうこの扉はいいよ{08}	이제 이 문은 됐어{08}
S10:2:167	60	ウィン曖　また開けてみない？\n今度こそ開けたら見直してあげる{08}	윈♥ 또 열어 보지 않을래?\n이번에 열면 다시 봐 줄게{08}
S10:2:168	54	ほ…ほんとうですか？\n………わかりました　やってみます{08}	저…정말요?\n………알겠어요 해 볼게요{08}
S10:2:169	61	ちょっとウィン！！\nもうみんなにメイワクを\nかけるのはよそうよ{08}	잠깐 윈!!\n이제 다들한테 폐 끼치는 건\n그만하자{08}
S10:2:170	27	す…すいません　エリーさん{08}	죄…죄송해요 엘리 씨{08}
S10:4:0	25	あの……先生　こんにちは{08}	저기……선생님 안녕하세요{08}
S10:4:1	62	{0d}{0d}ちがうっ！！\nあいさつとは　こうするのだ{0d}\nこんにちは！！！！{08}	{0d}{0d}아니다!!\n인사란 이렇게 하는 거다{0d}\n안녕하십니까!!!!{08}
S10:4:2	19	こっ…こんにちは！{08}	아…안녕하세요!{08}
S10:4:3	25	こんにちはっ！！！！！！{08}	안녕하십니까!!!!!!{08}
S10:4:4	67	……イアソン先生\nなんなら　ウィンを\nここの子にしてもいいですけど？{08}	……이아손 선생님\n괜찮으시면 윈을\n여기 애로 삼아도 되는데요?{08}
S10:4:5	36	オレの道場には\n真の男しかいらん！！{08}	내 도장엔\n진정한 사나이만 필요하다!!{08}
S10:4:6	61	え～っ　だから\nいつか真の男になるかも\nしれないじゃないですか{08}	에～ 그러니까\n언젠가 진정한 사나이가 될지도\n모르잖아요{08}
S10:4:7	44	ええい　とにかくウィンよ\n出直してくるのだな{08}	에잇 아무튼 윈이여\n다시 오너라{08}
S10:4:8	29	体をきたえて出なおして来い！{08}	몸을 단련하고 다시 와라!{08}
S10:4:9	75	魔法剣のゴクイは剣に頼らず\n魔法に頼らず……\nそんな難しいこと　いうなよな～{08}	마법검의 비결은 검에 기대지\n않고 마법에 기대지 않고……\n그런 어려운 말 하지 마～{08}
S10:4:10	54	あ～あ　魔法剣の授業を\nまともに受けたら頭痛くなったよ{08}	아～아 마법검 수업을\n제대로 들었더니 머리 아파{08}
S10:4:11	19	さて　修行修行！！{08}	자 수련 수련!!{08}
S10:4:12	42	ウィン！！　この道場で修行\nしてみるか！！{08}	윈!! 이 도장에서 수련\n해 보겠냐!!{08}
S10:4:13	21	えっ　ぼくは…………{08}	어 저는…………{08}
S10:4:14	48	な…なによ　ウィン\nそのうったえかけるような目は{08}	뭐…뭐야 윈\n그 호소하는 듯한 눈은{08}
S10:4:15	56	だが　ここの道場でなくても\nウィンは立派な男に育つだろう{08}	하지만 이 도장이 아니어도\n윈은 멋진 사나이로 클 거다{08}
S10:4:16	29	それ　ほんとうですか　先生？{08}	그거 정말이에요 선생님?{08}
S10:4:17	42	そうでも思わんと\n本人のためにならんだけだ{08}	그렇게라도 생각 안 하면\n본인을 위한 게 안 되니까다{08}
S10:4:18	27	先生……ぼく　がんばります{08}	선생님……저 힘낼게요{08}
S10:4:19	73	オレの目を見て話せるとは……\n少し　ウィンのことを\nみくびっていたようだな{08}	내 눈을 보고 말하다니……\n윈을 좀\n얕봤던 모양이군{08}
S10:4:20	17	イアソン先生！！{08}	이아손 선생님!!{08}
S10:4:21	19	どうした　ブレード{08}	왜 그러냐 블레이드{08}
S10:4:22	27	うぅ…オレにはできない……{08}	으으…나는 못 하겠다……{08}
S10:4:23	38	ほう……なかなか\nみがけば光りそうだな{08}	호오……꽤\n갈고닦으면 빛나겠군{08}
S10:4:24	23	すこしは身体を動かすか{08}	몸 좀 움직여 볼까{08}
S10:4:25	31	やっぱり身体を動かすのはいいね{08}	역시 몸을 움직이는 건 좋아{08}
S10:4:26	54	人のことなんかどうでもいいんだ\n自分をみがくんだっ！！{08}	남 일은 아무래도 좋다\n자기를 갈고닦는 거다!!{08}
S10:4:27	69	なんだ　おまえら\n暇なら修行をしていけ\nブレード　おまえも気を抜くなよ{08}	뭐냐 너희\n한가하면 수련하고 가라\n블레이드 너도 방심하지 마라{08}
S10:4:28	35	ねえ　イアソン先生{0d}\n……進歩した？{08}	있잖아요 이아손 선생님{0d}\n……진전 있어요?{08}
S10:4:29	65	バカめ　オレは\nこの道を極めておる\nそうでなければ真の男は名乗れん{08}	바보 같으니 나는\n이 길을 통달했다 아니면\n진정한 사나이가 못 되지{08}
S10:4:30	66	その道じゃなくて　恋の道ですよぉ\nやだな～っ　イアソン先生ったら曖{08}	그 길 말고 사랑의 길이요～\n싫다～ 이아손 선생님도 참♥{08}
S10:4:31	64	せ…先生　どうしたんですか！？\nなにか　いってやってください！！{08}	서…선생님 왜 그러십니까!?\n뭐라고 좀 해 주십시오!!{08}
S10:4:32	54	まあまあ……{0d}\nイアソン先生だって\n１年に１回は悩むわよ{08}	자자……{0d}\n이아손 선생님도\n１년에 한 번은 고민하셔{08}
S10:4:33	58	さて　すこしは魔法の勉強で\n頭を使うか……{0d}\nあ～　めんどう{08}	자 조금은 마법 공부로\n머리를 쓸까……{0d}\n아～ 귀찮다{08}
S10:4:34	53	うーん　だんだん\n修行がどういうものか\nわかってきたよ{08}	으음 점점\n수련이 어떤 건지\n알 것 같아{08}
S10:4:35	29	やっぱり　先輩ってすごいぜ！{08}	역시 선배는 대단해!{08}
S10:4:36	47	ブレードよ\nおまえに\n新しい魔法剣を教えてやろう{08}	블레이드여\n너에게\n새 마법검을 가르쳐 주마{08}
S10:4:37	38	ブレードは\nドレインスラッシュを覚えた{08}	블레이드는\n드레인슬래시를 익혔다{08}
S10:4:38	25	ブレードは冷撃剣を覚えた{08}	블레이드는 냉격검을 익혔다{08}
S10:4:39	36	ブレードは\nウィンドショットを覚えた{08}	블레이드는\n윈드샷을 익혔다{08}
S10:5:0	62	やっとリヒター先生がもどってきて\nこれで学園の先生がそろったな{08}	드디어 리히터 선생이 돌아와서\n이제 학원 선생이 다 모였군{08}
S10:5:1	56	あのぉ　ハイド先生は学園には\nもどって来てませんけど……{08}	저기 하이드 선생님은 학원에\n안 돌아오셨는데요……{08}
S10:5:2	63	ハイド先生はなぁ……\nなぜか星見の塔から\n出てこようとしないんだ{08}	하이드 선생은 말이지……\n어째선지 별보기 탑에서\n나오려 하질 않아{08}
S10:5:3	113	リヒター先生とかハイド先生とか\n魔法学園って変な先生ばっかりよね{08}\nあっ！　そうだ！\nここにもいたわ～　変な先生が曖{08}	리히터 선생님에 하이드 선생님\n마법학원은 이상한 선생님뿐이야{08}\n앗! 맞다! 여기도\n있었네～ 이상한 선생님이♥{08}
S10:5:4	42	おいっ！　わたしのどこが\n変な先生なんだ？{08}	어이! 내 어디가\n이상한 선생이냐?{08}
S10:5:5	41	おっ　例の新入生だな……{0d}\nかわいそうにな{08}	오 그 신입생이구나……{0d}\n불쌍하게도{08}
S10:5:6	67	なにいってるんですか　先生\nほら　こんなに幸せそうな顔を\nしてますよ{08}	무슨 말씀이세요 선생님\n봐요 이렇게 행복한 얼굴을\n하고 있잖아요{08}
S10:5:7	13	は…はい……{08}	네…네……{08}
S10:5:8	85	なんて　ふびんな……\nウィンよ　泣きたくなったら{08}\nいつでもわたしのところに\nくるんだぞ{08}	이 무슨 딱한……\n윈이여 울고 싶어지면{08}\n언제든 나한테\n오거라{08}
S10:5:9	33	ウィン　あまり無理すんじゃないぞ{08}	윈 너무 무리하지 마라{08}
S10:5:10	28	おっと\nこの魔法を教えとくか{08}	아차\n이 마법을 가르쳐 둘까{08}
S10:5:11	21	エリーはボムを覚えた{08}	엘리는 봄을 익혔다{08}
S10:5:12	34	ウィンは\nフレイムボックスを覚えた{08}	윈은\n플레임박스를 익혔다{08}
S10:5:13	71	２階にいる新入生は食う寝る以外\nずっと本を読んでるんだよ\nまいったな……{08}	２층 신입생은 먹고 자는 것\n말곤 계속 책만 읽어\n곤란하네……{08}
S10:5:14	28	……ふーん\nなるほどなるほど{08}	……흐응\n그렇군 그렇군{08}
S10:5:15	63	あの新入生　ムカツクな～\n新入りは本の整理って\nきまってんだぞ！{08}	저 신입생 열받네～\n신입은 책 정리라고\n정해져 있다고!{08}
S10:5:16	79	おまえら……用がないなら　くるな\nここは図書館だぞ\nたまには　本でも借りていけよ{08}	너희……볼일 없으면 오지 마\n여긴 도서관이다\n가끔은 책이라도 빌려 가{08}
S10:5:17	36	ぼくは……\n一日に一冊は借りています{08}	저는……\n하루에 한 권은 빌려요{08}
S10:5:18	38	えっ？\nわたしたちが面倒をみてからも？{08}	어?\n우리가 돌보고 나서도?{08}
S10:5:19	38	はい　そうですけど……\nそれがなにか？{08}	네 그런데요……\n그게 왜요?{08}
S10:5:20	62	レナ　おまえといっしょにするな\nウィンはとても勉強熱心なんだぞ{08}	레나 너랑 같이 취급하지 마라\n윈은 아주 공부에 열심이다{08}
S10:5:21	42	ウィンって　もしかしたら\nすごいのかも……{08}	윈 혹시\n대단한 걸지도……{08}
S10:5:22	40	ハイド先生のことが\n聞きたいんですけどぉ{08}	하이드 선생님 얘기를\n듣고 싶은데요{08}
S10:5:23	29	もう本を読みはじめちゃったわ{08}	벌써 책 읽기 시작하셨어{08}
S10:5:24	40	ラルフ先生って\nほんとに本が好きなんだね{08}	랄프 선생님은\n정말 책을 좋아하시는구나{08}
S10:5:25	17	ふむ……ふむ……{08}	흠……흠……{08}
S10:5:26	79	なっ…なにすんだよ！\nオレだって新入生の真似して\nたまには本を読もうと思ったのに{08}	뭐…뭐 하는 거야!\n나도 신입생 흉내 내서\n가끔은 책 좀 읽으려 했는데{08}
S10:5:27	23	……ふんふん　なるほど{08}	……흠흠 그렇군{08}
S10:5:28	29	服飾の本なら　向こうにあるよ{08}	복식 책이라면 저쪽에 있어{08}
S10:5:29	79	おっ　ウィン元気か？\nレナにいじめられてないか？\n身の危険を感じたら助けを呼べよ{08}	오 윈 잘 지내냐?\n레나한테 괴롭힘당하진 않냐?\n위험하면 도움을 청해라{08}
S10:5:30	40	大丈夫よ\n見てくださいこの幸せそうな顔を{08}	괜찮아요\n봐요 이 행복한 얼굴을{08}
S10:5:31	58	は…はい　ぼくは大丈夫です\nレナさんは親切にしてくれます…{08}	네…네 저는 괜찮아요\n레나 씨는 친절하게 해 줘요…{08}
S10:5:32	50	レナにいわされたのか？\nあまり無理するんじゃないぞ{08}	레나가 시켜서 말한 거냐?\n너무 무리하지 마라{08}
S10:5:33	59	なによ！\nウィンがああいってるんだから\n信用してあげなさいよ{08}	뭐예요!\n윈이 저렇게 말하니까\n믿어 주세요{08}
S10:5:34	54	……あの　ラルフ先生は\n魔法学園の生徒だったんですよね{08}	……저기 랄프 선생님은\n마법학원 학생이었죠{08}
S10:5:35	31	確かにそうだが……どうした急に{08}	그렇다만……왜 그러냐 갑자기{08}
S10:5:36	91	ダディス先生とか　ハイド先生とか\nリヒター先生とか　ケント先生とか\nやっぱり　いたんですか？{08}	다디스 선생님이나 하이드\n선생님 리히터 선생님 켄트\n선생님도 역시 계셨어요?{08}
S10:5:37	113	ああ……いたよ\nでも　どの先生も\nまったく変わってないけどな{08}\nふーん……なあ　レナとウィン{0d}\nおまえらいいコンビだな{08}	아아……계셨지\n그래도 어느 선생님이나\n전혀 안 변했지만{08}\n흐응……이봐 레나랑 윈{0d}\n너희 좋은 콤비구나{08}
S10:5:38	25	な…なによ　いきなり！！{08}	뭐…뭐예요 갑자기!!{08}
S10:5:39	38	意外とおたがい\n好きだったりするかもな{08}	의외로 서로\n좋아할지도 모르겠군{08}
S10:5:40	17	……………………{08}	……………………{08}
S10:5:41	36	どの本を読むか\nまよっているところさ{08}	어느 책을 읽을지\n고민하는 중이야{08}
S10:5:42	9	…………{08}	…………{08}
S10:5:43	33	オレが結局　本の整理を続けるのか{08}	결국 내가 책 정리를 계속하냐{08}
S10:6:0	77	レナさんたちのおかげで\nイェンも元どおりですね{0d}{0d}\nでも　あたりまえのことですよ{08}	레나 양네 덕분에\n옌도 원래대로네요{0d}{0d}\n그래도 당연한 일이에요{08}
S10:6:1	25	えっと　テレイナ先生……{08}	음 테레이나 선생님……{08}
S10:6:2	11	は…は～い{08}	네…네～{08}
S10:6:3	34	ウィンくん？\nなにかいいましたか？{08}	윈 군?\n뭐라고 했나요?{08}
S10:6:4	29	い…いえ　なんでもありません{08}	아…아뇨 아무것도 아니에요{08}
S10:6:5	79	だから　大丈夫だって\nべつに　この先生は　あんたを\nせめてるわけじゃないんだから{08}	그러니까 괜찮다니까\n딱히 이 선생님이 너를\n탓하는 게 아니니까{08}
S10:6:6	46	町がなおったので\nおいわいの歌をつくりましょう{08}	마을이 고쳐졌으니\n축하 노래를 만들어요{08}
S10:6:7	46	つぎは……そうですね\n魔法を教えてあげましょう{08}	다음은……그렇지\n마법을 가르쳐 드릴게요{08}
S10:6:8	23	レナはクイックを覚えた{08}	레나는 퀵을 익혔다{08}
S10:6:9	29	ブレードはシーブレスを覚えた{08}	블레이드는 시브레스를 익혔다{08}
S10:6:10	36	新入生も\nやっと　なれてきたみたいね{08}	신입생도\n드디어 익숙해진 것 같네{08}
S10:6:11	17	落ち込まない歌～{08}	우울해지지 않는 노래～{08}
S10:6:12	40	わたし　歌の魔法には\n向いてないのね……{08}	나 노래 마법엔\n안 맞나 봐……{08}
S10:6:13	26	も…もう\nこれはいいわよ！{08}	이…이제\n이건 됐어!{08}
S10:6:14	42	べつに竪琴は\nレナを責めないと思うけど……{08}	딱히 하프가\n레나를 탓하진 않을 텐데……{08}
S10:6:15	33	レナさんは音楽が嫌いなんですか？{08}	레나 씨는 음악을 싫어하세요?{08}
S10:6:16	50	レナはオンチなんだ\nだから　楽器とかも嫌いなんだよ{08}	레나는 음치야\n그래서 악기 같은 것도 싫어해{08}
S10:6:17	42	ひっ…秘密にしてくれるって\nいったのに！！{08}	비…비밀로 해 준다고\n했으면서!!{08}
S10:6:18	23	レナさんが……オンチ？{08}	레나 씨가……음치?{08}
S10:6:19	52	う…うっさいわね！\nあんたにまでいわれたくないわ！！{08}	시…시끄러워!\n너한테까지 듣고 싶지 않아!!{08}
S10:6:20	41	でも　そんなことぐらいで……{0d}\nぼくは……{08}	하지만 그런 일 정도로……{0d}\n나는……{08}
S10:6:21	74	あたりまえじゃない！{0d}\nこのくらいで　バカにされたら\nほんとに嫌いになるわよ{08}	당연하잖아!{0d}\n이 정도로 바보 취급당하면\n진짜로 싫어질 거야{08}
S10:6:22	27	そういうことなのかな……？{08}	그런 걸까……?{08}
S10:6:23	61	あら　エリーさん\nステキな服ですね\nご両親からの贈り物ですか？{08}	어머 엘리 양\n멋진 옷이네요\n부모님이 주신 선물인가요?{08}
S10:6:24	31	ケント先生が作ってくれたんです{08}	켄트 선생님이 만들어 줬어요{08}
S10:6:25	9	…………{08}	…………{08}
S10:6:26	25	そ…そんなに驚きました？{08}	그… 그렇게 놀라셨어요?{08}
S10:6:27	67	……そうですかケント先生が……\nもう　問題は\n起こさないでくださいね{08}	……그래요 켄트 선생님이……\n이제 문제는\n일으키지 말아 주세요{08}
S10:6:28	25	そうとう驚いてるんですね{08}	꽤 놀라셨나 보네요{08}
S10:6:29	36	ねぇレナ？\nそっとしておいてあげよう{08}	있잖아 레나?\n조용히 내버려 두자{08}
S10:6:30	11	先生……？{08}	선생님……?{08}
S10:6:31	15	…………………{08}	…………………{08}
S10:6:32	54	いろいろ歌を習ったけれど\nやっぱり自分でもつくりたいわ{08}	여러 노래를 배웠지만\n역시 직접 만들고 싶어{08}
S10:6:33	42	いいな～　その服～\nわたしにもちょうだい～{08}	좋겠다～ 그 옷～\n나도 줘～{08}
S10:6:34	36	わたし　歌に\n向いているかもしれない{08}	나 노래에\n소질이 있을지도 몰라{08}
S10:6:35	2	～	～
S10:6:36	6	を使う	사용
S10:6:37	2	～	～
S10:6:38	6	を使う	사용
S10:6:39	52	ハイド先生は星見の塔から\nほとんど出てこないんですよ{08}	하이드 선생님은 별보기 탑에서\n거의 나오지 않아요{08}
S10:6:40	25	どうしてなんでしょうねぇ{08}	왜 그러는 걸까요{08}
S10:6:41	73	それがわたくしもよく知りません\n職員会議や　大事な会議でも\n見かけませんね{08}	그건 저도 잘 몰라요\n교직원 회의나 중요한\n회의에서도 본 적이 없네요{08}
S10:6:42	52	学園長もハイド先生と\nリヒター先生は苦手そうですねぇ{08}	학원장님도 하이드 선생님과\n리히터 선생님은 어려워하시죠{08}
S10:6:43	64	テレイナ先生……ごめんなさい{0d}{0d}\nあの…好きな人っているんですか？{08}	테레이나 선생님…… 죄송해요{0d}{0d}\n저… 좋아하는 사람 있어요?{08}
S10:6:44	44	わたくしですか？\n好きな人はいますけれど……{08}	저요?\n좋아하는 사람은 있지만……{08}
S10:6:45	36	もしかしてっ！\nハイド先生ですかっ？{08}	혹시!\n하이드 선생님이에요?{08}
S10:6:46	13	………………{08}	………………{08}
S10:6:47	46	ちょっと気分がわるいので\n帰ってもらえますか？{08}	조금 속이 안 좋으니\n돌아가 주겠어요?{08}
S10:6:48	58	自分の歌ができたの\n聞いてくれる？{0d}\n……けど　はずかしいわ{08}	내 노래가 생겼어\n들어 줄래?{0d}\n……근데 부끄러워{08}
S10:6:49	24	いいな～\nその服いいな～{08}	좋겠다～\n그 옷 좋겠다～{08}
S10:6:50	67	悩むのはやめたっ！！\nそんな暇あったら\n歌の修行を　がんばろっと！！{08}	고민은 그만!!\n그럴 시간 있으면\n노래 수행이나 힘내야지!!{08}
S10:6:51	2	～	～
S10:6:52	6	を使う	사용
S10:6:53	2	～	～
S10:6:54	6	を使う	를 쓴다
S10:7:0	17	先生　こんにちは{08}	선생님 안녕하세요{08}
S10:7:1	59	おまえは　誰だ？\n新入生にも　おまえのようなやつは\nいないぞ{08}	너는 누구냐?\n신입생 중에도 너 같은 녀석은\n없다{08}
S10:7:2	67	ちょ…ちょっと　ウィン\nこの先生のいうことを本気で\n気にしたらだめよ{08}	잠… 잠깐 윈\n이 선생님 말을 진지하게\n신경 쓰면 안 돼{08}
S10:7:3	56	この子は　魔族に操られて\nイェンを燃やしてしまった子です{08}	이 아이는 마족에게 조종당해\n옌을 태워 버린 아이예요{08}
S10:7:4	61	だから気にしないっ！\nエリーに悪気が\nあるわけないでしょう！！{08}	그러니까 신경 쓰지 마!\n엘리가 나쁜 마음으로\n그랬을 리 없잖아!!{08}
S10:7:5	32	そうかそうか\nそんなやつもいたな{08}	그래그래\n그런 녀석도 있었지{08}
S10:7:6	63	……ダディス先生\nどうか　そこらへんで\nゆるしてあげてください曖{08}	……다디스 선생님\n부디 그쯤에서\n용서해 주세요♥{08}
S10:7:7	31	もう　わしの研究所をこわすなよ{08}	이제 내 연구소는 부수지 마라{08}
S10:7:8	13	………………{08}	………………{08}
S10:7:9	40	また直ったぞ\nもう燃やさないでくれよな～{08}	또 고쳐졌다\n이젠 태우지 말아 줘～{08}
S10:7:10	38	……燃えたり直ったり\nいそがしいぜ……{08}	……탔다가 고쳐졌다가\n바쁘다니까……{08}
S10:7:11	46	……そんなにわたしの\n勉強のジャマがしたいの？{08}	……그렇게 내 공부를\n방해하고 싶은 거야?{08}
S10:7:12	17	おまえはだれだ？{08}	너는 누구냐?{08}
S10:7:13	34	ぼ…ぼくはウィンです\nダディス先生{08}	저… 저는 윈이에요\n다디스 선생님{08}
S10:7:14	25	レナとケッコンした男だな{08}	레나와 결혼한 남자로구나{08}
S10:7:15	71	ちょ…ちょっとダディス先生\n勝手にわたしとウィンをケッコン\nさせないでよ{08}	잠… 잠깐 다디스 선생님\n멋대로 저랑 윈을 결혼\n시키지 마세요{08}
S10:7:16	27	レナさんと……ケッコン……{08}	레나 씨와…… 결혼……{08}
S10:7:17	44	ウィン　とかいったな\n町がなおってよかったな{08}	윈이라고 했던가\n마을이 고쳐져서 다행이구나{08}
S10:7:18	28	レナさん？\nこの先生は………{08}	레나 씨?\n이 선생님은………{08}
S10:7:19	69	あんた　この先生に\nそんなこといってると\nいつかおかしくなっちゃうわよ{08}	너 이 선생님한테\n그런 말 하다 보면\n언젠가 이상해질 거야{08}
S10:7:20	27	星見の塔がこわれたそうだな{08}	별보기 탑이 부서졌다지{08}
S10:7:21	11	…………！{08}	…………!{08}
S10:7:22	77	えっ？　ここがこわれている間\nどこに　いっていたかって？\nそりゃあ　話せないよ{08}	응? 여기가 부서진 동안\n어디 가 있었냐고?\n그건 말할 수 없지{08}
S10:7:23	63	外を出歩けていいよなぁ\nオレなんか　目がいたくて\nまだダメなんだ{08}	밖에 돌아다닐 수 있어 좋겠다\n나는 눈이 아파서\n아직 안 돼{08}
S10:7:24	44	もう　あんたたちも\nまともに授業を受けなよな{08}	너희도 이제\n수업 좀 제대로 들어라{08}
S10:7:25	75	レナ　エリー\nたまにはわしの授業も受けるんだぞ\nウィンとブレードもしっかりな{08}	레나 엘리\n가끔은 내 수업도 들으려무나\n윈과 블레이드도 열심히 하고{08}
S10:7:26	9	…………{08}	…………{08}
S10:7:27	27	オレはここの生徒じゃないぞ{08}	난 여기 학생이 아니다{08}
S10:7:28	55	なんじゃ　おまえら\n変なものを見るような\n目をしているぞ{08}	뭐냐 너희들\n이상한 걸 보는 듯한\n눈을 하고 있구나{08}
S10:7:29	19	そ…そうですかぁ？{08}	그… 그런가요?{08}
S10:7:30	59	何をたくらんどるんじゃ？\nそれより\nコスク草を早く持ってこい{08}	무슨 꿍꿍이냐?\n그보다\n코스크 풀이나 빨리 가져와라{08}
S10:7:31	23	やっぱりこうなるわけね{08}	역시 이렇게 되는구나{08}
S10:7:32	25	はやく町をなおすんじゃぞ{08}	빨리 마을을 고치거라{08}
S10:7:33	58	気のせいか　ダディス先生が\nみょうにしっかりしているぞ……{08}	기분 탓인지 다디스 선생님이\n묘하게 정신이 똑바르다……{08}
S10:7:34	25	あー　髪の毛も切りたいぜ{08}	아～ 머리도 자르고 싶다{08}
S10:7:35	32	そろそろ\nあの時期が近いのかもね{08}	슬슬\n그 시기가 가까운지도 몰라{08}
S10:8:0	31	先生がどこかにいっちゃった……{08}	선생님이 어디 가 버렸어……{08}
S10:8:1	73	先生の発明したものはどうですか？\n魔法を使った発明なんて\nめずらしいですよ{08}	선생님의 발명품은 어때요?\n마법을 쓴 발명이라니\n드물잖아요{08}
S10:8:2	25	星見の塔はなおったのか？{08}	별보기 탑은 고쳐졌느냐?{08}
S10:8:3	73	なんで帰っちゃうんですか？\nわたしたちだけでハイド先生\nの相手は無理ですよ{08}	왜 돌아가 버리세요?\n저희끼리 하이드 선생님\n상대는 무리예요{08}
S10:8:4	71	なにをいっておるんじゃ\nあいつをまともに相手にできる\n生徒はいないじゃろ{08}	무슨 소리냐\n그 녀석을 제대로 상대할 수\n있는 학생은 없을 게다{08}
S10:8:5	95	なにいってるんですか\n逃げちゃったくせに{08}\nこれだったらリヒター先生のほうが\nたよりになりましたよ{08}	무슨 소리예요\n도망쳐 놓고선{08}\n이럴 거면 리히터 선생님 쪽이\n더 믿음직했어요{08}
S10:8:6	33	このわしがリヒターより下なのか！{08}	이 내가 리히터보다 못하다고!{08}
S10:8:7	54	だってそうじゃないですか\n町も塔もなおしてくれないし…{08}	그렇잖아요\n마을도 탑도 안 고쳐 주고…{08}
S10:8:8	15	おぼえておれよ{08}	두고 보자{08}
S10:8:9	0		=
S10:8:10	87	グレンどのの魔法球をやつが？\nまあ　出入りできるプレートを\n持っているならかまわんが……{08}	글렌 공의 마법구를 그자가?\n뭐 드나들 수 있는 플레이트를\n가지고 있다면 상관없다만……{08}
S10:8:11	33	魔法球さえあれば　いいみたいです{08}	마법구만 있으면 되나 봐요{08}
S10:8:12	77	まあ　ハイドも悪いやつではない\nときたま　人権より実験を\n優先してしまうだけだ{08}	뭐 하이드도 나쁜 녀석은\n아니다 가끔 인권보다 실험을\n우선해 버릴 뿐이지{08}
S10:8:13	33	どこかの先生と　いっしょですね曖{08}	어떤 선생님이랑 똑같네요♥{08}
S10:8:14	46	先生って　ステラおばさんのこと\n好きだったの？{08}	선생님 스텔라 아줌마를\n좋아했어요?{08}
S10:8:15	23	実験以外　興味はないな{08}	실험 말고는 관심 없다{08}
S10:8:16	78	なによ　エリーの着替えてるところ\nずっと見てたくせに！{0d}\nケント先生の　スケベ！{08}	뭐야 엘리가 옷 갈아입는 걸\n계속 보고 있었으면서!{0d}\n켄트 선생님 음흉해!{08}
S10:8:17	40	バカめ\n未完成な身体などに興味はないわい{08}	바보 같으니\n덜 자란 몸 따위 관심 없다{08}
S10:8:18	9	…………\n	…………\n
S10:8:19	32	エリー\nどうじゃ　その飛行盾は？{08}	엘리\n어떠냐 그 비행 방패는?{08}
S10:8:20	46	みんなホメてくれるし\nわたしも気にいってるんだ{08}	다들 칭찬해 주고\n나도 마음에 들어요{08}
S10:8:21	63	またか……\nまったく　なぜ　わしが魔法などを\n教えねばならんのだ{08}	또냐……\n정말 왜 내가 마법 따위를\n가르쳐야 한단 말이냐{08}
S10:8:22	28	ウィンは\nグラビティを覚えた{08}	윈은\n그래비티를 익혔다{08}
S10:8:23	27	どう？　その空を飛ぶ道具は{08}	그 하늘 나는 도구는 어떠냐?{08}
S10:8:24	40	わたしも実験を\n手伝えるようになりました{08}	저도 실험을\n도울 수 있게 됐어요{08}
S10:8:25	48	ほぉ…それが魔法球なのか？\nすごい力をかんじるな{08}	호오… 그게 마법구냐?\n굉장한 힘이 느껴지는구나{08}
S10:8:26	29	そんなにすごい物なんですか？{08}	그렇게 대단한 물건이에요?{08}
S10:8:27	44	あぁ　そうじゃ\n飛行実験に使いたいくらいじゃ{08}	아아 그렇다\n비행 실험에 쓰고 싶을 정도다{08}
S10:8:28	37	ひこうじっけん！？{0d}{0d}{0d}{0d}{0d}{0d}{0d}\nいや～！！{08}	비행 실험!?{0d}{0d}{0d}{0d}{0d}{0d}{0d}\n싫어～!!{08}
S10:8:29	15	ちょっとレナ～{08}	잠깐만 레나～{08}
S10:8:30	32	つぎの飛行実験は\nいつにするかな{08}	다음 비행 실험은\n언제로 할까{08}
S10:9:0	71	ウィンくん　相談なら\nいつでも聞いてあげますから\nえんりょなく来るんだよ{08}	윈 군 상담이라면\n언제든 들어 줄 테니\n사양 말고 오렴{08}
S10:9:1	58	わたしたちがついてますから\nなやみなんてあるわけないですよ{08}	저희가 곁에 있으니\n고민 같은 게 있을 리 없죠{08}
S10:9:2	36	ウィンくん？\nほんとにそうなのかい？{08}	윈 군?\n정말 그런 거니?{08}
S10:9:3	11	は…はい！{08}	네…네!{08}
S10:9:4	48	ねえ……レナさんたちに\n勝てる子っているのかい？{08}	있지…… 레나 양네를\n이길 수 있는 애가 있을까?{08}
S10:9:5	44	さあ　勝てる先生なら\nいるかもしれませんね曖{08}	글쎄요 이길 수 있는 선생님은\n있을지도 모르죠♥{08}
S10:9:6	42	はははっ\nやっぱりレナさんにはかなわないよ{08}	하하하 역시\n레나 양한테는 못 당하겠어{08}
S10:9:7	27	もう町をこわしたらダメだよ{08}	이제 마을을 부수면 안 돼{08}
S10:9:8	42	建築魔法か……\nなかなかできるな　あの先生{08}	건축 마법이라……\n제법이군 그 선생{08}
S10:9:9	23	わたし　卒業したい……{08}	나 졸업하고 싶어……{08}
S10:9:10	73	……エリーさん　かわいくなったね\nもしかして　好きな人でも\nできたのかな？{08}	……엘리 양 예뻐졌구나\n혹시 좋아하는 사람이라도\n생긴 걸까?{08}
S10:9:11	58	先生　そういういやらしい\nいいかたしないでもらえませんか？{08}	선생님 그런 느끼한\n말투는 하지 말아 주실래요?{08}
S10:9:12	30	えっ…ぼくが\nい…いやらしい？{08}	엇… 내가\n느… 느끼해?{08}
S10:9:13	29	レナ～　そういうのやめようよ{08}	레나～ 그런 거 그만하자{08}
S10:9:14	53	ぼ…ぼくは\nいやらしいなんていわれたのは\nはじめてだよ{08}	나… 나는\n느끼하다는 소리를 들은 건\n처음이야{08}
S10:9:15	63	ごめんなさい　先生\nレナのいったことなんて\n気にしないでください{08}	죄송해요 선생님\n레나가 한 말은\n신경 쓰지 마세요{08}
S10:9:16	65	そ…そうかい\nエリーさんならそういってくれると\n信じていたんだ……{08}	그… 그래\n엘리 양이라면 그렇게 말해 줄\n거라 믿고 있었어……{08}
S10:9:17	23	それがいやらしいのよ！{08}	그게 느끼하다니까!{08}
S10:9:18	31	ぼ…ぼくはショックだよ…………{08}	나… 나는 충격이야…………{08}
S10:9:19	59	イェンの先生なら\n全部　はあくしているぜ\nそれが使命だからな{08}	옌의 선생이라면\n전부 파악하고 있지\n그게 사명이니까{08}
S10:9:20	48	あなたに　悪いけど\n赤ってイヤな色だと思うの……{08}	미안하지만\n빨강은 싫은 색 같아……{08}
S10:9:21	56	ブルーン先生　好きな人っている？\n先生　独身なんでしょ？{08}	브룬 선생님 좋아하는 사람\n있어요? 선생님 독신이잖아요?{08}
S10:9:22	71	……そうだなぁ{0d}{0d}\nレナさんとか　エリーさんとか\nカワイイと思うな　先生は{08}	……글쎄{0d}{0d}\n레나 양이나 엘리 양이나\n귀엽다고 생각해 선생님은{08}
S10:9:23	29	{0d}{0d}ブルーン先生のヘンタイ！！{08}	{0d}{0d}브룬 선생님 변태!!{08}
S10:9:24	36	へ…ヘンタイ？\nひどいよレナさん……{08}	벼… 변태?\n너무해 레나 양……{08}
S10:9:25	30	ひどいよ…\nひどすぎるよ………{08}	너무해…\n너무하잖아………{08}
S10:9:26	19	ブルーン先生……？{08}	브룬 선생님……?{08}
S10:9:27	36	ちょ…ちょっと\nいいすぎたかもね……{08}	조… 조금\n말이 심했나 봐……{08}
S10:9:28	27	……ぼくがヘンタイ………？{08}	……내가 변태………?{08}
S10:9:29	27	そっとしておいてあげましょ{08}	조용히 내버려 두자{08}
S10:9:30	36	……ちょっと一人に\nしてくれないかい{08}	……잠깐 혼자\n있게 해 주지 않겠니{08}
S10:9:31	23	ハイド先生は要注意だな{08}	하이드 선생은 요주의 인물이지{08}
S10:9:32	48	どうして　ブルーン先生を\nそっとしてあげないの？{08}	왜 브룬 선생님을\n가만히 내버려 두지 않아?{08}
S10:9:33	38	そうだなぁ\nウィンくんに魔法を教えるよ{08}	그렇지\n윈 군한테 마법을 가르쳐 줄게{08}
S10:9:34	27	ウィンはトルネードを覚えた{08}	윈은 토네이도를 익혔다{08}
S10:10:0	42	……しばらく\nあのままかと思ったんだけどな{08}	……한동안\n저대로일 줄 알았는데{08}
S10:10:1	59	リヒター先生が帰ってきたら\nあっという間でしたね\nさすがです{08}	리히터 선생님이 돌아오니\n눈 깜짝할 새였네요\n역시 대단해요{08}
S10:10:2	36	くすくすくす\n建築魔法ってすごいのね{08}	킥킥킥\n건축 마법이란 굉장하네{08}
S10:10:3	42	なにもおこらないのが\n不思議なくらいだなあ{08}	아무 일도 없는 게\n신기할 정도구먼{08}
S10:10:4	71	リヒター先生の能力は\nわかったのですが……\nここまでそっくりにしなくても{08}	리히터 선생님 능력은\n알겠지만……\n이렇게까지 똑같이 안 해도{08}
S10:10:5	36	うん　いいわよ　その服\nかわいいわね{08}	응 좋네 그 옷\n귀엽다{08}
S10:10:6	53	家が燃えたきり\nなにも起こらんなあ……\nなにかさびしい{08}	집이 탄 뒤로\n아무 일도 안 일어나는구먼……\n왠지 쓸쓸해{08}
S10:10:7	25	平和がやっぱり一番ですね{08}	역시 평화가 제일이네요{08}
S10:10:8	73	あーあ　わたしもおしゃれして\nどこか出かけたいけど……\nここはイェンだしね{08}	아아 나도 멋 부리고\n어디 나가고 싶은데……\n여긴 옌이니까{08}
S10:11:0	48	できれば　ここは\n増築してほしかったんですが……{08}	할 수 있다면 여기는\n증축해 줬으면 했는데요……{08}
S10:11:1	81	あんな便利な魔法があるんなら……\nここをもっとカッコよく建て直して\nくれないかなぁ{08}	그렇게 편리한 마법이\n있다면…… 여기를 더 멋지게\n다시 지어 주면 좋을 텐데{08}
S10:11:2	48	あのハゲた先生　ステキだわぁ\nほれちゃいそう……{08}	저 대머리 선생님 멋있어\n반해 버릴 것 같아……{08}
S10:11:3	52	さて　後は連絡船がきてくれれば\n元どおりなんだがなぁ{08}	자 이제 연락선만 와 주면\n원래대로인데 말이야{08}
S10:11:4	44	前とまったく同じ間取りです\nすばらしいですね{08}	예전과 똑같은 구조예요\n훌륭하네요{08}
S10:11:5	64	魔法の火は大丈夫だけど{0d}\n普通の火はだめだとか\nいわないだろうなぁ{08}	마법 불은 괜찮은데{0d}\n보통 불은 안 된다든가\n그러진 않겠지{08}
S10:11:6	54	へえ　おしゃれな服だね\nどこかで見たことがあるけど……{08}	헤에 멋진 옷이네\n어디서 본 것 같은데……{08}
S10:11:7	73	そっ　そのデザイン！{0d}{0d}\nあたしのところでやったのよ\nどう？　ステキでしょ曖{08}	그… 그 디자인!{0d}{0d}\n우리 가게에서 한 거야\n어때? 멋지지♥{08}
S10:11:8	46	こんなに仕事に精がだせるなんて\n久しぶりですね{08}	이렇게 일에 힘이 나다니\n오랜만이네요{08}
S10:11:9	69	イェンの歴史は長いけど\n今まで星見の塔がこわれたこと\nなんてなかったよ{08}	옌의 역사는 길지만\n지금까지 별보기 탑이 부서진\n적은 없었어{08}
S10:11:10	48	お願いだ　君たち\nとなりのやつをなんとかしてくれ{08}	부탁이다 너희들\n옆집 녀석을 어떻게 좀 해 줘{08}
S10:11:11	44	さて　次のデザインに\nとりかからなくっちゃ曖{08}	자 다음 디자인에\n착수해야지♥{08}
S10:12:0	40	何年たっても　このままなのね\nわたし……{08}	몇 년이 지나도 이대로구나\n나……{08}
S10:12:1	79	リヒター先生も　わからない人だ\nここに休憩場をつくってくれれば\n助かるというのに{08}	리히터 선생님도 알 수 없는\n분이야 여기에 휴게소를 만들어\n주면 살 텐데 말이지{08}
S10:12:2	40	いいな～　その服～\nわたしにもちょうだい{08}	좋겠다～ 그 옷～\n나도 줘{08}
S10:12:3	54	その服　よく似合うよ　エリー\nまったく　うらやましいね{08}	그 옷 잘 어울려 엘리\n정말 부럽다{08}
S10:12:4	42	仕立屋さんは\n弟子を募集していないのかしら{08}	재봉사 아저씨는\n제자를 모집 안 하려나{08}
S10:12:5	38	すっかり散歩が\nくせになってしまったな{08}	완전히 산책이\n버릇이 돼 버렸군{08}
S10:13:0	22	N10 M115 Ivent Message	=
S10:13:1	53	ま…待て！！\nなにをしているのか\nわかっているのか！？{08}	기… 기다려!!\n무슨 짓을 하는지\n알고 있는 거냐!?{08}
S10:13:2	61	ハハハハ\nそうでなければ　わざわざ\nあなたを呼びつけはしないさ{08}	하하하하\n그게 아니라면 굳이\n당신을 불러내지도 않았겠지{08}
S10:13:3	42	それだけは　いかん！！\nその魔法だけは……{08}	그것만은 안 된다!!\n그 마법만은……{08}
S10:13:4	73	もう　遅い！\n力の使い方が　ひとつでないことを\n身をもって証明してやる！！{08}	이미 늦었어!\n힘을 쓰는 방법이 하나가\n아님을 몸소 증명해 주마!!{08}
S10:13:5	21	や…やめるのじゃ！！{08}	그…그만두게！！{08}
S10:15:0	63	いままで黙っていたけど\n向こうにいるのは\nぼくの奥さんなのさっ！{08}	지금까지 말 안 했는데\n저쪽에 있는 건\n내 아내라고!{08}
S10:15:1	58	ここも作り直してくれるよう\nリヒター先生に頼もうかしら……{08}	여기도 다시 지어 달라고\n리히터 선생님께 부탁할까……{08}
S10:15:2	42	また魔族が\nあらわれなきゃいいんだけどねっ{08}	또 마족이\n나타나지 않으면 좋겠는데!{08}
S10:15:3	48	なんだか　ずいぶん静かね\nわたし　落ち着かないわ{08}	어쩐지 꽤 조용하네\n나 마음이 안 놓여{08}
S10:15:4	38	うちの嫁さんは\n刺激が好きなんだよなぁ{08}	우리 마누라는\n자극을 좋아한단 말이지{08}
S10:15:5	31	幽霊船とか　こないかしらね……{08}	유령선 같은 거 안 오려나……{08}
S10:16:0	22	N10 M118 Ivent Message	=
S10:16:1	33	そうか……また　いじめられたのか{08}	그래…… 또 괴롭힘을 당했느냐{08}
S10:16:2	46	ぼ…ぼくは強くなりたい……\n強くなりたいよ……{08}	저… 저는 강해지고 싶어요……\n강해지고 싶어요……{08}
S10:16:3	157	強くなって　どうする？\n押さえられない力をふるっても\nおまえ自身が不幸になるだけじゃ{08}\nじゃが　わしは……おまえではない\n自分のことは自分で\n決めるしかないのだぞ{08}	강해져서 어쩔 게냐?\n다스리지 못하는 힘을 휘둘러도\n너 자신이 불행해질 뿐이다{08}\n하지만 나는…… 네가 아니다\n자기 일은 스스로\n정할 수밖에 없단다{08}
S10:16:4	44	{0d}{0d}うん……わかった\nぼく　自分で何とかするよ{08}	{0d}{0d}응…… 알았어요\n제가 알아서 해 볼게요{08}
S10:16:5	19	よし……いい子だの{08}	옳지…… 착한 아이로구나{08}
S10:16:6	48	時の流れを自由に操るもの……\nそれが時の守人じゃ{08}	시간의 흐름을 자유로이 다루는\n자…… 그것이 시간의 수호자다{08}
S10:16:7	50	はい　わたしは　そのために\nここにいるのでしょう？{08}	네 저는 그러기 위해\n여기 있는 거겠지요?{08}
S10:16:8	81	……時を自由に操れるものが\nどうして守人なのか……\nそれが　今のおまえにわかるか？{08}	……시간을 자유로이 다루는\n자가 어째서 수호자인지……\n그것을 지금의 너는 알겠느냐?{08}
S10:16:9	58	……先生　そのような問答は\nいいかげん　嫌気がさしましたよ{08}	……선생님 그런 문답은\n이제 정말 지긋지긋합니다{08}
S10:16:10	24	バカもの！！\nよいか……{08}	어리석은 것!!\n잘 듣거라……{08}
S10:16:11	53	ま…待て！！\nなにをしているのか\nわかっているのか！？{08}	기… 기다려!!\n무슨 짓을 하는지\n알고 있는 거냐!?{08}
S10:16:12	61	ハハハハ\nそうでなければ　わざわざ\nあなたを呼びつけはしないさ{08}	하하하하\n그게 아니라면 굳이\n당신을 불러내지도 않았겠지{08}
S10:16:13	42	それだけは　いかん！！\nその魔法だけは……{08}	그것만은 안 된다!!\n그 마법만은……{08}
S10:16:14	73	もう　遅い！\n力の使い方が　ひとつでないことを\n身をもって証明してやる！！{08}	이미 늦었어!\n힘을 쓰는 방법이 하나가\n아님을 몸소 증명해 주마!!{08}
S10:16:15	21	や…やめるのじゃ！！{08}	그…그만두게！！{08}
S10:17:0	25	おじいちゃん　いないわね{08}	할아버지 안 계시네{08}
S10:17:1	21	どこにいったのかなぁ{08}	어디 가셨을까{08}
S10:17:2	71	いないんだから　しょうがないわね\n後で借りたっていえば\nいいんじゃない？{08}	안 계시니 어쩔 수 없지\n나중에 빌렸다고 하면\n되지 않아?{08}
S10:17:3	54	それじゃ　ハイド先生に\nもらったプレートを使ってみます{08}	그럼 하이드 선생님께\n받은 플레이트를 써 볼게요{08}
S10:17:4	77	うん　いいわよ　おじいちゃんの\n弱みを握ってるんだから\nそんなくらい平気よぉ～{08}	응 좋아 할아버지\n약점을 쥐고 있으니까\n그 정도는 괜찮아～{08}
S10:17:5	9	…………{08}	…………{08}
S10:17:6	27	じゃあ　ウィンまかせたわよ{08}	그럼 윈 맡길게{08}
S10:17:7	23	は　はい……いきますよ{08}	네 네…… 갑니다{08}
S10:17:8	50	プレートに封じられた力よ\nいまこそ　我に力をかせ！{08}	플레이트에 봉인된 힘이여\n지금 내게 힘을 빌려 다오!{08}
S10:17:9	63	閉まってるなんて\nイヤミな作りね～\nまったく　性格がよくでてるわ{08}	잠겨 있다니\n얄미운 구조네～\n정말 성격이 잘 드러나{08}
S10:17:10	58	わたしたちって　そんなことを\nいえる立場じゃないと思う……{08}	우리는 그런 말을\n할 처지가 아닌 것 같아……{08}
S10:17:11	155	とにかく　扉を開けますね{0d}\nプレートに封じられた力よ\nいまこそ　我に力をかせ！{08}-------------------------------------------------------------------------------	아무튼 문을 열게요{0d}\n플레이트에 봉인된 힘이여\n내게 힘을 빌려 다오!{08}-------------------------------------------------------------------------------
S10:17:12	31	ど…どうして　ここに出るわけ？{08}	왜… 왜 여기로 나오는 거야?{08}
S10:17:13	31	ここっておじいちゃんの家だよね{08}	여기 할아버지 집이지?{08}
S10:17:14	65	まあ　いいじゃない\n魔法球っていうのも手に入ったし\nいきましょうか{08}	뭐 괜찮잖아\n마법구라는 것도 손에 넣었으니\n가자{08}
S10:17:15	31	たっ…頼むから　驚いてくれ！！{08}	제… 제발 놀라 줘!!{08}
S10:17:16	19	魔法球を手に入れた{08}	마법구를 손에 넣었다{08}
S10:17:17	44	……プレートのブレーカが\nとんじゃってますね{08}	……플레이트의 차단기가\n내려가 버렸네요{08}
S10:17:18	28	えっ　なに？\nどういうこと？{08}	응? 뭐?\n무슨 뜻이야?{08}
S10:17:19	69	プレートにかけてあった魔法が\n魔法球の力を受けて\n弾けとんじゃってます{08}	플레이트에 걸려 있던 마법이\n마법구의 힘을 받아서\n튕겨 나가 버렸어요{08}
S10:17:20	21	ま…しょうがないわね{08}	뭐… 어쩔 수 없지{08}
S10:17:21	23	やっぱり　開きませんね{08}	역시 안 열리네요{08}
S10:17:22	44	これ以上　ここにいるのは危険よ\n帰りましょう{08}	더 이상 여기 있는 건 위험해\n돌아가자{08}
S10:17:23	38	レナ～\nだから　それじゃドロボウだよ～{08}	레나～\n그러니까 그건 도둑질이야～{08}
S10:18:0	36	イェンの平和は\nオレが守ってるんだ！{08}	옌의 평화는\n내가 지키고 있다!{08}
S10:18:1	38	建築魔法も忘れてから\nずいぶんたつなぁ{08}	건축 마법도 잊은 지\n꽤 오래됐구먼{08}
S10:18:2	31	オレは天文魔法もとくいなんだぜ{08}	난 천문 마법도 잘한다고{08}
S10:21:0	21	……あっ　ああっ！！{08}	……앗 아앗!!{08}
S10:21:1	19	な…なによ突然！？{08}	뭐… 뭐야 갑자기!?{08}
S10:21:2	31	いってること目茶苦茶だよ……？{08}	하는 말이 엉망진창이잖아……?{08}
S10:21:3	53	ど　どうして\nおまえは　そんな風に\n口が動くんだっ！！{08}	어 어째서\n너는 그렇게\n입이 잘 돌아가는 거냐!!{08}
S10:21:4	40	あっ……！\nだ…誰かの声が　頭に直接……{08}	앗……! 누…\n누군가의 목소리가 머릿속에……{08}
S10:21:5	33	そうか……また　いじめられたのか{08}	그래…… 또 괴롭힘을 당했느냐{08}
S10:21:6	46	ぼ…ぼくは強くなりたい……\n強くなりたいよ……{08}	저… 저는 강해지고 싶어요……\n강해지고 싶어요……{08}
S10:21:7	151	強くなって　どうする？\n押さえられない力をふるっても\nおまえ自身が不幸になるだけじゃ{08}\nわしは……おまえではない\n自分のことは自分で\n解決するしかないのだぞ{08}	강해져서 어쩔 게냐?\n다스리지 못하는 힘을 휘둘러도\n너 자신이 불행해질 뿐이다{08}\n나는…… 네가 아니다\n자기 일은 스스로\n해결할 수밖에 없단다{08}
S10:21:8	46	{0d}{0d}うん……わかったよ\nぼく　自分で何とかするよ{08}	{0d}{0d}응…… 알았어요\n제가 알아서 해 볼게요{08}
S10:21:9	19	よし……いい子だの{08}	옳지…… 착한 아이로구나{08}
S10:21:10	79	これは……記憶封じです\nグレンおじいさんの記憶そのものが\nここにしまわれています{08}	이건…… 기억 봉인이에요\n글렌 할아버지의 기억 자체가\n여기 담겨 있어요{08}
S10:21:11	27	ただ者じゃねえぜ　さすがに{08}	보통 사람이 아니군 역시{08}
S10:21:12	33	おじいちゃんのすごい愛情だったね{08}	할아버지의 대단한 사랑이었네{08}
S10:21:13	42	そうね……\nわたしも少し反省しとこうかしら{08}	그러게……\n나도 조금 반성해 둘까{08}
S10:21:14	25	うーん　いいのかなぁ……{08}	으음 괜찮은 걸까……{08}
S10:21:15	19	どうしたの　エリー{08}	왜 그래 엘리{08}
S10:21:16	71	だって　おじいちゃんの記憶を\nわたしたちが知っちゃって\nいいと思う……？{08}	그치만 할아버지의 기억을\n우리가 알아 버려도\n괜찮은 걸까……?{08}
S10:21:17	56	べつにいいんじゃない？\nほら　どうせへるもんじゃないしね{08}	딱히 괜찮지 않아?\n봐 어차피 닳는 것도 아니고{08}
S10:21:18	29	は…反省は　どこへいった！！{08}	바… 반성은 어디 갔냐!!{08}
S10:21:19	48	時の流れを自由に操るもの……\nそれが時の守人じゃ{08}	시간의 흐름을 자유로이 다루는\n자…… 그것이 시간의 수호자다{08}
S10:21:20	46	はい　私は　そのために\nここにいるのでしょう？{08}	네 저는 그러기 위해\n여기 있는 거겠지요?{08}
S10:21:21	81	……時を自由に操れるものが\nどうして守人なのか……\nそれが　今のおまえにわかるか？{08}	……시간을 자유로이 다루는\n자가 어째서 수호자인지……\n그것을 지금의 너는 알겠느냐?{08}
S10:21:22	58	……先生　そのような問答は\nいいかげん　嫌気がさしましたよ{08}	……선생님 그런 문답은\n이제 정말 지긋지긋합니다{08}
S10:21:23	24	バカもの！！\nよいか……{08}	어리석은 것!!\n잘 듣거라……{08}
S10:21:24	87	前と同じ子だろうけど\nナマイキになってくわねぇ{08}\nおじいちゃんって\n昔から苦労してるのね～{08}	전이랑 같은 아이겠지만\n점점 건방져지네～{08}\n할아버지는\n옛날부터 고생했구나～{08}
S10:21:25	38	ど…どうして\nおまえは笑えるんだっ！！{08}	어… 어째서\n너는 웃을 수 있는 거냐!!{08}
S10:21:26	27	レナって普通じゃないし……{08}	레나는 보통이 아니니까……{08}
S10:21:27	62	おじいさんの心が泣いていましたね\nぼくは親以上の愛を感じました{08}	할아버지 마음이 울고 있었어요\n부모 이상의 사랑을 느꼈어요{08}
S10:21:28	56	や…やめなさいよ　ウィン\nその愛って言葉は苦手なのよ！！{08}	그… 그만해 윈\n그 사랑이란 말은 질색이야!!{08}
S10:21:29	32	そ　それ以上いうと\n叩っ斬る！！{08}	그 그 이상 말하면\n베어 버린다!!{08}
S10:21:30	53	ま…待て！！\nなにをしているのか\nわかっているのか！？{08}	기… 기다려!!\n무슨 짓을 하는지\n알고 있는 거냐!?{08}
S10:21:31	58	はははは　そうでなければ\nわざわざあなたを呼びつけはしまい{08}	하하하하 그게 아니라면\n굳이 당신을 불러내지 않았겠지{08}
S10:21:32	42	それだけは　いかん！！\nその魔法だけは……{08}	그것만은 안 된다!!\n그 마법만은……{08}
S10:21:33	73	もう　遅い！\n力の使い方が　ひとつでないことを\n身をもって証明してやる！！{08}	이미 늦었어!\n힘을 쓰는 방법이 하나가\n아님을 몸소 증명해 주마!!{08}
S10:21:34	19	や…やめるのだ！！{08}	그… 그만두어라!!{08}
S10:21:35	79	うわぁ　盛りあがってきたわねぇ{0d}{0d}{0d}{0d}{0d}{0d}\nあれ……みんなどうしたの\n悲しそうな顔して{08}	우와 분위기 달아오르네{0d}{0d}{0d}{0d}{0d}{0d}\n어라…… 다들 왜 그래\n슬픈 얼굴을 하고{08}
S10:21:36	25	ふつうは悲しいと思う……{08}	보통은 슬프다고 생각해……{08}
S10:21:37	81	時を操る　時の守人……\nその力があれば永遠に生きることも\nできたはず……まさか……{08}	시간을 다루는 수호자……\n그 힘이면 영원히 사는 것도\n가능했을 텐데…… 설마……{08}
S10:21:38	48	あれ？　グレンおじいちゃんが\nこんなところに……{08}	어라? 글렌 할아버지가\n이런 곳에……{08}
S10:21:39	27	レナ？　これって銅像だよ…{08}	레나? 이건 동상이야…{08}
S10:21:40	71	なんだ　こんなもの作らせるなんて\nあんがい　普通のところも\nあったんだね{08}	뭐야 이런 걸 만들게 하다니\n의외로 평범한 구석도\n있었네{08}
S10:21:41	97	いえ　レナさん……\nここに文字が彫ってあります{08}\n天災芸術家　ヘンナーから\n真の友人　グレンへ　贈る{08}	아뇨 레나 씨……\n여기 글자가 새겨져 있어요{08}\n천재지변 예술가 헨너가\n진정한 친구 글렌에게 바침{08}
S10:21:42	52	て　天災？　真の友人？\nイアソン先生とお友達かしら？{08}	처 천재지변? 진정한 친구?\n이아손 선생님이랑 친구인가?{08}
S10:21:43	73	いいえ　レナさん\n自らを　天災　と呼んだヘンナーは\n２００年前の芸術家です{08}	아뇨 레나 씨\n자칭 천재지변인 헨너는\n２００년 전의 예술가예요{08}
S10:21:44	73	まあ　あのおじいちゃんなら\nそんなくらい生きるわよ\n驚く必要なんかないって{08}	뭐 그 할아버지라면\n그 정도는 살겠지\n놀랄 필요 없어{08}
S10:21:45	42	な…なんでおまえは\nいつもそうなるんだ！！{08}	어… 어째서 너는\n항상 그렇게 되는 거냐!!{08}
S10:21:46	67	２００年前……時の守人\nそして　あの記憶の中の人……\nま…まさか……{08}	２００년 전…… 시간의 수호자\n그리고 그 기억 속의 사람……\n서… 설마……{08}
S10:21:47	27	勝手にもりあげちゃダメ！！{08}	멋대로 분위기 띄우지 마!!{08}
S10:21:48	17	……ごめんなさい{08}	……죄송해요{08}
S10:21:49	46	なんでこんなところに\n絵をかざってあるのかしら{08}	왜 이런 곳에\n그림을 걸어 둔 걸까{08}
S10:21:50	13	なにが……？{08}	뭐가……?{08}
S10:21:51	57	お…おい！！\nこれをよく見てみろ！！\nあの男とそっくりだぞ{08}	어… 어이!!\n이걸 잘 봐라!!\n그 남자랑 똑같잖아{08}
S10:21:52	48	そういえば　メンフィスとかいう\n魔族とそっくりね{08}	그러고 보니 멤피스라는\n마족이랑 똑같네{08}
S10:21:53	25	そういう問題じゃない！！{08}	그런 문제가 아니다!!{08}
S10:21:54	81	うるさいわねー{08}\nあのおじいちゃんが\n魔族の仲間だとしても\nなにもできないでしょうが{08}	시끄럽네～{08}\n그 할아버지가\n마족 편이라고 해도\n아무것도 못 하잖아{08}
S10:21:55	58	でも　この人は普通の人間ですよ\n顔に魔族の印がありませんし{08}	그치만 이 사람은 인간이에요\n얼굴에 마족 표식이 없어요{08}
S10:21:56	36	え～\n魔族じゃなくて普通の人間なのぉ{08}	에～\n마족이 아니라 보통 인간이야?{08}
S10:21:57	59	もしかしたら\nあの人もおじいちゃんに\nスカウトされたのかな？{08}	혹시\n저 사람도 할아버지한테\n스카우트된 걸까?{08}
S10:21:58	60	この絵といい　あのおじいさんは\nいったい何者なんでしょう……{08}	이 그림도 그렇고 저\n할아버지는 대체 누구일까요……{08}
S10:21:59	25	勝手に悩んじゃダメよ！！{08}	멋대로 고민하면 안 돼!!{08}
S10:21:60	11	あ……でも{08}	아…… 그래도{08}
S10:21:61	19	……ほら　いくわよ{08}	……자 가자{08}
S10:21:62	26	もしかして\nこれが魔法球？{08}	혹시\n이게 마법구?{08}
S10:21:63	100	すごい魔法力です……\n間違いありません{08}\nでも本当にこんなものを\n持ち出してしまって\nいいのでしょうか？{08}	굉장한 마법력이에요……\n틀림없어요{08}\n하지만 정말 이런 걸\n가지고 나가도\n괜찮을까요?{08}
S10:21:64	91	ウィン　言葉は正確につかってよね\n借りていくだけでしょ？{0d}{0d}\nほら　ブレード　取ってくれない？{08}	윈 말은 정확하게 써\n빌려 가는 것뿐이잖아?{0d}{0d}\n자 블레이드 집어 줄래?{08}
S10:21:65	55	ねぇ　レナ？\nブレードに責任を\n押し付けようとしてない？{08}	있잖아 레나?\n블레이드한테 책임을\n떠넘기려는 거 아냐?{08}
S10:21:66	44	わかったわよ…{0d}{0d}{0d}{0d}\nわたしが持っていくってば{08}	알았다니까…{0d}{0d}{0d}{0d}\n내가 가져간다고{08}
S10:22:0	48	……ということだ\nわしたちの仲じゃろ　許してくれ{08}	……그런 거다\n우리 사이 아니냐 용서해 주게{08}
S10:22:1	77	建物など　どうでもいい！\n問題は星辰機関なんだ！\n今までの苦労が　水の泡だ！！{08}	건물 따윈 아무래도 좋아!\n문제는 성진 기관이다!\n그동안의 고생이 물거품이야!!{08}
S10:22:2	50	お…落ち着け　ハイド\nあとからリヒターのやつも来る{08}	지… 진정하게 하이드\n나중에 리히터 녀석도 올 걸세{08}
S10:22:3	67	そんなものは必要ない　帰れ\n星辰機関は　一朝一夕で\nあるものではない{08}	그딴 건 필요 없다 돌아가\n성진 기관은 하루아침에\n생기는 게 아니다{08}
S10:22:4	38	……わかったよ\nハイド　すまんかったな{08}	……알았네\n하이드 미안하게 됐구먼{08}
S10:22:5	91	ああなると人の話など聞かん奴だ\n星辰機関は　どうにもならんから\nリヒターと建物をどうにかせい{08}	저리 되면 남의 말은 안 듣지\n성진 기관은 어쩔 수 없으니\n리히터랑 건물이나 어떻게 하게{08}
S10:22:6	13	は…はい……{08}	네…네……{08}
S10:22:7	55	ハイド先生\nここを　こわしたのはわたしです\nごめんなさい{08}	하이드 선생님\n여기를 부순 건 저예요\n죄송해요{08}
S10:22:8	9	……ふん{08}	……흥{08}
S10:22:9	79	いってわかるような先生じゃ\nなさそうね　もう帰らない？\nちゃんとあやまったんだし{08}	말해서 알아들을 선생님은\n아닌 것 같네 그만 돌아갈래?\n제대로 사과했으니까{08}
S10:22:10	46	ダメだよ　レナ\n建物だけは　わたしが責任をとる{08}	안 돼 레나\n건물만큼은 내가 책임질래{08}
S10:22:11	17	帰りましょうよぉ{08}	돌아가요～{08}
S10:22:12	88	やっと着いたわい\nん？　なんだ？　みょうな空気だな\nこんな建物　直すことなど\nわけないぞ？{08}	겨우 도착했군\n응? 뭐냐? 묘한 분위기로군\n이런 건물 고치는 것쯤\n일도 아니다?{08}
S10:22:13	60	えーと　それはいいんですけど\nハイド先生の星辰機関とかが……{08}	저기 그건 괜찮은데요 하이드\n선생님의 성진 기관이……{08}
S10:22:14	129	あ～っ　そうか　それがあったか！{0d}\nま…こわれたものは仕方ないわい\n直せるものだけ　直そう{08}\nそれではおまえたちも手伝って\nくれるか？{08}	아～ 그렇지 그게 있었지!{0d}\n뭐… 부서진 건 어쩔 수 없다\n고칠 수 있는 것만 고치자{08}\n그럼 너희도 도와\n주겠느냐?{08}
S10:22:15	7	はい！{08}	네!{08}
S10:22:16	126	では　この塔の地下洞窟にある\n星界の水晶を取ってきてくれ{08}\n星見の塔の予備の材料でな\n水晶さえあれば塔の修理など\nあっという間だぞ{08}	그럼 이 탑 지하 동굴에 있는\n성계의 수정을 가져와 다오{08}\n별보기 탑의 예비 재료지\n수정만 있으면 탑 수리쯤\n눈 깜짝할 새다{08}
S10:22:17	29	メンツって　食べられますか？{08}	체면이란 건 먹을 수 있나요?{08}
S10:22:18	56	むはははっ　それは皮肉かっ！？\nおまえは面白い生徒だなぁ{08}	무하하핫 그건 비꼬는 거냐!?\n너는 재미있는 학생이로구나{08}
S10:22:19	44	じゃあ　リヒター先生\nわたしはどうすれば……{08}	그럼 리히터 선생님\n저는 어떻게 하면……{08}
S10:22:20	87	ここの地下に　星界の水晶がある\n星見の塔の予備の材料でな\n水晶さえあれば直すなど一瞬だぞ{08}	이 지하에 성계의 수정이 있다\n별보기 탑의 예비 재료지\n수정만 있으면 금방 고친다{08}
S10:22:21	19	じゃあ　いくか！！{08}	그럼 가 볼까!!{08}
S10:22:22	38	はい　エリーさんだけを\nいかせませんよ{08}	네 엘리 씨만\n보내지 않을 거예요{08}
S10:22:23	19	ありがとう　みんな{08}	고마워 다들{08}
S10:22:24	46	ここの地下にある星界の水晶を\n取ってくるんだぞ{08}	이 지하에 있는 성계의 수정을\n가져오는 거다{08}
S10:22:25	48	はい！　それさえあれば\n星見の塔は直せるんですね{08}	네! 그것만 있으면\n별보기 탑을 고칠 수 있군요{08}
S10:22:26	32	なんだ？　おまえたち\nその顔は？{08}	뭐냐? 너희들\n그 얼굴은?{08}
S10:22:27	33	リヒター先生はいかないんですか？{08}	리히터 선생님은 안 가세요?{08}
S10:22:28	105	わがはいには塔をなおすという\n仕事がのこってるからな{08}\nだが仕方ないな　とちゅうまで\nおくってやるとするか！{08}	나에게는 탑을 고치는\n일이 남아 있으니까{08}\n하지만 어쩔 수 없지 중간까지\n보내 주도록 할까!{08}
S10:22:29	21	えっ！　まさかっ！？{08}	엇! 설마!?{08}
S10:22:30	19	やめろぉぉ～{0d}{0d}{0d}{0d}{0d}{0d}\n	그만둬어어～{0d}{0d}{0d}{0d}{0d}{0d}\n
S10:22:31	73	おい！　おまえたち！！\nせっかく送ってやったのに\nなんでもどってきたんだ？{08}	어이! 너희들!!\n모처럼 보내 줬는데\n왜 돌아온 거냐?{08}
S10:22:32	17	ごめんなさい……{08}	죄송해요……{08}
S10:22:33	36	も…もう知らんっ！\n勝手にしろっ！！{08}	이… 이제 모른다!\n멋대로 해라!!{08}
S10:22:34	9	……ふん{08}	……흥{08}
S10:22:35	81	うわさどおりの強さだな\nあそこをくぐりぬけるとは……\nどれ　星界の水晶を貸しなさい{08}	소문대로 강하구나\n그곳을 빠져나오다니……\n어디 성계의 수정을 줘 보거라{08}
S10:22:36	27	リヒター先生　お願いします{08}	리히터 선생님 부탁드려요{08}
S10:22:37	66	余計なことをするなといったはずだ\n建物など単なる飾りなんだよ　飾り{08}	쓸데없는 짓 말라고 했을 텐데\n건물 따윈 그저 장식이야 장식{08}
S10:22:38	79	こっ…この石頭め\n生徒が見せた誠意を　一蹴しおって\n星辰機関も元通りだろうが！！{08}	이… 이 돌대가리 같으니\n학생이 보인 성의를 걷어차다니\n성진 기관도 원래대로잖냐!!{08}
S10:22:39	91	アホめ　わからないのか　リヒター\n形などに意味はない　力だよ…力\n失われた力はもどってこない{08}	멍청하긴 모르겠나 리히터\n모양은 의미 없어 힘이야…힘\n잃어버린 힘은 돌아오지 않아{08}
S10:22:40	40	もう　わがはいには\nどうすることもできん{08}	이제 나로서는\n어쩔 도리가 없구나{08}
S10:22:41	25	それじゃ　どうしたら……{08}	그럼 어떻게 하면……{08}
S10:22:42	65	わがはいにはここまでが限界だ\nというわけで\nわがはいは寮にもどるぞ{08}	내 힘으론 여기까지가 한계다\n그런 고로\n나는 기숙사로 돌아간다{08}
S10:22:43	40	ねぇエリー\nわたしたちも帰りましょうよぉ{08}	있잖아 엘리\n우리도 돌아가자～{08}
S10:22:44	47	だめだ！！\nそんなことを\nエリーは望んでいない！{08}	안 된다!!\n그런 건\n엘리가 바라지 않아!{08}
S10:22:45	29	……はい　ぼくもそう思います{08}	……네 저도 그렇게 생각해요{08}
S10:22:46	67	もぉ　この男たちは～っ！\nどうして　すぐに\nいい子ぶるのよ　まったく{08}	정말 이 남자들은～!\n왜 금방\n착한 척을 하는 거야 정말{08}
S10:22:47	44	わたし　もう一度\nハイド先生にあやまってみる{08}	나 다시 한번\n하이드 선생님께 사과해 볼게{08}
S10:22:48	140	この星辰機関にはな……\n長い年月でためた星の力があった{08}\n星の力は無限だが　ひとつひとつは\n悲しいほどに小さい……\n過ぎた時だけは　返ってこない{08}	이 성진 기관에는 말이다……\n오래 모은 별의 힘이 있었다{08}\n별의 힘은 무한하지만\n하나하나는 슬플 만큼 작아……\n지나간 시간만은 돌아오지 않지{08}
S10:22:49	42	ハイド先生\nどうすれば元にもどるんですか？{08}	하이드 선생님\n어떻게 하면 원래대로 돼요?{08}
S10:22:50	181	この星辰機関は大きな力を\n必要とする…だが長い年月をかけて\n集めたその力は今はもうない……{08}\nだが……グレン先生が持っていた\n魔法球には　わしの星辰機関を\n動かすだけの力があるはずだ……{08}	이 성진 기관은 큰 힘을\n필요로 한다…하지만 오랜 세월\n모은 그 힘은 이제 없다……{08}\n하지만…… 글렌 선생이 가진\n마법구에는 내 성진 기관을\n움직일 힘이 있을 게다……{08}
S10:22:51	42	じゃあ　それを借りてくれば\nいいんですね？{08}	그럼 그걸 빌려 오면\n되는 거죠?{08}
S10:22:52	29	本当に借りてくるだけですか？{08}	정말 빌려 오기만 하는 거죠?{08}
S10:22:53	93	と…当然だ！　そうすれば\nわしの星辰機関は元通りだ{08}\nグレン先生の地下倉庫は\nこのプレートで開く{08}	다… 당연하지! 그러면\n내 성진 기관은 원래대로다{08}\n글렌 선생의 지하 창고는\n이 플레이트로 열린다{08}
S10:22:54	13	わかりました{08}	알겠어요{08}
S10:22:55	27	開放のプレートを手に入れた{08}	개방의 플레이트를 손에 넣었다{08}
S10:22:56	69	グレン先生の小屋の地下にある\n魔法球があれば\n星辰機関も元どおりだがな{08}	글렌 선생의 오두막 지하에\n있는 마법구만 있으면 성진\n기관도 원래대로인데 말이야{08}
S10:22:57	52	わかりましたけど……\n借りてくるだけですからね　先生{08}	알겠지만…… 빌려\n오기만 하는 거예요 선생님{08}
S10:22:58	9	…………{08}	…………{08}
S10:22:59	33	よ…よし　それで実験ができる！！{08}	조… 좋아 실험할 수 있다!!{08}
S10:22:60	40	あ～っ　やっぱり\nそういうことなのね！！{08}	아～ 역시\n그런 거였구나!!{08}
S10:22:61	40	よし　これで……\nついに星辰機関が動くぞ{08}	좋아 이걸로……\n드디어 성진 기관이 움직인다{08}
S10:22:62	40	ところで\n星辰機関ってなにするものなの？{08}	그런데\n성진 기관은 뭐 하는 거야?{08}
S10:22:63	32	よし…おまえたち\nよくみていろよ{08}	좋아…너희들\n잘 보거라{08}
S10:22:64	38	ちょっと　わたしの話を\n聞いてるの？！{08}	잠깐 내 말\n듣고 있어?!{08}
S10:22:65	40	ふん！　見たか！\nこの星辰機関の力をっ！{08}	흥! 보았느냐!\n이 성진 기관의 힘을!{08}
S10:22:66	11	す…すごい{08}	굉… 굉장해{08}
S10:22:67	27	なにをしておる　ハイド！！{08}	무슨 짓이냐 하이드!!{08}
S10:22:68	23	ついに星辰機関の完成だ{08}	드디어 성진 기관의 완성이다{08}
S10:22:69	46	相も変わらず\n自分の作品以外は見えんやつだ……{08}	여전히 자기 작품\n말고는 안 보이는 놈이군……{08}
S10:22:70	46	出てきたんなら\nはやく　どうにかしてってば！！{08}	나왔으면 빨리\n어떻게 좀 해 달라니까!!{08}
S10:22:71	31	わ……わしの大事な魔法球が……{08}	내… 내 소중한 마법구가……{08}
S10:22:72	40	おじいちゃん\nほんとに　ごめんなさい……{08}	할아버지\n정말 죄송해요……{08}
S10:22:73	42	まあ　わけありのようじゃな\n後で話を聞こう{08}	뭐 사정이 있는 것 같구먼\n나중에 이야기를 듣지{08}
S10:22:74	65	ハイドッ！\n子供の遊びではないのじゃぞ！\n魔法球をはずすんじゃ！！{08}	하이드!\n애들 장난이 아니라네!\n마법구를 빼게!!{08}
S10:22:75	33	この星辰機関は　わしのものだ！！{08}	이 성진 기관은 내 거다!!{08}
S10:22:76	67	ハイド先生　ダメだよ\nそれは　グレンおじいちゃんの\nものなんだから！{08}	하이드 선생님 안 돼요\n그건 글렌 할아버지\n거니까요!{08}
S10:22:77	53	お…遅いわい\nもう星辰機関に組み込んでしまった\nもんね{08}	느… 늦었다\n벌써 성진 기관에 끼워 넣었지\n메롱{08}
S10:22:78	73	先生が　そんなこといっちゃ\nいけないと思う\n……ハイド先生は大人なんだから{08}	선생님이 그런 말 하면\n안 된다고 생각해요\n……하이드 선생님은 어른이니까{08}
S10:22:79	44	そういわれても……返せないものは\nダメなんだ{08}	그렇게 말해도…… 못 돌려주는\n건 못 돌려준다{08}
S10:22:80	75	大丈夫だよ\n先生なら　ほかのものを作れるよ\nだから　魔法球は返してほしいんだ{08}	괜찮아요\n선생님은 딴 걸 만들면 돼요\n그러니 마법구는 돌려주세요{08}
S10:22:81	95	うっ…そ…そういう考え方もあるか{0d}{0d}\n動かすたびに　毎回あんなものを\n相手にするわけにもいかんしな{08}	윽…그… 그런 생각도 있나{0d}{0d}\n움직일 때마다 매번 저런 걸\n상대할 수도 없는 노릇이고{08}
S10:22:82	46	おじいちゃん\nごめんなさい……ごめんなさい……{08}	할아버지\n죄송해요…… 죄송해요……{08}
S10:22:83	99	うんうん　泣くなエリー\nおまえさんはよくやったよ{08}\n誰が悪いかなんて　わしは\nちゃ～んと　わかっておる{08}	그래그래 울지 마라 엘리\n너는 잘했단다{08}\n누가 나쁜지쯤은 나도\n다～ 알고 있다네{08}
S10:22:84	51	わ…わたしじゃないわよ{0d}\nわたしは悪くないからね……{08}	나… 난 아니야{0d}\n난 잘못 없다고……{08}
S10:22:85	36	どこへいくつもりだ\n勝手に動き回るな{08}	어딜 가려는 거냐\n멋대로 돌아다니지 마라{08}
S10:22:86	44	あ～　なんなのよこの塔\nわたし疲れちゃったぁ{08}	아～ 뭐야 이 탑\n나 지쳤어～{08}
S10:22:87	28	レナさん\nがんばってください{08}	레나 씨\n힘내세요{08}
S10:22:88	48	……{0d}{0d}{0d}{0d}そうね　もう少しで\nつくかもしれないしね{08}	……{0d}{0d}{0d}{0d}그러네 조금만 더 가면\n도착할지도 모르니까{08}
S10:22:89	40	……ねぇウィン\nレナが素直に話を聞いたね{08}	……있지 윈\n레나가 순순히 말을 들었네{08}
S10:22:90	50	レナさんはぼくのことを\n認めてくれたのでしょうか？{08}	레나 씨가 저를\n인정해 준 걸까요?{08}
S10:22:91	31	もしかしたらそうかもしれないよ{08}	어쩌면 그럴지도 몰라{08}
S10:22:92	42	ちょっと２人でなにコソコソ\nやってるのよ？{08}	잠깐 둘이서 뭘 소곤소곤\n하는 거야?{08}
S10:22:93	65	なんでもないよレナ\nそれよりはやくハイド先生に\nあやまらないと……{08}	아무것도 아니야 레나\n그보다 얼른 하이드 선생님께\n사과해야……{08}
S10:23:0	17	メッセージ修正中{08}	메시지 수정 중{08}
S10:23:1	50	えーい　疲れたわい！！\nエリーたちを連れて先にいけ{08}	에잇 지쳤다!!\n엘리네를 데리고 먼저 가라{08}
S10:23:2	93	バカめ　ぶくぶく　ふとるからだ\nダイエットのために　人面チョウと\nくらしていたんじゃないのか？{08}	바보 같으니 살찌니까 그렇지\n다이어트하려고 인면나비랑\n살고 있던 거 아니었냐?{08}
S10:23:3	31	ふん！　これでもやせたんだ！！{08}	흥! 이래도 빠진 거다!!{08}
S10:23:4	65	論より証拠だろうが\nわしは　ひとりでも歩けるから\n先にいっているぞ{08}	말보다 증거 아니냐\n나는 혼자서도 걸을 수 있으니\n먼저 가 있으마{08}
S10:23:5	55	なんだ　その目つきは\nたのむから\nここで少し休ませてくれ{08}	뭐냐 그 눈초리는\n부탁이니\n여기서 좀 쉬게 해 다오{08}
S10:23:6	31	まさか　わざとじゃないですよね{08}	설마 일부러 그러는 거 아니죠{08}
S10:23:7	61	……どうして　そうなる\nほれ　ハイドに用があるんだろ\n早くいけ{08}	……어째서 그렇게 되냐\n자 하이드한테 볼일 있잖냐\n빨리 가라{08}
S10:23:8	61	これが　そうだと思います\n魔法力とは違う\nすごい力を感じますね{08}	이게 그건 것 같아요\n마법력과는 다른\n굉장한 힘이 느껴져요{08}
S10:23:9	52	そんな事いわれなくても\nだいたい　わかりそうだけどね{08}	그런 말 안 해도\n대충 알 것 같은데{08}
S10:23:10	48	……まあ　オレたちにまかせろ\nいくぜ　ウィン！！{08}	……뭐 우리한테 맡겨라\n간다 윈!!{08}
S10:23:11	27	ブレードさん……あれですね{08}	블레이드 씨…… 그거죠{08}
S10:23:12	25	よし　いいぜ　ウィン！！{08}	좋아 됐다 윈!!{08}
S10:23:13	54	な…なにが始まるの？\nいつの間にそんなもの練習したのよ{08}	뭐… 뭐가 시작되는 거야?\n언제 그런 걸 연습한 거야{08}
S10:23:14	54	べつにいいんじゃないのかな～\nほかにやり方あると思う？{08}	딱히 괜찮지 않을까～\n다른 방법이 있을 것 같아?{08}
S10:23:15	21	{0d}{0d}もちろん　ないわ曖{08}	{0d}{0d}물론 없지♥{08}
S10:23:16	11	は…はいっ{08}	네… 넷{08}
S10:23:17	33	ウィン　まだタイミングがあまいっ{08}	윈 아직 타이밍이 어설프다{08}
S10:23:18	17	いつでもいいぜっ{08}	언제든 좋다{08}
S10:23:19	27	いきますよ　ブレードさん！{08}	갑니다 블레이드 씨!{08}
S10:23:20	36	ブレードが考えたわりには\nまあまあね{08}	블레이드가 생각한 것치고는\n그럭저럭이네{08}
S10:23:21	33	ほ…ほかにいうことはないのか！！{08}	다… 다른 할 말은 없냐!!{08}
S10:23:22	32	……ありがとう\nブレード　ウィン{08}	……고마워\n블레이드 윈{08}
S10:23:23	23	星界の水晶を手に入れた{08}	성계의 수정을 손에 넣었다{08}
S10:23:24	90	おぉ　今回は成功だな\nこれでずいぶん楽になっただろ？{0d}{0d}{0d}{0d}{0d}{0d}{0d}\nそれでは早く水晶をもってこいよ{08}	오오 이번엔 성공이구나\n이걸로 꽤 편해졌지?{0d}{0d}{0d}{0d}{0d}{0d}{0d}\n그럼 빨리 수정을 가져오너라{08}
S10:23:25	23	よ…よかったわ…………{08}	다… 다행이다…………{08}
S10:23:26	23	オレは生きているのか？{08}	난 살아 있는 건가？{08}
S10:24:0	83	はやくリヒターのやつを呼んでこい\n学園長をおどして　学園寮の２階に\n住みついたはずだ{08}	빨리 리히터 녀석을 불러와라\n학원장을 협박해서 학원 기숙사\n２층에 눌러앉았을 게다{08}
S10:24:1	22	おお　来たな\n建築バカ{08}	오오 왔구나\n건축 바보{08}
S10:24:2	140	なんだと！{08}\nポンコツばかり作っとる\nおまえにバカ呼ばわり\nされたくないわいっ！{08}\nだいたい　わがはいが建築バカなら\nおまえは発明バカだろうがっ！{08}	뭐라고!{08}\n고물만 만드는\n너한테 바보 소리\n듣고 싶지 않다!{08}\n애초에 내가 건축 바보면\n너는 발명 바보잖냐!{08}
S10:24:3	157	フンッ！\nわしの天才的な発明品の\n実験をしておったら{08}\nおまえの作ったボロ塔が\nこわれちまったぞい！{08}\nいいかげんなものを作られると\n面倒なことになってかなわんなぁ{08}	흥!\n내 천재적인 발명품을\n실험하고 있었더니{08}\n네가 만든 낡은 탑이\n부서져 버렸지 뭐냐!{08}\n날림으로 만들어 놓으니 귀찮은\n일이 생겨서 못 살겠구먼{08}
S10:24:4	17	な…なんだとっ！{08}	뭐… 뭐라고!{08}
S10:24:5	34	あのぉ\nケント先生　リヒター先生？{08}	저기요\n켄트 선생님 리히터 선생님?{08}
S10:24:6	21	おお！　やっと来たか{08}	오오! 드디어 왔구나{08}
S10:24:7	29	なんでケンカしてたんですか？{08}	왜 싸우고 있었어요?{08}
S10:24:8	52	ケンカ？　何の事だ？\nわがはいたちは昔から仲良しだぞ{08}	싸움? 무슨 소리냐?\n우리는 옛날부터 사이좋다{08}
S10:24:9	27	そうはみえなかったけど……{08}	그렇게 안 보였는데……{08}
S10:24:10	30	さてと\n星見の塔へいくとするか{08}	자 그럼\n별보기 탑으로 가 볼까{08}
S10:24:11	40	えっと…先生？\n橋が壊れているんですけど{08}	저기…선생님?\n다리가 부서져 있는데요{08}
S10:24:12	33	いいから　わがはいについてこい！{08}	됐으니까 나를 따라와라!{08}
S10:24:13	58	リヒター先生ってなんなのよ\n建物なおしたり　洞窟だしたり…{08}	리히터 선생님은 대체 뭐야\n건물을 고치고 동굴을 만들고…{08}
S10:24:14	33	とにかく先生たちを追いかけようよ{08}	아무튼 선생님들을 쫓아가자{08}
S10:24:15	29	……もう　おそいんですってば{08}	……이미 늦었다니까요{08}
S10:24:16	27	この橋なおらないのかなぁ？{08}	이 다리 안 고쳐지려나?{08}
S10:24:17	19	べつにいいじゃない{08}	딱히 괜찮잖아{08}
S10:24:18	31	どうやって星見の塔にのぼるの？{08}	어떻게 별보기 탑에 올라가?{08}
S10:24:19	42	先生たちがなんとか\nしてくれるんじゃない？{08}	선생님들이 어떻게\n해 주지 않을까?{08}
S10:24:20	52	塔には入れるようになったけど\nまだ橋は　なおらないね{08}	탑에는 들어갈 수 있게 됐지만\n아직 다리는 안 고쳐졌네{08}
S10:24:21	83	あんな洞窟までかくしてるなんて\nそんなに他の人が入ってくるのが\nいやだったのかしら？{08}	그런 동굴까지 숨겨 두다니\n다른 사람이 들어오는 게\n그렇게 싫었던 걸까？{08}
S11:1:0	89	これはな……レナなどいなくとも\n実験が可能なレナダミー二号機だ！{0d}\nちなみに一号機は失敗作{08}{0c}	이건 레나 없이도 실험이 되는\n레나 더미 ２호기란 말이다!{0d}\n참고로 １호기는 실패작{08}{0c}
S11:1:1	57	わたしが　いなくてもいいなら\n名前を変えてくださぁい……{08}{0c}	제가 없어도 된다면\n이름을 바꿔 주세요……{08}{0c}
S11:1:2	84	よし　見ておれ　おまえら！\nハイドばかりにおいしいところを\nもっていかれてたまるか！{08}{0c}	좋아 잘 보거라 너희들!\n하이드한테만 좋은 역할을\n빼앗길 수는 없지!{08}{0c}
S11:1:3	17	……それが動機か{08}	……그게 동기냐{08}
S11:1:4	26	{0d}{0d}あー　すっきりしたわい{08}{0c}	{0d}{0d}아～ 속이 후련하구나{08}{0c}
S11:1:5	53	ちょっと待ちなさい！！{0d}\nそれが　ほんとうの動機ね！？{08}	잠깐 기다려요!!{0d}\n그게 진짜 동기죠!?{08}
S11:1:6	66	あっ　見て！！{0d}{0d}{0d}\n星見の塔のほう！{0d}{0d}\n向こうから　青い光がくる！！{08}	앗 저기 봐!!{0d}{0d}{0d}\n별보기 탑 쪽!{0d}{0d}\n저쪽에서 파란 빛이 와!!{08}
S11:1:7	43	え　どこなの！？\nわたしには見えないわよ！{08}{0c}	어 어디!?\n나는 안 보여!{08}{0c}
S11:1:8	53	なーんだ　レナって\nぜんぜん背が変わってないんだねー{08}{0c}	뭐야 레나는\n키가 하나도 안 컸구나～{08}{0c}
S11:1:9	26	う　うるさいわねーっ！！{08}{0c}	시 시끄러워!!{08}{0c}
S11:1:10	28	あっ　あれ\n青竜さま……！？{08}	앗 저건\n청룡님……!?{08}
S11:1:11	23	みんな　待ってくれ！！{08}	모두 기다려 줘!!{08}
S11:1:12	51	セニアだけで　いかせられない\nオレもついていく！！{08}{0c}	세니아만 보낼 순 없다\n나도 따라간다!!{08}{0c}
S11:1:13	14	学園長は！？{08}{0c}	학원장님은!?{08}{0c}
S11:1:14	86	あわてた様子で　どこかへ消えた\n青竜さまが落ちたというのに\nオレもじっとしていられない{08}{0c}	허둥대며 어딘가로 사라졌다\n청룡님이 떨어졌는데\n나도 가만있을 수 없다{08}{0c}
S11:1:15	38	よし　アタシたちも\nあの塔にいこう！！{08}	좋아 우리도\n저 탑에 가자!!{08}
S11:1:16	15	レナさーん！！{08}	레나 씨～!!{08}
S11:1:17	68	バカっ！！\nあんた　グレンおじいちゃんの所へ\nいったんじゃないの！？{08}{0c}	바보!!\n너 글렌 할아버지한테\n간 거 아니었어!?{08}{0c}
S11:1:18	55	……また　レナさんたちが\n無茶するんじゃないかと思って{08}{0c}	……또 레나 씨네가\n무리할 것 같아서요{08}{0c}
S11:1:19	49	……あ　あんたなんかに\n心配されたくないわよ！！{08}{0c}	……너 따위한테\n걱정받고 싶지 않거든!!{08}{0c}
S11:1:20	152	かわいいところあるじゃないかー{0d}{0d}\nレナが心配で　とんできたんだろ？{08}\nレナだって　うれしいくせに\n口が先に動いちゃうんだろっ？\n２人とも　いいコンビじゃんか{08}	귀여운 구석이 있잖아～{0d}{0d}\n레나가 걱정돼서 날아온 거지?{08}\n레나도 기쁘면서\n입이 먼저 움직이는 거지?\n둘 다 좋은 콤비잖아{08}
S11:1:21	147	……セニアとアズの手前もあるし\n今回は　そういうことにしてあげる{08}\nウィン　あなたねぇ{0d}{0d}\nグレンおじいちゃんとの約束を\nやぶるなんて　なに考えてんの！{08}{0c}	……세니아랑 아즈 앞이니까\n이번엔 그런 걸로 해 줄게{08}\n윈 너 말이야{0d}{0d}\n글렌 할아버지와의 약속을\n어기다니 무슨 생각이야!{08}{0c}
S11:1:22	54	……どうして　そういうことを\n大きな声でいえるのかな～{08}	……어떻게 그런 말을\n큰 소리로 할 수 있는 걸까～{08}
S11:1:23	79	こっ　ここにいたかっ！！{0d}\nそ　それにセニアとアズじゃないか\nどうしてここに！？{08}{0c}	여 여기 있었구나!!{0d}\n그 그리고 세니아랑 아즈 아냐\n어째서 여기에!?{08}{0c}
S11:1:24	53	詳しいことはあとで話す\n悪いが今はそれどころじゃない{08}{0c}	자세한 건 나중에 말하지\n하지만 지금은 그럴 때가 아냐{08}{0c}
S11:1:25	49	ブレードも見たんだろー？\n青竜さまが落ちるところ{08}{0c}	블레이드도 봤지?\n청룡님이 떨어지는 거{08}{0c}
S11:1:26	84	それでわたしたち　これから\n星見の塔にいくところなんだ\nブレードも一緒に来てくれる？{08}{0c}	그래서 우리 지금\n별보기 탑에 가는 길이야\n블레이드도 같이 가 줄래?{08}{0c}
S11:1:27	44	もちろんだ！！\nはやく星見の塔へいこうぜ！！{08}	물론이지！！\n얼른 별보기 탑으로 가자！！{08}
S11:2:0	19	削除もれメッセージ{08}	삭제 누락 메시지{08}
S11:2:1	51	今日もウィンくんを連れて散歩？\nうらやましいわねぇ{08}{0c}	오늘도 윈 군을 데리고 산책?\n부럽네{08}{0c}
S11:2:2	66	……どうしちゃったんですか？\nおしとやかな\nエマ先生なんて変ですよ{08}{0c}	……왜 그러세요?\n얌전한\n에마 선생님이라니 이상해요{08}{0c}
S11:2:3	66	……あのねぇ{0d}\n青竜さまが　いらっしゃるし\n昔を思いだしていただけよ{08}	……있잖니{0d}\n청룡님이 오시니까\n옛날 생각을 했을 뿐이야{08}
S11:2:4	92	そうやってあなたたちが冒険したり\n男の子と遊んだりするのも……\n結局　大人になるためなのよね{08}{0c}	그렇게 너희가 모험하거나\n남자애랑 노는 것도……\n결국 어른이 되기 위해서지{08}{0c}
S11:2:5	66	ふーん　むかしはエマ先生も\n今のわたしたちみたい\nだったんですか？{08}{0c}	흐응 옛날엔 에마 선생님도\n지금 저희 같은\n느낌이었어요?{08}{0c}
S11:2:6	58	まあ　わたしはレナみたいに\n問題をおこさなかったけどね……{08}	뭐 나는 레나처럼\n문제를 일으키진 않았지만……{08}
S11:2:7	80	あ　ちょうどよかったわ\nさっき面白いものを見かけたから\n学園長室へいってみなさい{08}{0c}	아 마침 잘 왔다\n아까 재미있는 걸 봤으니까\n학원장실에 가 보렴{08}{0c}
S11:2:8	33	えっ　なんですか\n面白いものって{08}{0c}	네? 뭔데요\n재미있는 거라니{08}{0c}
S11:2:9	73	そうねぇ\nわたしは思わず笑っちゃったのよ{0d}\nごめんなさいっていっておいてね{08}{0c}	글쎄\n나도 모르게 웃어 버렸거든{0d}\n미안하다고 전해 줘{08}{0c}
S11:2:10	13	はーい？？？{08}	네～???{08}
S11:2:11	59	今日は青竜さまもいらっしゃるのね\nもうあれから１０年か……{08}{0c}	오늘은 청룡님도 오시는구나\n벌써 그로부터 １０년인가……{08}{0c}
S11:2:12	68	なんだか……\nイミシンな発言ですね　エマ先生\nなにかあったんですか？{08}{0c}	어쩐지……\n의미심장한 말이네요 에마\n선생님 무슨 일 있었어요?{08}{0c}
S11:2:13	26	……ちょっと興味あるよね{08}{0c}	……좀 궁금하다 그치{08}{0c}
S11:2:14	30	うふふ……　なんでもないのよ{08}{0c}	우후후…… 아무것도 아니야{08}{0c}
S11:2:15	56	えーっ　うそばっかりぃ\nエマせんせい　教えてくださいよぉ{08}	에～ 거짓말만 하고\n에마 선생님 가르쳐 주세요～{08}
S11:2:16	35	その３人がそろうのは\n久しぶりね～{08}{0c}	너희 셋이 모이는 건\n오랜만이네～{08}{0c}
S11:2:17	51	うん　アタシ　エマ先生を目標に\nしてるんだからね！{08}{0c}	응 나 에마 선생님을\n목표로 하고 있다고!{08}{0c}
S11:2:18	68	……じゃあ　ひとつだけだけど\n達成どころか……\n先を越しちゃったわね{08}{0c}	……그럼 하나만 말하자면\n달성은커녕……\n앞질러 버렸네{08}{0c}
S11:2:19	66	あ　あら……レナさん？\n何がいいたいのか\nよくわかりませんねぇ……{08}{0c}	어 어머…… 레나 양?\n무슨 말을 하고 싶은지\n잘 모르겠네……{08}{0c}
S11:2:20	84	どーしたの　エマ先生？\nあ　そうだ　アズとのことでね\nあとで相談したいことがあるんだ{08}{0c}	왜 그래 에마 선생님?\n아 맞다 아즈 일로\n나중에 상담하고 싶은 게 있어{08}{0c}
S11:2:21	60	先生　ケッコンしてないけど\n相談くらいは　のれるんじゃない？{08}	선생님 결혼은 안 했지만 상담\n정도는 해 줄 수 있잖아?{08}
S11:2:22	47	なんだ　エマ先生って\nケッコンしてなかったの？{08}{0c}	뭐야 에마 선생님\n결혼 안 했었어?{08}{0c}
S11:2:23	43	……わ　わざとやっていたら\n怒りますからね{08}{0c}	……이 일부러 그러는 거라면\n화낼 거야{08}{0c}
S11:2:24	45	なーんだ　エマ先生\nそのくらい気にするなよ！{08}{0c}	뭐야 에마 선생님\n그 정도로 신경 쓰지 마!{08}{0c}
S11:2:25	23	ぜったい　気にするって{08}	분명히 신경 쓴다니까{08}
S11:2:26	49	わたしも見たわ\nもしかして　またハイド先生が……{08}{0c}	나도 봤어\n혹시 또 하이드 선생님이……{08}{0c}
S11:2:27	30	またってどういう意味ですか？{08}{0c}	또라니 무슨 뜻이에요?{08}{0c}
S11:2:28	58	……以前から　うわさの絶えない\n先生だったから　ついね……{08}	……예전부터 소문이 끊이지\n않는 선생님이라 그만……{08}
S11:2:29	78	ハイド先生は……自分の研究を\n成功させるためなら\n手段を選ばない先生だから……{08}{0c}	하이드 선생님은…… 자기\n연구를 성공시키기 위해서라면\n수단을 가리지 않는 분이라……{08}{0c}
S11:2:30	61	……というより手段のためには\n目的を選ばない先生だと思います{08}{0c}	……그보다 수단을 위해서라면\n목적을 가리지 않는 분 같아요{08}{0c}
S11:2:31	25	……そうかもしれないわね{08}	……그럴지도 모르겠네{08}
S11:2:32	76	明日　青竜さまがいらっしゃるけど\n機嫌をそこなわせたりしたら\n大問題だからね{08}{0c}	내일 청룡님이 오시는데\n기분을 상하게 하기라도 하면\n큰 문제니까 말이다{08}{0c}
S11:2:33	43	ふーん　それで？\nなにがいいたいのかしら？{08}{0c}	흐응 그래서?\n무슨 말이 하고 싶은 걸까?{08}{0c}
S11:2:34	45	なにをいっているんだい？\n独り言だよ　独り言{08}{0c}	무슨 소리냐?\n혼잣말이다 혼잣말{08}{0c}
S11:2:35	15	逃げたわね……{08}	도망쳤네……{08}
S11:2:36	57	ところで　エリーくん？\n明日は　なんの日か知ってるかい？{08}{0c}	그런데 엘리 군?\n내일이 무슨 날인지 아니?{08}{0c}
S11:2:37	41	はい　青竜さまのお祭りを\nするんですよね{08}{0c}	네 청룡님 축제를\n하는 날이죠{08}{0c}
S11:2:38	49	そ　そうなんだ　エリーくん\nそれでだね　あの……{08}{0c}	그 그래 엘리 군\n그래서 말인데 저기……{08}{0c}
S11:2:39	19	なんですか　会長？{08}	뭔데요 회장님?{08}
S11:2:40	95	{0c}……いや　{0d}{0d}{0d}問題がおこらぬよう\nエリーくんに　レナくんのことを\nお願いしようと思っただけだ……{08}	{0c}……아니 {0d}{0d}{0d}문제가 없도록\n엘리 군에게 레나 군을\n부탁하려던 것뿐이다……{08}
S11:2:41	64	エリーくん\n実は今日　生徒会の実務は休みを\nとったんだ……それで{08}{0c}	엘리 군\n실은 오늘 학생회 업무를\n쉬기로 했거든…… 그래서{08}{0c}
S11:2:42	24	わたしが喜ぶと思った？{08}{0c}	내가 좋아할 줄 알았어?{08}{0c}
S11:2:43	9	…………{08}	…………{08}
S11:2:44	58	ブラウンさんも\nがんばってくださいね\nぼく……応援してます{08}{0c}	브라운 씨도\n힘내세요\n저…… 응원할게요{08}{0c}
S11:2:45	124	あ　ありがとう　ウィンくん……！{08}\nしかし　ぼくは生徒会の力を利用し\n君のことをはめようとしていたんだ\nゆ　ゆるしてほしい！！{08}{0c}	고 고마워 윈 군……!{08}\n하지만 나는 학생회의 힘을\n이용해 너를 함정에 빠뜨리려\n했어 요 용서해 줘!!{08}{0c}
S11:2:46	22	ぜったい　ゆるさない{08}{0c}	절대 용서 안 해{08}{0c}
S11:2:47	9	…………{08}	…………{08}
S11:2:48	45	やあ　ブラウン\nエリーとはうまくいってるの？{08}{0c}	안녕 브라운\n엘리랑은 잘 돼 가?{08}{0c}
S11:2:49	51	と　とつぜん　なんだい！？\nエリーくんとぼくが！？{08}{0c}	가 갑자기 무슨 소리야!?\n엘리 군과 내가!?{08}{0c}
S11:2:50	28	あはは　テレてるテレてる曖{08}{0c}	아하하 부끄러워한다♥{08}{0c}
S11:2:51	48	エリーとブラウンなんて\nぜんぜん仲良くないわよ？{08}	엘리랑 브라운은\n하나도 안 친하거든?{08}
S11:2:52	61	も　もう生徒会長選も近いんだ\nそんなスキャンダルは命取りだよ{08}{0c}	이 이제 곧 학생회장 선거야\n그런 스캔들은 치명적이라고{08}{0c}
S11:2:53	75	なんだよー\nせっかく応援してやろうとしたのに{0d}\nまあ　ひとりで　がんばってね{08}{0c}	뭐야～\n모처럼 응원해 주려 했는데{0d}\n뭐 혼자 힘내 봐{08}{0c}
S11:2:54	41	……うっ　そ　それは\nぼ　ぼくだって……{08}{0c}	……윽 그 그건\n나 나도……{08}{0c}
S11:2:55	54	エリーと友達になりたければ\nわたしを通してもらうからね{08}	엘리랑 친구가 되고 싶으면\n나를 거쳐야 할 거야{08}
S11:2:56	54	いま着々と\n青竜さまに関する情報が\nあつまりつつあるよ{08}{0c}	지금 착착\n청룡님에 관한 정보가\n모이고 있어{08}{0c}
S11:2:57	30	……ためしに教えてみなさいよ{08}{0c}	……시험 삼아 말해 봐{08}{0c}
S11:2:58	65	あ　ああ　いいよ{0d}\n青竜さまは星見の塔の近くに\n落ちた……らしいね{08}{0c}	아 아아 좋아{0d}\n청룡님은 별보기 탑 근처에\n떨어졌다…… 는 것 같아{08}{0c}
S11:2:59	75	で……それだけ？\n生徒会のにぎってる情報って\nうわさ話程度のものだったのね曖{08}	그래서…… 그게 다야?\n학생회가 쥔 정보라는 게\n소문 수준이었구나♥{08}
S11:2:60	58	しっ　しっけいな！\nぼくが育てた生徒会が\nそんなわけない！{08}{0c}	시 실례야!\n내가 키운 학생회가\n그럴 리 없어!{08}{0c}
S11:2:61	31	いいわけか？\nいさぎよくないな{08}{0c}	변명이냐?\n깨끗하지 못하군{08}{0c}
S11:2:62	68	同感だ……\n生徒会長ともあろうものが\nそんなことでは真の男になれんぞ{08}{0c}	동감이다……\n학생회장이나 되는 자가 그래선\n진정한 사나이가 못 된다{08}{0c}
S11:2:63	53	２人とも\nじょうだんになってないから\nほどほどにね……{08}	둘 다\n농담이 안 되니까\n적당히 해……{08}
S11:2:64	53	記録によると２０年前\n青竜さまは遅刻なされたそうです{08}{0c}	기록에 따르면 ２０년 전\n청룡님은 지각하셨다고 해요{08}{0c}
S11:2:65	39	遅刻……\nそれも　あの男の指示ですか？{08}{0c}	지각……\n그것도 그 남자의 지시인가요?{08}{0c}
S11:2:66	45	はい　生徒会長のご命令で\n資料を見ていました{08}{0c}	네 학생회장님의 명령으로\n자료를 보고 있었어요{08}{0c}
S11:2:67	36	ぜんぜん　こりないわね\nあの男は……{08}	전혀 안 질리네\n그 남자는……{08}
S11:2:68	61	そういえば　みなさんと会ってから\nずいぶん　たちましたね……{08}{0c}	그러고 보니 여러분과 만난 지\n꽤 지났네요……{08}{0c}
S11:2:69	39	エルノラさん？\nどうしたんですか　急に{08}{0c}	엘노라 씨?\n갑자기 왜 그래요{08}{0c}
S11:2:70	58	……どうしてでしょう　急に{0d}\nわたくしにもよくわかりません{08}{0c}	……왜일까요 갑자기{0d}\n저도 잘 모르겠어요{08}{0c}
S11:2:71	47	……やっぱり\nエルノラさんはエルノラさんね……{08}{0c}	……역시\n엘노라 씨는 엘노라 씨네……{08}{0c}
S11:2:72	61	あら　レナさん\nなにか楽しいことでも\n思い出しているんですか？{08}	어머 레나 씨\n뭔가 즐거운 일이라도\n떠올리고 계세요?{08}
S11:2:73	55	あら　レナさんたちにお客さまが\n来ていたはずですが……{08}{0c}	어머 레나 씨네한테 손님이\n와 있었을 텐데요……{08}{0c}
S11:2:74	22	あ　そうなんですか？{08}{0c}	아 그래요?{08}{0c}
S11:2:75	57	なるほど　そうでしたか……\n会いたくない客だったんですね{08}{0c}	그렇군요 그랬던 거군요……\n만나고 싶지 않은 손님이었군요{08}{0c}
S11:2:76	64	い　いえ　そういうわけでは……\nそれ以前にまだ会っていませんしぃ{08}	아 아뇨 그런 건 아니고……\n그 전에 아직 안 만났는데요{08}
S11:2:77	68	青竜さまにお会いしたら\nいろいろ魔法のことを\n教わろうと思っています{08}{0c}	청룡님을 뵈면\n마법에 대해 여러 가지를\n배우려고 해요{08}{0c}
S11:2:78	44	エルノラさんって　ほんとに\n勉強熱心ですねぇ{08}	엘노라 씨는 정말\n공부에 열심이네요{08}
S11:2:79	55	セニアさん　お久しぶりです\n幸せそうで　なによりですね{08}{0c}	세니아 씨 오랜만이에요\n행복해 보여서 다행이네요{08}{0c}
S11:2:80	37	うん！　エルノラさんも\n元気だった？{08}{0c}	응! 엘노라 씨도\n잘 지냈어?{08}{0c}
S11:2:81	68	失礼かもしれませんが……\n結婚というものは\nどんなものなんでしょう？{08}{0c}	실례일지도 모르지만……\n결혼이라는 건\n어떤 건가요?{08}{0c}
S11:2:82	60	好きな人と\n一緒になることかなー？\n別に難しいことじゃないよ{08}{0c}	좋아하는 사람이랑\n함께하는 거려나?\n딱히 어려운 건 아니야{08}{0c}
S11:2:83	38	ぜんぜん　参考にならなくて\nすいません{08}	하나도 참고가 안 돼서\n미안해요{08}
S11:2:84	61	でも　好きな人と一緒になるという\nことが一番大事だと思います{08}{0c}	그래도 좋아하는 사람과\n함께하는 게 제일 중요해요{08}{0c}
S11:2:85	16	そうだよねーっ{08}{0c}	그치～{08}{0c}
S11:2:86	119	生徒会は全力で　青竜さまに関する\n情報を集めています{08}{0c}ときにセニアさん\nどうしてアズさんと\n結婚しようと思ったのですか？{08}{0c}	학생회는 전력으로 청룡님에\n관한 정보를 모으고 있어요{08}{0c}그런데 세니아 씨\n왜 아즈 씨와\n결혼하려고 생각하셨나요?{08}{0c}
S11:2:87	12	……えーと{08}{0c}	……어～{08}{0c}
S11:2:88	32	どうして　レナが答えるんだよ！{08}{0c}	왜 레나가 대답하는 건데!{08}{0c}
S11:2:89	42	こんなことしている\n場合じゃないと思う……{08}	이럴 때가\n아닌 것 같아……{08}
S11:2:90	66	レナさんたちはなにか\n青竜さまに関する情報を\nご存知ありませんか？{08}{0c}	레나 씨네는 뭔가\n청룡님에 관한 정보를\n알고 계신가요?{08}{0c}
S11:2:91	87	はーいはい！　アタシしってるよ！{08}\n青竜さまは１０年に一度\nイェンにやってくるんだってさ{08}{0c}	네에네! 나 알아!{08}\n청룡님은 １０년에 한 번\n옌에 온대{08}{0c}
S11:2:92	62	セニア……？{0d}{0d}{0d}\nそれはここにいる全員が\n知ってることなのよ……{08}	세니아……?{0d}{0d}{0d}\n그건 여기 있는 모두가\n알고 있는 거야……{08}
S11:2:93	43	明日　わたくしと出かけませんか？\nレナさん{08}{0c}	내일 저랑 외출하지 않겠어요?\n레나 씨{08}{0c}
S11:2:94	61	お気持ちはうれしいですけど\n心の底から　えんりょしておきます{08}{0c}	마음은 고맙지만\n진심으로 사양할게요{08}{0c}
S11:2:95	39	では　明日\nここでお待ちしておりますね{08}{0c}	그럼 내일\n여기서 기다리고 있을게요{08}{0c}
S11:2:96	44	いいよ　レナ\n明日は　わたしとウィンだけでも{08}	괜찮아 레나\n내일은 나랑 윈만이라도{08}
S11:2:97	78	お弁当でもつくりますわ\nエルノラさんから　いろいろ\nレナさんのこと聞きましたし{08}{0c}	도시락이라도 만들게요\n엘노라 씨한테 여러 가지로\n레나 씨 얘기를 들었거든요{08}{0c}
S11:2:98	58	え　えんりょしておきますってば\nひとの話　聞いてないのね？{08}	사 사양한다니까요\n남의 말을 안 듣는군요?{08}
S11:2:99	64	……レナさん\nわたくし　今日こそはレナさんに\n告白しようかと……{08}{0c}	……레나 씨\n저 오늘이야말로 레나 씨에게\n고백하려고……{08}{0c}
S11:2:100	64	こ　ここは魔法学園よ！\nこんなことが\nあっていいわけないわよ！！{08}{0c}	여 여긴 마법학원이야!\n이런 일이\n있어도 될 리가 없어!!{08}{0c}
S11:2:101	34	あの　やっぱりレナをよろしく……{08}{0c}	저기 역시 레나를 부탁해……{08}{0c}
S11:2:102	53	ありがとう　エリーさん\nきっと幸せになってみせますわ{08}{0c}	고마워요 엘리 씨\n꼭 행복해질게요{08}{0c}
S11:2:103	42	お願い……夢ならさめて……\nもう　イヤ……{08}	제발…… 꿈이라면 깨어나……\n이제 싫어……{08}
S11:2:104	61	あら　セニアさんじゃありませんか\nお幸せそうでなによりですわ{08}{0c}	어머 세니아 씨 아니세요\n행복해 보여서 다행이에요{08}{0c}
S11:2:105	26	な　なに？　なんの真似？{08}{0c}	뭐 뭐야? 무슨 흉내야?{08}{0c}
S11:2:106	41	最近ね　レナとレイラさんは\n仲がいいんだ{08}{0c}	요즘 레나랑 레이라 씨는\n사이가 좋거든{08}{0c}
S11:2:107	62	そっかーっ\nレナも大人になったんだね\nレイラ　レナをよろしくね{08}{0c}	그렇구나～\n레나도 어른이 됐구나\n레이라 레나를 잘 부탁해{08}{0c}
S11:2:108	27	どうして　セニアまで～！！{08}	왜 세니아까지～!!{08}
S11:2:109	65	セニアさんもわたくしとレナさんの\nことを祝福してくださるのですね{08}{0c}	세니아 씨도 저와 레나 씨를\n축복해 주시는군요{08}{0c}
S11:2:110	72	ちっ　ちがうでしょ！！\nわ　わたしは　あんたなんか\n好きじゃないわよ！！{08}{0c}	아 아니잖아!!\n나 나는 너 같은 거\n안 좋아해!!{08}{0c}
S11:2:111	51	ふーん……そういうことなの？\nレナとレイラ……が？{08}{0c}	흐응…… 그런 거야?\n레나랑 레이라…… 가?{08}{0c}
S11:2:112	64	だから　ちがうってば！！\n女同士なんて\nじょうだんじゃないわ！！{08}{0c}	그러니까 아니라니까!!\n여자끼리라니\n말도 안 돼!!{08}{0c}
S11:2:113	21	じゃあ　本気なんだ曖{08}	그럼 진심이구나♥{08}
S11:2:114	90	レナさんもごらんになりました？\n青竜さまが……これは大変なことに\nなってしまったようですね{08}{0c}	레나 씨도 보셨어요?\n청룡님이…… 큰일이\n나 버린 것 같네요{08}{0c}
S11:2:115	50	レイラさんは\nなにかくわしいことを\n知りませんか？{08}{0c}	레이라 씨는\n뭔가 자세한 걸\n모르세요?{08}{0c}
S11:2:116	68	わたくしでは限界がありますね\nほかの方を頼ってみたら\nいかがでしょう{08}{0c}	제 힘으로는 한계가 있네요\n다른 분께 의지해 보시는 건\n어떨까요{08}{0c}
S11:2:117	29	ま　まともな会話しているよ～{08}	제 제대로 대화하고 있어～{08}
S11:2:118	98	レナさんのことですから　これから\n星見の塔へいかれるのでしょう？\nどうかおケガなさらないように……{08}{0c}	레나 씨니까 지금부터\n별보기 탑에 가시겠죠?\n부디 다치지 않도록……{08}{0c}
S11:2:119	51	うん　そうだね　レナ\n無理はしないようにしないとね{08}{0c}	응 맞아 레나\n무리하지 않도록 해야지{08}{0c}
S11:2:120	46	そうそう\nここで大事なひとが\n待ってるんだもの{08}{0c}	그래그래\n여기서 소중한 사람이\n기다리고 있으니까{08}{0c}
S11:2:121	56	そうだぞ　レナ\nよかったじゃないか\n心配してくれるんだぞ{08}{0c}	그래 레나\n잘됐잖아\n걱정해 주는 거라고{08}{0c}
S11:2:122	25	あっ　あんたらはーっ！！{08}	너 너희들～!!{08}
S11:2:123	41	……そういえば\n明日でもう１０年たつのか{08}{0c}	……그러고 보니\n내일로 벌써 １０년인가{08}{0c}
S11:2:124	80	リヒター先生がいなかったのは\n７年だし　わたしたちと会ったのは\nつい最近ですよ？{08}{0c}	리히터 선생님이 없던 건\n７년이고 저희랑 만난 건\n얼마 전이잖아요?{08}{0c}
S11:2:125	44	……もういい\nレナくんの顔を見ていると疲れる{08}	……이제 됐다 레나\n군 얼굴을 보면 피곤하구나{08}
S11:2:126	91	あ　いっておくことがあった{0d}\n明日　また私のところにきなさい\n君たちに会いたいという人がいる{08}{0c}	아 말해 둘 게 있었다{0d}\n내일 다시 나에게 오너라\n너희를 보고 싶다는 분이 있다{08}{0c}
S11:2:127	80	えーと　誰かにうらまれるような\n覚えはないし～{0d}{0d}\nあ　アンチたちの闇討ちかしら？{08}{0c}	어～ 누구한테 원한 살\n일은 없는데～{0d}{0d}\n아 안치네의 기습인가?{08}{0c}
S11:2:128	9	…………{08}	…………{08}
S11:2:129	75	すまんが　ウィンくんに\n伝えたいことがある\n用が済んだら　また話しかけてくれ{08}	미안하지만 윈 군에게\n전할 말이 있다 볼일이\n끝나면 다시 말을 걸어 다오{08}
S11:2:130	67	ウィンくん　グレン先生がお呼びだ\n東の小島まできてほしいとのことだ{08}{0c}	윈 군 글렌 선생님이 부르신다\n동쪽 작은 섬으로 오라는구나{08}{0c}
S11:2:131	55	わ　わかりました{0d}\nじゃあ　レナさん\nぼくは　ここで……{08}{0c}	아 알겠어요{0d}\n그럼 레나 씨\n저는 여기서……{08}{0c}
S11:2:132	78	せっかく　セニアたちが\n帰ってきたっていうのに\nあのじじいも　気がきかないわね{08}{0c}	모처럼 세니아네가\n돌아왔는데\n그 영감도 눈치가 없네{08}{0c}
S11:2:133	28	あはっ　レナの目が怒ってる{08}{0c}	아하 레나 눈이 화났다{08}{0c}
S11:2:134	69	……じじいとは\nグレン先生のことかな？{0d}\n後でくわしく聞かせてもらうよ{08}{0c}	……영감이란\n글렌 선생님 말인가?{0d}\n나중에 자세히 들어 보자꾸나{08}{0c}
S11:2:135	32	あっ　じゃあ\n失礼します　学園長{08}	앗 그럼\n실례하겠습니다 학원장님{08}
S11:2:136	66	セニア\nオレは学園長と話をしている\n３人でどこかへいってくるといい{08}{0c}	세니아\n나는 학원장님과 얘기하겠다\n셋이서 어디 다녀오도록 해{08}{0c}
S11:2:137	43	うん！\n友達にも会ってきたいし\nいってくるね{08}	응!\n친구들도 만나고 싶으니\n다녀올게{08}
S11:2:138	47	……わたしの代わりに\nレイラを紹介してあげるわ{08}{0c}	……내 대신\n레이라를 소개해 줄게{08}{0c}
S11:2:139	34	レイラ……？\n耳がひくひくする……{08}	레이라……?\n귀가 움찔움찔해……{08}
S11:2:140	85	今日は青竜さまもいらっしゃるし\n羽をのばしてきなさい{0d}\nただし　問題は起こさないように{08}{0c}	오늘은 청룡님도 오시니\n마음껏 쉬다 오너라{0d}\n단 문제는 일으키지 않도록{08}{0c}
S11:2:141	53	レナって……　やってること\nぜんぜん変わらないんだな{08}{0c}	레나는…… 하는 짓이\n하나도 안 변했구나{08}{0c}
S11:2:142	34	えーっ　例えば　どんなところがぁ{08}{0c}	에～ 예를 들면 어떤 점이～{08}{0c}
S11:2:143	48	そんなところだと思うけど……\nわざとやってるよね{08}	그런 점인 것 같은데……\n일부러 그러는 거지{08}
S11:2:144	72	……ごほん\nくれぐれも　レナくんを頼むぞ\nもう　セニアくんしかいないのだ{08}{0c}	……흠흠\n부디 레나 군을 부탁하네\n이제 세니아 군밖에 없어{08}{0c}
S11:2:145	43	まっかせてよ！\n昔のアタシじゃないんだから{08}{0c}	맡겨 줘!\n옛날의 내가 아니니까{08}{0c}
S11:2:146	32	そっ　そう\n楽しみにしているわよ{08}	그 그래\n기대하고 있을게{08}
S11:2:147	65	わあ～　セニアじゃない！！{0d}{0d}{0d}\nひさしぶりね～\n突然どうしたの～？{08}{0c}	와아～ 세니아잖아!!{0d}{0d}{0d}\n오랜만이야～\n갑자기 웬일이야～?{08}{0c}
S11:2:148	90	えっへっへ～　聞きたい？{0d}{0d}\nでも聞かないほうがいいよーっ{0d}{0d}\nだって　アズと新婚旅行だもん曖{08}{0c}	에헤헤～ 듣고 싶어?{0d}{0d}\n그래도 안 듣는 게 좋을걸{0d}{0d}\n왜냐면 아즈랑 신혼여행이거든♥{08}{0c}
S11:2:149	78	し　幸せそうでよかったわねぇ\nでもこっちも紹介する子がいるのよ\nさっ　ウィン曖{08}{0c}	해 행복해 보여서 다행이네\n그래도 나도 소개할 애가 있어\n자 윈♥{08}{0c}
S11:2:150	53	……ウィンです\nあの……{0d}{0d}{0d}\nどなたですか？　レナさん{08}{0c}	……윈이에요\n저기……{0d}{0d}{0d}\n누구세요? 레나 씨{08}{0c}
S11:2:151	43	……{0d}{0d}こんなの趣味なの？\n変わったね　レナ{08}{0c}	……{0d}{0d}이런 게 취향이야?\n변했구나 레나{08}{0c}
S11:2:152	74	ま　まだなにもいってないでしょ！\nこの子はわたしたちが\nあずかってるだけよ{08}{0c}	아 아직 아무 말도 안\n했잖아! 이 애는 우리가\n맡고 있을 뿐이야{08}{0c}
S11:2:153	76	はいはい　わかってるって\nアタシはセニア　こっちがアズ\nよろしくね　ウィン曖{08}{0c}	네네 알고 있다니까\n나는 세니아 이쪽은 아즈\n잘 부탁해 윈♥{08}{0c}
S11:2:154	43	セニア　元気そうだね\n幸せそうだしよかった{08}{0c}	세니아 건강해 보이네\n행복해 보여서 다행이야{08}{0c}
S11:2:155	39	エリーこそ\nブレードはどうしたんだよ？{08}{0c}	엘리야말로\n블레이드는 어떻게 된 거야?{08}{0c}
S11:2:156	52	ブレードなら\nイアソン先生の\n道場にいると思うけど？{08}{0c}	블레이드라면\n이아손 선생님\n도장에 있을 텐데?{08}{0c}
S11:2:157	68	そ　そういうことじゃなくて……{0d}\nあっ　そうか\nエリーもにぶいんだっけ{08}	그 그런 게 아니라……{0d}\n앗 그렇지\n엘리도 둔했었지{08}
S11:2:158	87	その様子だとお父さんとも\nうまくいってるみたいだし……{0d}{0d}{0d}\nほんと　よかったわね　セニア{08}{0c}	그 모습을 보니 아버님과도\n잘 지내는 것 같고……{0d}{0d}{0d}\n정말 잘됐다 세니아{08}{0c}
S11:2:159	80	ありがと　レナ曖\nでも　父さまはまだ怒ってるんだ\nどうせそのうち折れてくるけどね{08}{0c}	고마워 레나♥\n그래도 아버지는 아직 화났어\n어차피 곧 꺾이겠지만{08}{0c}
S11:2:160	31	あ　あんた　すこし変わったわね{08}	너 너 좀 변했다{08}
S11:2:161	76	２人とも　あの時は世話になった\nちゃんと礼もできなくて\n悪かったと思っている{08}{0c}	둘 다 그때는 신세를 졌다\n제대로 인사도 못 해서\n미안하게 생각한다{08}{0c}
S11:2:162	85	で　どう？{0d}{0d}{0d}\nアズはしりにしかれてない？{08}\nほら　セニアって\n気性のはげしいとこあるし{08}{0c}	그래서 어때?{0d}{0d}{0d}\n아즈는 잡혀 살지 않아?{08}\n봐 세니아는\n성질이 불같은 데가 있잖아{08}{0c}
S11:2:163	74	そんなことはない……と思う\nしかし　できれば\nそれ以上は聞かないでくれるか{08}{0c}	그렇진 않다…… 고 생각한다\n하지만 가능하면\n더는 묻지 말아 주겠나{08}{0c}
S11:2:164	72	な　なに　聞いてるんだよレナ～\nそ　そんなこと\nあるわけないだろー……？{08}{0c}	뭐 뭘 묻는 거야 레나～\n그 그런 일이\n있을 리 없잖아……?{08}{0c}
S11:2:165	52	…{0d}…{0d}{0d}{0d}それにしちゃふたりとも\n言葉がくもってない？{08}	…{0d}…{0d}{0d}{0d}그런 것치곤 둘 다\n말끝이 흐려지지 않아?{08}
S11:2:166	52	いい？　アズ？\nセニアのこと\nずーっと大事にするのよ{08}{0c}	알았지? 아즈?\n세니아를\n평생 소중히 해야 해{08}{0c}
S11:2:167	18	ああ　もちろんだ{08}{0c}	아아 물론이다{08}{0c}
S11:2:168	29	うふふっ\nアズ　だ～いすき曖{08}{0c}	우후훗\n아즈 정말 좋아♥{08}{0c}
S11:2:169	45	……{0d}{0d}{0d}やっぱり\nすこしはケンカでもしてなさい{08}	……{0d}{0d}{0d}역시\n조금은 싸움이라도 해{08}
S11:2:170	63	２人ともセニアを　よろしく頼む\nはめを外さないようにしてほしい{08}{0c}	둘 다 세니아를 잘 부탁한다\n너무 들뜨지 않게 해 줘{08}{0c}
S11:2:171	47	なんだ　あんたもちっとも\n変わってないじゃない{08}{0c}	뭐야 너도 하나도\n안 변했잖아{08}{0c}
S11:2:172	29	それってレナがいうことか～？{08}	그걸 레나가 할 말이야～?{08}
S11:2:173	53	最後には　エリーがいる\nだからオレも安心しているんだ{08}{0c}	마지막엔 엘리가 있다\n그래서 나도 안심하고 있다{08}{0c}
S11:2:174	30	……なかなか　わかってるわね{08}{0c}	……제법 잘 아네{08}{0c}
S11:2:175	55	へーんだ\nアタシのダンナだもんね\nあったりまえじゃんか曖{08}	흥이다\n내 남편이니까\n당연하지♥{08}
S11:2:176	89	ちょっとちょっとエリー？\nせっかくセニアが来てるんだから\nもっとゆっくりお話していこうよ？{08}	잠깐잠깐 엘리?\n모처럼 세니아가 왔으니까 좀\n더 느긋하게 얘기하다 가자?{08}
S11:2:177	71	青竜さまがくるんだから\n学園長も　もっとうれしそうな\n顔をすればいいのに{08}	청룡님이 오시는데\n학원장님도 좀 더 기쁜\n얼굴을 하면 좋을 텐데{08}
S11:2:178	60	青竜さまがいらっしゃるんだ\nちゃんとした格好していかないとな{08}	청룡님이 오시니\n제대로 차려입고 가야지{08}
S11:2:179	36	学園長は\nどこかへ　でかけられました{08}	학원장님은\n어딘가로 외출하셨어요{08}
S11:2:180	33	そうそう\n魔法を教えてあげるわね{08}{0c}	그래그래\n마법을 가르쳐 줄게{08}{0c}
S11:2:181	27	ウィンはメイミャクを覚えた{08}	윈은 메이먀쿠를 익혔다{08}
S11:2:182	36	レナとウィンは\n風のヤスラギを覚えた{08}	레나와 윈은\n바람의 야스라기를 익혔다{08}
S11:2:183	35	きみたちの\n合体魔法の認定をしよう{08}{0c}	너희의\n합체 마법을 인정해 주마{08}{0c}
S11:2:184	40	エリーとレナは\nマジカルチャームを覚えた{08}	엘리와 레나는\n매지컬참을 익혔다{08}
S11:2:185	42	エリーとレナは\nラブリーチアガールを覚えた{08}	엘리와 레나는\n러블리치어걸을 익혔다{08}
S11:2:186	34	レナとセニアは\nレンズレイを覚えた{08}	레나와 세니아는\n렌즈레이를 익혔다{08}
S11:2:187	46	エリーとブレードは\nブレードダイビングを覚えた{08}	엘리와 블레이드는\n블레이드다이빙을 익혔다{08}
S11:2:188	44	セニアとブレードは\nマジカルプリズムを覚えた{08}	세니아와 블레이드는\n매지컬프리즘을 익혔다{08}
S11:2:189	42	ブレードとウィンは\nブラックホールを覚えた{08}	블레이드와 윈은\n블랙홀을 익혔다{08}
S11:2:190	46	ブレードとウィンは\nメイルシュトロームを覚えた{08}	블레이드와 윈은\n메일스트롬을 익혔다{08}
S11:2:191	40	エリーとウィンは\nバックドラフトを覚えた{08}	엘리와 윈은\n백드래프트를 익혔다{08}
S11:2:192	44	エリーとウィンは\nフレイズトルネードを覚えた{08}	엘리와 윈은\n프레이즈토네이도를 익혔다{08}
S11:2:193	46	エリーとウィンは\nセブンヘッドドラゴンを覚えた{08}	엘리와 윈은\n세븐헤드드래곤을 익혔다{08}
S11:2:194	40	セニアとウィンは\nバリアアタックを覚えた{08}	세니아와 윈은\n배리어어택을 익혔다{08}
S11:2:195	38	セニアとウィンは\nプリズムレイを覚えた{08}	세니아와 윈은\n프리즘레이를 익혔다{08}
S11:2:196	54	セニアとブレードとウィンは\nジャッジメントデイを覚えた{08}	세니아와 블레이드와 윈은\n저지먼트데이를 익혔다{08}
S11:3:0	19	削除もれメッセージ{08}	삭제 누락 메시지{08}
S11:3:1	119	……それじゃあね\nもし　モンスターがかよわき乙女の\nわたしに襲いかかってきたとする{08}\nその時　ウィン\nあんた　どうするの？{08}{0c}	……그럼\n만약 몬스터가 연약한 소녀인\n나에게 덤벼들었다고 치자{08}\n그때 윈\n너 어떻게 할 거야?{08}{0c}
S11:3:2	51	はい　もちろん　なにがあろうと\nレナさんを守ります{08}{0c}	네 물론 무슨 일이 있어도\n레나 씨를 지킬게요{08}{0c}
S11:3:3	70	じゃあ　次！\nエリーとわたしが　ふたりとも\nあぶない状態になった時は？{08}{0c}	그럼 다음!\n엘리랑 내가 둘 다\n위험한 상황이 되면?{08}{0c}
S11:3:4	31	はい！\nエリーさんを助けます！{08}{0c}	네!\n엘리 씨를 구할게요!{08}{0c}
S11:3:5	18	なんですって！？{08}{0c}	뭐라고!?{08}{0c}
S11:3:6	71	……だって{0d}{0d}{0d}\n……レナさんは　癒しの魔法で\nご自分で回復できますし……{08}{0c}	……그게{0d}{0d}{0d}\n……레나 씨는 치유 마법으로\n스스로 회복할 수 있으니까……{08}{0c}
S11:3:7	64	違うでしょう　ウィン！\nまずは　わたしから助けるように\nしなきゃ{08}{0c}	틀렸잖아 윈!\n먼저 나부터 구하도록\n해야지{08}{0c}
S11:3:8	14	は　はぁ……{08}{0c}	네 네에……{08}{0c}
S11:3:9	28	なによ！　その疑いの目は？{08}{0c}	뭐야! 그 의심하는 눈은?{08}{0c}
S11:3:10	14	い　いえ……{08}{0c}	아 아뇨……{08}{0c}
S11:3:11	60	わたしはね～　わが身かわいさで\nいってるわけじゃないのよ！{08}\n{0c}	나는 말이야～ 내 몸 아까워서\n하는 말이 아니거든!{08}\n{0c}
S11:3:12	72	癒しの魔法を使うわたしが\n気絶したら……\n残りのみんなはどうなると思う？{08}{0c}	치유 마법을 쓰는 내가\n기절하면…… 나머지\n모두는 어떻게 될 것 같아?{08}{0c}
S11:3:13	28	そ　そういわれてみれば……{08}{0c}	그 그러고 보니……{08}{0c}
S11:3:14	104	やっとわかったの！？{08}\nじゃ　今後の戦いの時は\nこのかよわい乙女のわたしを\n最初に守るのよ！　いいわね！？{08}{0c}	이제 알았어!?{08}\n그럼 앞으로 싸울 때는\n이 연약한 소녀인 나를 제일\n먼저 지키는 거야! 알았지!?{08}{0c}
S11:3:15	33	はい！　わかりました！\nレナさん{08}{0c}	네! 알겠어요!\n레나 씨{08}{0c}
S11:3:16	23	それじゃあ　次の問題！{08}	그럼 다음 문제!{08}
S11:3:17	42	ただいま～\n{0d}{0d}{0d}{0d}{0d}あれ？　なにやってるの？{08}{0c}	다녀왔어～\n{0d}{0d}{0d}{0d}{0d}어라? 뭐 하는 거야?{08}{0c}
S11:3:18	113	もちろん　ウィンの特訓よ！\n戦う時の練習をしているの{08}\nウィンったら\nまだ仲間とのれんけいが\n十分じゃないと思うのよ{08}{0c}	물론 윈 특훈이지!\n싸울 때 연습을 하는 거야{08}\n윈은 말이야\n아직 동료와의 연계가\n부족한 것 같거든{08}{0c}
S11:3:19	22	大変だね　ウィン……{08}{0c}	힘들겠다 윈……{08}{0c}
S11:3:20	49	いえ　レナさんのいうことは\nすごく勉強になります{08}{0c}	아뇨 레나 씨 말씀은\n정말 공부가 돼요{08}{0c}
S11:3:21	37	ウィンは　あまやかしちゃ\nダメなのよ{08}{0c}	윈은 오냐오냐하면\n안 되거든{08}{0c}
S11:3:22	62	ところで……\n実はレナにお願いがあって\n戻ってきたんだけど……{08}{0c}	그런데……\n실은 레나한테 부탁이 있어서\n돌아왔는데……{08}{0c}
S11:3:23	57	あら　エリーがわたしに頼みごと\nなんて　めずらしいわね～{08}{0c}	어머 엘리가 나한테 부탁이라니\n별일이네～{08}{0c}
S11:3:24	112	あのね　魔法球をかってに\n持ち出したこと　おじいちゃんに\nあやまってこようと思うんだけど{08}\n一緒にいってくれない？{08}{0c}	있잖아 마법구를 멋대로\n가지고 나간 거 할아버지한테\n사과하러 가려고 하는데{08}\n같이 가 줄래?{08}{0c}
S11:3:25	84	え～っ　イヤだなぁ{08}\nそれに　あれはエリーより\nあのハイドとかいう先生の\nせいじゃない{08}{0c}	에～ 싫은데{08}\n게다가 그건 엘리보다\n그 하이드라는 선생님\n탓이잖아{08}{0c}
S11:3:26	41	キチンとしないといけないと\n思うんだ……{08}{0c}	제대로 해야 할 것\n같아서……{08}{0c}
S11:3:27	98	まあ　エリーがそういうなら\nつきあうけど……{08}\nおじいちゃんなら　あやまれば\n許してくれそうだし……{08}{0c}	뭐 엘리가 그렇게 말한다면\n같이 가 주겠지만……{08}\n할아버지라면 사과하면\n용서해 줄 것 같고……{08}{0c}
S11:3:28	18	ありがとう　レナ{08}{0c}	고마워 레나{08}{0c}
S11:3:29	46	じゃあ　おじいちゃんちへ\nしゅっぱ～っつ！{0d}{0d}{0d}{08}{0c}	그럼 할아버지 집으로\n출바～알!{0d}{0d}{0d}{08}{0c}
S11:3:30	32	ウィン　あんたも一緒にきなさい{08}{0c}	윈 너도 같이 와{08}{0c}
S11:3:31	19	は　はい　レナさん{08}	네 네 레나 씨{08}
S11:3:32	72	……なんだかみんな\n妙に浮かれてるわね\n悪い病気でもはやってるのかしら？{08}{0c}	……어쩐지 다들\n묘하게 들떠 있네\n나쁜 병이라도 도나?{08}{0c}
S11:3:33	49	あ　そうか{0d}\nレナ　明日は青竜さまが\nくるからだよ{08}{0c}	아 그렇구나{0d}\n레나 내일 청룡님이\n오시니까 그래{08}{0c}
S11:3:34	68	青竜さま？\n青竜さまって……　あの……\nルナを統べる四竜の青竜さま？{08}{0c}	청룡님?\n청룡님이라면…… 그…… 루나를\n다스리는 사룡의 청룡님?{08}{0c}
S11:3:35	62	そうだよ\nレナは知らなかったの？\n町じゅうその話でもちきりだよ{08}{0c}	맞아\n레나는 몰랐어?\n온 마을이 그 얘기뿐이야{08}{0c}
S11:3:36	57	１０年に１度　イェンに\n青竜さまがくるって本当なんですね{08}{0c}	１０년에 한 번 옌에 청룡님이\n오신다는 게 사실이군요{08}{0c}
S11:3:37	126	はいはい　物知りだこと……\nそれにしても　青竜さまが\nくるなんて……{08}\nなんか……{0d}{0d}{0d}\nイェンのすごさをはじめて\n実感した気がするわ{08}	네네 박식하셔라……\n그나저나 청룡님이\n오시다니……{08}\n어쩐지……{0d}{0d}{0d}\n옌이 대단한 곳이란 걸 처음\n실감한 것 같아{08}
S11:3:38	70	{0c}じゃあ　今日は解散ね{0d}\nウィンは　戦いの方法をもっと\n勉強しておいてね{08}{0c}	{0c}그럼 오늘은 해산{0d}\n윈은 싸우는 법을 좀 더\n공부해 둬{08}{0c}
S11:3:39	57	わ……わかりました\nじゃあ　レナさん　エリーさん\nまた明日{08}	아…… 알겠어요\n그럼 레나 씨 엘리 씨\n내일 봬요{08}
S11:3:40	11	ばいばーい{08}	안녕～{08}
S11:3:41	51	変わったね　レナ\nそういうとこ　レナじゃないみたい{08}{0c}	변했네 레나 그런\n점은 레나가 아닌 것 같아{08}{0c}
S11:3:42	19	え～っ　なにが～？{08}	에～ 뭐가～?{08}
S11:3:43	58	ウィンてば……\nまだ起きてこないの？\n意外とねぼすけなのね{08}{0c}	윈은 참……\n아직도 안 일어났어?\n의외로 잠꾸러기네{08}{0c}
S11:3:44	53	ウィンは朝が苦手みたいだね\nむかえにいってあげようよ{08}{0c}	윈은 아침에 약한가 봐\n데리러 가 주자{08}{0c}
S11:3:45	35	まったく……\nしょうがないんだから{08}{0c}	정말……\n어쩔 수 없다니까{08}{0c}
S11:3:46	39	ま　たまには\nウィンがいなくてもいいか{08}{0c}	뭐 가끔은\n윈이 없어도 괜찮으려나{08}{0c}
S11:3:47	70	そうだよね　起こすのもなんだし\nでも　今日って\n青竜さまのお祭りだよ？{08}{0c}	그렇지 깨우기도 좀 그렇고\n그래도 오늘은\n청룡님 축제잖아?{08}{0c}
S11:3:48	55	……そうだっけ　忘れてたわ\nまあ　起こしてやろうかしら{08}{0c}	……그랬나 잊고 있었어\n뭐 깨워 줄까{08}{0c}
S11:3:49	64	で　どうなんだ？　ウィン\nそれをいわねえと\nここから出られねえぜ{08}{0c}	그래서 어떠냐? 윈\n그걸 말하지 않으면\n여기서 못 나간다{08}{0c}
S11:3:50	54	そうっス\nアニキは弱いものには\nテッテイ的に　強いっス{08}{0c}	그래요\n형님은 약한 상대한테는\n철저하게 강하다고요{08}{0c}
S11:3:51	57	まあ　ゆるしてやろうよ\nウィンをいじめても\nしょうがないし{08}	뭐 봐주자\n윈을 괴롭혀 봤자\n소용없잖아{08}
S11:3:52	44	ちょっと！\nあんたたち　なにやってんのよ！！{08}	잠깐!\n너희들 뭐 하는 거야!!{08}
S11:3:53	91	ダメダメ　そんなやり方じゃ！{0d}\nわたしが　きたえたウィンは\nその程度じゃ　なにも話さないわよ{08}{0c}	안 돼 안 돼 그런 방식으론!{0d}\n내가 단련시킨 윈은\n그 정도론 아무 말도 안 해{08}{0c}
S11:3:54	31	また　はじまっちゃうんだね……{08}	또 시작이구나……{08}
S11:3:55	54	ウィンくん\nアンチたちから\n何を聞かれていたのかな～曖{08}{0c}	윈 군\n안치네한테\n뭘 추궁당했을까～♥{08}{0c}
S11:3:56	41	{0c}えっと……\nエリーさんの下着の色は\n何色が	{0c}그게……\n엘리 씨 속옷 색깔은\n무슨 색이
S11:3:57	16	多いかって……{08}{0c}	많냐고……{08}{0c}
S11:3:58	20	ま　待ちなさい！！{08}{0c}	자 잠깐!!{08}{0c}
S11:3:59	51	アンチたちって　ほんとに好きだね\n……そういうこと{08}{0c}	안치네는 정말 좋아하네\n……그런 거{08}{0c}
S11:3:60	90	なにいってんのよ　エリー\n男ってのは　みんな　ああなのよ！\nまったく　スケベなんだから！！{08}{0c}	무슨 소리야 엘리\n남자란 다 저렇다고!\n정말 음흉하다니까!!{08}{0c}
S11:3:61	10	…………{08}{0c}	…………{08}{0c}
S11:3:62	81	さ　ウィン　いくわよ\nわざわざ　呼びにきたうえに\n助けてあげたんだから感謝するのよ{08}	자 윈 가자\n일부러 부르러 와서\n구해 주기까지 했으니 감사해{08}
S11:3:63	59	青竜さまとは　なつかしいねぇ\nもう　そんな時期になるのかい{08}{0c}	청룡님이라니 그립구먼\n벌써 그런 때가 됐나{08}{0c}
S11:3:64	47	ステラおばさんは\nなにか思い出があるんですか？{08}{0c}	스텔라 아줌마는\n무슨 추억이 있어요?{08}{0c}
S11:3:65	64	そうだねぇ\nエマ先生やイアソン先生なんか\nそりゃ　かわいかったよ{08}{0c}	글쎄다\n에마 선생이나 이아손 선생은\n그야말로 귀여웠지{08}{0c}
S11:3:66	29	……半分だけ　よくわかります{08}	……절반만 잘 알겠어요{08}
S11:3:67	74	青竜さまは生徒たちを集めて\n問答をやるからね\nいろんな質問に答えてくれるよ{08}{0c}	청룡님은 학생들을 모아\n문답을 하시거든\n여러 질문에 답해 주신단다{08}{0c}
S11:3:68	43	じゃあ　将来の結婚相手を\n聞いてみようかな{08}{0c}	그럼 장래 결혼 상대를\n물어볼까{08}{0c}
S11:3:69	26	それじゃあ　占いだよ……{08}{0c}	그건 점이잖아……{08}{0c}
S11:3:70	81	そんなことないよ　青竜さまは\n何でも答えてくれるからね\nエリーちゃんも聞いてみなよ{08}	그렇지 않아 청룡님은\n뭐든 대답해 주시거든\n엘리도 물어보렴{08}
S11:3:71	32	セ　セニアちゃんじゃないか！！{08}{0c}	세 세니아 아니니!!{08}{0c}
S11:3:72	20	ステラおばさん！！{08}{0c}	스텔라 아줌마!!{08}{0c}
S11:3:73	82	よく帰ってきたねぇ\nアタシはうれしいよ……その人が\nセニアちゃんのダンナさんかい？{08}{0c}	잘 돌아왔구나\n난 정말 기쁘다…… 그 사람이\n세니아 남편이니?{08}{0c}
S11:3:74	78	ステラおばさんのことは\nセニアから聞いています\nアズです　セニアの分まで感謝を{08}{0c}	스텔라 아주머니 얘기는\n세니아에게 들었습니다\n아즈입니다 세니아 대신 감사를{08}{0c}
S11:3:75	66	さすが　セニアちゃんだね！！\nまったくイイ男を\nつかまえたもんだよ{08}{0c}	역시 세니아구나!!\n정말 좋은 남자를\n잡았구먼{08}{0c}
S11:3:76	59	へへーっ\nステラおばさんに　いろいろ\nきたえられたからだよ曖{08}	헤헤～\n스텔라 아줌마한테 이것저것\n단련받은 덕분이야♥{08}
S11:3:77	53	ゆっくりしていくんだろ？\n今日は　腕をふるわないとね{08}{0c}	느긋하게 있다 갈 거지?\n오늘은 솜씨 좀 부려야겠구나{08}{0c}
S11:3:78	80	ありがとう　おばさん\nでもちょっと　これから星見の塔へ\nでかけなきゃいけないんだ{08}{0c}	고마워 아줌마\n그래도 지금 별보기 탑에\n가 봐야 하거든{08}{0c}
S11:3:79	32	青竜さまが落ちてしまったんです{08}{0c}	청룡님이 떨어져 버렸어요{08}{0c}
S11:3:80	78	なんだって！？\nだから　みんな騒いでいたんだね\nわかったけど気をつけておいきね{08}{0c}	뭐라고!?\n그래서 다들 소란이었구나\n알았으니 조심해서 다녀오렴{08}{0c}
S11:3:81	78	へっ　こんどこそ　青竜で勝負だぜ\n負けたほうは　相手のドレイに\nなるんだからな{08}{0c}	흥 이번에야말로 청룡으로\n승부다 진 쪽은 상대의 노예가\n되는 거다{08}{0c}
S11:3:82	73	その前に聞いておくけど\nどう勝負するのよ？{0d}\n……青竜さまに聞いておいてね{08}{0c}	그 전에 물어보는데\n어떻게 승부할 건데?{0d}\n……청룡님께 물어봐 둬{08}{0c}
S11:3:83	24	オ　オレ様が　か……？{08}{0c}	내 내가 말이냐……?{08}{0c}
S11:3:84	33	わたしたちは　なんでもいいからね{08}	우린 뭐든 괜찮으니까{08}
S11:3:85	39	どんなことを青竜に聞きゃあ\nいいんだ？{08}{0c}	청룡한테 뭘 물어보면\n되는 거냐?{08}{0c}
S11:3:86	62	それを考えてからが\nあんたのいう　青竜で勝負！\nでしょうが……{08}{0c}	그걸 생각하고 나서야\n네가 말하는 청룡으로 승부!\n아니겠어……{08}{0c}
S11:3:87	20	ちっくしょーっ！！{08}{0c}	젠자앙～!!{08}{0c}
S11:3:88	19	進歩しないやつ……{08}	발전이 없는 녀석……{08}
S11:3:89	65	おいら　考えたんスけど……{0d}\n青竜さまの弟子になろうかと\n思うんス{08}{0c}	제가 생각해 봤는데요……{0d}\n청룡님의 제자가 될까\n해서요{08}{0c}
S11:3:90	47	そうなんだ……\nがんばってください　リックさん{08}{0c}	그렇구나……\n힘내세요 릭 씨{08}{0c}
S11:3:91	21	ちょっと待てーっ！！{08}	잠깐 기다려～!!{08}
S11:3:92	64	なっ　なんスか\nなんか文句あるスか？\nあ　あんたには関係ないっス{08}{0c}	뭐 뭐예요\n뭐 불만 있어요?\n다 당신이랑은 상관없어요{08}{0c}
S11:3:93	73	……ううん\nなんか見ていれなかったんで　つい{0d}\n好きにしていいわよ　リック{08}{0c}	……아니\n어쩐지 못 봐 주겠어서 그만{0d}\n마음대로 해 릭{08}{0c}
S11:3:94	46	いいっス……\nなんか恐くなったんでやめとくっス{08}	됐어요……\n어쩐지 무서워져서 관둘래요{08}
S11:3:95	24	クールさん　こんにちは{08}{0c}	쿨 씨 안녕하세요{08}{0c}
S11:3:96	45	やあ　ウィン\nレナについていくのは大変だろう{08}{0c}	안녕 윈\n레나를 따라다니기 힘들지{08}{0c}
S11:3:97	30	特訓がきびしいのはとーぜんよ{08}{0c}	특훈이 혹독한 건 당연하지{08}{0c}
S11:3:98	27	人のあげ足をとる特訓かい？{08}	남 말꼬리 잡는 특훈이야?{08}
S11:3:99	74	な　なにいってんのよ\n魔法をじょうずに使うための特訓に\nきまってるでしょ！{08}{0c}	무 무슨 소리야\n마법을 잘 쓰기 위한 특훈이\n당연하잖아!{08}{0c}
S11:3:100	20	ふ～ん　そうかい？{08}{0c}	흐～응 그래?{08}{0c}
S11:3:101	24	……クールの勝ちだよね{08}{0c}	……쿨이 이겼네{08}{0c}
S11:3:102	23	ちょっと　エリーっ！！{08}	잠깐 엘리!!{08}
S11:3:103	67	この世界には\n赤竜・白竜・黒竜・青竜の四竜が\nいるといわれているんだ{08}	이 세계에는\n적룡・백룡・흑룡・청룡의 사룡이\n있다고 전해지고 있어{08}
S11:3:104	85	青竜さまに会うのも楽しみだけど\nステラおばさんの作っている料理が\nすごくうまそうなんだ{08}	청룡님 만나는 것도 기대되지만\n스텔라 아줌마가 만드는 요리가\n정말 맛있어 보여{08}
S11:3:105	71	青竜さまが……なんてこった\n今日の料理は……祭りは\nどうなるんだーっ！！{08}	청룡님이…… 이럴 수가\n오늘 요리는…… 축제는\n어떻게 되는 거야～!!{08}
S11:3:106	52	なんか　青竜さまが来るときは\nお祭りになるみたいだね{08}	청룡님이 올 때는\n축제가 열리나 봐{08}
S11:3:107	59	竜をこの目で見るのは\nはじめてなんだ\nなんかドキドキするな～{08}	용을 내 눈으로 보는 건\n처음이야\n어쩐지 두근두근하네～{08}
S11:3:108	34	ちっくしょう！\nどうなってるんだ！{08}	젠장!\n어떻게 된 거야!{08}
S11:3:109	42	青竜さまに\nどんなことを　お願いするかなぁ{08}	청룡님께\n무슨 소원을 빌까{08}
S11:3:110	69	青竜さまに　お願いしたいことが\n多すぎて決まらないんだ\nどうしよう……{08}	청룡님께 빌고 싶은 게\n너무 많아서 못 정하겠어\n어쩌지……{08}
S11:3:111	55	青竜さまには\nいろいろお願いしようと\n思っていたのに……{08}	청룡님께\n여러 가지 부탁하려고\n했는데……{08}
S11:3:112	72	なんでも　ハイドが好き勝手\nやったそうだな\nすまん　わがはいがあやまるぞ{08}{0c}	듣자 하니 하이드가 제멋대로\n굴었다더구나\n미안하다 내가 사과하마{08}{0c}
S11:3:113	78	ううん　リヒター先生は悪くないよ\nわたしが　星見の塔を\nこわしちゃったから……{08}{0c}	아뇨 리히터 선생님은 잘못\n없어요 제가 별보기 탑을\n부숴 버려서……{08}{0c}
S11:3:114	157	そんなに自分を責めることはないぞ{08}\nこのわがはいをみろ！\n人面チョウの巣とイェンをつなげて\nしまったんだぞ！{08}\nまあ　その罰として\n７年間　そこにいたわけだが……{08}{0c}	그렇게 자신을 탓할 것 없다{08}\n나를 봐라!\n인면나비 둥지와 옌을 이어\n버렸다고!{08}\n뭐 그 벌로\n７년간 거기 있었다만……{08}{0c}
S11:3:115	58	え～っ\nわたしたちもどこかに\n閉じこめられちゃうのかしら？{08}{0c}	에～\n우리도 어딘가에\n갇혀 버리는 걸까?{08}{0c}
S11:3:116	97	まあ　その　なんだ……{08}\n悪気がなければ　やがてわかって\nもらえる日がくる……\nとでもいっておこうか{08}	뭐 그 뭐냐……{08}\n나쁜 마음이 없었다면 언젠가\n알아줄 날이 온다……\n고나 해 둘까{08}
S11:3:117	41	わたし　いまから\nあやまりにいってきます{08}{0c}	저 지금\n사과하러 다녀올게요{08}{0c}
S11:3:118	21	そうか　がんばれよ！{08}	그래 힘내라!{08}
S11:3:119	76	今日は　青竜の祭りの日か\nこういう時は嫌なことは\nわすれて　パーッとやろう！{08}{0c}	오늘은 청룡 축제 날인가\n이럴 때는 싫은 일은\n잊고 화끈하게 놀자!{08}{0c}
S11:3:120	65	あの～　先生は　いつもパーッと\nやっているように見えるんですけど{08}{0c}	저기～ 선생님은 늘 화끈하게\n노시는 것 같은데요{08}{0c}
S11:3:121	26	そうか？　そう見えるか？{08}{0c}	그러냐? 그렇게 보이냐?{08}{0c}
S11:3:122	60	いつもやりたいように\nやっているように\n見えるんですけど……{08}{0c}	늘 하고 싶은 대로\n하시는 것처럼\n보이는데요……{08}{0c}
S11:3:123	53	わははは……\nはっきりいうな！\nしかし　そのとおりだ！{08}	와하하하……\n딱 잘라 말하는구나!\n하지만 그 말대로다!{08}
S11:3:124	60	こういう時はいつも以上に\nパーッとやろう！\nこれならどうだ？{08}{0c}	이럴 때는 평소보다 더\n화끈하게 놀자!\n이러면 어떠냐?{08}{0c}
S11:3:125	36	先生……\nどっちでも同じだと思います{08}	선생님……\n어느 쪽이든 똑같은 것 같아요{08}
S11:3:126	62	聞いたぞ！！\nなにやら　またハイドが\nたくらんでいるに違いない{08}{0c}	들었다!!\n분명 또 하이드가\n뭔가 꾸미고 있는 게야{08}{0c}
S11:3:127	32	じゃあ　こりずに星辰機関……？{08}{0c}	그럼 또 성진 기관……?{08}{0c}
S11:3:128	56	そういうことかも知れん\nわがはいもすぐに出発せねばな！！{08}	그럴지도 모른다\n나도 당장 출발해야겠군!!{08}
S11:3:129	90	しかし　今日はまた人数が多いな\n顔にイレズミのある女の子は誰だ？\nわがはいのファンの子か？{08}{0c}	그런데 오늘은 또 인원이\n많구나 얼굴에 문신 있는\n여자애는 누구냐? 내 팬인가?{08}{0c}
S11:3:130	26	オジサン　ほんきで怒るよ{08}{0c}	아저씨 진짜로 화낸다{08}{0c}
S11:3:131	64	こりゃまた気が強いな！！\nわがはいはこれでも先生だよ\nよろしくな{08}{0c}	이거 또 기가 세구나!!\n나는 이래 봬도 선생이다\n잘 부탁한다{08}{0c}
S11:3:132	70	なーんだ\nオジサンもけっこういいやつだね\nアタシはセニア　こっちはアズ{08}{0c}	뭐야～\n아저씨도 꽤 괜찮은 사람이네\n나는 세니아 이쪽은 아즈{08}{0c}
S11:3:133	31	シンコンのくせに遊びにきてます{08}	신혼인 주제에 놀러 왔어요{08}
S11:3:134	91	青竜さまがなんだってのよ……\nわたしはもっと活躍して　みんなに\n名前を覚えてもらうんだから！{08}	청룡님이 뭐라는 거야……\n나는 더 활약해서 모두에게\n이름을 알릴 거야!{08}
S11:3:135	71	みんな　青竜さま青竜さまって\nうかれて……\n青竜さまがなんだってのよ……{08}	다들 청룡님 청룡님 하고\n들떠서……\n청룡님이 뭐라는 거야……{08}
S11:3:136	73	わたしより目立とうと思ったから\nき　きっと青竜さまにもバチが\nあたったのね{08}	나보다 튀려고 해서\n부 분명 청룡님도 벌을\n받은 거야{08}
S11:3:137	67	ブラウンさんといっしょに\n青竜さまに\n未来のことを聞いてみたいな……{08}	브라운 씨랑 같이\n청룡님께\n미래에 대해 물어보고 싶어……{08}
S11:3:138	77	やっぱり　ブラウンさんは\n生徒会の仕事でおいそがしいみたい\nしかたないわね……{08}	역시 브라운 씨는\n학생회 일로 바쁜가 봐\n어쩔 수 없지……{08}
S11:3:139	55	大丈夫です\nきっとブラウンさんが\nなんとかしてくれます！{08}	괜찮아요\n분명 브라운 씨가\n어떻게든 해 줄 거예요!{08}
S11:3:140	59	お祭りかあ\nついでにカッコイイ男の子を\nさがしちゃおうっと！{08}	축제구나\n겸사겸사 멋진 남자애를\n찾아볼까!{08}
S11:3:141	40	さ～て　そろそろ\nお化粧でもしましょうか{08}	자～ 슬슬\n화장이라도 해 볼까{08}
S11:3:142	81	セニア帰ってきてたんだ！\nその人がケッコン相手なのね？\nいいなー　ステキじゃないの{08}	세니아 돌아왔구나!\n그 사람이 결혼 상대지?\n좋겠다～ 멋지잖아{08}
S11:3:143	56	青竜さまに会えるなんて\nほんとに　ここはすごいところだわ{08}	청룡님을 만날 수 있다니\n정말 여긴 대단한 곳이야{08}
S11:3:144	46	ああ……夢みたいね！\n青竜さまにあえるなんて！{08}	아아…… 꿈만 같아!\n청룡님을 만날 수 있다니!{08}
S11:3:145	57	青竜さまが……\nいったい　なにが\nどうなっているんですか？{08}	청룡님이……\n대체 뭐가\n어떻게 된 거죠?{08}
S11:3:146	66	おおそうだ　ウィン　おまえに\nわがはいの得意な魔法を\n教えてやろう{08}{0c}	오오 그렇지 윈 너에게\n내 특기 마법을\n가르쳐 주마{08}{0c}
S11:3:147	51	リヒター先生の得意な魔法って……\n建築魔法ですか？{08}{0c}	리히터 선생님 특기\n마법이면…… 건축 마법인가요?{08}{0c}
S11:3:148	97	いやいや\n前にやってみせただろう\n次元転移の魔法だよ{08}{0c}ただしこれは　相手を\n転移させる魔法だけどな{08}{0c}	아니아니\n전에 보여 줬잖냐\n차원 전이 마법이다{08}{0c}단 이건 상대를\n전이시키는 마법이지만{08}{0c}
S11:3:149	34	ウィンは\nネクストワールドを覚えた{08}	윈은\n넥스트월드를 익혔다{08}
S11:4:0	78	たとえ青竜さまが来ようとも\nけっして浮かれてはならん\nそれが真の男というものだ{08}{0c}	비록 청룡님이 오신다 해도\n절대 들떠서는 안 된다\n그것이 진정한 사나이다{08}{0c}
S11:4:1	78	イアソン先生　テレイナ先生が\nお祭り　ご一緒しませんかって\nいってましたけど？{08}{0c}	이아손 선생님 테레이나\n선생님이 축제에 같이 가지\n않겠냐고 하시던데요?{08}{0c}
S11:4:2	30	なっなにっ！　ほ　本当か！？{08}{0c}	뭐 뭣! 저 정말이냐!?{08}{0c}
S11:4:3	20	もちろんウソです曖{08}{0c}	물론 거짓말이에요♥{08}{0c}
S11:4:4	9	…………{08}	…………{08}
S11:4:5	70	いっ　いや\nなんでもない　なんでもないぞ……\n真の男は動揺などしない！{08}{0c}	아 아니\n아무것도 아니다 아무것도……\n진정한 사나이는 동요 않는다!{08}{0c}
S11:4:6	46	真の男だって　恋愛くらい\n許されると思いますよ{08}	진정한 사나이도 연애 정도는\n허락될 것 같은데요{08}
S11:4:7	66	今日は祭りだ　よって……\n今日は青竜さまと語らうことを\n修行とする{08}{0c}	오늘은 축제다 그러므로……\n오늘은 청룡님과 이야기하는\n것을 수행으로 한다{08}{0c}
S11:4:8	86	素直にさ～{0d}{0d}　おまえらは自由にしろ\nオレはテレイナ先生と修行するって\nいえばいいのに～{08}{0c}	솔직하게～{0d}{0d} 너희는 자유롭게\n해라 나는 테레이나 선생님과\n수행한다고 말하면 될 텐데～{08}{0c}
S11:4:9	79	今日は１０年に一度しかない\n大切な日だ！　おまえたちの\n相手をしている時間はない{08}	오늘은 １０년에 한 번뿐인\n소중한 날이다! 너희\n상대할 시간은 없다{08}
S11:4:10	50	祭りの準備でいそがしいんだ\nじゃまをしないでくれ！{08}	축제 준비로 바쁘다\n방해하지 마라!{08}
S11:4:11	80	たとえ青竜さまが落ちたとしても\nけっして慌ててはならん\nそれが真の男というものだ{08}{0c}	비록 청룡님이 떨어진다 해도\n절대 당황해서는 안 된다\n그것이 진정한 사나이다{08}{0c}
S11:4:12	55	たとえじゃなくて　ほんとに\n落ちちゃったんですけど……{08}{0c}	비록이 아니라 정말로\n떨어졌는데요……{08}{0c}
S11:4:13	35	イアソン先生も\nあいかわらずだなー{08}{0c}	이아손 선생님도\n여전하네～{08}{0c}
S11:4:14	57	お{0d}{0d}　おまえは……セニア！\nどうして　ここにいるのだ！？{08}{0c}	너{0d}{0d} 너는…… 세니아!\n어째서 여기 있는 거냐!?{08}{0c}
S11:4:15	81	アタシの顔みてあわてるぐらいじゃ\n修行が足りないんじゃないですか？\nイアソン先生？{08}	내 얼굴 보고 당황하는 정도면\n수행이 부족한 거 아니에요?\n이아손 선생님?{08}
S11:4:16	29	……ブレード\n後はたのんだぞ{08}{0c}	……블레이드\n뒤는 부탁한다{08}{0c}
S11:4:17	51	イアソン先生！！\nじつはオレも自信がないんです！！{08}{0c}	이아손 선생님!!\n실은 저도 자신이 없습니다!!{08}{0c}
S11:4:18	63	……イアソン先生{0d}{0d}\nちょっと会わない間に\nすこし変わったかもね？{08}	……이아손 선생님{0d}{0d}\n잠깐 못 본 사이에\n좀 변했을지도?{08}
S11:4:19	30	明日は　青竜のお祭りだな！！{08}{0c}	내일은 청룡 축제다!!{08}{0c}
S11:4:20	70	な～に　勝手に力いれてんのよ\nあんた　しばらく\n修行するんじゃないの？{08}{0c}	뭘 혼자 힘주고 있어\n너 한동안\n수행한다며?{08}{0c}
S11:4:21	47	そ　それは……\n青竜の祭りを　忘れていたからだ{08}{0c}	그 그건……\n청룡 축제를 잊고 있어서다{08}{0c}
S11:4:22	54	今日のブレードは　いいたいことが\nはっきりしないわねぇ{08}	오늘 블레이드는 하고 싶은\n말이 분명하지가 않네{08}
S11:4:23	75	そ　そうだ！！{0d}\nレナたちは　どこへいくんだ！？\nオレも　つきあってやる！！{08}{0c}	그 그렇지!!{0d}\n레나네는 어디 가는 거냐!?\n나도 같이 가 주마!!{08}{0c}
S11:4:24	54	あんたはダメよ\n真の男を目指す人間に\n二言があるわけ？{08}{0c}	너는 안 돼\n진정한 사나이를 목표로 하는\n사람이 두말을 하겠다는 거야?{08}{0c}
S11:4:25	45	くっ……す　すまん\nおまえのいうとおりだ……{08}{0c}	큭…… 미 미안\n네 말이 맞다……{08}{0c}
S11:4:26	48	なにも　そこまで\nいじわるしなくてもいいのに……{08}	뭐 그렇게까지\n심술부리지 않아도 될 텐데……{08}
S11:4:27	87	オレはイアソン先生とともに\n青竜さまと　真の男とはなにかを\n話し合いたいと思っているんだ{08}	나는 이아손 선생님과 함께\n청룡님과 진정한 사나이에 대해\n이야기하고 싶다{08}
S11:4:28	74	青竜のお祭りだけは\nさすがに遊んでいいらしい……{0d}\n青竜のお祭りの時だけ……{08}	청룡 축제만큼은\n놀아도 된다는 것 같다……{0d}\n청룡 축제 때만……{08}
S11:4:29	66	待ちに待ったお祭りの日がきた！！\n今日は遊んで遊んで遊び倒すぞー！{08}	기다리던 축제 날이 왔다!!\n오늘은 실컷 놀 거야!{08}
S11:4:30	58	……青竜さまが……祭りが！！\nそんなのってありかよーっ！！{08}	……청룡님이…… 축제가!!\n이런 게 어디 있어～!!{08}
S11:4:31	81	剣の道はこんなに深かったなんて！\nいままでのオレは\nいったいなにをやってきたんだ！{08}	검의 길이 이렇게 깊었다니!\n지금까지의 나는\n대체 뭘 해 온 거지!{08}
S11:4:32	59	青竜さまが\n剣について教えてくれるなら\nお祭りも悪くないな！{08}	청룡님이\n검에 대해 가르쳐 준다면\n축제도 나쁘지 않네!{08}
S11:4:33	77	落ちた青竜さまも災難だけど……\n遊べる日がなくなった\nオレたちも災難だーっ！！{08}	떨어진 청룡님도 불쌍하지만……\n놀 날이 없어진\n우리도 불쌍해～!!{08}
S11:4:34	73	ブレード先輩に\nけいこをつけてもらったんだけど\nあっという間に負けちゃった{08}	블레이드 선배한테\n대련을 받았는데\n순식간에 져 버렸어{08}
S11:4:35	63	ブレード先輩を\nさらに上回る真の男……\nイアソン先生ってすごいな{08}	블레이드 선배를\n더 뛰어넘는 진정한 사나이……\n이아손 선생님은 대단해{08}
S11:4:36	61	青竜さまが落ちたといえども\nいまは修行あるのみ！！\nうりゃっ！{08}	청룡님이 떨어졌다 해도\n지금은 수행뿐!!\n우랴앗!{08}
S11:4:37	41	ブレード……\nおまえに魔法剣を伝授しよう{08}{0c}	블레이드……\n너에게 마법검을 전수하마{08}{0c}
S11:4:38	25	ブレードは冷撃剣を覚えた{08}	블레이드는 냉격검을 익혔다{08}
S11:4:39	64	真の男には\n時として氷の冷たさも必要なのだ\nわかるな……ブレード{08}{0c}	진정한 사나이에겐\n때로 얼음의 차가움도 필요하다\n알겠느냐…… 블레이드{08}{0c}
S11:4:40	62	炎の心だけでは\nダメなんですね\nわかりました！　イアソン先生！{08}{0c}	불꽃의 마음만으로는\n안 되는 거군요\n알겠습니다! 이아손 선생님!{08}{0c}
S11:4:41	39	ちっともわかりません！\nイアソン先生！{08}{0c}	전혀 모르겠어요!\n이아손 선생님!{08}{0c}
S11:4:42	9	…………{08}	…………{08}
S11:4:43	41	ブレード　おまえに\nこの魔法剣を授けよう{08}{0c}	블레이드 너에게\n이 마법검을 내리마{08}{0c}
S11:4:44	38	ブレードは\nドレインスラッシュを覚えた{08}	블레이드는\n드레인슬래시를 익혔다{08}
S11:4:45	125	この魔法は敵の体力を奪うと共に\n自らを回復する\nまさに攻防一体の魔法剣だ{08}\n戦いの極意とはここにあると\n知るがいい　ブレード！！{08}{0c}	이 마법은 적의 체력을 빼앗는\n동시에 자신을 회복한다\n그야말로 공방일체의 마법검이다{08}\n싸움의 극의는 여기에 있음을\n알아 두어라 블레이드!!{08}{0c}
S11:4:46	53	わかりました！\nありがとうございます\nイアソン先生！！{08}	알겠어요！\n고맙습니다\n이아손 선생님！！{08}
S11:5:0	57	よお　ウィンじゃないか\nレナに変なことされてないだろうな{08}{0c}	여어 윈 아니냐 레나한테\n이상한 짓 당하진 않았지{08}{0c}
S11:5:1	30	……ウィンに手を出さないでね{08}{0c}	……윈한테 손대지 마세요{08}{0c}
S11:5:2	72	ふーん　そうかそうか{0d}{0d}\n実をいうと　わたしは\nウィンのことが好きなんだよ{08}{0c}	흐응 그래그래{0d}{0d}\n사실을 말하자면 나는\n윈을 좋아한단다{08}{0c}
S11:5:3	57	ラルフ先生！{0d}\nぼっ　ぼく　こまります……\nぼくは……その{08}{0c}	랄프 선생님!{0d}\n저 저 곤란해요……\n저는…… 그게{08}{0c}
S11:5:4	30	{0d}{0d}あんたら　バカじゃないの？{08}{0c}	{0d}{0d}너희들 바보 아냐?{08}{0c}
S11:5:5	21	……こっ　この小娘が{08}	……이 이 계집애가{08}
S11:5:6	78	……まあ　いつか\n自分が可愛がっていたやつから\n裏切られないように祈ってやるさ{08}{0c}	……뭐 언젠가\n자기가 귀여워하던 녀석한테\n배신당하지 않길 빌어 주마{08}{0c}
S11:5:7	42	ふーん……{0d}\nそれが教師のいうことですか？{08}{0c}	흐응……{0d}\n그게 교사가 할 말이에요?{08}{0c}
S11:5:8	43	あーあ　もう……\nいつもこうなんだから……{08}{0c}	아아 정말……\n늘 이렇다니까……{08}{0c}
S11:5:9	53	ぼくは……男の人より{0d}\nその　なるべく女の人の方が……{08}	저는…… 남자보다는{0d}\n그 되도록 여자 쪽이……{08}
S11:5:10	60	いつか　ウィンに捨てられて\n泣くことがないように祈ってやるさ{08}	언젠가 윈한테 버림받고\n울 일이 없기를 빌어 주마{08}
S11:5:11	72	おい　レナ\n今日は　青竜さまのお祭りだ\nくれぐれもトラブルはおこすなよ！{08}{0c}	어이 레나\n오늘은 청룡님 축제다\n부디 말썽은 일으키지 마라!{08}{0c}
S11:5:12	43	ラルフ先生！\nそれはどういう意味ですか！？{08}{0c}	랄프 선생님!\n그게 무슨 뜻이에요!?{08}{0c}
S11:5:13	107	どういう……って\nそのまんまの意味だよ{08}{0c}ウィン　レナがトラブルを\nおこしそうになったら\nおまえが止めるんだぞ{08}{0c}	무슨 뜻이냐니\n말 그대로의 뜻이다{08}{0c}윈 레나가 말썽을\n일으킬 것 같으면\n네가 말리는 거다{08}{0c}
S11:5:14	14	は　はい……{08}{0c}	네 네……{08}{0c}
S11:5:15	79	ウィン！　なに返事してるのよ！\nわ　わたしは……\nた　たまにしか失敗しないわよ！{08}	윈! 뭘 대답하고 있어!\n나 나는……\n가 가끔밖에 실수 안 해!{08}
S11:5:16	60	先生……\nレナが走り出したら\nだれにも止められないんです……{08}{0c}	선생님……\n레나가 달리기 시작하면\n아무도 못 말려요……{08}{0c}
S11:5:17	24	ちょっと！　エリー！？{08}{0c}	잠깐! 엘리!?{08}{0c}
S11:5:18	79	エリーのいうことも　もっともだ\nレナのいう　たまに　が\n今日じゃないことを祈ろう{08}	엘리 말도 일리가 있다\n레나가 말하는 가끔이\n오늘이 아니길 빌자{08}
S11:5:19	28	ラルフ先生　久しぶりーっ曖{08}{0c}	랄프 선생님 오랜만이야～♥{08}{0c}
S11:5:20	43	……青竜さまといっしょに\nふってきたのか？{08}{0c}	……청룡님이랑 같이\n떨어진 거냐?{08}{0c}
S11:5:21	57	だから　レナといっしょに\nするのは　やめてほしいんだけど{08}{0c}	그러니까 레나랑 같이\n취급하지 말아 줬으면 하는데{08}{0c}
S11:5:22	53	あ　すまん\nあまりのショックに\nつい　口走ってしまった{08}	아 미안\n너무 충격이라\n그만 입이 미끄러졌다{08}
S11:5:23	45	その子がアズくんか\nうん　いい目をしているな{08}{0c}	그 애가 아즈 군인가\n음 좋은 눈을 하고 있구나{08}{0c}
S11:5:24	35	あーっ　いきなり\nおせじ使ってる～{08}{0c}	아～ 갑자기\n아부하고 있어～{08}{0c}
S11:5:25	107	アズは　おせじなんか使わなくても\nイイ男だよ{08}{0c}なんだよ　レナなんか\nあんなナヨナヨしたやつが\n好きなくせに！{08}{0c}	아즈는 아부 안 해도\n좋은 남자야{08}{0c}뭐야 레나는\n저런 흐물흐물한 녀석을\n좋아하는 주제에!{08}{0c}
S11:5:26	82	なんですってぇー！！\nアズがカッコイイのはみとめるけど\n幼なじみなだけじゃない！！{08}{0c}	뭐라고오!!\n아즈가 멋진 건 인정하지만\n소꿉친구일 뿐이잖아!!{08}{0c}
S11:5:27	53	やれやれ……青竜さまより\nこっちの方が　おおごとだな{08}{0c}	이거 참…… 청룡님보다\n이쪽이 더 큰일이구나{08}{0c}
S11:5:28	19	……ご迷惑かけます{08}	……폐를 끼칩니다{08}
S11:5:29	77	まったく　おまえたちは\n青竜さまが落ちたっていうのに\nぜんぜん変わらないんだな{08}	정말 너희는\n청룡님이 떨어졌는데도\n하나도 안 변하는구나{08}
S11:5:30	16	青竜のなぞ……{08}{0c}	청룡의 수수께끼……{08}{0c}
S11:5:31	39	それ　ぼくも読みました\nいい本でしたよ{08}{0c}	그거 저도 읽었어요\n좋은 책이었어요{08}{0c}
S11:5:32	85	まあ……それはいいんだけどね{0d}\nどうして関係のある本が\n都合よく置かれているわけ……？{08}{0c}	뭐…… 그건 괜찮은데{0d}\n왜 관계있는 책이\n딱 맞게 놓여 있는 거야……?{08}{0c}
S11:5:33	52	そんなことで怒っても\nしょうがないんじゃないかな……{08}	그런 걸로 화내 봤자\n소용없지 않을까……{08}
S11:5:34	80	ぼくが読んでみますね\n青竜は　赤黒白を含めた四竜の\nひとりであり　いにしえの……{08}{0c}	제가 읽어 볼게요\n청룡은 적 흑 백을 포함한\n사룡의 하나이며 먼 옛날……{08}{0c}
S11:5:35	32	まったく　だれの仕業なのかしら{08}{0c}	정말 누구 짓이람{08}{0c}
S11:5:36	52	ウィンが読んでくれてるんだから\n聞いてあげようよ……{08}	윈이 읽어 주고 있으니까\n들어 주자……{08}
S11:5:37	89	ちょっと調べてみたんだけど\nイェン島に魔法学園ができた年に\nはじめて青竜さまが訪れたらしい{08}	좀 조사해 봤는데\n옌섬에 마법학원이 생긴 해에\n처음 청룡님이 찾아오셨대{08}
S11:5:38	73	どっ　どうしたんだろう……\n本を調べているんだけど\nちっともわからないんだ{08}	어 어떻게 된 걸까……\n책을 찾아보고 있는데\n하나도 모르겠어{08}
S11:5:39	67	ぼく　ラッキーです\nイェンにきた　その年に\n青竜さまに会えるなんて！{08}	저 운이 좋아요\n옌에 온 바로 그해에\n청룡님을 만날 수 있다니!{08}
S11:5:40	46	ぼくはアンラッキーです\n目の前で青竜さまが……{08}	저는 운이 나빠요\n눈앞에서 청룡님이……{08}
S11:5:41	40	コウフンして\n本なんか読んでいられないよ{08}	흥분해서\n책 같은 거 못 읽겠어{08}
S11:5:42	59	こっ　この悲しさは\n本を片づけることで\nまぎらわせてやる！！{08}	이 이 슬픔은\n책을 정리하는 걸로\n달래 주겠어!!{08}
S11:5:43	35	イェンの中心？\nなんだろう　この本{08}{0c}	옌의 중심?\n뭘까 이 책{08}{0c}
S11:5:44	64	ああ　その本は\n気にしないでください\n読んでもしょうがないですよ{08}{0c}	아아 그 책은\n신경 쓰지 마세요\n읽어도 소용없어요{08}{0c}
S11:5:45	58	なによウィン\nそんないい方するなんて\nめずらしいじゃない？{08}{0c}	뭐야 윈\n그런 식으로 말하다니\n별일이네?{08}{0c}
S11:5:46	66	いえ　その本を\n読んだことがあるんですよ\nどうしようもない本でした{08}{0c}	아뇨 그 책을\n읽은 적이 있거든요\n형편없는 책이었어요{08}{0c}
S11:5:47	7	ふーん{08}	흐응{08}
S11:5:48	41	イェンの中心ねえ……\n湖があるところよね{08}{0c}	옌의 중심이라……\n호수가 있는 곳이지{08}{0c}
S11:5:49	30	そういう意味じゃないと思うよ{08}{0c}	그런 뜻이 아닌 것 같아{08}{0c}
S11:5:50	33	するどいつっこみ　ありがとう……{08}	날카로운 지적 고마워……{08}
S11:5:51	61	レナに教える魔法などないが\nウィンにはこの魔法を教えてやろう{08}{0c}	레나에게 가르칠 마법은 없지만\n윈에겐 이 마법을 가르쳐 주마{08}{0c}
S11:5:52	34	ウィンは\nフレイムボックスを覚えた{08}	윈은\n플레임박스를 익혔다{08}
S11:5:53	62	ふーんだ\nラルフ先生の教える魔法なんて\nこっちから願い下げよ！{08}{0c}	흥이다\n랄프 선생님이 가르치는 마법\n따위 이쪽에서 사양이야!{08}{0c}
S11:5:54	90	ほぉ～……　たまにはレナの使える\n魔法でも探してやるかと思ったが\nやはり　いらないようだな{08}{0c}	호오～…… 가끔은 레나가 쓸\n수 있는 마법이라도 찾아 줄까\n했는데 역시 필요 없나 보군{08}{0c}
S11:5:55	45	あーウソウソ！！\nラルフ先生　愛してますぅ曖{08}{0c}	아～ 거짓말 거짓말!!\n랄프 선생님 사랑해요♥{08}{0c}
S11:5:56	15	もう遅いよ……{08}	이미 늦었다……{08}
S11:5:57	82	じつは　セニアが帰ってから\nずっと考えていたエリーとセニアの\n合体魔法があるんだが{08}{0c}	실은 세니아가 돌아간 뒤로\n쭉 생각해 온 엘리와 세니아의\n합체 마법이 있는데{08}{0c}
S11:5:58	82	まっ　ラルフ先生ってば\nずっとエリーとセニアのことを\n考えていただなんてイヤラシイ{08}{0c}	어머 랄프 선생님도 참\n계속 엘리랑 세니아 생각을\n하고 있었다니 음흉해{08}{0c}
S11:5:59	52	エリーの炎とセニアの電撃を\n合体させるんだ\nどうかな{08}{0c}	엘리의 불꽃과 세니아의 전격을\n합체시키는 거다\n어떠냐{08}{0c}
S11:5:60	49	どうかなって　いわれても\nわたし　こまっちゃう～{08}{0c}	어떠냐고 해도\n나 곤란한걸～{08}{0c}
S11:5:61	46	エリーとセニアは\nチェーンライトニングを覚えた{08}	엘리와 세니아는\n체인라이트닝을 익혔다{08}
S11:5:62	35	割と強力だと思うんだが\nどうだろう{08}{0c}	꽤 강력하다고 생각하는데\n어떠냐{08}{0c}
S11:5:63	35	ラルフ先生……\n悟りを開きましたね{08}{0c}	랄프 선생님……\n득도하셨네요{08}{0c}
S11:5:64	36	こっ　この借りは\nいつか返すからね！{08}	이 이 빚은\n언젠가 갚을 테니까！{08}
S11:6:0	86	明日　青竜さまを迎えるための\n歌の練習を全員しています\nレナさんはえんりょしてください{08}{0c}	내일 청룡님을 맞이하기 위한\n노래를 모두 연습하고 있어요\n레나 양은 사양해 주세요{08}{0c}
S11:6:1	43	……ひさしぶりに聞くと\nけっこうつらいです{08}{0c}	……오랜만에 들으니\n꽤 괴로워요{08}{0c}
S11:6:2	26	……なんのことでしょう？{08}{0c}	……무슨 말씀이죠?{08}{0c}
S11:6:3	25	オンチのことだと思います{08}	음치 얘기인 것 같아요{08}
S11:6:4	45	急に思い出しました……\n１０年前のことを……{08}{0c}	갑자기 생각났어요……\n１０년 전의 일이……{08}{0c}
S11:6:5	57	先生……どうしたんですか\nいままでにないパターンですよ？{08}{0c}	선생님…… 왜 그러세요\n지금까지 없던 패턴인데요?{08}{0c}
S11:6:6	84	青竜の季節なんてなつかしいですね\nわたくしには少女だった頃の記憶が\n今も生きています{08}{0c}	청룡의 계절이라니 그립네요\n제게는 소녀 시절의 기억이\n지금도 살아 있어요{08}{0c}
S11:6:7	39	テレイナ先生\nすごく　うれしそうですね{08}{0c}	테레이나 선생님\n정말 기뻐 보이세요{08}{0c}
S11:6:8	80	もちろんですよ　エリーさん\n１０年もたってしまえば\nどんな記憶でも美しいものです{08}{0c}	물론이죠 엘리 양\n１０년이나 지나고 나면 어떤\n기억이든 아름다운 법이에요{08}{0c}
S11:6:9	80	青竜さまをお迎えする\n準備はととのいました　あとは\nおいでになるのを待つだけです{08}{0c}	청룡님을 맞이할\n준비는 끝났어요 이제\n오시기를 기다리기만 하면 돼요{08}{0c}
S11:6:10	53	あの～　テレイナ先生……\nわたしも協力しましょうか？{08}{0c}	저기～ 테레이나 선생님……\n저도 도와드릴까요?{08}{0c}
S11:6:11	49	レナさん……\n残念ですが……\nそれだけは遠慮します{08}	레나 양……\n유감이지만……\n그것만은 사양할게요{08}
S11:6:12	61	レナさん……\n残念ですが……\n他の先生に協力してあげてください{08}	레나 양……\n유감이지만……\n다른 선생님을 도와주세요{08}
S11:6:13	45	青竜さまが大変なことに\nなっているそうですね{08}{0c}	청룡님이 큰일이\n났다면서요{08}{0c}
S11:6:14	43	アタシだよ　テレイナ先生！！\n元気だった？{08}{0c}	나야 테레이나 선생님!!\n잘 지냈어?{08}{0c}
S11:6:15	145	あら……セニアさんじゃないですか\nひさしぶりですね{08}\nいろいろお話もしたいのですが\nこの後は青竜さまをおなぐさめする\n歌を歌わなければならないのです{08}{0c}	어머…… 세니아 양 아니에요\n오랜만이네요{08}\n이야기도 많이 하고 싶지만\n이다음엔 청룡님을 위로하는\n노래를 불러야 하거든요{08}{0c}
S11:6:16	44	やっぱり　テレイナ先生は\nテレイナ先生だな～{08}	역시 테레이나 선생님은\n테레이나 선생님이네～{08}
S11:6:17	66	これからわたしたちが\n星見の塔にいってきますから\n安心してください{08}{0c}	지금부터 저희가\n별보기 탑에 다녀올 테니\n안심하세요{08}{0c}
S11:6:18	100	そうですか……\n気をつけてくださいね{08}{0c}……{0d}{0d}……{0d}{0d}{0d}{08}\nなんだか……{0d}{0d}{0d}\nよけい心配になってしまいました{08}{0c}	그래요……\n조심하세요{08}{0c}……{0d}{0d}……{0d}{0d}{0d}{08}\n어쩐지……{0d}{0d}{0d}\n더 걱정이 되어 버렸어요{08}{0c}
S11:6:19	29	……さすが　テレイナ先生……{08}	……역시 테레이나 선생님……{08}
S11:6:20	37	ちょっとぼくが\n弾いてみましょうか？{08}{0c}	제가 잠깐\n연주해 볼까요?{08}{0c}
S11:6:21	22	……{0d}{0d}ぜったい　ヤダ{08}{0c}	……{0d}{0d}절대 싫어{08}{0c}
S11:6:22	30	ウィンに悪気はないと思う……{08}{0c}	윈은 나쁜 뜻 없을 거야……{08}{0c}
S11:6:23	15	それでも　ヤダ{08}	그래도 싫어{08}
S11:6:24	80	わたしが弾く気になって\nちゃんと弾けるようになったら\nいっしょにやってもいいわよ{08}{0c}	내가 연주할 마음이 생겨서\n제대로 칠 수 있게 되면\n같이 해도 돼{08}{0c}
S11:6:25	26	えっ　ほんとうですか！？{08}{0c}	앗 정말요!?{08}{0c}
S11:6:26	17	ウソばっかり……{08}	거짓말만 하고……{08}
S11:6:27	38	よし！\n明日の準備は　ばっちりＯＫよ！{08}	좋아!\n내일 준비는 완벽하게 ＯＫ야!{08}
S11:6:28	48	わたし　舞台で歌うの初めてなの\n緊張しちゃうわぁ{08}	나 무대에서 노래하는 거\n처음이야 긴장된다～{08}
S11:6:29	52	わ　わたしの初舞台が！！\nどうして　こんなことに！？{08}	내 내 첫 무대가!!\n어째서 이런 일이!?{08}
S11:6:30	32	発声練習にいそがしいの\nごめんね{08}	발성 연습하느라 바빠\n미안해{08}
S11:6:31	77	いろいろな人にささげる歌を\n歌ってきたけど……\n青竜さまにささげる歌は初めてね{08}	여러 사람에게 바치는 노래를\n불러 왔지만…… 청룡님께\n바치는 노래는 처음이야{08}
S11:6:32	50	……どうして　こんなことに\nなってしまったのかしら{08}	……어째서 이렇게\n되어 버린 걸까{08}
S11:6:33	44	明日はわたしたちが\nみんなの前で歌うんです～{08}	내일은 저희가\n모두 앞에서 노래해요～{08}
S11:6:34	38	ちゃんと\n練習の成果がだせるかしら～？{08}	제대로 연습한\n성과를 낼 수 있을까～?{08}
S11:6:35	50	青竜さまをたたえる歌を\nせっかく練習していたのに～{08}	청룡님을 기리는 노래를\n모처럼 연습했는데～{08}
S11:6:36	56	それはそれとして\nブレードさんには\nこの魔法を教えますね{08}{0c}	그건 그렇고\n블레이드 씨에게는\n이 마법을 가르쳐 드릴게요{08}{0c}
S11:6:37	29	ブレードはシーブレスを覚えた{08}	블레이드는 시브레스를 익혔다{08}
S11:7:0	47	もう青竜さまの時期がきたのか……\nなつかしいの{08}{0c}	벌써 청룡님이 오실 때가\n됐나…… 그립구나{08}{0c}
S11:7:1	43	……先生にも１０年前なんて\nあったんですね{08}{0c}	……선생님에게도 １０년 전이\n있었군요{08}{0c}
S11:7:2	40	……どうだったかな{0d}\n少し考えさせてくれ{08}{0c}	……어땠더라{0d}\n조금 생각하게 해 다오{08}{0c}
S11:7:3	46	あ　ダディス先生\nそんなに悩むならいいです……{08}	아 다디스 선생님 그렇게\n고민하실 거면 됐어요……{08}
S11:7:4	53	まあ　おまえたちも年をくうから\n心配しなくてもいいぞ{08}{0c}	뭐 너희도 나이를 먹을 테니\n걱정 안 해도 된다{08}{0c}
S11:7:5	50	ダディス先生……\nそれは　いままでの仕返しですか？{08}	다디스 선생님……\n그거 지금까지의 복수예요?{08}
S11:7:6	82	……そろそろ青竜の祭りの時期の\nような気がするが……\n……そうでないような気もする{08}{0c}	……슬슬 청룡 축제 때가\n된 것 같기도 한데……\n……아닌 것 같기도 하고{08}{0c}
S11:7:7	36	ダディス先生！\nお祭りは今日ですよ！{08}	다디스 선생님!\n축제는 오늘이에요!{08}
S11:7:8	66	おお　そうか！\nさっそく準備をしなくては……\nエリカ　手伝ってくれ{08}{0c}	오오 그러냐!\n당장 준비를 해야지……\n에리카 도와 다오{08}{0c}
S11:7:9	62	あの～　ダディス先生\nわたしは　エリカじゃなくて\nレナですよ！{08}{0c}	저기～ 다디스 선생님\n저는 에리카가 아니라\n레나예요!{08}{0c}
S11:7:10	45	おお　そうか！\nエリカは　どこへいったのだ？{08}{0c}	오오 그러냐!\n에리카는 어디 갔지?{08}{0c}
S11:7:11	30	ねえ　ほかへいってみようよ？{08}{0c}	있잖아 다른 데 가 보자?{08}{0c}
S11:7:12	53	そうね……\nたしかに　ここにいても\nしかたないわね……{08}	그러게……\n확실히 여기 있어도\n소용없겠다……{08}
S11:7:13	29	エリカは　どこへいったのだ？{08}	에리카는 어디 갔지?{08}
S11:7:14	86	青竜さまがケガをしただと！？\nしかし　青竜さまは１０年に\n１度しかイェンを訪れないはず{08}{0c}	청룡님이 다쳤다고!?\n하지만 청룡님은 １０년에\n한 번밖에 옌에 안 오실 텐데{08}{0c}
S11:7:15	26	あ　相変わらずだーっ！！{08}{0c}	여 여전하시다～!!{08}{0c}
S11:7:16	62	なんだ\n見た顔がいると思ったら　セニアか\nもう建物はこわすなよ{08}{0c}	뭐냐\n낯익은 얼굴이다 했더니 세니아\n이제 건물은 부수지 마라{08}{0c}
S11:7:17	16	は　はいっ！？{08}{0c}	네 네엣!?{08}{0c}
S11:7:18	65	建物はこわすなだと？{0d}{0d}{0d}\nいったい……\nどういうことだ？　セニア？{08}{0c}	건물을 부수지 말라고?{0d}{0d}{0d}\n대체……\n무슨 소리지? 세니아?{08}{0c}
S11:7:19	18	うーんとねぇ……{08}{0c}	으음 그게……{08}{0c}
S11:7:20	35	レナ～？\nそれ以上しゃべったら……{08}\n	레나～?\n더 말하면……{08}\n
S11:7:21	9	電撃だよ{08}	전격이야{08}
S11:7:22	62	は　はやく　太陽に目をならして\n外に出られるようになりたい！！{08}	빠 빨리 햇빛에 눈을 익혀서\n밖에 나가고 싶어!!{08}
S11:7:23	82	研究所の中だって\nお祭り気分は味わえるさ！！{0d}{0d}{0d}{0d}{0d}\n……ううっ　やっぱりむなしい……{08}	연구소 안에서도\n축제 기분은 낼 수 있어!!{0d}{0d}{0d}{0d}{0d}\n……으윽 역시 허무해……{08}
S11:7:24	56	外に出られないオレとしては\n嬉しいような悲しいような……{08}	밖에 못 나가는 나로서는\n기쁘기도 슬프기도 하고……{08}
S11:7:25	69	明日　青竜さまがくるんだ\nそっか　じゃあ\nわたしもおしゃれしようっと！{08}	내일 청룡님이 오시는구나\n그렇지 그럼\n나도 멋 좀 부려야지!{08}
S11:7:26	44	青竜さまにちなんで\n青い服なんてどうかしら？{08}	청룡님에 맞춰서\n파란 옷은 어떨까?{08}
S11:7:27	31	おしゃれしようと思ったのに……{08}	멋 부리려고 했는데……{08}
S11:7:28	46	青竜さまかぁ\nそれよりお祭りのほうが楽しみだな{08}	청룡님이라\n그보다 축제가 더 기대돼{08}
S11:7:29	42	今日はいよいよお祭りの日だね\n楽しみだなぁ{08}	오늘은 드디어 축제 날이네\n기대된다{08}
S11:7:30	42	なんてこったい\nこんなことってありかよ！！{08}	이게 뭐야\n이런 게 말이 되냐고！！{08}
S11:8:0	38	よし！！\nおまえたちも見にくるがいい！{08}	좋아!!\n너희도 보러 오너라!{08}
S11:8:1	44	……ケント先生\nおかしくなっちゃった……かな{08}	……켄트 선생님\n이상해져 버린…… 걸까{08}
S11:8:2	27	ただの実験だと思うけど……{08}	그냥 실험일 것 같은데……{08}
S11:8:3	72	ハイドのやつが星辰機関を\n完成させたのをみて\nすこしイライラしてたんでな{08}{0c}	하이드 녀석이 성진 기관을\n완성시킨 걸 보고\n좀 짜증이 났거든{08}{0c}
S11:8:4	32	……本音は　どこにあるのかしら{08}{0c}	……진심은 어디 있는 걸까{08}{0c}
S11:8:5	29	だから全部じゃないのかな……{08}	그러니까 전부 아닐까……{08}
S11:8:6	88	青竜さまを　お祝いするための\n景気づけもかねているんだぞ\nそんな青筋たてなくてもいいだろ{08}{0c}	청룡님을 축하하기 위한\n분위기 띄우기도 겸하고 있다\n그렇게 핏대 세울 거 없잖냐{08}{0c}
S11:8:7	47	じゃあ　わたしの名前を\nつけないてくださいよ！{08}{0c}	그럼 제 이름을\n붙이지 말아 주세요!{08}{0c}
S11:8:8	34	わしの楽しみをうばうつもりか……{08}{0c}	내 즐거움을 빼앗을 셈이냐……{08}{0c}
S11:8:9	46	……動機がたくさん\nかさなってたってわけね……{08}	……동기가 잔뜩\n겹쳐 있었다는 거구나……{08}
S11:8:10	98	えーい　またハイドのしわざだな！\n青竜さまを手にかけてしまうとはな\n後々やっかいなことになりそうだ{08}{0c}	에잇 또 하이드 짓이로군!\n청룡님을 해쳐 버리다니\n나중에 골치 아프게 되겠어{08}{0c}
S11:8:11	53	やっかいとかいう問題じゃ\nすまないと思いますけど……{08}{0c}	골치 아픈 정도로\n끝날 문제가 아닐 텐데요……{08}{0c}
S11:8:12	31	そうだよ！\nアタシ　知らないよ{08}{0c}	맞아!\n나 모른다{08}{0c}
S11:8:13	68	誰かと思ったら　セニアか\nケッコンしたらしいが\n元気にやっておるか？{08}{0c}	누군가 했더니 세니아로구나\n결혼했다던데\n잘 지내고 있느냐?{08}{0c}
S11:8:14	64	まあ　ここは魔法学園だ\n青竜さまが落ちたくらい\nなんとかなるだろ{08}{0c}	뭐 여긴 마법학원이다\n청룡님이 떨어진 것쯤\n어떻게든 되겠지{08}{0c}
S11:8:15	42	さ　さすが\nハイド先生の仲間なだけあるわね{08}	여 역시\n하이드 선생님 동료답네{08}
S11:8:16	44	ケント先生……\nまた　なにか作ったみたいだよ{08}	켄트 선생님……\n또 뭔가 만든 것 같아{08}
S11:8:17	36	あれはきっと\n新型の花火だったんだね{08}	저건 분명\n신형 불꽃놀이였나 봐{08}
S11:8:18	31	青竜さまが……落ちちゃったの？{08}	청룡님이…… 떨어졌어?{08}
S11:8:19	40	今度こそ　うまくいけば\nいいんですが……{08}	이번에야말로 잘되면\n좋겠는데요……{08}
S11:8:20	40	今度の発明品も\nやっぱりだめでしたか……{08}	이번 발명품도\n역시 안 됐나요……{08}
S11:8:21	50	竜が飛ぶ秘密がわかると\n実験に役立つかもしれません{08}	용이 나는 비밀을 알면\n실험에 도움이 될지도 몰라요{08}
S11:8:22	37	そうじゃ\nウィンに魔法を教えてやろう{08}{0c}	그렇지\n윈에게 마법을 가르쳐 주마{08}{0c}
S11:8:23	27	ウィンはグラビティを覚えた{08}	윈은 그래비티를 익혔다{08}
S11:8:24	86	反重力で空をとぶ研究に\n応用できないかと思ったんじゃが\nちっと　強力すぎて危険なんでな{08}{0c}	반중력으로 하늘을 나는 연구에\n응용할 수 없을까 했는데\n좀 너무 강력해서 위험하거든{08}{0c}
S11:8:25	47	ケント先生にも危険なんて感覚\nあったんですね～{08}{0c}	켄트 선생님에게도 위험이란\n감각이 있었군요～{08}{0c}
S11:8:26	63	……研究が実験段階に入ったら\nまっさきにレナに試させてやるわい{08}{0c}	……연구가 실험 단계가 되면\n제일 먼저 레나한테 시켜 주마{08}{0c}
S11:8:27	21	え　遠慮しときますぅ{08}	사 사양할게요～{08}
S11:8:28	86	おまえたち二人を祝って\nひとつハデな魔法を教えてやろう\nほれブレード　ちょっとてつだえ{08}{0c}	너희 둘을 축하해서\n화려한 마법을 하나 가르쳐\n주마 자 블레이드 좀 도와라{08}{0c}
S11:8:29	22	オ　オレですか……？{08}{0c}	제 제가요……?{08}{0c}
S11:8:30	48	セニアとブレードは\nライトニングブレードを覚えた{08}	세니아와 블레이드는\n라이트닝블레이드를 익혔다{08}
S11:8:31	68	セニアの電撃と\nイアソン直伝の魔法剣が合体！\nどうじゃ　ハデじゃろう{08}{0c}	세니아의 전격과\n이아손 직전의 마법검이 합체!\n어떠냐 화려하지{08}{0c}
S11:8:32	29	それのどこがお祝いなのよ……{08}	그게 어디가 축하라는 거야……{08}
S11:9:0	41	青竜さまの季節がくると\n思い出すなあ……{08}{0c}	청룡님의 계절이 오면\n생각나는구나……{08}{0c}
S11:9:1	54	変な薬草でも飲んだんですか？{0d}\nめずらしく詩人ですねぇ{08}{0c}	이상한 약초라도 드셨어요?{0d}\n웬일로 시인이시네요{08}{0c}
S11:9:2	82	ぼくだって物思いぐらいするさ\n１０年前っていったら\nちょうど君たちと同じ年だったし{08}{0c}	나도 생각에 잠길 때가 있다고\n１０년 전이라면\n딱 너희랑 같은 나이였으니{08}{0c}
S11:9:3	30	へえ　なにかあったんですか？{08}{0c}	헤에 무슨 일 있었어요?{08}{0c}
S11:9:4	78	消したくとも消せない\n白昼夢のような出来事ばかりだよ\nあの頃はよかったなぁ……{08}{0c}	지우고 싶어도 못 지우는\n백일몽 같은 일들뿐이야\n그때가 좋았지……{08}{0c}
S11:9:5	42	先生ーっ\nキザすぎて　それ以上聞けませ～ん{08}	선생님～ 너무\n느끼해서 더는 못 듣겠어요～{08}
S11:9:6	86	き　きみって子は……\n今度　青竜さまがいらっしゃる時は\nどういう大人になっているのやら{08}{0c}	너 너라는 애는……\n다음에 청룡님이 오실 때는\n어떤 어른이 되어 있을지{08}{0c}
S11:9:7	14	……不安です{08}{0c}	……걱정이에요{08}{0c}
S11:9:8	30	ちょ　ちょっと　エリーっ！？{08}{0c}	자 잠깐 엘리!?{08}{0c}
S11:9:9	56	まぁ　１０年後にきみたちが\nここにいるとは限らないけどね{08}	뭐 １０년 뒤에 너희가\n여기 있으리란 법은 없지만{08}
S11:9:10	34	やあ　とうとうお祭りの日がきたね{08}{0c}	야아 드디어 축제 날이 왔구나{08}{0c}
S11:9:11	49	ブルーン先生は　お祭りの準備を\nしないんですか？{08}{0c}	브룬 선생님은 축제 준비\n안 하세요?{08}{0c}
S11:9:12	69	いや～\n実験でいそがしかったからなぁ\nさわがしいのは他の人にまかせるよ{08}	아니～\n실험으로 바빴거든\n시끌벅적한 건 남한테 맡길게{08}
S11:9:13	62	みんな準備でいそがしいはずだから\nじゃまにならないようにしなよ{08}	다들 준비로 바쁠 테니\n방해되지 않게 하렴{08}
S11:9:14	66	あ　セニアさんじゃないか\nどうしたんだい？\n元気でやっていたかい？{08}{0c}	아 세니아 양 아니니\n웬일이야?\n잘 지냈니?{08}{0c}
S11:9:15	80	はい　元気ですけど……{0d}{0d}{0d}\nうーん　{0d}{0d}{0d}その様子じゃ先生は\nケッコンはまだまだだね{08}{0c}	네 잘 지냈는데……{0d}{0d}{0d}\n으음 {0d}{0d}{0d}그 모습을 보니 선생님은\n결혼은 아직 멀었네{08}{0c}
S11:9:16	33	先生！\n青竜さまが星見の塔に……{08}{0c}	선생님!\n청룡님이 별보기 탑에……{08}{0c}
S11:9:17	26	先生は　待機なんでしょ？{08}{0c}	선생님은 대기죠?{08}{0c}
S11:9:18	42	……どうして\nみんなで　ぼくを責めるかな～{08}	……왜\n다들 나를 탓하는 걸까～{08}
S11:9:19	49	ブルーン先生は　エマ先生のこと\n好きなんでしょ？{08}{0c}	브룬 선생님은 에마 선생님\n좋아하죠?{08}{0c}
S11:9:20	74	えっ　ほんとかよ！？\nエマ先生は　もっと自立している\n男じゃないとダメだよ{08}{0c}	엇 정말이야!?\n에마 선생님은 더 자립한\n남자가 아니면 안 돼{08}{0c}
S11:9:21	24	ねえ　みんないこうよー{08}{0c}	있잖아 다들 가자～{08}{0c}
S11:9:22	70	ブルーン先生！！\nやはり　イアソン先生のところで\n修行をしましょう！！{08}{0c}	브룬 선생님!!\n역시 이아손 선생님 밑에서\n수행을 합시다!!{08}{0c}
S11:9:23	56	よく　本人の前でそこまで\n好き勝手なことがいえるなぁ……{08}	용케 본인 앞에서 그렇게까지\n멋대로 말할 수 있구나……{08}
S11:9:24	63	青竜さまか……そうか……\n話には聞いていたけど\n本当にくるんだな{08}	청룡님이라…… 그렇구나……\n얘기는 들었지만\n정말 오시는구나{08}
S11:9:25	64	われわれでは　どうにもなるまい\nよけいな首を突っ込まないことだな{08}	우리로선 어쩔 도리가 없겠지\n괜히 끼어들지 않는 게 좋아{08}
S11:9:26	33	わたし　青竜なんてどうでもいいわ{08}	나 청룡 따위 아무래도 좋아{08}
S11:9:27	48	これも運命ね……\n形あるものは　いつかくずれるわ{08}	이것도 운명이야……\n형태 있는 것은 언젠가 무너져{08}
S11:9:28	45	そうだ　ウィンくんに\nこの魔法を教えておくね{08}{0c}	그렇지 윈 군에게\n이 마법을 가르쳐 줄게{08}{0c}
S11:9:29	27	ウィンはトルネードを覚えた{08}	윈은 토네이도를 익혔다{08}
S11:10:0	38	さて　青竜さまがくるぞ～\n酒を飲むぞ～{08}	자 청룡님이 오신다～\n술 마시자～{08}
S11:10:1	40	さ～て　今日は　あびるほど\n酒を飲むぞ～{08}	자～ 오늘은 들이붓듯\n술을 마실 테다～{08}
S11:10:2	60	そうか……酒は飲めないな……\nいや　それどころじゃないぞ！！{08}	술은 못 마시겠구나……\n아니 그럴 때가 아니야!!{08}
S11:10:3	54	さあ　明日はお祭りですね\nどんな格好をしていこうかしら{08}	자 내일은 축제네요\n어떤 차림으로 갈까{08}
S11:10:4	69	お祭りで浮かれてばかりいないで\n世界を統べる四竜さまに\n感謝しないとね{08}	축제라고 들뜨기만 하지 말고\n세계를 다스리는 사룡님께\n감사해야지{08}
S11:10:5	44	青竜さまが……\nなっ　なんてことでしょう！！{08}	청룡님이……\n이 이럴 수가!!{08}
S11:10:6	57	くすくすくす\n青竜さまって\n幸せを運んできてくれるんだから{08}	킥킥킥\n청룡님은\n행복을 가져다주시거든{08}
S11:10:7	44	くすくすくす\nあ～　なんだか浮かれちゃうわぁ{08}	킥킥킥\n아～ 어쩐지 들뜨네{08}
S11:10:8	29	なんか　不吉な予感がするわね{08}	왠지 불길한 예감이 드네{08}
S11:11:0	52	青竜さまがいらっしゃると\nイェンも盛り上がるんですよ{08}	청룡님이 오시면\n옌도 떠들썩해진답니다{08}
S11:11:1	50	今日は１０年に一度の日だからね\n景気よくいきたいね{08}	오늘은 １０년에 한 번 있는\n날이니 시원하게 가 보자고{08}
S11:11:2	64	どうしたんでしょうか　いったい\nたしか　あの塔はハイド先生が……{08}	대체 어떻게 된 걸까요 분명\n저 탑은 하이드 선생님이……{08}
S11:11:3	50	今からコウフンしちまうぜ\n早く明日にならねえかなぁ{08}	벌써부터 흥분된다\n빨리 내일이 됐으면{08}
S11:11:4	65	いよいよ青竜さまがくるんだな\nきのうはコウフンして\n眠れなかったよ{08}	드디어 청룡님이 오시는구나\n어젯밤엔 흥분해서\n잠을 못 잤어{08}
S11:11:5	48	なんでも青い光が\n青竜さまをとらえたそうだが……{08}	듣자 하니 파란 빛이\n청룡님을 붙잡았다던데……{08}
S11:11:6	42	お祭りにむけて\n服をたくさんつくってるの曖{08}	축제에 맞춰\n옷을 잔뜩 만들고 있어♥{08}
S11:11:7	42	なんとかお祭りまでに\n服を全部つくれたわ曖{08}	겨우 축제 전까지\n옷을 다 만들었어♥{08}
S11:11:8	38	わっ　わたしのせいじゃ\nないわよっ！！{08}	내 내 탓\n아니거든!!{08}
S11:11:9	25	なんだか　いそがしいなぁ{08}	어쩐지 바쁘네{08}
S11:11:10	49	青竜さまに\n服のデザインについて\n聞いてみようかな{08}	청룡님께\n옷 디자인에 대해\n물어볼까{08}
S11:11:11	25	きっと祭りは取り止めだね{08}	분명 축제는 취소겠네{08}
S11:12:0	19	削除もれメッセージ{08}	삭제 누락 메시지{08}
S11:12:1	54	{0c}じゃあ　わたし\n青竜さまに射止めてもらえば\nいいのね！{08}	{0c}그럼 나\n청룡님 마음을 사로잡으면\n되는 거네!{08}
S11:12:2	49	{0c}わたしが青竜さまを\n射止めてしまったのかしら……{08}	{0c}내가 청룡님을\n떨어뜨려 버린 걸까……{08}
S11:12:3	37	{0c}イェンは　ほんと\nあきないところだよ{08}	{0c}옌은 정말\n질리지 않는 곳이야{08}
S11:12:4	56	{0c}なんてこったい……\nイェンも\n楽しいことばかりじゃないな{08}	{0c}이럴 수가……\n옌도\n즐거운 일만 있는 건 아니구나{08}
S11:12:5	60	{0c}負けたぜ　レナ……\n青竜さまを\n叩き落としちまうなんてよ……{08}	{0c}졌다 레나……\n청룡님을\n떨어뜨려 버리다니……{08}
S11:12:6	75	{0c}ちがうわよ　このバカ！{0d}\nわたしが　そんなこと\nできるわけないでしょうが！！{08}	{0c}아니거든 이 바보!{0d}\n내가 그런 걸\n할 수 있을 리 없잖아!!{08}
S11:12:7	49	{0c}……それ以上　オレ様をみじめに\nさせないでくれよ{08}	{0c}……더 이상 날 비참하게\n만들지 말아 줘{08}
S11:12:8	56	{0c}さっすが　レナ！\nここまでアンチを\n手なずけるなんてねー{08}	{0c}역시 레나!\n안치를 이렇게까지\n길들이다니～{08}
S11:12:9	76	{0c}しかも　セニアまで帰って\nきちまったのか……\nもう　オレ様の三人組は解散だな{08}	{0c}게다가 세니아까지 돌아와\n버렸나……\n이제 내 삼인조는 해산이군{08}
S11:12:10	41	{0c}……すなおに喜べないのは\nどうして？？？{08}	{0c}……순순히 기뻐할 수 없는 건\n왜일까???{08}
S11:12:11	63	{0c}セ　セニアじゃないっスか！！\n青竜さまも落ちてくるわけっス……{08}	{0c}세 세니아 아니에요!!\n청룡님이 떨어질 만하네요……{08}
S11:12:12	74	{0c}なんかリックも　変わったね\n前は　もっと女を\nよせつけなかった感じだったよ{08}	{0c}릭도 좀 변했네\n전엔 더 여자를\n멀리하는 느낌이었는데{08}
S11:12:13	68	{0c}そうかなぁ……\nでも　男って　いつの間にか\n変わってることあるからね{08}	{0c}그런가……\n그래도 남자는 어느샌가\n변해 있을 때가 있으니까{08}
S11:12:14	63	{0c}……あんたら　ひとの目の前で\nうわさ話をするのはやめてくれっス{08}	{0c}……당신들 남의 눈앞에서\n소문 얘기 하는 건 그만둬요{08}
S11:12:15	67	{0c}そういえば　さっきは悪かったスね\nエリーさんには失礼なことしたっス{08}	{0c}그러고 보니 아까는 미안했어요\n엘리 씨한테 실례했어요{08}
S11:12:16	56	{0c}……あやまればすむと\n思っているかぎり\nゆるしてあげない{08}	{0c}……사과하면 된다고\n생각하는 한\n용서 안 해 줄 거야{08}
S11:12:17	34	{0c}ちゃ　ちゃんとあやまってるっスよ{08}	{0c}제 제대로 사과하고 있잖아요{08}
S11:12:18	47	{0c}ふーん　リックも素直だと\nカワイイじゃないか曖{08}	{0c}흐응 릭도 솔직하면\n귀엽잖아♥{08}
S11:12:19	32	{0c}か　からかうのはやめるっス！！{08}	{0c}노 놀리지 마요!!{08}
S11:12:20	80	{0c}やあ　セニアじゃないか\nそれと君が結婚相手か……\nイェンにまた戻ってくるのかい？{08}	{0c}야아 세니아 아니야\n그리고 네가 결혼 상대구나……\n옌에 다시 돌아오는 거야?{08}
S11:12:21	58	{0c}……また帰るけど……{0d}{0d}{0d}\nクールって　こういうやつだっけ？{08}	{0c}……다시 돌아가긴 하는데……{0d}{0d}{0d}\n쿨이 이런 녀석이었나?{08}
S11:12:22	57	{0c}うん　クールはいいやつよ\nアンチたちといっしょにいるけど{08}	{0c}응 쿨은 좋은 애야\n안치네랑 같이 다니긴 하지만{08}
S11:12:23	24	{0c}なんだ　それならいいや{08}	{0c}뭐야 그럼 됐어{08}
S11:12:24	30	{0c}……君たちには　圧倒されるよ{08}	{0c}……너희한텐 압도당한다니까{08}
S11:12:25	41	{0c}星見の塔にいくんだろ？\nがんばってこいよ{08}	{0c}별보기 탑에 가는 거지?\n힘내고 와{08}
S11:12:26	63	{0c}……なかなか　できる男とみたが\nイアソン道場にくる気はないか？{08}	{0c}……꽤 쓸 만한 남자 같은데\n이아손 도장에 올 생각 없나?{08}
S11:12:27	70	{0c}バカね　それは前にやったでしょ\nあんたも　もうちょっと\n学習しなさいよ{08}	{0c}바보야 그건 전에 했잖아\n너도 좀 더\n학습 좀 해{08}
S11:12:28	10	{0c}…………{08}	{0c}…………{08}
S11:13:0	0		=
S11:13:1	6	終わり	끝
S11:15:0	72	青竜さまかぁ\n今年はどんな願い事をしようかなっ{0d}\n……って　ちょっと違うか{08}	청룡님이라\n올해는 무슨 소원을 빌까{0d}\n……는 좀 다른가{08}
S11:15:1	69	青竜さまがきたと思って\n喜んでいたのに……\nいったい　どうしたのよ！？{08}	청룡님이 오셨다고\n기뻐했는데……\n대체 어떻게 된 거야!?{08}
S11:15:2	48	青竜さまがいらっしゃるんだろ？\nドキドキするなぁ{08}	청룡님이 오시는 거지?\n두근두근하네{08}
S11:15:3	23	心臓が止まるかと思った{08}	심장이 멎는 줄 알았어{08}
S11:16:0	0		=
S11:16:1	6	終わり	끝
S11:17:0	18	……おじいちゃん{08}{0c}	……할아버지{08}{0c}
S11:17:1	39	おお　エリー\nこの前は災難じゃったのぉ{08}{0c}	오오 엘리\n요전엔 봉변이었구먼{08}{0c}
S11:17:2	68	おじいちゃん……\nこの前は魔法球……\nかってに持ち出してごめんなさい{08}{0c}	할아버지……\n요전에 마법구……\n멋대로 가지고 나가서 죄송해요{08}{0c}
S11:17:3	68	うん　うん\n気にしなくていいんじゃよ\nわしはみんなわかっておるからの{08}{0c}	그래 그래\n신경 쓰지 않아도 된다네\n나는 다 알고 있으니까{08}{0c}
S11:17:4	79	さすが　おじいちゃん\nわかってるじゃない！{0d}{0d}{0d}\n悪いのはあのハイドとかいう先生よ{08}{0c}	역시 할아버지\n잘 아시네!{0d}{0d}{0d} 나쁜\n건 그 하이드라는 선생님이야{08}{0c}
S11:17:5	46	ぼくも\nレナさんのいうとおりだと\n思います……{08}{0c}	저도\n레나 씨 말이 맞다고\n생각해요……{08}{0c}
S11:17:6	45	ウィン　あんた\nだんだんわかってきたじゃない{08}{0c}	윈 너\n점점 뭘 좀 아는구나{08}{0c}
S11:17:7	14	…………{0d}{0d}{0d}{0d}{08}{0c}	…………{0d}{0d}{0d}{0d}{08}{0c}
S11:17:8	90	だけど……　おじいちゃんは\n許してくれても　ハイド先生は\n許してくれないような感じだし……{08}{0c}	하지만…… 할아버지는\n용서해 줘도 하이드 선생님은\n용서해 주지 않을 것 같고……{08}{0c}
S11:17:9	64	ハイドか……\nやつは自分のことしか考えない\nところがあるからのぉ{08}{0c}	하이드라……\n그 녀석은 자기 생각만 하는\n구석이 있으니 말이야{08}{0c}
S11:17:10	47	そうよ！　そうなのよ！\nエリーがかわいそうよ！{08}{0c}	그래! 바로 그거야!\n엘리가 불쌍해!{08}{0c}
S11:17:11	29	まぁまぁ　レナ\nそう怒らんと{08}{0c}	자자 레나\n그리 화내지 말게{08}{0c}
S11:17:12	278	今　わしにいえることは……{08}\n世の中には　そういう人間もいるし\nまた　そういう人間とも関わって\nいかなければならない場合もある{08}\n……ということじゃな{0d}{0d}{0d}{08}{0c}その時にどういう態度をとるかで\nその人間の成長が決まるじゃろう{08}{0c}エリー\nこれは　魔法ひとつを覚えるより\nとても大切なことなんじゃよ{08}{0c}	지금 해 줄 수 있는 말은……{08}\n세상에는 그런 사람도 있고\n또 그런 사람과도 어울려\n가야만 할 때가 있다{08}\n……는 것이지{0d}{0d}{0d}{08}{0c}그때 어떤 태도를 취하느냐로\n그 사람의 성장이 정해지지{08}{0c}엘리\n이건 마법 하나를 익히는\n것보다 훨씬 소중한 일이란다{08}{0c}
S11:17:13	56	はい……\nわたし……　もう一度\nハイド先生に謝ってきます{08}{0c}	네……\n저…… 다시 한번 하이드\n선생님께 사과하고 올게요{08}{0c}
S11:17:14	114	そうか……\nエリーがそうするべきだと\n思うならそうするがいい……{08}{0c}レナ　ウィン……\nエリーのことを助けて\nあげなさい{08}{0c}	그래……\n엘리가 그래야 한다고\n생각한다면 그리 하려무나……{08}{0c}레나 윈……\n엘리를 도와\n주거라{08}{0c}
S11:17:15	37	いわれなくたって\nわたしはやるわよ！{08}\n	말 안 해도\n난 할 거야!{08}\n
S11:17:16	14	ねぇ　ウィン{08}{0c}	있잖아 윈{08}{0c}
S11:17:17	7	はい！{08}	네!{08}
S11:17:18	43	今回はちょっとまじめな話を\nしすぎたかのぉ{08}{0c}	이번엔 좀 진지한 얘기를\n너무 했나{08}{0c}
S11:17:19	51	ううん　おじいちゃん\nとっても気持ちが楽になったよ{08}{0c}	아니에요 할아버지\n마음이 아주 편해졌어요{08}{0c}
S11:17:20	77	問題がおこった時　逃げ出さず\n向き合う姿勢を持ったエリーが\nわしは大好きじゃよ{08}	문제가 생겼을 때 도망치지\n않고 마주하는 자세를 가진\n엘리를 나는 아주 좋아한단다{08}
S11:17:21	43	ウィンよ　エリーやレナを\n守ってあげなさい{08}{0c}	윈이여 엘리와 레나를\n지켜 주거라{08}{0c}
S11:17:22	23	はい！　がんばります！{08}	네! 힘낼게요!{08}
S11:17:23	69	なに　心配はいらんよ\nハイドだってちゃんとあやまれば\n許してくれるわい{08}	뭐 걱정할 것 없다\n하이드도 제대로 사과하면\n용서해 줄 게야{08}
S11:17:24	37	あれ　どうして\nここにいるんですか？{08}{0c}	어라 왜\n여기 계세요?{08}{0c}
S11:17:25	76	私は　ここに待機するよう\nグレン先生からいわれている\n後は君たちにまかせたぞ{08}{0c}	나는 여기서 대기하라고\n글렌 선생님께 들었다\n나머진 너희에게 맡기마{08}{0c}
S11:17:26	10	はーぁい{08}{0c}	네에～{08}{0c}
S11:17:27	42	……頼むから\n笑顔を見せるのはやめてほしい{08}	……부탁이니\n웃는 얼굴은 보이지 말아 다오{08}
S11:17:28	60	くわしくは話せないが\nここはイェンにとって\n大事な場所なんだ{08}{0c}	자세히는 말할 수 없지만\n이곳은 옌에게\n중요한 장소다{08}{0c}
S11:17:29	55	そうだったんですかぁ\n後で　おじいちゃんに聞いときます{08}{0c}	그랬군요～\n나중에 할아버지한테 물어볼게요{08}{0c}
S11:17:30	46	そっ　それも禁止だ！\nまったく　レナくんは……{08}	그 그것도 금지다!\n정말이지 레나 군은……{08}
S11:17:31	35	きみたちの\n合体魔法の認定をしよう{08}{0c}	너희의\n합체 마법을 인정해 주마{08}{0c}
S11:17:32	40	エリーとレナは\nマジカルチャームを覚えた{08}	엘리와 레나는\n매지컬참을 익혔다{08}
S11:17:33	42	エリーとレナは\nラブリーチアガールを覚えた{08}	엘리와 레나는\n러블리치어걸을 익혔다{08}
S11:17:34	34	レナとセニアは\nレンズレイを覚えた{08}	레나와 세니아는\n렌즈레이를 익혔다{08}
S11:17:35	46	エリーとブレードは\nブレードダイビングを覚えた{08}	엘리와 블레이드는\n블레이드다이빙을 익혔다{08}
S11:17:36	44	セニアとブレードは\nマジカルプリズムを覚えた{08}	세니아와 블레이드는\n매지컬프리즘을 익혔다{08}
S11:17:37	42	ブレードとウィンは\nブラックホールを覚えた{08}	블레이드와 윈은\n블랙홀을 익혔다{08}
S11:17:38	46	ブレードとウィンは\nメイルシュトロームを覚えた{08}	블레이드와 윈은\n메일스트롬을 익혔다{08}
S11:17:39	40	エリーとウィンは\nバックドラフトを覚えた{08}	엘리와 윈은\n백드래프트를 익혔다{08}
S11:17:40	44	エリーとウィンは\nフレイズトルネードを覚えた{08}	엘리와 윈은\n프레이즈토네이도를 익혔다{08}
S11:17:41	46	エリーとウィンは\nセブンヘッドドラゴンを覚えた{08}	엘리와 윈은\n세븐헤드드래곤을 익혔다{08}
S11:17:42	40	セニアとウィンは\nバリアアタックを覚えた{08}	세니아와 윈은\n배리어어택을 익혔다{08}
S11:17:43	38	セニアとウィンは\nプリズムレイを覚えた{08}	세니아와 윈은\n프리즘레이를 익혔다{08}
S11:17:44	54	セニアとブレードとウィンは\nジャッジメントデイを覚えた{08}	세니아와 블레이드와 윈은\n저지먼트데이를 익혔다{08}
S11:18:0	89	青竜はオレさまに会いにくるんだぜ\nなんたって　オレさまは\nドラゴンマスターだったんだからな{08}	청룡은 나를 만나러 오는 거다\n뭐니 뭐니 해도 나는\n드래곤 마스터였으니까{08}
S11:18:1	50	青竜も　みずくさいな\n落ちるなら落ちるって一言……{08}	청룡도 서운하네 떨어질\n거면 떨어진다고 한마디……{08}
S11:19:0	0		=
S11:19:1	6	終わり	끝
S11:20:0	61	{0c}ハイド先生……ごめんなさい\nこの間は　ご迷惑をおかけしました{08}	{0c}하이드 선생님…… 죄송해요\n요전엔 폐를 끼쳤어요{08}
S11:20:1	59	{0c}誰かと思ったら　おまえらか……\nここには勝手に入ってくるな{08}	{0c}누군가 했더니 너희냐……\n여기엔 멋대로 들어오지 마라{08}
S11:20:2	20	{0c}あの……ハイド先生{08}	{0c}저기…… 하이드 선생님{08}
S11:20:3	78	{0c}……その赤い髪を見るだけで\nあきらめた星辰機関が\n頭にちらつくんだ　帰ってくれ{08}	{0c}……그 빨간 머리만 봐도\n포기한 성진 기관이\n머리에 아른거린다 돌아가라{08}
S11:20:4	16	{0c}ハイド先生……{08}	{0c}하이드 선생님……{08}
S11:20:5	78	{0c}そ　そんな顔をするな{0d}\nはっきりいえばいいのだろう？{0d}\nわしは何も気にしていない{08}	{0c}그 그런 얼굴 하지 마라{0d}\n분명히 말하면 되는 거지?{0d}\n나는 아무것도 신경 안 쓴다{08}
S11:20:6	35	{0c}……だったら\n最初からいいなさいよ{08}	{0c}……그럼\n처음부터 말하지{08}
S11:20:7	87	{0c}そこの小娘　なにかいったか？{0d}\nとにかくもう　ここには来るな\nいいな　わしはいったからな{08}	{0c}거기 계집애 뭐라고 했나?{0d}\n아무튼 이제 여긴 오지 마라\n알겠지 나는 말했다{08}
S11:20:8	96	{0c}そうだ！　ハイド先生も明日の\n青竜さまのお祭りくるんですよね？\nわたし　先生を案内してあげます！{08}	{0c}맞다! 하이드 선생님도 내일\n청룡님 축제에 오시죠? 제가\n선생님을 안내해 드릴게요!{08}
S11:20:9	96	{0c}ば{0d}　ばかをいうな！！{0d}\nわしもイェンは卒業している……{0d}{0d}{0d}{0d}\n青竜！？{0d}{0d}　青竜……{0d}{0d}　そうか……{0d}{0d}{08}	{0c}바{0d} 바보 같은 소리!!{0d}\n나도 옌은 졸업했다……{0d}{0d}{0d}{0d}\n청룡!?{0d}{0d} 청룡……{0d}{0d} 그렇군……{0d}{0d}{08}
S11:20:10	12	{0c}…………{0d}{0d}{08}	{0c}…………{0d}{0d}{08}
S11:20:11	41	{0c}な　なによ急に\nだまりこんじゃって……{0d}{0d}\n	{0c}뭐 뭐야 갑자기\n입을 다물고……{0d}{0d}\n
S11:20:12	52	ねえエリー　用はすんだから\nほっといて帰りましょうよ{08}	있잖아 엘리 볼일 끝났으니까\n내버려 두고 돌아가자{08}
S11:20:13	18	{0c}う　うん……でも{08}	{0c}으 응…… 그래도{08}
S11:20:14	86	{0c}いいって　気にしなくても\nだって　さっき気にしてないって\nハイド先生がいってたじゃない{08}	{0c}됐다니까 신경 안 써도\n아까 신경 안 쓴다고\n하이드 선생님이 말했잖아{08}
S11:20:15	10	{0c}う　うん{08}	{0c}으 응{08}
S11:20:16	66	{0c}エリーさん\nとりあえず帰りましょう\n今はそうした方がいいと思います{08}	{0c}엘리 씨\n일단 돌아가요 지금은\n그러는 게 좋을 것 같아요{08}
S11:20:17	10	{0c}……うん{08}	{0c}……응{08}
S11:20:18	32	{0c}青竜の力……　使えるかもしれん{08}	{0c}청룡의 힘…… 쓸 수 있을지도{08}
S11:20:19	10	{0c}…………{08}	{0c}…………{08}
S11:20:20	37	{0c}……なにをしている\nそっちにはいくな{08}	{0c}……뭐 하는 거냐\n그쪽으로 가지 마라{08}
S11:20:21	48	{0c}えーい！\nあいつの遊びには\nかまってられんわい！{08}	{0c}에잇!\n그 녀석 장난에는\n어울려 줄 수 없다네!{08}
S11:20:22	16	{0c}みーちゃった曖{08}	{0c}봐 버렸다♥{08}
S11:20:23	28	{0c}グレン先生の後をおうぜ！！{08}	{0c}글렌 선생님 뒤를 쫓자!!{08}
S11:20:24	56	{0c}どうしたの急に？\nグレンおじいちゃんのこと\n先生だなんて{08}	{0c}갑자기 왜 그래?\n글렌 할아버지를\n선생님이라고 하다니{08}
S11:20:25	47	{0c}そ　そんなことは\nなんでもないときに聞けっ！！{08}	{0c}그 그런 건\n한가할 때 물어라!!{08}
S11:20:26	84	{0c}バルア　退け！！{08}{0c}お前はメンフィスが\n何をしようとしているのか\nわかっているのか！？{08}	{0c}바르아 물러나라!!{08}{0c}너는 멤피스가\n무슨 짓을 하려는지\n알고 있는 게냐!?{08}
S11:20:27	77	{0c}わかっているわ　グレン{0d}{0d}{0d}\nあいつはイェンを手にいれようと\nしているんだろ……{08}	{0c}알고 있어 글렌{0d}{0d}{0d}\n그 녀석은 옌을 손에 넣으려\n하고 있는 거잖아……{08}
S11:20:28	26	{0c}ええい　ラチがあかん……{08}	{0c}에잇 말이 안 통하는구먼……{08}
S11:20:29	48	{0c}さぁ　おしゃべりはここまでよ{0d}{0d}{0d}\nかくごおし！！{08}	{0c}자 수다는 여기까지야{0d}{0d}{0d}\n각오하렴!!{08}
S11:20:30	18	{0c}おじいちゃん！！{08}	{0c}할아버지!!{08}
S11:20:31	24	{0c}ハイド！　大丈夫か！？{08}	{0c}하이드! 괜찮나!?{08}
S11:20:32	40	{0c}ぐっ……{0d}{0d}{0d}{0d}{0d}\nああ……　なんとかな……{08}	{0c}윽……{0d}{0d}{0d}{0d}{0d}\n그래…… 그럭저럭……{08}
S11:20:33	24	{0c}レナ　ハイド先生を……{08}	{0c}레나 하이드 선생님을……{08}
S11:20:34	20	{0c}ええ　わかってるわ{08}	{0c}응 알고 있어{08}
S11:20:35	16	{0c}やめろぉー！！{08}	{0c}그만둬어!!{08}
S11:20:36	18	{0c}おじいちゃん！！{08}	{0c}할아버지!!{08}
S11:20:37	32	{0c}どうして　あの女がいるのよ！？{08}	{0c}왜 저 여자가 있는 거야!?{08}
S11:20:38	77	{0c}おまえたちか！！\nウィンまでも……{0d}{0d}{0d}　ここまで\n追ってこなくともいいだろうに{08}	{0c}너희냐!!\n윈까지……{0d}{0d}{0d} 여기까지\n쫓아오지 않아도 될 것을{08}
S11:20:39	22	{0c}ねえ　青竜さまは！？{08}	{0c}있잖아 청룡님은!?{08}
S11:20:40	28	{0c}それはワタシが答えてあげる{08}	{0c}그건 내가 대답해 주지{08}
S11:20:41	64	{0c}あんたなんかに　聞いてないわ！\nオバサンはひっこんでなさいよ！{08}{0c}	{0c}너한테 안 물었어!\n아줌마는 빠져 있어!{08}{0c}
S11:20:42	29	……やっぱり　レナはすごいや{08}	……역시 레나는 대단해{08}
S11:20:43	57	{0c}……ちょっと見ない間に\nずいぶんといせいがよくなったわね{08}	{0c}……잠깐 못 본 사이에\n꽤 기세가 좋아졌구나{08}
S11:20:44	93	{0c}グレン　一生に一度のねがいじゃ\nおまえたち　バルアを頼む{0d}{0d}\nわしは上に……{0d}　急がなくては……{08}	{0c}이 글렌 일생일대의 부탁일세\n너희 바르아를 부탁하네{0d}{0d}\n나는 위로……{0d} 서둘러야……{08}
S11:20:45	63	{0c}まかせてよ！{0d}{0d}{0d}\n老い先短いグレンおじいちゃんの\n頼みだもんね！{08}	{0c}맡겨 줘!{0d}{0d}{0d}\n살날 얼마 안 남은 글렌\n할아버지 부탁이니까!{08}
S11:20:46	60	{0c}……す　素直にいかせんかっ！{0d}\nまっ　まあいい　頼んだぞ！！{08}	{0c}……수 순순히 좀 보내 다오!{0d}\n뭐 뭐 좋다 부탁하네!!{08}
S11:20:47	84	{0c}いいたいことを……{0d}{0d}{0d}\nだけど{0d}…{0d}…{0d}残念ながら黙って\nいかせるわけにはいかないね！！{08}	{0c}하고 싶은 말을……{0d}{0d}{0d}\n하지만{0d}…{0d}…{0d}유감스럽게도 가만히\n보내 줄 수는 없지!!{08}
S11:20:48	89	{0c}……ウィンもいたのかい{0d}{0d}{0d}{0d}\nダメじゃないか　ワタシのジャマを\nするなんて{0d}…{0d}…{0d}悪い子だね{08}	{0c}……윈도 있었니{0d}{0d}{0d}{0d}\n안 되잖아 내 방해를\n하다니{0d}…{0d}…{0d}나쁜 아이구나{08}
S11:20:49	10	{0c}…………{08}	{0c}…………{08}
S11:20:50	85	{0c}な{0d}　なに　だまってんのよ！{0d}\nなにかいい返しなさいよ！{0d}{0d}\nゆっ{0d}　ゆるさないからね！！{08}	{0c}뭐{0d} 뭘 가만히 있는 거야!{0d}\n뭐라고 말 좀 해 봐!{0d}{0d}\n요{0d} 용서 안 할 거야!!{08}
S11:20:51	94	{0c}さて……{0d}{0d}{0d}　もう引き時かしら{0d}{0d}{0d}\n相手をしてやりたいところだけど\nそれは　また後日にしましょう{08}	{0c}자……{0d}{0d}{0d} 슬슬 물러날 때인가{0d}{0d}{0d}\n상대해 주고 싶지만\n그건 다음에 하자꾸나{08}
S11:20:52	67	{0c}あ　待ちなさいよ　オバサン！！{0d}{0d}\nまた　なにかたくらんでるわね！！{08}	{0c}아 기다려 아줌마!!{0d}{0d}\n또 뭔가 꾸미고 있지!!{08}
S11:20:53	43	{0c}……わしは星辰機関を\n青竜の力によって……{08}	{0c}……나는 성진 기관을\n청룡의 힘으로……{08}
S11:20:54	68	{0c}そんな話は学園長にでも\nしてください\nそれよりも一体どうなってるの？{08}	{0c}그런 얘기는 학원장님한테나\n하세요\n그보다 대체 어떻게 된 거야?{08}
S11:20:55	66	{0c}魔族だ……早く上へいけ\nあの力を\n勝手に利用されてたまるものか……{08}	{0c}마족이다…… 빨리 위로 가라\n그 힘을\n멋대로 이용당할 수는 없다……{08}
S11:20:56	18	{0c}よし　急ぐぜ！！{08}	{0c}좋아 서두르자!!{08}
S11:20:57	45	{0c}わしを助けるのは\n星辰機関を守ってからだ……{08}	{0c}나를 돕는 건\n성진 기관을 지키고 나서다……{08}
S11:20:58	47	{0c}先生も自分の身体くらい\n心配してくださいね……{08}	{0c}선생님도 자기 몸 정도는\n걱정하세요……{08}
S11:20:59	83	{0c}やめろ！　やめるんじゃ！！{08}\n世界をおさめる竜の力など\nひとりの人間の手にあまる！！{08}	{0c}그만둬라! 그만두는 게야!!{08}\n세계를 다스리는 용의 힘 따위\n한 인간의 손에는 버겁다!!{08}
S11:20:60	69	{0c}そんなことが\nおまえにどうしてわかる！{0d}{0d}{0d}\nきいた風なことをいうな！！{08}	{0c}그런 걸\n네가 어떻게 안단 말이냐!{0d}{0d}{0d}\n아는 척하지 마라!!{08}
S11:20:61	18	{0c}おじいちゃん！！{08}	{0c}할아버지!!{08}
S11:20:62	77	{0c}あんた……これでいいの！？\nグレンおじいちゃんとの決着って\nこれでいいの！？{08}{0c}	{0c}너…… 이걸로 된 거야!?\n글렌 할아버지와의 결판이\n이걸로 된 거냐고!?{08}{0c}
S11:20:63	99	……グレンのいうことなど{0d}{0d}\n信じる必要はない{08}{0c}この力さえ……　青竜の力さえ\nワタシにあればいいのだ！{08}	……글렌의 말 따위{0d}{0d}\n믿을 필요 없다{08}{0c}이 힘만…… 청룡의 힘만\n나에게 있으면 된다!{08}
S11:20:64	27	{0c}わたし{0d}…{0d}…{0d}　ゆるさない{08}	{0c}나{0d}…{0d}… 용서 안 해{08}
S11:20:65	86	{0c}……おまえは　まだ自分のことが\nわかっていないようだな{0d}{0d}{0d}{0d}\n魔族の血が　うずかんのか？{08}	{0c}……너는 아직 자신을\n모르는 것 같구나{0d}{0d}{0d}{0d}\n마족의 피가 끓지 않느냐?{08}
S11:20:66	67	{0c}な{0d}{0d}　なんのことだ！！{0d}{0d}{0d}\n返答しだいでは\nただでは　すまさんぞ！！{08}	{0c}뭐{0d}{0d} 무슨 소리냐!!{0d}{0d}{0d}\n대답에 따라서는\n가만두지 않겠다!!{08}
S11:20:67	121	{0c}赤毛よ\n人間には空など飛べはしない{08}{0c}まちがいない{0d}{0d}{0d}\nおまえの体には\n半分魔族の血を引いた\nまじりものの血が流れているのだ！{08}	{0c}빨간 머리여\n인간은 하늘을 날 수 없다{08}{0c}틀림없다{0d}{0d}{0d}\n네 몸에는\n마족의 피를 절반 이은\n섞인 피가 흐르고 있다!{08}
S11:20:68	17	ウ　ウソだっ！！{08}	거 거짓말이야!!{08}
S11:20:69	33	{0c}エリー！！\nこっ　このヤロウ！！{08}	{0c}엘리!!\n이 이 자식!!{08}
S11:20:70	58	{0c}愚か者どもめ！\n青竜の力を得た　この力\nとくと見るがいい！{08}	{0c}어리석은 것들!\n청룡의 힘을 얻은 이 힘\n똑똑히 보아라!{08}
S11:20:71	88	{0c}くっ……うううっ……{0d}{0d}{0d}\n……ど{0d}{0d}　どうしたというのだ{0d}{0d}{0d}\nかっ　身体が　くずれていく！！{08}	{0c}크윽…… 으으윽……{0d}{0d}{0d}\n……어{0d}{0d} 어떻게 된 거지{0d}{0d}{0d}\n모 몸이 무너져 간다!!{08}
S11:20:72	81	{0c}……だから　いうただろうが\nおまえは昔からそうだ{0d}\nどうして　わしの話に耳をかさん{08}	{0c}……그러니까 말했잖느냐\n너는 옛날부터 그랬지{0d} 어째서\n내 말에 귀를 기울이지 않느냐{08}
S11:20:73	94	{0c}お　おまえのいうことが\nすべて正しいわけではない！{08}{0c}力の使い方は\n１つしかないわけではない！！{08}	{0c}다 당신 말이\n전부 옳은 건 아니다!{08}{0c}힘을 쓰는 방법은\n하나만 있는 게 아니다!!{08}
S11:20:74	43	{0c}そうやって\n話はいつも平行線だったのぉ……{08}	{0c}그렇게\n이야기는 늘 평행선이었지……{08}
S11:20:75	45	{0c}そ　それは\nワタシの論理も正しかったからだ！{08}	{0c}그 그건\n내 논리도 옳았기 때문이다!{08}
S11:20:76	184	{0c}この世に正しいことは１つではない\nそれは当然じゃ{08}{0c}……ならば　それならばこそ\n自分にぜったいの自信をもっては\nならんのではないか？{08}{0c}だから　時の守人は　その力を\n自ら封じたのではないか？{08}	{0c}세상에 옳은 것은 하나가\n아니다 그건 당연하지{08}{0c}……그렇다면 그렇기에 더욱\n자신에게 절대적인 자신감을\n가져선 안 되는 것 아니냐?{08}{0c}그래서 시간의 수호자는 힘을\n스스로 봉인한 게 아니겠느냐?{08}
S11:20:77	62	{0c}……なっ　なぜだ！？\nそれを　どうして\n教えてくれなかった！？{08}	{0c}……어 어째서냐!?\n그걸 어째서\n가르쳐 주지 않았지!?{08}
S11:20:78	90	{0c}それは　自分で学ぶこと……\nだからじゃ……{0d}{0d}\n生徒を信じず{0d}{0d}…{0d}…{0d}な{0d}に{0d}が{0d}先{0d}生{0d}か{0d}…{0d}…{0d}{08}	{0c}그건 스스로 배울 일……\n이기 때문이다……{0d}{0d} 학생을 못\n믿으면{0d}{0d}…{0d}…{0d}그{0d}게{0d}무{0d}슨{0d}스{0d}승{0d}인{0d}가{0d}…{0d}…{0d}{08}
S11:20:79	85	{0c}{0d}{0d}ううっ！　目がっ……！{0d}\nなっ　なんだ　この液体は！？\n一体どうしたんだワタシは！？{08}	{0c}{0d}{0d}으윽! 눈이……!{0d}\n뭐 뭐지 이 액체는!?\n대체 나는 어떻게 된 거지!?{08}
S11:20:80	84	{0c}それは　あんたが泣いてるのよ！！\nなによ　人殺し！！\nあんたなんか絶対ゆるさない！！{08}	{0c}그건 네가 울고 있는 거야!!\n뭐야 살인자!! 너\n같은 건 절대 용서 안 해!!{08}
S11:20:81	87	{0c}涙……　これが涙……\n魔族が……涙をこぼすのか……？{0d}\nワタシは人間にもどったのか……？{08}	{0c}눈물…… 이것이 눈물……\n마족이…… 눈물을 흘리나……?{0d}\n나는 인간으로 돌아왔나……?{08}
S11:20:82	93	{0c}なんだいメンフィス　情けないねぇ\n黙って見ていたかったけれど\nつい出てきてしまったじゃないの{08}{0c}	{0c}뭐니 멤피스 한심하구나\n가만히 보고 있으려 했는데\n그만 나와 버렸잖니{08}{0c}
S11:20:83	32	バルア……\nワ　ワタシは人間か？{08}	바르아……\n나 나는 인간인가?{08}
S11:20:84	43	{0c}そうねぇ……\nこれで確かめてみるとしようか{08}	{0c}글쎄……\n이걸로 확인해 볼까{08}
S11:20:85	20	{0c}や　やめろーっ！！{08}	{0c}그 그만둬라!!{08}
S11:20:86	19	{0c}バルア……き　貴様	{0c}바르아…… 네 네 이년
S11:20:87	1	{08}	{08}
S11:20:88	128	{0c}ふん　人間ふぜいがさんざん\nワタシをコケにしてくれたねぇ{0d}\nまったくいい気味だよ{08}{0c}その力は悪魔城の血となり肉となる\n感謝するんだね{08}	{0c}흥 한낱 인간 주제에 실컷\n나를 우습게 봤겠다{0d}\n정말 꼴좋구나{08}{0c}그 힘은 악마성의 피와 살이\n된다 감사하려무나{08}
S11:20:89	45	{0c}おっ　おまえだけは\nこのオレがゆるさん！！！{08}	{0c}너 너만은\n내가 용서 못 한다!!!{08}
S11:20:90	62	青竜の力を手に入れた悪魔城……\nふふふ……　たのしみだねぇ……{08}	청룡의 힘을 얻은 악마성……\n후후후…… 기대되는구나……{08}
S11:20:91	41	{0c}グレン先生！！\nし　しっかりしてください{08}	{0c}글렌 선생님!!\n저 정신 차리세요{08}
S11:20:92	28	{0c}ウィン　ちょっとどいて！！{08}	{0c}윈 좀 비켜!!{08}
S11:20:93	39	たっ{0d}　たちの悪い冗談なら…{0d}…{0d}{08}{0d}{0d}{0d}{0d}{0d}{0d}{0c}	지{0d} 질 나쁜 농담이라면…{0d}…{0d}{08}{0d}{0d}{0d}{0d}{0d}{0d}{0c}
S11:20:94	28	はやくやめてよ……！{08}{0d}{0d}{0d}{0d}{0d}{0d}{0c}	빨리 그만둬……!{08}{0d}{0d}{0d}{0d}{0d}{0d}{0c}
S11:20:95	100	ねぇ！！{0d}　おじいちゃん！！！{0d}{0d}\n目を{0d}あけてよ…{0d}…{0d}{0d}\nこんな{0d}{0d}{0d}{0d}{0d}　こ{0d}ん{0d}な{0d}こ{0d}と{0d}く{0d}ら{0d}い{0d}で{0d}…{0d}…{0d}{08}	있잖아!!{0d} 할아버지!!!{0d}{0d}\n눈을{0d}떠 봐…{0d}…{0d}{0d}\n이런{0d}{0d}{0d}{0d}{0d} 이{0d}런{0d}일{0d}쯤{0d}으{0d}로{0d}…{0d}…{0d}{08}
S11:20:96	82	{0c}案ずることはない……{0d}{0d}{0d}{0d}{0d}\nグレンの命の光は消えてはいない\n安心するがいいぞ……{08}{0d}{0d}{0d}	{0c}걱정할 것 없다……{0d}{0d}{0d}{0d}{0d}\n글렌의 생명의 빛은 꺼지지\n않았다 안심하거라……{08}{0d}{0d}{0d}
S11:20:97	24	{0c}ウィン　ここにきたまえ{08}	{0c}윈 이리 오너라{08}
S11:20:98	106	{0c}グレンがたおれた今……\nこんな状態で申し訳ないが……{08}\n青き星との位置の関係で\n今日中に　ある儀式を行いたい{08}	{0c}글렌이 쓰러진 지금……\n이런 상황에 미안하지만……{08}\n푸른 별과의 위치 관계 때문에\n오늘 안에 의식을 치르고 싶다{08}
S11:20:99	27	{0c}{0d}…{0d}…{0d}儀式{0d}{0d}ですか……？{08}	{0c}{0d}…{0d}…{0d}의식{0d}{0d}이요……?{08}
S11:20:100	56	{0c}さあ　これを受け取れ\nそして　今からおまえが\n時の守人だ{08}	{0c}자 이것을 받아라\n그리고 지금부터 네가\n시간의 수호자다{08}
S11:20:101	24	{0c}ぼくが……　時の守人？{08}	{0c}내가……　시간의 수호자？{08}
S11:21:0	89	ねぇエリー　グレンおじいちゃんに\nあやまりにいくんでしょ？\nよりみちしてないで早くいこうよ{08}	있잖아 엘리 글렌 할아버지한테\n사과하러 가는 거지?\n딴 데 들르지 말고 빨리 가자{08}
S11:21:1	6	終わり	끝
S11:22:0	22	でも　気になりますね{08}{0c}	그래도 신경 쓰이네요{08}{0c}
S11:22:1	39	……うん\nハイド先生　まだ怒ってるよね{08}{0c}	……응\n하이드 선생님 아직 화났겠지{08}{0c}
S11:22:2	62	それは大丈夫ですよ\nハイド先生は　そんな人じゃ\nないと思います{08}{0c}	그건 괜찮아요\n하이드 선생님은 그런 분이\n아닌 것 같아요{08}{0c}
S11:22:3	68	な～に　二人とも\nしめった話してんのよ\nエリーも用は　すんだでしょ？{08}{0c}	뭐야 둘 다\n축축한 얘기나 하고\n엘리도 볼일은 끝났잖아?{08}{0c}
S11:22:4	14	いちおう……{08}{0c}	일단은……{08}{0c}
S11:22:5	76	じゃ　ウィンもエリーも\n明日になってから悩みなさいよ\n今日は寮へ帰りましょ？{08}{0c}	그럼 윈도 엘리도\n내일 돼서 고민해\n오늘은 기숙사로 돌아가자?{08}{0c}
S11:22:6	33	そうですね……もう帰りましょうか{08}	그러네요…… 이제 돌아갈까요{08}
S11:22:7	24	青竜さまがいないよ！？{08}{0c}	청룡님이 없어!?{08}{0c}
S11:22:8	61	やっぱり　ハイドのオヤジね！\nまったく　こりないんだから！！{08}{0c}	역시 하이드 아저씨구나!\n정말 질리지도 않는다니까!!{08}{0c}
S11:22:9	24	いくか　星見の塔へ！！{08}{0c}	가자 별보기 탑으로!!{08}{0c}
S11:22:10	51	ハイドとか星見の塔とか\nよくわからないけどいこう！{08}{0c}	하이드니 별보기 탑이니\n잘 모르겠지만 가자!{08}{0c}
S11:22:11	30	わたし　ここで待ってていい？{08}{0c}	나 여기서 기다려도 돼?{08}{0c}
S11:22:12	38	レナーっ！！\nわざとやってるなーっ！！{08}	레나～!!\n일부러 그러는 거지～!!{08}
S11:22:13	55	リヒター先生が\nこの橋も直してくれると\n便利なんだけどね{08}	리히터 선생님이\n이 다리도 고쳐 주시면\n편할 텐데{08}
S11:23:0	2	　	=
S12:0:0	17	エリー！　レナ！{08}	엘리! 레나!{08}
S12:0:1	59	こんな所にいたんだ\n聞いた？\nメリエに近づいているんだってさ{08}	이런 데 있었구나\n들었어?\n메리에에 가까워지고 있대{08}
S12:0:2	51	聞いたわよ\nちょうどあんたたちを\nさがしていたところ{08}	들었어\n마침 너희를\n찾던 참이야{08}
S12:0:3	48	じゃあ話が早いや\nみんなでシーラに会いにいこう！{08}	그럼 얘기가 빠르네\n다 같이 실라 만나러 가자!{08}
S12:0:4	56	そうね！　今度こそメリエの\nおいしい料理を食べなくちゃ！{08}	그래! 이번에야말로 메리에의\n맛있는 요리를 먹어야지!{08}
S12:0:5	55	学園長から\n町の外に出ないようにとの\n指示がきているんだ{08}	학원장님이\n마을 밖에 나가지 말라는\n지시를 내리셨다{08}
S12:0:6	81	今は町の外に出ないようにと\n学園長からいわれています\nおとなしくしていてくださいね{08}	지금은 마을 밖에 나가지\n말라고 학원장님이 말씀하셨어요\n얌전히 있어 주세요{08}
S12:0:7	56	レナさん　今は危ないですから\n町の外には出ないでください{08}	레나 씨 지금은 위험하니까\n마을 밖에는 나가지 마세요{08}
S12:0:8	65	町の外には出ないように\nいわれているから\nおとなしくしていてほしい{08}	마을 밖에는 나가지 말라고\n했으니까\n얌전히 있어 줬으면 한다{08}
S12:0:9	59	学園長に生徒が町の外に\n出ないようにしてくれと\nいわれててね{08}	학원장님께 학생들이 마을 밖에\n나가지 않게 해 달라고\n부탁받았거든{08}
S12:0:10	91	どうやら町から\n出られないみたいね{08}{0c}けど　ただ待ってるだけなんて\nわたしの性に合わないのよね{08}	아무래도 마을에서\n못 나가는 것 같네{08}{0c}하지만 그냥 기다리기만 하는\n건 내 성미에 안 맞아{08}
S12:0:11	19	アタシもだよ　レナ{08}	나도 그래 레나{08}
S12:0:12	42	どうにかして抜け出す方法は\nないかしら……{08}	어떻게든 빠져나갈 방법은\n없을까……{08}
S12:0:13	53	町の人たちには\nわたしたちのこと\n伝わってないみたいね{08}	마을 사람들에게는\n우리 일이\n안 알려진 것 같네{08}
S12:0:14	50	よけいな心配をかける必要ないよ\nあの抜け道を使おう{08}	쓸데없는 걱정을 끼칠 필요\n없어 그 샛길을 쓰자{08}
S12:0:15	26	そうだな\nそれがいいだろう{08}	그렇구나\n그게 좋겠지{08}
S12:0:16	161	ダディス先生が見つからないんだ\nこんなときに先生は\nどこへいっちゃったんだろう……{08}\n町じゅうさがしたんだけどなぁ……\n君たちは先生の行方に\nこころあたりはないかい？{08}	다디스 선생님이 안 보여\n이럴 때 선생님은\n어디 가신 걸까……{08}\n온 마을을 찾았는데……\n너희는 선생님 행방에\n짚이는 데 없니?{08}
S12:0:17	43	いえ……\n全然見かけませんでした\n……よね？{08}	아뇨……\n전혀 못 봤어요\n……그치?{08}
S12:0:18	7	そうね{08}	그러게{08}
S12:0:19	23	ああ　見た覚えはないぞ{08}	그래 본 기억은 없다{08}
S12:0:20	17	おかしいなぁ……{08}	이상하네……{08}
S12:0:21	28	あれ\nダディス先生じゃない？{08}	어라\n다디스 선생님 아냐?{08}
S12:0:22	28	ほんとだ\nどこにいたんだろう{08}	정말이다\n어디 계셨던 걸까{08}
S12:0:23	61	あの人　町じゅうさがしたとか\nいってたよね\nまさか　町の外！？{08}	저 사람 온 마을을 찾았다고\n했지\n설마 마을 밖!?{08}
S12:0:24	25	直接聞けばいいじゃないか{08}	직접 물어보면 되잖아{08}
S12:0:25	28	それもそうね\nいきましょう！{08}	그것도 그렇네\n가자!{08}
S12:0:26	15	ダディス先生！{08}	다디스 선생님!{08}
S12:0:27	61	ん？　おーっ\nエリーたちじゃないか\nこんなところで何をしておる{08}	응? 오오～\n엘리네 아니냐\n이런 데서 뭘 하고 있느냐{08}
S12:0:28	25	先生こそどうしたんですか{08}	선생님이야말로 어쩐 일이세요{08}
S12:0:29	42	わしは材料の採集に\nいっていただけじゃが？{08}	나는 재료 채집하러\n갔다 왔을 뿐인데?{08}
S12:0:30	69	えっ　だって今は\n悪魔城が近づいてるから\n町から出られないはずじゃ……{08}	엇 하지만 지금은\n악마성이 다가와서\n마을에서 못 나갈 텐데……{08}
S12:0:31	43	一応　先生だから\n大丈夫なのかも\nしれないよ{08}	일단 선생님이니까\n괜찮은 걸지도\n몰라{08}
S12:0:32	106	ああ　町の出口で\nどこかの生徒に止められたが……{08}\n安心せい\nこっそり抜け道を使って\n出ていったから問題ないぞ{08}	아아 마을 출구에서\n어떤 학생이 막았다만……{08}\n안심하거라\n몰래 샛길로\n나갔으니 문제없다{08}
S12:0:33	17	問題ないって……{08}	문제없다니……{08}
S12:0:34	61	エリー\nこの際　ここを出るチャンスは\n逃さないようにしましょう{08}	엘리\n이참에 여기서 나갈 기회는\n놓치지 말자{08}
S12:0:35	49	ダディス先生\nその抜け道って\nどこにあるんですか？{08}	다디스 선생님\n그 샛길이란 게\n어디 있어요?{08}
S12:0:36	75	ほら　すぐそこじゃよ\nちょいと入口は見つけにくいが\nその先は意外と広いんじゃ{08}	자 바로 저기다\n입구는 좀 찾기 어렵지만\n그 너머는 의외로 넓단다{08}
S12:0:37	57	知らなかったわ\nこんなところから\n町の外と出入りできたのね{08}	몰랐어\n이런 곳으로\n마을 밖을 드나들 수 있었구나{08}
S12:0:38	27	こんな抜け道があったとはな{08}	이런 샛길이 있었다니{08}
S12:0:39	40	よし！　見つからないうちに\nはやくいこう{08}	좋아! 들키기 전에\n빨리 가자{08}
S12:0:40	24	\n　　　　　１か月後……{08}	\n　　　　　한 달 후……{08}
S12:0:41	38	ん？　レナにエリー……\nおまえらもか？{08}	응? 레나랑 엘리……\n너희도냐?{08}
S12:0:42	29	あんたも学園長に呼ばれたの？{08}	너도 학원장님이 불렀어?{08}
S12:0:43	69	ああ　だがおかしいな……\nオレは何も悪いことをした\nおぼえはないんだが{08}	그래 그런데 이상하군……\n나는 아무것도 나쁜 짓을 한\n기억이 없는데{08}
S12:0:44	21	どういう意味かしら？{08}	무슨 뜻이야?{08}
S12:0:45	124	おまえらが呼ばれるのは\n何かやらかしたからだろ？{08}\nオレはあれからずっと１人で\n修行していたから\n関わってないはずなんだがな……{08}	너희가 불려 가는 건\n뭔가 저질렀기 때문이잖냐?{08}\n나는 그 뒤로 쭉 혼자\n수행하고 있었으니\n관계없을 텐데……{08}
S12:0:46	32	ずいぶん\nいってくれるじゃないの{08}	말 한번\n잘하네{08}
S12:0:47	13	レ　レナ……{08}	레 레나……{08}
S12:0:48	49	あれ？\nレナさんたちも学園長に\n呼ばれたんですか？{08}	어라?\n레나 씨네도 학원장님께\n불려 가세요?{08}
S12:0:49	29	おう　しばらくだな！　ウィン{08}	오 오랜만이구나! 윈{08}
S12:0:50	32	あ　ブレードさん\nお久しぶりです{08}	아 블레이드 씨\n오랜만이에요{08}
S12:0:51	40	おまえは何で呼ばれたか\n知っているのか？{08}	너는 왜 불렸는지\n알고 있냐?{08}
S12:0:52	38	いえ……\nでも悪い知らせじゃないですよ{08}	아뇨……\n그래도 나쁜 소식은 아니에요{08}
S12:0:53	17	何でわかるのよ？{08}	그걸 어떻게 알아?{08}
S12:0:54	30	いえ　ただ……\nなんとなく……{08}	아뇨 그냥……\n어쩐지……{08}
S12:0:55	65	まあ　とにかく\n学園長のところにいこうよ\nそうすればわかるんだから{08}	뭐 아무튼\n학원장님한테 가 보자\n그러면 알 테니까{08}
S12:0:56	13	それもそうね{08}	그것도 그렇네{08}
S12:2:0	23	やっと　気づいたようね{08}	겨우 정신이 들었구나{08}
S12:2:1	11	ここは……{08}	여기는……{08}
S12:2:2	83	どうしてあんな無茶するのよ！\nいくらなんでも一人で\n悪魔城を倒せるわけないじゃない！{08}	왜 그런 무모한 짓을 해!\n아무리 그래도 혼자서 악마성을\n쓰러뜨릴 수 있을 리 없잖아!{08}
S12:2:3	17	そうだぞ　エリー{08}	그렇다 엘리{08}
S12:2:4	85	ごめん　みんな……{0d}\nでもわたしがやらなきゃ……{0d}{0d}\nだって　{0d}{0d}{0d}わたしには魔族の血が……{08}	미안 다들……{0d}\n그래도 내가 해야……{0d}{0d} 왜냐면\n{0d}{0d}{0d}나한테는 마족의 피가……{08}
S12:2:5	19	何をいっているの？{08}	무슨 소리야?{08}
S12:2:6	11	レナ{0d}…{0d}…{08}	레나{0d}…{0d}…{08}
S12:2:7	135	さっきいったばっかりじゃない\nわたしたちがついてるって{08}{0c}それなのにあんな風に\n一人でいったりしたら……\n{0d}{0d}{0d}何のためにわたしたちがいるの？{08}	아까 말했잖아\n우리가 곁에 있다고{08}{0c}그런데 그런 식으로\n혼자 가 버리면……\n{0d}{0d}{0d}우리는 뭐 하러 있는 거야?{08}
S12:2:8	216	わたしは　くわしい事情を\n知らないけど……{08}\nエリー　あなたの責任感の強さは\nわからなくもないわ……{08}{0c}でもね{0d}{0d}{0d}{0d}\nエリーがみんなのことを\n考えているように{08}\nみんなもエリーのことを\n考えているのよ{08}\nそれだけは忘れないようにね{08}	나는 자세한 사정은\n모르지만……{08}\n엘리 네 책임감이 강한 건\n이해 못 할 것도 없어……{08}{0c}하지만{0d}{0d}{0d}{0d}\n엘리가 모두를\n생각하는 것처럼{08}\n모두도 엘리를\n생각하고 있단다{08}\n그것만은 잊지 말렴{08}
S12:2:9	13	エマ先生……{08}	에마 선생님……{08}
S12:2:10	73	エリーったら　なにひとりで\n背負いこんでるんだよ！\nレナのいうとおりだよ！{08}	엘리도 참 뭘 혼자서\n다 짊어지고 그래!\n레나 말이 맞아!{08}
S12:2:11	26	まったくだ\n世話がやけるぜ{08}	정말이다\n손이 많이 가는군{08}
S12:2:12	11	みんな……{08}	다들……{08}
S12:2:13	125	そうそう\n悪魔城のことは\n先生たちにまかせておきなさい{08}\n今　学園長を中心に\n対策を練っているから\n町の中でおとなしくしているのよ{08}	그래그래\n악마성 일은\n선생님들한테 맡겨 두렴{08}\n지금 학원장님을 중심으로\n대책을 세우고 있으니까\n마을 안에서 얌전히 있으렴{08}
S12:2:14	79	はーい{08}\nそうだわ　なんかくやしいけど\nアンチたちに\nお礼をいわなきゃならないわね{08}	네～{08}\n맞다 좀 분하지만\n안치네한테\n고맙다고 해야겠네{08}
S12:2:15	9	アンチ？{08}	안치?{08}
S12:2:16	53	海に落ちたエリーを\n最初に助けたのは\nアンチたちなんだ{08}	바다에 떨어진 엘리를\n제일 먼저 구한 건\n안치네야{08}
S12:2:17	19	そうだったんだ……{08}	그랬구나……{08}
S12:2:18	44	まぁそういうわけだから\nアンチたちを探すわよ{08}	뭐 그런 거니까\n안치네를 찾자{08}
S12:2:19	48	青竜さまのお祭りが中止なんて\nなんだか残念ね……{08}	청룡님 축제가 중지라니\n어쩐지 아쉽네……{08}
S12:2:20	34	わ　わたしたち\n関係ないですからね{08}	저 저희는\n관계없거든요{08}
S12:2:21	59	あら？　わたしは何も\nあなたたちのせいなんて\nいってないわよ{08}	어머? 나는 아무것도\n너희 탓이라고는\n안 했는데{08}
S12:2:22	7	ううっ{08}	우윽{08}
S12:2:23	44	どうやら関わっていたのは\nまちがいなさそうね{08}	아무래도 관련이 있었던 건\n틀림없나 보네{08}
S12:2:24	20	ははははは\n{0d}{0d}{0d}{0d}はい{08}	하하하하하\n{0d}{0d}{0d}{0d}네{08}
S12:2:25	44	今は追求しないけど\nその気になったら教えてね{08}	지금은 캐묻지 않을 테니\n말할 마음이 들면 알려 줘{08}
S12:2:26	11	は　はーい{08}	네 네에{08}
S12:2:27	36	そろそろその気に\nなってくれたかしら{08}	슬슬 말할 마음이\n들었을까{08}
S12:2:28	21	どうやらまだみたいね{08}	아무래도 아직인가 보네{08}
S12:2:29	40	そういえばあれから\nもう１年たつのね……{08}	그러고 보니 그 뒤로\n벌써 １년이 지났구나……{08}
S12:2:30	27	あれってなんのことですか？{08}	그거라니 무슨 말씀이세요?{08}
S12:2:31	73	メリエのことよ\n青竜の祭りの話で忘れていたけど\n今メリエに近づいているのよ{08}	메리에 말이야\n청룡 축제 때문에 잊었는데\n지금 메리에에 가까워지고 있어{08}
S12:2:32	55	じゃあダディス先生の\nいっていたこと\n本当だったんだ……{08}	그럼 다디스 선생님이\n하신 말씀이\n사실이었구나……{08}
S12:2:33	52	ただの偶然じゃないの？\nでもあれから１年たつんだ……{08}	그냥 우연 아냐? 그래도\n그 뒤로 １년이 지났구나……{08}
S12:2:34	25	あれから１年たつのね……{08}	그 뒤로 １년이 지났구나……{08}
S12:2:35	42	あれから１年たつのよね……\nはやいものだわ{08}	그 뒤로 １년이 지났지……\n빠르기도 해라{08}
S12:2:36	38	エマ先生\nあれってメリエのことですか？{08}	에마 선생님\n그거라는 게 메리에 얘기예요?{08}
S12:2:37	63	そうメリエの話よ\n今メリエに近づいてることは\n知っているかしら？{08}	그래 메리에 얘기야\n지금 메리에에 가까워지는 거\n알고 있니?{08}
S12:2:38	55	はい\nそれでいまセニアたちを\nさがしているんですけど……{08}	네\n그래서 지금 세니아네를\n찾고 있는데……{08}
S12:2:39	65	そういえばさっき見かけたわ\nだからまだ町の中にいると\n思うけど……{08}	그러고 보니 아까 봤어\n그러니까 아직 마을 안에\n있을 거야……{08}
S12:2:40	42	セニアたちは……\nまだ見つからないみたいね{08}	세니아네는……\n아직 못 찾은 것 같네{08}
S12:2:41	17	これからメリエ？{08}	이제 메리에 가니?{08}
S12:2:42	7	うん！{08}	응!{08}
S12:2:43	25	はしゃぎすぎないようにね{08}	너무 들뜨지 않도록 해{08}
S12:2:44	17	わかってるって！{08}	알고 있다니까!{08}
S12:2:45	38	あいかわらず返事だけは\n気持ちいいわね{08}	여전히 대답만은\n시원시원하네{08}
S12:2:46	50	外は危ないから今は町の中で\nおとなしくしているのよ{08}	밖은 위험하니까 지금은 마을\n안에서 얌전히 있으렴{08}
S12:2:47	112	学園長から聞いたわ……\nあなたたちについていって\nあげたいけど{08}\nわたしはみんなの治療を\nしなくちゃいけないのよ……{08}	학원장님께 들었어……\n너희를 따라가\n주고 싶지만{08}\n나는 모두를 치료\n해야 하거든……{08}
S12:2:48	13	わかってます{08}	알고 있어요{08}
S12:2:49	63	無理はしないように……\nといってもムダよね\n相手は悪魔城だものね{08}	무리하지 말라고……\n해도 소용없겠지\n상대는 악마성이니까{08}
S12:2:50	65	わたしたちが先生に\n心配しないでっていうのと\n同じくらいムダですね{08}	저희가 선생님께\n걱정 말라고 하는 거랑\n똑같이 소용없네요{08}
S12:2:51	50	いい？　危なくなったらすぐに\nここに帰ってくるのよ{08}	알았지? 위험해지면 바로\n여기로 돌아오는 거야{08}
S12:2:52	75	危なくなったらいつでもここに\n帰ってくればいいわ\n必ずなおしてあげますからね{08}	위험해지면 언제든 여기로\n돌아오면 돼\n꼭 고쳐 줄 테니까{08}
S12:2:53	99	おつかれさま\nあなたたち\n本当によくやったわ{08}\n{0d}{0d}……あら？\nセニアとアズさんが\nいないみたいだけど……{08}	수고했어\n너희\n정말 잘했단다{08}\n{0d}{0d}……어머?\n세니아랑 아즈 씨가\n안 보이는데……{08}
S12:2:54	54	大丈夫ですよ　エマ先生\nセニアとアズならもう帰りました{08}	괜찮아요 에마 선생님 세니아랑\n아즈는 벌써 돌아갔어요{08}
S12:2:55	71	そう…それならよかった……\nみんな疲れたでしょう\n今日はゆっくり休んでね{08}	그래…그럼 다행이다……\n다들 지쳤지\n오늘은 푹 쉬렴{08}
S12:2:56	85	そうそう　忘れるところだったわ\n学園長が三階でお待ちよ\n報告だけはキチンとしておいてね{08}	맞다 잊을 뻔했네\n학원장님이 ３층에서 기다리셔\n보고만큼은 제대로 해 둬{08}
S12:2:57	34	学園長へ報告するのを\n忘れないでね{08}	학원장님께 보고하는 거\n잊지 마{08}
S12:2:58	63	エマ先生！\nわたしたち　ここにいる３人で\nヴェーンにいきますっ！{08}	에마 선생님!\n저희 여기 있는 셋이서\n베인에 가요!{08}
S12:2:59	94	落ち着いて……　レナ{08}\n{0c}……先生　わたしたち\nヴェーンからスカウトされたので\nいくことにしました{08}	진정해…… 레나{08}\n{0c}……선생님 저희\n베인에서 스카우트를 받아서\n가기로 했어요{08}
S12:2:60	86	それは本当なの！？\nおめでとう！\nそれはすごいことよ！{08}\nそれで……\nそれはいつからなの？{08}	그게 정말이니!?\n축하해!\n그건 대단한 일이야!{08}\n그래서……\n그건 언제부터니?{08}
S12:2:61	17	明日出発します！{08}	내일 출발해요!{08}
S12:2:62	21	えっ？　そんな急に？{08}	엇? 그렇게 갑자기?{08}
S12:2:63	90	それで……\nごあいさつをしようと思って……{08}\n{0c}先生　今までいろいろと\nありがとうございました{08}	그래서……\n인사를 드리려고……{08}\n{0c}선생님 지금까지 여러모로\n감사했습니다{08}
S12:2:64	9	…………{08}	…………{08}
S12:2:65	57	なんか……\n今までのいろいろなことが\n頭の中をよぎって……{08}	어쩐지……\n지금까지의 여러 일들이\n머릿속을 스쳐서……{08}
S12:2:66	13	エマ先生……{08}	에마 선생님……{08}
S12:2:67	36	ヴェーンへいっても\nがんばるのよ……{08}	베인에 가서도\n열심히 하렴……{08}
S12:2:68	27	はい　エマ先生もお元気で！{08}	네 에마 선생님도 건강하세요!{08}
S12:2:69	67	先生……\nウィンはここに残るみたいだから\nウィンのこと　お願いします{08}	선생님……\n윈은 여기 남는 것 같으니\n윈을 부탁드려요{08}
S12:2:70	49	あ　あら……？\nそういえばウィンくんが\nいないわね{08}	어 어머……?\n그러고 보니 윈 군이\n없네{08}
S12:2:71	100	ウィンは　学園長と\n話があるようなんで\n３階に残ってます{08}\nまだ　ヴェーンには\nいけないっていってました{08}	윈은 학원장님과\n할 얘기가 있는지\n３층에 남아 있어요{08}\n아직 베인에는\n갈 수 없다고 했어요{08}
S12:2:72	75	……はは～ん\n今まで気がつかなかったけど……\nそれでレナは　しゃべらないんだ{08}	……흐응～\n지금까지 몰랐는데……\n그래서 레나가 말이 없구나{08}
S12:2:73	23	……別に　わたしは……{08}	……딱히 나는……{08}
S12:2:74	149	そうね……　レナに\nいってあげられることが\nあるとするならば……{08}\n本当に大切な人なら　たとえ\n遠くにいようとも　気持ちは\n変わらないはずじゃないかしら？{08}	그렇지…… 레나에게\n해 줄 수 있는 말이\n있다면……{08}\n정말 소중한 사람이라면 비록\n멀리 있어도 마음은\n변하지 않는 법 아닐까?{08}
S12:2:75	9	…………{08}	…………{08}
S12:2:76	61	アルテナさまに\nためされているのかも……\nおたがいの関係を……{08}	알테나 님께\n시험받고 있는 걸지도……\n서로의 관계를……{08}
S12:2:77	79	しめっぽい話は\nおしまいにしましょう{08}\nさあ　みんなにこのことを\n知らせなくちゃ！{08}	축축한 얘기는\n이만하자{08}\n자 모두에게 이 일을\n알려야지!{08}
S12:2:78	124	青竜さまがあんなことになって\n祭りも中止……{08}\nああ……どうしてぼくの任期中に\nかぎってこんなにたくさんの\n問題が起こるんだ……{08}	청룡님이 그렇게 되고\n축제도 중지……{08}\n아아…… 왜 하필 내 임기\n중에 이렇게 많은\n문제가 일어나는 거지……{08}
S12:2:79	25	日頃のおこないじゃない？{08}	평소 행실 탓 아냐?{08}
S12:2:80	23	残念だがオレも同意見だ{08}	유감이지만 나도 같은 의견이다{08}
S12:2:81	50	でも……いろいろあった方が\n楽しくていいと思います{08}	그래도…… 이런저런 일이 있는\n게 즐거워서 좋은 것 같아요{08}
S12:2:82	30	君たちは……\n気楽でいいね……{08}	너희는……\n속 편해서 좋겠다……{08}
S12:2:83	36	うーん\nいろいろと後始末で忙しい……{08}	으음\n이런저런 뒤처리로 바빠……{08}
S12:2:84	85	せっかくメリエが近いのに\n青竜のお祭りが中止になったから\n後始末でいくヒマがないよ……{08}	모처럼 메리에가 가까운데\n청룡 축제가 중지돼서\n뒤처리로 갈 틈이 없어……{08}
S12:2:85	13	それは残念ね{08}	그거 아쉽네{08}
S12:2:86	54	じゃ生徒会長の分もアタシたちが\nメリエで楽しんでくるよ{08}	그럼 학생회장 몫까지 우리가\n메리에에서 즐기고 올게{08}
S12:2:87	9	…………{08}	…………{08}
S12:2:88	85	危機は去ったようだし……\nエリーくん　もし時間があるなら\n一緒にメリエへいかないかい？{08}	위기는 지나간 것 같고……\n엘리 군 혹시 시간이 있다면\n같이 메리에에 가지 않겠니?{08}
S12:2:89	11	なにっ！？{08}	뭣!?{08}
S12:2:90	67	さそってくれて　ありがとう\nでも　今は……\nとても疲れているから……{08}	불러 줘서 고마워\n그래도 지금은……\n너무 지쳐서……{08}
S12:2:91	46	そ…そうだぞ！\nオレたちは　今　疲れているんだ{08}	그… 그렇다!\n우리는 지금 지쳐 있다{08}
S12:2:92	9	…………{08}	…………{08}
S12:2:93	44	もしよかったら……\nまたさそってもいいかな？{08}	괜찮다면……\n또 불러도 될까?{08}
S12:2:94	46	エリーは　今　疲れているんだ\nしつこくするな！{08}	엘리는 지금 지쳐 있다\n귀찮게 굴지 마!{08}
S12:2:95	9	…………{08}	…………{08}
S12:2:96	32	元気になったころ\nまた　さそうよ{08}	기운을 차릴 즈음\n또 부를게{08}
S12:2:97	42	エリーくん\nこのまえの疲れはとれたのかい？{08}	엘리 군\n요전의 피로는 풀렸니?{08}
S12:2:98	19	はい　おかげさまで{08}	네 덕분에요{08}
S12:2:99	48	じゃあ　今度２人で\nピクニックでもいかないかい？{08}	그럼 다음에 둘이서\n소풍이라도 가지 않을래?{08}
S12:2:100	69	ごめんなさい……\nわたしたち　明日　ヴェーンへ\nいくことになったんです{08}	미안해……\n우리 내일 베인에\n가게 됐어{08}
S12:2:101	19	な　なんだって！？{08}	뭐 뭐라고!?{08}
S12:2:102	32	そういうことだ！\n残念だったな！{08}	그런 거다!\n아쉽게 됐군!{08}
S12:2:103	56	いままでお世話になりました\n本当にありがとうございました{08}	지금까지 신세 많이 졌어\n정말 고마웠어{08}
S12:2:104	15	エリーくん……{08}	엘리 군……{08}
S12:2:105	75	お祭りが中止ということは\nやはり次は１０年後になって\nしまうのでしょうか……{08}	축제가 중지라는 건\n역시 다음은 １０년 후가\n되어 버리는 걸까요……{08}
S12:2:106	27	たぶんそうじゃないかと……{08}	아마 그렇지 않을까……{08}
S12:2:107	89	では青竜の祭りが終わってから\n開けるようにいわれたこの手紙は\nどうすればいいのでしょう……{08}	그럼 청룡 축제가 끝나고\n열어 보라고 한 이 편지는\n어떻게 하면 좋을까요……{08}
S12:2:108	38	どうすればって\nどうすればいいんだろ？{08}	어떻게 하냐니\n어떻게 하면 좋지?{08}
S12:2:109	31	これってもしかしてラブレター？{08}	이거 혹시 러브레터?{08}
S12:2:110	29	もしかしなくてもそうだと思う{08}	혹시가 아니라 그런 것 같아{08}
S12:2:111	23	果たし状かもしれないぞ{08}	결투장일지도 모른다{08}
S12:2:112	23	あんたは黙ってなさい！{08}	너는 조용히 해!{08}
S12:2:113	21	それはやっぱり今……{08}	그건 역시 지금……{08}
S12:2:114	55	決めました\nこれは１０年後の祭りが\n終わったら開けますわ{08}	정했어요\n이건 １０년 후 축제가\n끝나면 열겠어요{08}
S12:2:115	25	そうそれが……えーっ！？{08}	그래 그게…… 에엑!?{08}
S12:2:116	67	この手紙は１０年後の祭りが\n終わったら開けますわ……\nそう決めました{08}	이 편지는 １０년 후 축제가\n끝나면 열겠어요……\n그렇게 정했어요{08}
S12:2:117	44	みなさんはやはりメリエに\nいかれるのですか？{08}	여러분은 역시 메리에에\n가시나요?{08}
S12:2:118	55	はい　そのつもりです\nエルノラさんは……\nだめそうですね{08}	네 그럴 생각이에요\n엘노라 씨는……\n힘들 것 같네요{08}
S12:2:119	119	少しきついですが\nどうにかひまをつくって\nいくつもりです{08}\nこの調子だと来年は\nますます時間を\nつくれなくなりそうなので……{08}	조금 빠듯하지만\n어떻게든 틈을 내서\n갈 생각이에요{08}\n이대로라면 내년엔\n더더욱 시간을\n낼 수 없을 것 같아서……{08}
S12:2:120	29	あんまり無理はしない方が……{08}	너무 무리는 안 하는 게……{08}
S12:2:121	89	大丈夫ですよ{08}\nわたくしにはいざとなったら\n会長に押しつけるという\n究極の魔法がありますから{08}	괜찮아요{08}\n저에겐 여차하면\n회장님께 떠넘긴다는\n궁극의 마법이 있으니까요{08}
S12:2:122	11	ははは……{08}	하하하……{08}
S12:2:123	50	わたくしも何とか時間をつくって\nメリエにいきますわ{08}	저도 어떻게든 시간을 내서\n메리에에 갈게요{08}
S12:2:124	91	イェンを襲ったお城は\n先生方のお力でいなくなりました{08}\nさすが\n名高い魔法学園の先生たちですわ{08}	옌을 습격한 성은\n선생님들의 힘으로 사라졌어요{08}\n역시\n이름난 마법학원 선생님들이에요{08}
S12:2:125	29	そういうことにしておきましょ{08}	그런 걸로 해 두자{08}
S12:2:126	9	そうだね{08}	그러게{08}
S12:2:127	31	みなさん　どうかされましたか？{08}	여러분 무슨 일 있으세요?{08}
S12:2:128	27	い～え　なんでもないんです{08}	아～뇨 아무것도 아니에요{08}
S12:2:129	67	わたくし　この魔法学園で\n生徒会役員をしていることを\n誇りに思います{08}	저는 이 마법학원에서\n학생회 임원을 하는 것을\n자랑스럽게 생각해요{08}
S12:2:130	75	学園長がみなさんを\nお呼びになったそうですが……\nどんなお話だったんですか？{08}	학원장님이 여러분을\n부르셨다던데……\n무슨 얘기였어요?{08}
S12:2:131	44	わたしたち　ヴェーンへ\nいくことになりました{08}	저희 베인에\n가게 됐어요{08}
S12:2:132	36	そうですか\nそれではみなさんお元気で{08}	그래요\n그럼 여러분 건강하세요{08}
S12:2:133	63	も…もうちょっと\n別れをおしんでくれても\nいいと思うんだけど……{08}	조… 조금은 더\n이별을 아쉬워해 줘도\n될 것 같은데……{08}
S12:2:134	61	出会いがあれば別れもある\nこの世の理ですわ\nみなさん　お元気で{08}	만남이 있으면 이별도 있는 법\n이 세상의 이치예요\n여러분 건강하세요{08}
S12:2:135	89	お祭りが中止になって残念ですわ\nせっかくレナさんと二人っきりで\n楽しめると思ってましたのに{08}	축제가 중지돼서 아쉬워요\n모처럼 레나 씨와 단둘이\n즐길 수 있을 줄 알았는데{08}
S12:2:136	31	……いつ誰がそんな約束したのよ{08}	……누가 언제 그런 약속 했어{08}
S12:2:137	67	約束なんていりませんわ\nレナさんとわたくしの\n仲じゃありませんか……{08}	약속 같은 건 필요 없어요\n레나 씨와 저의\n사이잖아요……{08}
S12:2:138	40	だからいつそんな仲に\nなったのよーっ！！{08}	그러니까 언제 그런 사이가\n됐냐고～!!{08}
S12:2:139	40	そんなこと……\nどうでもいいことですわ曖{08}	그런 건……\n아무래도 좋은 일이에요♥{08}
S12:2:140	59	よくなーい！\nあんたたちも笑って見てないで\n何とかしなさいよ{08}	안 좋아!\n너희도 웃으면서 보지만 말고\n어떻게 좀 해 봐{08}
S12:2:141	21	本当に残念ですわ……{08}	정말 아쉬워요……{08}
S12:2:142	156	せっかくメリエが近いというのに\nわたくしには生徒会の仕事が……{08}\nいつもは誇りの生徒会の肩書きが\n今回ばかりはうらめしいですわ\nレナさんもそう思いますでしょう？{08}	모처럼 메리에가 가까운데\n저에게는 학생회 일이……{08}\n늘 자랑이던 학생회 직함이\n이번만큼은 원망스러워요\n레나 씨도 그렇게 생각하시죠?{08}
S12:2:143	69	そうね　そうかもね\nわたしはあんたと関わらないで\nすみそうでうれしいわ{08}	그래 그럴지도\n나는 너랑 엮이지 않아도\n될 것 같아서 기뻐{08}
S12:2:144	42	レナさんたら\nまたそんな心にもないことを曖{08}	레나 씨도 참\n또 그런 마음에도 없는 말을♥{08}
S12:2:145	59	レナさん　何とか時間を\nつくりますから\n待っててくださいね曖{08}	레나 씨 어떻게든 시간을\n낼 테니까\n기다려 주세요♥{08}
S12:2:146	61	レナさん\n仕事も一段落したので\nご一緒にお食事でもいかがですか{08}	레나 씨\n일도 일단락됐으니\n함께 식사라도 어떠세요{08}
S12:2:147	46	食事にからめてくるとは……\nなかなか考えてるな{08}	식사로 꾀어 오다니……\n제법 머리를 썼군{08}
S12:2:148	83	ブレード！　うるさいわね！\nわたしたち　今日は疲れているから\nまた別の機会に誘ってね{08}	블레이드! 시끄러워!\n우리 오늘은 지쳤으니까\n다음 기회에 불러 줘{08}
S12:2:149	48	いつもと違って断り方が\nやさしいのは気のせいか？{08}	평소와 달리 거절하는 게\n상냥한 건 기분 탓인가?{08}
S12:2:150	77	レナさん　お疲れですの？\n大変ですわ！　エマ先生に\n早く見ていただかなくては！{08}	레나 씨 피곤하세요?\n큰일이에요! 에마 선생님께\n빨리 보여 드려야 해요!{08}
S12:2:151	99	レ～イラさん曖{08}\n{0c}た・{0d}い・{0d}へ・{0d}ん　残念ですけど\nわたしたち　明日　ヴェーンへ\nいくことになりました{08}	레～이라 씨♥{08}\n{0c}정・{0d}말・{0d}로・{0d} 아쉽지만\n우리 내일 베인에\n가게 됐어{08}
S12:2:152	29	えっ？　それは本当ですの！？{08}	엇? 그게 정말이에요!?{08}
S12:2:153	34	本当です\n今　決めてきたところです{08}	정말이에요\n방금 정하고 왔어요{08}
S12:2:154	93	なんてこと……{08}\n……レナさん　わたくしも\n必ずヴェーンにまいります\nそれまで待っててくださいね{08}	이럴 수가……{08}\n……레나 씨 저도\n반드시 베인에 갈게요\n그때까지 기다려 주세요{08}
S12:2:155	50	ヴェーンへいったら\nまず最初にやる仕事がきまったわ{08}	베인에 가면\n제일 먼저 할 일이 정해졌어{08}
S12:2:156	15	…………？？？{08}	…………???{08}
S12:2:157	81	最初にヴェーンの偉い人に会って\nレイラだけは　スカウトしない\nようにいわなくちゃ！{08}	제일 먼저 베인의 높은 분을\n만나서 레이라만은 스카우트하지\n말라고 해야지!{08}
S12:2:158	77	レナさん　待っていてくださいね\nわたくしも必ず　ヴェーンへ\nいってみせますわ！{08}	레나 씨 기다려 주세요\n저도 반드시 베인에\n가 보이겠어요!{08}
S12:2:159	81	学園長は　まだもどってこない\nお祭りが中止になったことと\nなにか関係があるのかな？{08}	학원장님은 아직 안 돌아오셨어\n축제가 중지된 것과\n뭔가 관계가 있으려나?{08}
S12:2:160	89	そういえば　そろそろメリエが\n近いはず……　お祭りが中止に\nなった分　メリエでさわごうかな{08}	그러고 보니 슬슬 메리에가\n가까울 텐데…… 축제가 중지된\n만큼 메리에에서 놀아 볼까{08}
S12:2:161	30	大変だっただろう\nお疲れさま！{08}	힘들었지\n수고했다!{08}
S12:2:162	44	おめでとう\nヴェーンへいっても　がんばれよ！{08}	축하한다\n베인에 가서도 힘내라!{08}
S12:2:163	38	よくやった\nほんとうによくやってくれた{08}	잘했다\n정말 잘해 주었다{08}
S12:2:164	34	べつにたいしたこと\nなかったですよ{08}	별로 대단한 일은\n아니었어요{08}
S12:2:165	40	オレたちはやるべきことを\nやっただけです{08}	저희는 해야 할 일을\n했을 뿐입니다{08}
S12:2:166	57	うむ{08}\nところで……\nセニアくんとアズくんは\nどうしたのかね{08}	음{08}\n그런데……\n세니아 군과 아즈 군은\n어떻게 되었나{08}
S12:2:167	52	セニアたちはもう帰りました\n学園長にもよろしくと……{08}	세니아네는 벌써 돌아갔어요\n학원장님께 안부 전해 달래요{08}
S12:2:168	117	そうか\n無事ならいいんだ\n君たちみんなが無事ならね{08}\nさあ　疲れただろうから\n今日は自分の部屋に帰って\nゆっくり休みたまえ{08}	그렇군\n무사하다면 됐다\n너희 모두가 무사하다면{08}\n자 피곤할 테니\n오늘은 자기 방으로 돌아가\n푹 쉬거라{08}
S12:2:169	7	はーい{08}	네～{08}
S12:2:170	93	君たちにいい知らせだ{08}\n昨日の連絡船でヴェーンから\n君たちをスカウトしたい\nという話が来たのだよ{08}	너희에게 좋은 소식이다{08}\n어제 연락선으로 베인에서\n너희를 스카우트하고 싶다는\n이야기가 왔단다{08}
S12:2:171	21	それは本当ですか！！{08}	그게 정말이에요!!{08}
S12:2:172	55	ヴェーンから？\nするとあのヴェーンに\nタダでいけるわけ？{08}	베인에서?\n그럼 그 베인에\n공짜로 갈 수 있는 거야?{08}
S12:2:173	44	タダかどうかはわかんないけど\nいけるみたいね{08}	공짜인지는 모르겠지만\n갈 수 있나 봐{08}
S12:2:174	63	ごほん\n話はまだ終わってないのだがね\n静かに聞いてもらえないかな{08}	흠흠\n이야기는 아직 안 끝났는데\n조용히 들어 주겠니{08}
S12:2:175	11	すみません{08}	죄송해요{08}
S12:2:176	147	ヴェーンからは君たち全員を\nということなのだが\n出発が明日と非常に急な話なのだ{08}\nだから今日中に答えを\n出さねばならん\nいきたくないという者はいるかね？{08}	베인에서는 너희 전원을\n원한다는 얘기인데\n출발이 내일로 매우 급하다{08}\n그래서 오늘 중으로 답을\n내야 한다\n가고 싶지 않은 사람 있느냐?{08}
S12:2:177	38	そんなのここにいませんよ\nね　ウィン？{08}	그런 사람 여기 없어요\n그치 윈?{08}
S12:2:178	9	え　ええ{08}	네 네{08}
S12:2:179	50	それじゃこの話は全員了解\nということでいいのだね？{08}	그럼 이 이야기는 전원 승낙\n이라고 봐도 되겠지?{08}
S12:2:180	17	もちろんです！！{08}	물론이죠!!{08}
S12:2:181	36	いえ……{0d}{0d}{0d}ぼくは……{0d}{0d}{0d}\nいけません{08}	아뇨……{0d}{0d}{0d}저는……{0d}{0d}{0d}\n못 가요{08}
S12:2:182	11	ウィン！？{08}	윈!?{08}
S12:2:183	73	ぼくはまだグレン先生のもとを\n離れてもやっていけるという\n自信はありません{08}	저는 아직 글렌 선생님 곁을\n떠나서도 해 나갈 수 있다는\n자신이 없어요{08}
S12:2:184	27	じゃ　わたしも残ります！！{08}	그럼 나도 남을래요!!{08}
S12:2:185	50	だめです！{0d}{0d}{0d}\nレナさんは\nヴェーンにいってください{08}	안 돼요!{0d}{0d}{0d}\n레나 씨는\n베인에 가세요{08}
S12:2:186	81	どうしてウィン？{08}\n離ればなれになるのよ？\nいつでも会えるわけじゃ\nなくなるのよ！？{08}	왜야 윈?{08}\n떨어지게 되는 거야?\n언제든 만날 수 있는 게\n아니게 된다고!?{08}
S12:2:187	79	今だってそうじゃないですか\n先生について１０日以上\n島を離れることだってあります{08}	지금도 그렇잖아요\n선생님을 따라 １０일 넘게\n섬을 떠날 때도 있어요{08}
S12:2:188	59	全然違うわよ！\nそんなこともわからないの？\n全然違うのよ！！{08}	완전히 달라!\n그런 것도 몰라?\n완전히 다르다고!!{08}
S12:2:189	9	…………{08}	…………{08}
S12:2:190	129	もういいわ\nあんたなんかずっとここで\nウジウジしていればいいのよ{08}\n学園長　わたしやっぱり\nヴェーンにいきます！\n変更はもうありません{08}	이제 됐어\n너 같은 건 평생 여기서\n우물쭈물하고 있으면 돼{08}\n학원장님 저 역시\n베인에 갈게요!\n변경은 이제 없어요{08}
S12:2:191	17	わ　わかった……{08}	아 알았다……{08}
S12:2:192	11	レナっ！！{08}	레나!!{08}
S12:2:193	55	おい　ウィン\n本当にいいのか？\n追いかけた方がよくないか{08}	어이 윈\n정말 이걸로 된 거냐?\n쫓아가는 게 낫지 않냐{08}
S12:2:194	100	これでいいんです{08}\nブレードさんもエリーさんも\nそれにレナさんも……{0d}{0d}{0d}\nヴェーンにいった方がいいんです{08}	이걸로 된 거예요{08}\n블레이드 씨도 엘리 씨도\n그리고 레나 씨도……{0d}{0d}{0d}\n베인에 가는 게 좋아요{08}
S12:2:195	11	ウィン……{08}	윈……{08}
S12:2:196	82	私もそう思う\nせっかくのチャンスを\n逃してはいけないよ{08}\n後悔してからでは\n遅いからね{08}	나도 그렇게 생각한다\n모처럼의 기회를\n놓쳐서는 안 되지{08}\n후회하고 나서는\n늦으니까{08}
S12:2:197	55	学園長……\nウィンも　というわけには\nいかないのですか？{08}	학원장님……\n윈도 같이 갈 수는\n없는 건가요?{08}
S12:2:198	58	ダメなら最初から呼びはしない\nウィンくんの気持ちしだいだよ{08}	안 되면 처음부터 안 불렀지\n윈 군의 마음에 달렸단다{08}
S12:2:199	53	じゃあウィンも\nいっしょにいこう！\nそれなら問題ないよ{08}	그럼 윈도\n같이 가자!\n그러면 문제없어{08}
S12:2:200	205	ぼくは……今はいけません\nいってもエリーさんたちの\n足を引っ張るだけですから……{08}\nそれがわかってて\nいけるわけないです\nだからみなさんの……{08}\nレナさんの横に立てる\n自信がつくまで……\nここでもう少しがんばります{08}	저는…… 지금은 못 가요\n가도 엘리 씨네\n발목만 잡을 테니까요……{08}\n그걸 알면서\n갈 수는 없어요\n그러니까 여러분의……{08}\n레나 씨 곁에 설\n자신이 생길 때까지……\n여기서 조금 더 힘낼게요{08}
S12:2:201	30	……わかった\nもう何もいわない{08}	……알았다\n더는 아무 말 안 하겠다{08}
S12:2:202	13	ブレード！？{08}	블레이드!?{08}
S12:2:203	19	{0d}{0d}……男の決断だ！{08}	{0d}{0d}……사나이의 결단이다!{08}
S12:2:204	143	ウィンくんの気持ちはわかる\nけれどもそれならばレナくんにも\nちゃんと説明した方がいい{08}\n人間は言葉にしないと\n大事なことほど\n伝わらないものだからね{08}	윈 군의 마음은 알겠다\n하지만 그렇다면 레나 군에게도\n제대로 설명하는 게 좋다{08}\n사람은 말로 하지 않으면\n중요한 것일수록\n전해지지 않는 법이니까{08}
S12:2:205	9	はい……{08}	네……{08}
S12:2:206	61	さて……\nエリーくんにブレードくん\nレナくんのことはたのんだよ{08}	자……\n엘리 군 블레이드 군\n레나 군을 부탁한다{08}
S12:2:207	77	それから明日は朝早いから\n明るいうちに荷物を整理して\n早めに寝るようにしなさい{08}	그리고 내일은 아침 일찍이니\n밝을 때 짐을 정리하고\n일찍 자도록 해라{08}
S12:2:208	47	すみません\nぼくは学園長と\nまだ話があるので……{08}	죄송해요\n저는 학원장님과\n아직 할 얘기가 있어서……{08}
S12:2:209	42	明日は朝早いから\n早めに寝るようにしなさい{08}	내일은 아침 일찍이니\n일찍 자도록 해라{08}
S12:2:210	9	レナ……{08}	레나……{08}
S12:2:211	73	もうウィンなんかいいわ\nさぁ　みんなにお別れの\nあいさつをしにいきましょう{08}	이제 윈 따윈 됐어\n자 모두에게 작별\n인사를 하러 가자{08}
S12:2:212	25	もうウィンなんかいいのよ{08}	이제 윈 따윈 됐다니까{08}
S12:2:213	57	そうだわ\nこの魔法を覚えておきなさい\nきっと役に立つはずよ{08}	그렇지\n이 마법을 익혀 두렴\n분명 도움이 될 거야{08}
S12:2:214	36	レナとウィンは\n風のヤスラギを覚えた{08}	레나와 윈은\n바람의 야스라기를 익혔다{08}
S12:2:215	204	まったくおどろきましたわ\nあの場に戻ったらイアソン先生が\n倒れていたのですから……{08}\nそれも何十というモンスターを\n道連れに……{08}\nあ　まだ死んでませんでしたから\nこの場合　道連れというのは\nふさわしくないですね{08}	정말 놀랐어요\n돌아가 보니 이아손 선생님이\n쓰러져 계셨으니까요……{08}\n그것도 몇십이나 되는 몬스터를\n길동무 삼아서……{08}\n아 아직 돌아가시지 않았으니\n이 경우 길동무라는 말은\n어울리지 않네요{08}
S12:2:216	38	ほんとうに\n心臓が止まるかと思いました{08}	정말\n심장이 멎는 줄 알았어요{08}
S12:2:217	130	オレもまだまだ修行が足りんな……\nあの程度で気を失ってしまうとは{08}\nまったく我ながら情けない！！\nすぐに道場に帰って\n修行のしなおしだ{08}	나도 아직 수행이 부족하군……\n그 정도로 정신을 잃다니{08}\n정말 스스로도 한심하다!!\n당장 도장에 돌아가\n수행을 다시 해야겠다{08}
S12:2:218	231	何をいっているんですか！！\n絶対安静１か月！\nいえ　２週間はゆずれませんよ！！{08}\n骨折は単純複雑あわせて１１か所\n右足と左腕のケンがダンレツ……\nそしてまちがいなく出血多量{08}\n魔法をかけはしましたが\nどうしてそれで\n立ってられるんですか！？{08}	무슨 말씀이세요!!\n절대 안정 한 달!\n아뇨 ２주는 양보 못 해요!!{08}\n골절은 단순 복합 １１군데\n오른발 왼팔 힘줄 파열……\n그리고 틀림없이 과다 출혈{08}\n마법을 걸긴 했지만\n어떻게 그 상태로\n서 계실 수 있는 거예요!?{08}
S12:2:219	13	は　はぁ……{08}	허 허어……{08}
S12:2:220	25	イ　イアソン先生って……{08}	이 이아손 선생님은……{08}
S12:2:221	29	その言葉の続きがいえない……{08}	그다음 말을 못 하겠어……{08}
S12:2:222	31	に　２週間したら修行再開だ！！{08}	２ ２주 뒤엔 수행 재개다!!{08}
S12:2:223	38	あなたたちは\nこんな無茶をしちゃダメよ{08}	너희는\n이런 무모한 짓 하면 안 돼{08}
S12:3:0	19	アンチどうしたの？{08}	안치 왜 그래?{08}
S12:3:1	112	じつはあのモンスターと\n戦っていたときに\nエリーをかばってやられててね{08}\n本当は立っているのも\nつらかったはずなんだ{08}	실은 그 몬스터랑\n싸울 때\n엘리를 감싸다가 당했거든{08}\n사실 서 있는 것도\n힘들었을 거야{08}
S12:3:2	15	はずだったっス{08}	힘들었을 거예요{08}
S12:3:3	51	アンチ……ごめんね\nわたしが勝手なこと\nしたから……{08}	안치…… 미안해\n내가 멋대로\n굴어서……{08}
S12:3:4	52	アニキはいま寝ているっス\nそっとしておいてほしいっス{08}	형님은 지금 자고 있어요\n조용히 내버려 둬 주세요{08}
S12:3:5	17	ご　ごめんなさい{08}	죄 죄송해요{08}
S12:3:6	133	別に　あやまる必要はないよ\nただ　今はちょっと\nゆっくり休ませてやりたいんだ{08}\nアンチには起きたら\nエリーたちが来たこと\n伝えておくからさ{08}	딱히 사과할 필요는 없어\n다만 지금은 좀\n푹 쉬게 해 주고 싶어{08}\n안치가 일어나면\n엘리네가 왔었다고\n전해 둘게{08}
S12:3:7	32	うん……\nじゃアンチによろしくね{08}	응……\n그럼 안치한테 안부 전해 줘{08}
S12:3:8	5	ああ{08}	그래{08}
S12:3:9	13	わかったっス{08}	알겠어요{08}
S12:3:10	42	オレはあいつを少し\n見直す必要がありそうだ{08}	나는 그 녀석을 좀\n다시 봐야겠군{08}
S12:3:11	34	そうね\nでも最後のつめが甘いのよね{08}	그러게 그래도\n마무리가 허술하단 말이야{08}
S12:3:12	46	それはしょうがないよ\nやっぱりアンチなんだから{08}	그건 어쩔 수 없어\n역시 안치니까{08}
S12:3:13	30	それで\nこれからどうするんだ？{08}	그래서\n이제 어떻게 할 거냐?{08}
S12:3:14	41	決まってるじゃない！\n悪魔城にいくのよ！{08}{0c}	당연하잖아!\n악마성에 가는 거야!{08}{0c}
S12:3:15	25	やっぱりそうなるのか……{08}	역시 그렇게 되는 건가……{08}
S12:3:16	54	{0c}あたりまえでしょ！\nエリーのおかえしを\nす{0d}る{0d}の{0d}よ{0d}！{08}	{0c}당연하지!\n엘리의 복수를\n할{0d}거{0d}라{0d}고{0d}!{08}
S12:3:17	45	{0c}こうなったらもう\nだれにも止められないな……{08}	{0c}이렇게 되면 이제\n아무도 못 말리겠군……{08}
S12:3:18	48	お祭りは中止かい……\nまあ　それもしかたないねぇ{08}	축제는 중지인가……\n뭐 그것도 어쩔 수 없지{08}
S12:3:19	63	大丈夫\nまたやればいいんだから！\nただ{0d}{0d}１０年はちょっと長いけど{08}	괜찮아\n또 하면 되니까!\n다만{0d}{0d}１０년은 좀 길지만{08}
S12:3:20	130	そうそうお祭りの話で\nすっかり忘れていたけど\n今メリエに近づいているんだよ{08}\nシーラちゃんていったっけ？\nあの子にまたあえるといいねぇ{08}	그래그래 축제 얘기로\n까맣게 잊고 있었는데 지금\n메리에에 가까워지고 있단다{08}\n실라라고 했던가?\n그 애를 또 만나면 좋겠구나{08}
S12:3:21	56	ダディス先生のいってたこと\nめずらしく本当だったんだ……{08}	다디스 선생님 말이\n웬일로 사실이었구나……{08}
S12:3:22	34	そうか\nもうあれから１年たつんだね{08}	그렇구나\n벌써 그 뒤로 １년이 지났네{08}
S12:3:23	83	{0c}{0d}{0d}{0d}ねぇ　エリー\nちょうど　セニアもきてることだし\nシーラのところに遊びにいかない？{08}	{0c}{0d}{0d}{0d}있잖아 엘리\n마침 세니아도 와 있으니까\n실라한테 놀러 가지 않을래?{08}
S12:3:24	42	そうだね……\n気分転換になるかもしれないね{08}	그러게……\n기분 전환이 될지도 몰라{08}
S12:3:25	96	それじゃ　セニアを見つけましょう\n{0d}{0d}{0d}まったく新婚さんは二人っきりで\nどこへいっちゃったのかしら？{08}	그럼 세니아를 찾자\n{0d}{0d}{0d}정말 신혼부부는 단둘이서\n어디로 가 버린 거야?{08}
S12:3:26	29	あの子にまた会えるといいねぇ{08}	그 애를 또 만나면 좋겠구나{08}
S12:3:27	50	みんな知ってたかい？\n今メリエに近づいているんだよ{08}	다들 알고 있니? 지금\n메리에에 가까워지고 있단다{08}
S12:3:28	59	知ってるわ\nだからセニアたちさがしてるの\nおばさん知らない？{08}	알아\n그래서 세니아네 찾는 중이야\n아줌마 못 봤어?{08}
S12:3:29	52	アタシは知らないねぇ\n町の中にいるんじゃないのかい？{08}	나는 모르겠구나\n마을 안에 있지 않을까?{08}
S12:3:30	63	まだ見つからないのかい？\n町の中をよくさがしてみたら\nどうだい？{08}	아직 못 찾았니?\n마을 안을 잘 찾아보는 게\n어떠니?{08}
S12:3:31	44	これからメリエにいくんだね\n気をつけておいき{08}	이제 메리에에 가는구나\n조심해서 다녀오렴{08}
S12:3:32	24	うん\nじゃ　いってくるね{08}	응\n그럼 다녀올게{08}
S12:3:33	46	今は町の外は危ないからね\n絶対に出ちゃダメだよ{08}	지금은 마을 밖이 위험하니까\n절대 나가면 안 된다{08}
S12:3:34	21	わかってるよおばさん{08}	알고 있어 아줌마{08}
S12:3:35	59	本当かねぇ\nそういっておいてすぐに\n出ていってしまうからねぇ{08}	정말일까\n그렇게 말해 놓고 금방\n나가 버리니 원{08}
S12:3:36	11	ははは……{08}	하하하……{08}
S12:3:37	29	笑いごとじゃないんだけどねぇ{08}	웃을 일이 아니란다{08}
S12:3:38	34	とにかく\nおとなしくしているんだよ{08}	아무튼\n얌전히 있거라{08}
S12:3:39	111	あんたたち！\nやっぱり　いつの間にか\nいなくなって……{08}\nまったく……\nどこにいってたんだい！？\n危ないじゃないの！{08}	너희들!\n역시 어느새\n없어져서……{08}\n정말……\n어디 갔었던 거니!?\n위험하잖니!{08}
S12:3:40	44	え…　え～っと……\n悪魔城まで　ちょっと……{08}	어… 어～ 그게……\n악마성까지 잠깐……{08}
S12:3:41	105	な…なんてことを……\nあれほど　危ないことをしないって\n約束したじゃないの！{08}\n{0d}{0d}……ケガはなかったのかい？{08}	이… 이럴 수가……\n그렇게 위험한 짓은 안 한다고\n약속했잖니!{08}\n{0d}{0d}……다친 데는 없니?{08}
S12:3:42	63	おばさん……\n心配かけてごめんなさい\nこのとおり　みんな無事です{08}	아줌마……\n걱정 끼쳐서 죄송해요\n보시다시피 다들 무사해요{08}
S12:3:43	62	セニアちゃんたちがいないけど……\nあの２人は　どうしたんだい？{08}	세니아네가 안 보이는데……\n그 둘은 어떻게 됐니?{08}
S12:3:44	67	セニアさんとアズさんは\n帰られました\nみなさんによろしくとのことです{08}	세니아 씨와 아즈 씨는\n돌아가셨어요\n모두에게 안부 전해 달래요{08}
S12:3:45	38	そうかい……\n全員無事で　よかった……{08}	그렇구나……\n다들 무사해서 다행이다……{08}
S12:3:46	91	無事なのはよかったけど……\n何回も約束をやぶったバツとして\n今日の食事は抜き！　わかったね！{08}	무사한 건 다행이지만……\n몇 번이나 약속을 어긴 벌로\n오늘 밥은 없다! 알았지!{08}
S12:3:47	21	え～っ！　そんな……{08}	에～엑! 그런……{08}
S12:3:48	50	なにか不満があるのかい？\n約束をやぶったバツだよ！{08}	뭐 불만 있니?\n약속을 어긴 벌이야!{08}
S12:3:49	55	こんなことなら\n寮でおとなしくしてた方が\nよかったわ……{08}	이럴 줄 알았으면\n기숙사에서 얌전히 있을걸\n그랬어……{08}
S12:3:50	67	これにこりて　レナちゃんは\nもう二度と約束を\nやぶらなくなるはずだよ{08}	이걸로 혼이 났으니 레나는\n이제 두 번 다시 약속을\n어기지 않겠지{08}
S12:3:51	89	ステラおばさん\n急な話なんですけど……{08}\nわたしたち　明日　ヴェーンへ\nいくことになりました{08}	스텔라 아줌마\n갑작스러운 얘기지만……{08}\n저희 내일 베인에\n가게 됐어요{08}
S12:3:52	40	えっ？\nそりゃまた急に　どうしたんだい？{08}	엇?\n그거 또 갑자기 웬일이니?{08}
S12:3:53	122	さっき　学園長に呼ばれたんで\nいったら　そのお話があって……{08}\nせっかくのお話だから……\nわたしたちいくことに\n決めたんです！{08}	아까 학원장님이 불러서\n갔더니 그런 얘기가 있어서……{08}\n모처럼의 기회니까……\n저희 가기로\n정했어요!{08}
S12:3:54	103	……{0d}{0d}{0d}　そうかい\nおめでとう！　すごいじゃないか！{08}それじゃあ　おいしいごちそうを\nたくさんつくろうかね{08}	……{0d}{0d}{0d} 그렇구나\n축하한다! 대단하잖니!{08}그럼 맛있는 음식을\n잔뜩 만들어 볼까{08}
S12:3:55	32	レ…レナ……\nよだれ…よだれ……{08}	레… 레나……\n침… 침……{08}
S12:3:56	95	あ……{08}\n……ステラおばさんの料理を\n食べるのも　これが最後かと思うと\nうしろ髪を引かれる思いだわ{08}	앗……{08}\n……스텔라 아줌마 요리를\n먹는 것도 이게 마지막이라\n생각하니 발길이 안 떨어져{08}
S12:3:57	48	思い残すことのないぐらい\nたくさん食べておくれよ{08}	미련 없도록\n잔뜩 먹으렴{08}
S12:3:58	48	思い残すことのないぐらい\nたくさん食べておくれよ{08}	미련 없도록\n잔뜩 먹으렴{08}
S12:3:59	67	青竜さまの前でおまえらを\n負かすことができなくて\n残念でたまらないぜ{08}	청룡님 앞에서 너희를\n이기지 못해서\n분해 죽겠다{08}
S12:3:60	83	あんたたちこそ青竜さまの前で\n赤っ恥かかされないですんで\nラッキーだったんじゃない？{08}	너희야말로 청룡님 앞에서\n개망신 안 당해서\n운 좋았던 거 아냐?{08}
S12:3:61	48	……今度機会があったら\n必ず決着をつけてやるぜ！{08}	……다음에 기회가 있으면\n반드시 결판을 내 주마!{08}
S12:3:62	50	どうせ負けるに決まってんだから\nやめときなさいって{08}	어차피 질 게 뻔하니까\n그만둬{08}
S12:3:63	67	う　うるせぇ！\nやるといったらやるんだ\nせいぜい覚悟しておくんだな！{08}	시 시끄러!\n한다면 하는 거다\n각오나 단단히 해 둬라!{08}
S12:3:64	33	今度こそ必ず決着をつけてやるぜ！{08}	이번엔 꼭 결판을 내 주마!{08}
S12:3:65	40	もしかしてあんたたちも\nメリエにいく気？{08}	혹시 너희도\n메리에에 갈 생각이야?{08}
S12:3:66	11	わるいかよ{08}	그럼 안 되냐{08}
S12:3:67	65	べっつにー\n{0d}{0d}でもよけいなことして\nわたしたちのじゃましないでよね{08}	딱히～\n{0d}{0d}그래도 쓸데없는 짓 해서\n우리 방해하지 마{08}
S12:3:68	25	それはこっちのセリフだぜ{08}	그건 내가 할 소리다{08}
S12:3:69	40	おまえらこそオレ様の\nじゃまするなよな！{08}	너희야말로 내\n방해하지 마라!{08}
S12:3:70	9	…………{08}	…………{08}
S12:3:71	34	アンチ……\n助けてくれてありがとう{08}	안치……\n구해 줘서 고마워{08}
S12:3:72	40	な～に　オレ様にとっちゃ\nかるいもんよ！{08}	뭘 이 몸한테는\n가벼운 일이지!{08}
S12:3:73	51	そうっス！\nアンチのアニキなら\nこんなの朝飯前っス！{08}	맞아요!\n안치 형님이라면\n이 정도는 식은 죽 먹기예요!{08}
S12:3:74	23	まあ　そういうことだね{08}	뭐 그런 거지{08}
S12:3:75	58	まあ　まぐれも実力のうち……\nということにしておきましょう{08}	뭐 요행도 실력이라……\n고 해 둘까{08}
S12:3:76	17	なんかいったか？{08}	뭐라고 했냐?{08}
S12:3:77	40	い～え　さすが！\nアンチさま　ですね～曖{08}	아～뇨 역시!\n안치 님이네요～♥{08}
S12:3:78	29	おう！　わかればいいんだよ！{08}	오! 알면 됐다!{08}
S12:3:79	38	これで　今回の勝負は\nオレ様の勝ちだな{08}	이걸로 이번 승부는\n이 몸의 승리다{08}
S12:3:80	52	う～ん……{08}\nまあ　そういうことに\nしておきましょうか{08}	으～음……{08}\n뭐 그런 걸로\n해 둘까{08}
S12:3:81	46	やった！　やった！\nやっぱりアニキはすごいっス{08}	해냈다! 해냈다!\n역시 형님은 대단해요{08}
S12:3:82	21	アンチ！　やったな！{08}	안치! 해냈구나!{08}
S12:3:83	17	おう！　当然だ！{08}	오! 당연하지!{08}
S12:3:84	77	う～ん……　こんなに喜ばれるなら\nもっと早く負けてあげれば\nよかったかしら……{08}	으～음…… 이렇게 기뻐할 줄\n알았으면 진작 져 줄 걸\n그랬나……{08}
S12:3:85	33	オレ様の実力をやっとわかったか！{08}	이제야 이 몸 실력을 알았냐!{08}
S12:3:86	11	アンチ……{08}	안치……{08}
S12:3:87	77	おう！　どうした？\nオレ様の子分にしてほしいだと？\nやっとその気になったか！？{08}	오! 왜 그래?\n이 몸의 부하가 되고 싶다고?\n드디어 그럴 마음이 생겼냐!?{08}
S12:3:88	81	う～ん……　こんなやつでも\nもう会えないと思うと\nさみしく感じるから不思議だわ……{08}	으～음…… 이런 녀석이라도\n이제 못 만난다고 생각하니\n쓸쓸한 게 신기하네……{08}
S12:3:89	62	アンチ　わたしたち　ヴェーンへ\n明日　いくことになったから……{08}	안치 우리 베인에\n내일 가게 됐어……{08}
S12:3:90	29	な…なんだと？　ほ…本当か？{08}	뭐… 뭐라고? 저… 정말이냐?{08}
S12:3:91	142	うそいうわけないでしょ！{08}\n……ということでアンチさん曖\n最後に笑うのは\nやっぱり　わたしたちなの{08}\n明日は　ニッコリ笑って\nお見送りをよろしくね曖{08}	거짓말할 리 없잖아!{08}\n……그러니까 안치 씨♥\n마지막에 웃는 건\n역시 우리야{08}\n내일은 활짝 웃으면서\n배웅 잘 부탁해♥{08}
S12:3:92	9	…………{08}	…………{08}
S12:3:93	53	そんな……\nオレ様より先に　こいつらが\nヴェーンへ……{08}	그럴 수가……\n이 몸보다 먼저 이 녀석들이\n베인에……{08}
S12:3:94	97	おかしいっス　なにかの間違いっス\nヴェーンからスカウトがあるなら\nアンチのアニキが最初のはずっス！{08}	이상해요 뭔가 잘못됐어요\n베인에서 스카우트가 온다면\n안치 형님이 먼저일 텐데요!{08}
S12:3:95	9	…………{08}	…………{08}
S12:3:96	77	アンチ……　助けてもらったり\n今までいろいろありがとう\nみんな……元気でね……{08}	안치…… 구해 준 것도\n지금까지 여러모로 고마웠어\n다들…… 잘 지내……{08}
S12:3:97	98	なんだなんだ！\nオレ様はしめっぽいのが\n苦手なんだ！{08}\n……わかったよ！\n明日は盛大に見送ってやらぁ！{08}	뭐야 뭐야!\n이 몸은 축축한 건\n질색이다!{08}\n……알았다!\n내일은 성대하게 배웅해 주마!{08}
S12:3:98	23	ありがとう　アンチ……{08}	고마워 안치……{08}
S12:3:99	212	へっ！　礼にはおよばねーぜ！{08}\nもしかしたら　それは手違いで\nヴェーンにいくのは　オレ様かも\nしれねーしな！{08}\nそれに……\nもし　それが本当だとしても\nオレ様の実力からすれば……{08}\nヴェーンのスカウトがくる日も\nすぐだぜ！{08}	흥! 고마워할 거 없다!{08}\n어쩌면 그건 착오고\n베인에 가는 건 이 몸일지도\n모르니까!{08}\n게다가……\n만약 그게 사실이라 해도\n이 몸의 실력이라면……{08}\n베인의 스카우트가 오는 날도\n금방이다!{08}
S12:3:100	56	心配するな！　それが本当なら\n気持ちよく見送ってやるぜ！{08}	걱정 마라! 그게 사실이라면\n기분 좋게 배웅해 주마!{08}
S12:3:101	25	おいらになんの用っスか？{08}	저한테 무슨 볼일이에요?{08}
S12:3:102	27	別に　用なんてないけど……{08}	딱히 볼일은 없는데……{08}
S12:3:103	38	用がないなら\nじゃましないでほしいっス{08}	볼일 없으면\n방해하지 말아 주세요{08}
S12:3:104	15	何やってるの？{08}	뭐 하는 거야?{08}
S12:3:105	17	み　見るなっス～{08}	보 보지 마요～{08}
S12:3:106	27	あんた何かくしているのよ？{08}	너 뭘 숨기고 있는 거야?{08}
S12:3:107	30	だめっス！\nぜったいだめっス！{08}	안 돼요!\n절대 안 돼요!{08}
S12:3:108	23	これは見せられないっス{08}	이건 보여 줄 수 없어요{08}
S12:3:109	13	メリエっス～{08}	메리에예요～{08}
S12:3:110	23	リック何浮かれてんの？{08}	릭 뭘 들떠 있어?{08}
S12:3:111	95	おいらたちメリエにいくっス{08}\n去年は誰かさんのせいで\nひどいめにあって\n何もできなかったっスからね{08}	우리 메리에에 가요{08}\n작년엔 누구 때문에\n험한 꼴을 당해서\n아무것도 못 했거든요{08}
S12:3:112	34	わたしたちの\nせいだっていうの！？{08}	우리 탓이라는\n거야!?{08}
S12:3:113	73	誰もそんなこといってないっスよ～\nそれとも本当に\nあんたたちのせいっスか？{08}	아무도 그런 말 안 했어요～\n아니면 정말\n당신들 탓이에요?{08}
S12:3:114	69	アンチのアニキはまだ寝ているっス\nそっとしておいてやって\nほしいっスよ{08}	안치 형님은 아직 자고 있어요\n조용히 내버려 둬\n주세요{08}
S12:3:115	29	アンチのアニキに感謝するっス{08}	안치 형님께 감사하세요{08}
S12:3:116	23	おいらに何か用っスか？{08}	저한테 무슨 볼일 있어요?{08}
S12:3:117	50	アンチのアニキが見送るなら\nおいらも　そうするっス{08}	안치 형님이 배웅한다면\n저도 그렇게 할게요{08}
S12:3:118	71	青竜さまのお祭りが\n中止になって残念だよ\nじつは結構楽しみにしていたんだ{08}	청룡님 축제가\n중지돼서 아쉬워\n실은 꽤 기대하고 있었거든{08}
S12:3:119	67	へえ　クールってそうなんだ\nそういうの興味なさそうに\n見えるけど……{08}	헤에 쿨은 그렇구나\n그런 건 관심 없어\n보이는데……{08}
S12:3:120	73	よくいわれるよ\n似合わないってね{08}\nでも好きなものは\nしょうがないじゃないか{08}	자주 듣는 소리야\n안 어울린다고{08}\n그래도 좋아하는 건\n어쩔 수 없잖아{08}
S12:3:121	17	たしかにそうよね{08}	확실히 그렇지{08}
S12:3:122	46	青竜さまのお祭りが\n中止になって本当に残念だよ{08}	청룡님 축제가\n중지돼서 정말 아쉬워{08}
S12:3:123	38	まあ気持ちをきりかえて\nメリエにいくよ{08}	뭐 기분 전환해서\n메리에에 갈 거야{08}
S12:3:124	24	そうね\nその方がいいわよ{08}	그래\n그게 좋아{08}
S12:3:125	69	今年は普通に楽しみたいよ\nあれはあれで面白かったけど\n２度はいらないね{08}	올해는 평범하게 즐기고 싶어\n그건 그것대로 재밌었지만\n두 번은 사양이야{08}
S12:3:126	36	気持ちをきりかえて\nメリエを楽しむよ{08}	기분 전환해서\n메리에를 즐길 거야{08}
S12:3:127	57	アンチはまだ寝ているよ\n今はそっとしておいて\nくれないかな{08}	안치는 아직 자고 있어\n지금은 조용히 내버려\n둬 주지 않을래{08}
S12:3:128	29	エリー　もう大丈夫なのかい？{08}	엘리 이제 괜찮은 거야?{08}
S12:3:129	17	おかげさまで……{08}	덕분에……{08}
S12:3:130	26	そうかい\nそれならよかった{08}	그래\n그럼 다행이다{08}
S12:3:131	43	何だい？\nぼくの顔に\n何かついているのかい？{08}	뭐야?\n내 얼굴에\n뭐가 묻었어?{08}
S12:3:132	32	アンチがそういうなら\nそうするさ{08}	안치가 그렇게 말한다면\n그렇게 할게{08}
S12:3:133	91	青竜さまのお姿を見ることも\nできなかった……{08}\nいつか　お目にかかることが\nできるだろうか……{08}	청룡님의 모습을 보지도\n못했다……{08}\n언젠가 뵐 수\n있을까……{08}
S12:3:134	56	今年こそは　メリエの魚料理を\nたっぷりと味わいたいものだ{08}	올해야말로 메리에의 생선\n요리를 실컷 맛보고 싶다{08}
S12:3:135	58	ハラが減っては戦はできぬ\n{0d}{0d}むかしの人はいいことをいったね{08}	배가 고프면 싸울 수 없다\n{0d}{0d}옛날 사람은 좋은 말을 했어{08}
S12:3:136	66	こういう時はおいしいものを食べて\n気持ちを落ち着けることが大事だね{08}	이럴 때는 맛있는 걸 먹고\n마음을 가라앉히는 게 중요해{08}
S12:3:137	40	平和がやっぱり一番だ！\nゴハンがうまい！{08}	역시 평화가 최고다!\n밥이 맛있어!{08}
S12:3:138	43	聞いたよ\nヴェーンへいくんだって？\nいいな～{08}	들었어\n베인에 간다며?\n좋겠다～{08}
S12:3:139	124	男の道場は　青竜さまの祭りが\nあろうが　なかろうが\n修行あるのみらしい……{08}\nやはり　魔法学園は\nそうじゃなくちゃいけないよな！{08}	사나이 도장은 청룡님 축제가\n있든 없든\n수행뿐이래……{08}\n역시 마법학원은\n그래야지!{08}
S12:3:140	101	メリエにはいきたい！{08}\nしかし……男の道場のように\n今は修行をしたほうが\n自分のためになるような気もする{08}	메리에에는 가고 싶어!{08}\n하지만…… 사나이 도장처럼\n지금은 수행을 하는 게\n나를 위한 것 같기도 해{08}
S12:3:141	42	イ…イェンは……\nど…どうなっちゃうんだ？{08}	옌… 옌은……\n어… 어떻게 되는 거지?{08}
S12:3:142	65	イアソン先生はやはりすごい！\nあの大きな城と\n生身で戦うなんて……{08}	이아손 선생님은 역시 대단해!\n그 커다란 성과\n맨몸으로 싸우다니……{08}
S12:3:143	91	平和な学園生活が戻ってきました\n今度　なにかあった時のために\n今から自分をみがこうと思います{08}	평화로운 학원 생활이 왔어요\n다음 일에 대비해\n지금부터 자신을 갈고닦겠어요{08}
S12:3:144	44	きみたちに負けないように\nぼくもがんばるよ！{08}	너희한테 지지 않도록\n나도 힘낼게!{08}
S12:3:145	87	どうやら　青竜さまの祭りが\n中止になったのは　星見の塔と\nハイド先生が関係しているらしい{08}	아무래도 청룡님 축제가\n중지된 건 별보기 탑과 하이드\n선생님이 관계있는 것 같아{08}
S12:3:146	99	みんなメリエのことで\n浮かれているが……{08}\nあの後　青竜さまがどうなったのか\n心配ではないのだろうか…{08}	다들 메리에 일로\n들떠 있지만……{08}\n그 뒤 청룡님이 어떻게 됐는지\n걱정되지 않는 걸까…{08}
S12:3:147	87	青竜さまは急にいなくなるし\n変なお城は攻めてくるし……\nいったい　なにが起こってるんだ？{08}	청룡님은 갑자기 사라지고\n이상한 성은 쳐들어오고……\n대체 무슨 일이 벌어진 거지?{08}
S12:3:148	73	北にある大きな城は\nどうやら伝説の悪魔城らしい……\n大変なことになった……{08}	북쪽에 있는 커다란 성은\n아무래도 전설의 악마성인 것\n같아…… 큰일 났다……{08}
S12:3:149	105	悪魔城が　なぜ急にきえたのか\nまだ情報が入ってこない{08}\nみんなはうかれているが\n本当に大丈夫なんだろうか……{08}	악마성이 왜 갑자기 사라졌는지\n아직 정보가 안 들어와{08}\n다들 들떠 있지만\n정말 괜찮은 걸까……{08}
S12:3:150	77	入手した情報によると\nどうやら悪魔城が　ふたたび\nこの島を襲うことはなさそうだ{08}	입수한 정보에 따르면\n아무래도 악마성이 다시 이\n섬을 습격하진 않을 것 같다{08}
S12:3:151	77	外敵に対して　建築魔法は無力だ\n残念ながら……\nわがはいには　どうしようもない{08}	외적 앞에서 건축 마법은\n무력하다 유감이지만……\n나로서는 어쩔 도리가 없다{08}
S12:3:152	40	おまえたち……\nよくあの城を封印できたな{08}	너희들……\n용케 그 성을 봉인했구나{08}
S12:3:153	73	ヴェーンへいくそうじゃないか\nまあ　気がむいたら\nいつでも遊びにくればいい{08}	베인에 간다며\n뭐 마음 내키면\n언제든 놀러 오너라{08}
S12:3:154	36	お祭りが中止になって\n残念だったわね{08}	축제가 중지돼서\n아쉬웠겠네{08}
S12:3:155	34	あなたたち\n今年もメリエへいくの？{08}	너희\n올해도 메리에에 가니?{08}
S12:3:156	73	わたし見ちゃったの\n空飛ぶ大きなお城が南からきて\n町の北側におりるのを……{08}	나 봐 버렸어\n큰 성이 남쪽에서 날아와\n마을 북쪽에 내려앉는 걸……{08}
S12:3:157	25	先生たち大丈夫かしら……{08}	선생님들 괜찮을까……{08}
S12:3:158	58	いつもは忘れちゃってるけど……\n平和って本当にありがたいわ{08}	평소엔 잊고 있지만……\n평화란 정말 고마운 거야{08}
S12:3:159	25	さよーならじゃあねまたね{08}	잘 가 안녕 또 봐{08}
S12:3:160	67	ブラウンさん……\nお祭りが中止になっても\n残務作業でいそがしいみたい{08}	브라운 씨……\n축제가 중지돼도\n남은 업무로 바쁜가 봐{08}
S12:3:161	93	ブラウンさん　いつもいそがしそう\n{0d}{0d}でも……　一生懸命働く姿を\nみているのも　わるくないのよね{08}	브라운 씨 늘 바빠 보여\n{0d}{0d}그래도…… 열심히 일하는\n모습을 보는 것도 나쁘지 않아{08}
S12:3:162	54	ブラウンさん　今度は町の見回りで\nいそがしいみたい……{08}	브라운 씨 이번엔 마을 순찰로\n바쁜가 봐……{08}
S12:3:163	69	なにかわたしにも　ブラウンさんの\nお手伝いできることって\nないかしら？{08}	나도 뭔가 브라운 씨를\n도울 수 있는 일이\n없을까?{08}
S12:3:164	87	町はいつもの状態に戻ったようだし\nそろそろブラウンさんも\nゆっくりできるんじゃないかしら{08}	마을은 평소대로 돌아온 것\n같으니 슬슬 브라운 씨도\n한숨 돌릴 수 있지 않을까{08}
S12:3:165	29	ヴェーンへ　いくんですって？{08}	베인에 간다면서?{08}
S12:3:166	38	レイラがいなくて\nなにかもの足りたいわ{08}	레이라가 없으니\n뭔가 허전해{08}
S12:3:167	56	あなたたちメリエへいくの？\nレイラはどうするか知らない？{08}	너희 메리에에 가니?\n레이라는 어떻게 할지 알아?{08}
S12:3:168	46	レイラは生徒会で\n町の見回り役をするんですって{08}	레이라는 학생회에서\n마을 순찰을 맡는대{08}
S12:3:169	50	レイラったら　外はあぶないのに\n大丈夫かしら……？{08}	레이라도 참 밖은 위험한데\n괜찮을까……?{08}
S12:3:170	81	平和が戻ってきても\nレイラは　ここに戻ってこないの\nわたしも生徒会役員になろうかな{08}	평화가 돌아와도\n레이라는 여기 안 돌아와\n나도 학생회 임원이 될까{08}
S12:3:171	34	聞いたわよ\n急な話でビックリしたわ{08}	들었어\n갑작스러운 얘기라 깜짝 놀랐어{08}
S12:3:172	73	入学してすぐに青竜さまの祭りが\n見れるって楽しみにしてたのに……\n残念だわ{08}	입학하자마자 청룡님 축제를\n볼 수 있어서 기대했는데……\n아쉬워{08}
S12:3:173	81	みんなメリエのことを\n話しているけど　メリエって\nいったいどんなところなのかしら？{08}	다들 메리에 얘기를\n하던데 메리에는\n대체 어떤 곳일까?{08}
S12:3:174	79	入学してから　いろんなことが\nあるのね　うわさに高い魔法学園\nだけのことはあるわ{08}	입학하고 나서 별의별 일이\n다 있네 소문난 마법학원\n답다니까{08}
S12:3:175	58	いったいなにが起こっているの？\n魔法学園はいつもこうなの？{08}	대체 무슨 일이 일어나는\n거야? 마법학원은 늘 이래?{08}
S12:3:176	57	あの大きなお城は悪魔城って\nいうんですって\nこわかったわ～{08}	그 커다란 성은 악마성이라고\n한대\n무서웠어～{08}
S12:3:177	27	おめでとうございます　先輩{08}	축하드려요 선배{08}
S12:3:178	40	オレも準備があるから帰る\n明日遅れんなよ{08}	나도 준비가 있으니 돌아간다\n내일 늦지 마라{08}
S12:3:179	12	うん\nまたね{08}	응\n또 봐{08}
S12:3:180	27	この部屋とも今日でお別れね{08}	이 방과도 오늘로 작별이네{08}
S12:3:181	9	そうだね{08}	그러게{08}
S12:3:182	63	昨日の連絡船で\n実家から送られてきたの\nいっぱいあるからもらって{08}	어제 연락선으로\n집에서 보내 준 거야\n잔뜩 있으니까 가져가{08}
S12:3:183	18	ありがとう\nダリア{08}	고마워\n다리아{08}
S12:3:184	23	これ何かの時に……胃薬{08}	이거 혹시 모르니까…… 위장약{08}
S12:3:185	22	あ　ありがとう\nアニス{08}	고 고마워\n아니스{08}
S12:3:186	57	ビッグニュースだよ\nあのリックがじつは\n画家志望だったんだ{08}	빅뉴스야\n그 릭이 사실\n화가 지망생이었대{08}
S12:3:187	18	えーっ\nホント！？{08}	에엑\n정말!?{08}
S12:3:188	46	ホントさ　本人から\n聞いたんだから間違いないよ{08}	정말이야 본인한테\n들었으니까 틀림없어{08}
S12:3:189	63	へーっ　そうなの？\n見かけじゃわからないもんね\nあのリックがね～{08}	헤에 그래?\n겉보기론 모르는 거구나\n그 릭이～{08}
S12:3:190	73	リックはその道に進むのかな？\nみんな　それぞれの道に\n別れていくんだね……{08}	릭은 그 길로 나아가려나?\n다들 각자의 길로\n헤어져 가는구나……{08}
S12:3:191	61	……というわけで\nこの情報が　センベツがわり\n２人とも元気でな{08}	……그런 이유로\n이 정보가 작별 선물 대신이야\n둘 다 잘 지내{08}
S12:3:192	16	うん\nエディもね{08}	응\n에디도{08}
S12:3:193	58	結局　ウィンはこなかったね\nレナも意地張っていかないし……{08}	결국 윈은 안 왔네\n레나도 고집부리고 안 가고……{08}
S12:3:194	24	いいのよ\nあんなヤツ……{08}	됐어\n그런 녀석……{08}
S12:3:195	34	……明日早いし\n今日はもう寝ようか{08}	……내일 일찍이니까\n오늘은 이만 잘까{08}
S12:3:196	28	そうね\n今日はもう寝ましょう{08}	그래\n오늘은 이만 자자{08}
S12:3:197	98	新しい魔法を覚えたいか？\n覚えたいだろう？{08}\nわがはいがとっておきの\nどえらい魔法を\n教えてやるぞ！！{08}	새 마법을 익히고 싶으냐?\n익히고 싶겠지?{08}\n내가 비장의\n엄청난 마법을\n가르쳐 주마!!{08}
S12:3:198	33	ウィンはネクストワールドを覚えた{08}	윈은 넥스트월드를 익혔다{08}
S12:4:0	118	祭りが中止になった以上\n気を引きしめなおして修行だ{08}\nブレード！\nおまえはエリーたちと一緒にいろ\nもう戻ってこなくていいぞ{08}	축제가 중지된 이상\n마음을 다잡고 수행이다{08}\n블레이드!\n너는 엘리네와 함께 있어라\n이제 돌아오지 않아도 된다{08}
S12:4:1	57	先生！\nそれはどういうことですか！？\nオレは破門ですか！？{08}	선생님!\n그게 무슨 말씀이십니까!?\n저는 파문입니까!?{08}
S12:4:2	40	そんなことはない\nおまえは見込みがあるぞ{08}	그렇지 않다\n너는 가망이 있다{08}
S12:4:3	17	だったらなぜ！？{08}	그렇다면 어째서!?{08}
S12:4:4	57	わからぬか？\nこいつらの中にいる方が\nよほどの苦行だからだ{08}	모르겠느냐?\n이 녀석들 틈에 있는 편이\n훨씬 혹독한 고행이기 때문이다{08}
S12:4:5	17	な　なるほど！！{08}	과 과연!!{08}
S12:4:6	65	なんかすごく失礼な会話が\nなされていると思うのは\n気のせいかしら？{08}	어쩐지 굉장히 실례되는 대화가\n오가는 것 같은 건\n기분 탓일까?{08}
S12:4:7	38	ブレードよ\n今いるその場所で男をみがけ{08}	블레이드여 지금 있는\n그곳에서 사나이를 갈고닦아라{08}
S12:4:8	48	聞くところによると\nメリエに近づいているらしいな{08}	듣자 하니\n메리에에 가까워지고 있다더구나{08}
S12:4:9	13	みたいですね{08}	그런가 봐요{08}
S12:4:10	46	もっともこの道場には\nそんなことは関係ないがな{08}	하긴 이 도장에는\n그런 건 상관없다만{08}
S12:4:11	39	そうよねー\nそういうところよねー\nここは{08}	그렇지～\n그런 곳이지～\n여기는{08}
S12:4:12	109	ところでブレードよ{08}\n修行とは自分に与えられた状況を\n最大限に活用するべきなのだ\nおまえにはその意味がわかるな？{08}	그런데 블레이드여{08}\n수행이란 자신에게 주어진\n상황을 최대한 활용해야 하는\n것이다 너는 그 뜻을 알겠지?{08}
S12:4:13	21	はいっ！！　先生！！{08}	넷!! 선생님!!{08}
S12:4:14	29	うむ\nその成果\n期待しているぞ{08}	음\n그 성과\n기대하고 있겠다{08}
S12:4:15	38	道場の中ですることだけが\n修行ではない{08}	도장 안에서 하는 것만이\n수행은 아니다{08}
S12:4:16	9	ウィンよ{08}	윈이여{08}
S12:4:17	13	は　はい！？{08}	네 네!?{08}
S12:4:18	87	おまえは　ちっとも男らしくないが\n真の男になる素質は十分にある\nこの道場で男をみがけ！！{08}	너는 전혀 사나이답지 않지만\n진정한 사나이 소질은 충분하다\n이 도장에서 단련해라!!{08}
S12:4:19	32	いえ……そのぅ……\nレナさん……{08}	아뇨…… 그게……\n레나 씨……{08}
S12:4:20	85	あんたのそういうところが\n男らしくないっていわれるのよ！\nちゃんと自分で返事しなさい！{08}	너의 그런 점이\n사나이답지 않다는 소리를 듣는\n거야! 제대로 스스로 대답해!{08}
S12:4:21	52	ごめんなさい　イアソン先生……\n遠慮しておきます……{08}	죄송해요 이아손 선생님……\n사양할게요……{08}
S12:4:22	71	うーむ　素質があるのだがな……\nまあその気になったら\nいつでもきていいぞ{08}	으음 소질은 있는데……\n뭐 마음이 생기면\n언제든 와도 좋다{08}
S12:4:23	38	ウィンよ\nその気になったらいつでもこい{08}	윈이여\n마음이 생기면 언제든 오너라{08}
S12:4:24	27	ブレードよ！　よくやった！{08}	블레이드여! 잘했다!{08}
S12:4:25	7	先生！{08}	선생님!{08}
S12:4:26	48	……おまえは　今回のことで\n大きく成長したようだ{08}	……너는 이번 일로\n크게 성장한 것 같구나{08}
S12:4:27	23	ありがとうございます！{08}	감사합니다!{08}
S12:4:28	87	しかし　ブレードよ！\n慢心するな！{08}\n修行とは　これで終わりと\nいうものではないと心得よ！{08}	하지만 블레이드여!\n자만하지 마라!{08}\n수행이란 이걸로 끝이라는\n것이 없음을 명심해라!{08}
S12:4:29	59	わかりました！　先生！\n今後も　さらなる修行に\nはげみます！{08}	알겠습니다! 선생님!\n앞으로도 더욱 수행에\n힘쓰겠습니다!{08}
S12:4:30	40	まったく　ここは……\nあいかわらずよね～{08}	정말 여기는……\n여전하다니까～{08}
S12:4:31	23	なにかいったか　レナ？{08}	뭐라고 했느냐 레나?{08}
S12:4:32	17	いいえ　べつに～{08}	아뇨 별로～{08}
S12:4:33	70	そうか……\n本当はいいたくないんだが{0d}…{0d}…{0d}\nレナ　おまえもよくやったぞ{08}	그런가……\n사실 말하고 싶진 않다만{0d}…{0d}…{0d}\n레나 너도 잘했다{08}
S12:4:34	48	みんなよくやった！\n今日はゆっくりと休むがいい！{08}	모두 잘했다!\n오늘은 푹 쉬거라!{08}
S12:4:35	49	ブレードよ！\nヴェーンへいけ！\nそして男をみがけ！{08}	블레이드여!\n베인에 가라!\n그리고 사나이를 갈고닦아라!{08}
S12:4:36	9	先生……{08}	선생님……{08}
S12:4:37	56	うむ　これ以上なにもいうな\nおまえの気持ちはわかっている{08}	음 더는 아무 말 마라\n네 마음은 알고 있다{08}
S12:4:38	80	あの～　イアソン{0d}セ{0d}ン{0d}セッ曖\nわたしもヴェーンへいくことに\nなったんですけど……{08}	저기～ 이아손{0d}선{0d}생{0d}님♥\n저도 베인에 가게\n됐는데요……{08}
S12:4:39	102	わかっている{08}\n{0c}……ブレードよ　おまえにとって\n男をみがくための環境が　一緒に\nついてくるというわけだな{08}	알고 있다{08}\n{0c}……블레이드여 너에게는\n사나이를 갈고닦을 환경이 함께\n따라가는 셈이로구나{08}
S12:4:40	31	それはどういう意味なのかしら？{08}	그게 무슨 뜻일까?{08}
S12:4:41	89	ブレードよ！\n幸か　不幸か　レナも一緒だ！{08}\n男をみがく環境としてこれ以上の\n場所はないぞ！{08}	블레이드여! 다행인지\n불행인지 레나도 함께다!{08}\n사나이를 갈고닦을 환경으로\n이보다 나은 곳은 없다!{08}
S12:4:42	65	祭りがあろうがなかろうが\nここでは修行あるのみだって\nとほほほ……{08}	축제가 있든 없든\n여기선 수행뿐이래\n흑흑흑……{08}
S12:4:43	46	きみたち　メリエへいくのかい？\nうらやましいね{08}	너희 메리에에 가니?\n부럽다{08}
S12:4:44	67	先生は　はりきっていたけど\nあんな大きなお城と戦うなんて\n無茶だよ！{08}	선생님은 의욕이 넘쳤지만\n그렇게 커다란 성과 싸우다니\n무모해!{08}
S12:4:45	65	真の男は　あんな大きなお城と\n生身で戦うことが\n当たり前なのかな？{08}	진정한 사나이는 그렇게 큰\n성과 맨몸으로 싸우는 게\n당연한 걸까?{08}
S12:4:46	63	先輩はすごいですね\nイアソン先生とブレード先輩は\nぼくの誇りです{08}	선배는 대단해요\n이아손 선생님과 블레이드\n선배는 제 자랑이에요{08}
S12:4:47	60	ブレード先輩！　ぼくも先輩を\nお手本として　修行にはげみます{08}	블레이드 선배! 저도 선배를\n본보기 삼아 수행에 힘쓸게요{08}
S12:4:48	48	お祭りが中止になろうが\n修行中の身には関係ないさ{08}	축제가 중지되든\n수행 중인 몸에겐 상관없어{08}
S12:4:49	36	修行中の身だ\n遊んでいるひまはない！{08}	수행 중인 몸이다\n놀 틈은 없다!{08}
S12:4:50	52	オレも　きっといつか\nイアソン先生のような真の男に！{08}	나도 분명 언젠가 이아손\n선생님 같은 진정한 사나이로!{08}
S12:4:51	71	イアソン先生にまかせておけば\nきっと大丈夫！\n真の男が負けるわけがない！{08}	이아손 선생님께 맡겨 두면\n분명 괜찮아!\n진정한 사나이가 질 리 없어!{08}
S12:4:52	54	イアソン先生の力になれるように\nぼくもがんばらなきゃ！{08}	이아손 선생님께 힘이 되도록\n나도 힘내야지!{08}
S12:4:53	40	ヴェーンへいっても\nがんばってください！{08}	베인에 가서도\n힘내세요!{08}
S12:4:54	54	せっかく魔法学園に入学したんだ\n一に修行　二に修行だ！{08}	모처럼 마법학원에 입학했으니\n첫째도 수행 둘째도 수행이다!{08}
S12:4:55	87	いったことのないところにいき\n知識を深めるのも修行だと思うが…\nメリエってどんなところ？{08}	가 본 적 없는 곳에 가서\n지식을 넓히는 것도 수행인데…\n메리에는 어떤 곳이야?{08}
S12:4:56	48	あんな大きなお城と戦うのも\n修行なんだろうか……{08}	저렇게 큰 성과 싸우는 것도\n수행인 걸까……{08}
S12:4:57	71	町じゅう　大変なさわぎだけど\n魔法学園って……\nいつもこうなんだろうか？{08}	온 마을이 난리인데\n마법학원은……\n늘 이런 걸까?{08}
S12:4:58	77	さすがに真の男はすごい！\nぼくもここで修行をすれば\n強くなること間違いなしだ！{08}	역시 진정한 사나이는 대단해!\n나도 여기서 수행하면\n틀림없이 강해질 거야!{08}
S12:4:59	27	先輩を目標にがんばります！{08}	선배를 목표로 힘낼게요!{08}
S12:4:60	61	そうだブレード！！\nおまえにまだこの魔法を\n教えていなかったな{08}	그렇지 블레이드!!\n너에게 아직 이 마법을\n가르치지 않았구나{08}
S12:4:61	38	ブレードは\nドレインスラッシュを覚えた{08}	블레이드는\n드레인슬래시를 익혔다{08}
S12:6:0	9	…………{08}	…………{08}
S12:6:1	27	相変わらず熱心に読書ですね{08}	여전히 열심히 독서하시네요{08}
S12:6:2	9	…………{08}	…………{08}
S12:6:3	7	先生？{08}	선생님?{08}
S12:6:4	9	…………{08}	…………{08}
S12:6:5	40	だめだわ\nこっちの世界に帰ってこない……{08}	안 되겠다\n이쪽 세상으로 안 돌아와……{08}
S12:6:6	9	…………{08}	…………{08}
S12:6:7	61	そういえば青竜さまは\nあれからどうなったのか\n知っているかい？{08}	그러고 보니 청룡님은\n그 뒤로 어떻게 되셨는지\n알고 있니?{08}
S12:6:8	38	もう町の話題は次のことに\n移ってますよ{08}	마을 화제는 벌써 다른 걸로\n넘어갔어요{08}
S12:6:9	59	そんなことは関係ない\nわたしは青竜さまのことを\n知りたいんだ{08}	그런 건 상관없다\n나는 청룡님에 대해\n알고 싶은 거다{08}
S12:6:10	69	まぁ別にいいですけどね……\n結局祭りは中止です\n青竜さまは帰りましたよ{08}	뭐 상관은 없지만요……\n결국 축제는 중지예요\n청룡님은 돌아가셨어요{08}
S12:6:11	43	そうか……\nありがとう\nそれだけわかればいい{08}	그런가……\n고맙다\n그것만 알면 됐다{08}
S12:6:12	21	えっ　ちょっと先生？{08}	엇 잠깐 선생님?{08}
S12:6:13	9	…………{08}	…………{08}
S12:6:14	23	また　いっちゃった……{08}	또 가 버렸어……{08}
S12:6:15	9	…………{08}	…………{08}
S12:6:16	23	さっそく本読んでる……{08}	벌써 책 읽고 있어……{08}
S12:6:17	38	ラルフ先生らしいといえば\n先生らしいよ{08}	랄프 선생님답다면\n선생님다워{08}
S12:6:18	71	ラルフ先生！\nわたしたち　スカウトされて\nヴェーンにいくことになりました{08}	랄프 선생님!\n저희 스카우트돼서\n베인에 가게 됐어요{08}
S12:6:19	68	そうか　それはおめで……{0d}{0d}{0d}\nわたしたちだって！？\nここにいる全員か？{08}	그런가 그거 축하……{0d}{0d}{0d}\n저희라고!?\n여기 있는 전원이냐?{08}
S12:6:20	9	そうです{08}	그래요{08}
S12:6:21	42	レナ　おまえも本当に\nスカウトされたのか？{08}	레나 너도 정말로\n스카우트된 거냐?{08}
S12:6:22	36	先生！\nそれはどういう意味ですか！？{08}	선생님!\n그게 무슨 뜻이에요!?{08}
S12:6:23	40	い…いや……\nヴェーンも　ものずきな……{08}	아… 아니……\n베인도 별난 취향이군……{08}
S12:6:24	52	まあ　とにかく　おめでとう\nヴェーンでもがんばれよ！{08}	뭐 아무튼 축하한다\n베인에서도 힘내라!{08}
S12:6:25	38	まったく　最初から\nそういいなさいよ！{08}	정말 처음부터\n그렇게 말하라고요!{08}
S12:6:26	23	レナ　なにかいったか？{08}	레나 뭐라고 했냐?{08}
S12:6:27	43	い～え\n先生　今までお世話に\nなりました～曖{08}	아～뇨\n선생님 지금까지 신세\n많이 졌어요～♥{08}
S12:6:28	32	ヴェーンへいっても\nがんばれよ！{08}	베인에 가서도\n힘내라!{08}
S12:6:29	75	青竜さまには会えなかったが\nせっかくの機会だし\n竜についての本を読もうと思う{08}	청룡님은 못 만났지만\n모처럼의 기회니 용에\n관한 책을 읽어 볼까 한다{08}
S12:6:30	71	ラルフ先生はメリエへ\nいかないのかなぁ\nいくなら　連れてってもらいたいな{08}	랄프 선생님은 메리에에\n안 가시려나\n가신다면 데려가 주셨으면{08}
S12:6:31	59	空飛ぶお城なんて\n本にのっていたっけ？\nちょっと調べてみよう{08}	하늘을 나는 성이\n책에 나왔던가?\n좀 찾아봐야지{08}
S12:6:32	62	調べたところ　この図書館には\n空飛ぶお城に関する本はないようだ{08}	찾아보니 이 도서관에는 하늘을\n나는 성에 관한 책은 없나 봐{08}
S12:6:33	31	これで　また読書に集中できるな{08}	이제 다시 독서에 집중하겠군{08}
S12:6:34	67	きみたちを見ていると\n知識だけじゃだめなのかなって\n思うことがあるよ{08}	너희를 보고 있으면\n지식만으론 안 되는 걸까\n싶을 때가 있어{08}
S12:6:35	44	本の片づけは\nやってもやっても終わらないよ～{08}	책 정리는\n해도 해도 끝이 없어～{08}
S12:6:36	46	ぼくは　外出するより\nここにある本を読みたいね{08}	나는 외출보다\n여기 있는 책을 읽고 싶어{08}
S12:6:37	120	空を飛んでいたお城って\n伝説の悪魔城じゃないのかな？{08}\nしかし……　以前読んだ本では\n悪魔城が飛べるなんて\n書いてなかったぞ{08}	하늘을 날던 성은\n전설의 악마성 아닐까?{08}\n하지만…… 예전에 읽은 책엔\n악마성이 난다고는\n안 쓰여 있었어{08}
S12:6:38	69	悪魔城はどこかに封印されて\nいたはずなのに……\nなんでここにいるんだ？{08}	악마성은 어딘가에 봉인되어\n있었을 텐데……\n왜 여기 있는 거지?{08}
S12:6:39	81	悪魔城が急に消えてしまった\nそんなことがあるなんて\n本にはどこにも書かれていないぞ{08}	악마성이 갑자기 사라져 버렸다\n그런 일이 있다니\n책 어디에도 안 쓰여 있어{08}
S12:6:40	63	いまだに疑問なんだが\n悪魔城が消えてしまったのは\nなぜなんだろう{08}	아직도 의문인데\n악마성이 사라진 건\n왜일까{08}
S12:6:41	50	お祭りが中止なった以上\n読書に専念しようと思います{08}	축제가 중지된 이상\n독서에 전념하려고 해요{08}
S12:6:42	69	この図書館はいろいろな本が\nあるので　時間がたつのが\nすごく早いですね{08}	이 도서관엔 여러 책이\n있어서 시간 가는 게\n정말 빠르네요{08}
S12:6:43	61	外出禁止っていわれても……\nどっちにしても読書を\nするだけです{08}	외출 금지라고 해도……\n어차피 독서를\n할 뿐이에요{08}
S12:6:44	61	外出禁止っていわれても……\nどっちにしても読書を\nするだけです{08}	외출 금지라고 해도……\n어차피 독서를\n할 뿐이에요{08}
S12:6:45	44	外出禁止じゃなくなっても\n読書をするだけです{08}	외출 금지가 풀려도\n독서를 할 뿐이에요{08}
S12:6:46	65	ずっと本ばかり見ていたので\nなんだか……\n外が恋しくなってきました{08}	줄곧 책만 봤더니\n어쩐지……\n밖이 그리워졌어요{08}
S12:6:47	55	ん？　まだいたのか\nそんなにヒマなら\nこの魔法を教えよう{08}	응? 아직 있었냐\n그렇게 한가하면\n이 마법을 가르쳐 주마{08}
S12:6:48	33	ウィンはフレイムボックスを覚えた{08}	윈은 플레임박스를 익혔다{08}
S12:6:49	46	エリーとセニアは\nチェーンライトニングを覚えた{08}	엘리와 세니아는\n체인라이트닝을 익혔다{08}
S12:7:0	36	お祭りは中止になって\nしまいましたね{08}	축제가 중지되어\n버렸네요{08}
S12:7:1	11	そうですね{08}	그러게요{08}
S12:7:2	65	みんなでずっとこの日のために\n練習をしていたのですが……\n残念です{08}	다 함께 쭉 이날을 위해\n연습해 왔는데……\n아쉬워요{08}
S12:7:3	36	そうですね\nわたしも聞きたかったです{08}	그러게요\n저도 듣고 싶었어요{08}
S12:7:4	83	練習の成果はいずれ別の機会に\nお見せできるでしょう\nその日を楽しみにしていてください{08}	연습의 성과는 언젠가 다른\n기회에 보여 드릴 수 있을\n거예요 그날을 기대해 주세요{08}
S12:7:5	44	この日のために練習を\n重ねてきたので残念です{08}	이날을 위해 연습을\n거듭해 왔으니 아쉬워요{08}
S12:7:6	46	メリエが近いですね\n皆さんはどうするのですか？{08}	메리에가 가깝네요\n여러분은 어떻게 하실 건가요?{08}
S12:7:7	57	いくつもりです\nそれでセニアたちを\nさがしているんですけど{08}	갈 생각이에요\n그래서 세니아네를\n찾고 있는데요{08}
S12:7:8	71	そうですか……\nここには顔を出していませんので\nわたくしにはわかりません{08}	그래요……\n여기엔 오지 않았으니\n저는 모르겠네요{08}
S12:7:9	27	まだ見つからないようですね{08}	아직 못 찾은 것 같네요{08}
S12:7:10	97	わたくしも今年はメリエに\nいってみようかと考えています{08}\nなにせ今まで\n１度もいってないものですから{08}	저도 올해는 메리에에\n가 볼까 생각 중이에요{08}\n아무튼 지금까지\n한 번도 안 가 봤거든요{08}
S12:7:11	21	そうだったんですか？{08}	그랬어요?{08}
S12:7:12	61	ええ\nなにかと用があっていつも\n先のばしにしていましたから……{08}	네\n이런저런 볼일이 있어서 늘\n미뤄 왔거든요……{08}
S12:7:13	47	今年こそは\nメリエにいってみようと\n思っています{08}	올해야말로\n메리에에 가 보려고\n해요{08}
S12:7:14	165	みなさん　本当にお疲れさまでした\n幸い　ケント先生のケガも\n軽かったようですし……{08}\nそれから　学園長が学園長室で\nお待ちになっているはずです\nはやく報告をしてくださいね{08}	여러분 정말 수고 많으셨어요\n다행히 켄트 선생님 부상도\n가벼웠던 것 같고……{08}\n그리고 학원장님이 학원장실에서\n기다리고 계실 거예요\n빨리 보고해 주세요{08}
S12:7:15	54	みなさん　本当にお疲れさまでした\nよくがんばりましたね{08}	여러분 정말 수고 많으셨어요\n잘 해냈어요{08}
S12:7:16	31	みなさん　卒業されるそうですね{08}	여러분 졸업하신다면서요{08}
S12:7:17	56	今　返事をしてきたばかりなのに\nなんで知ってるんですか？{08}	방금 대답하고 왔는데\n어떻게 아세요?{08}
S12:7:18	139	学園長が魔法ギルドにいったときに\n先月の悪魔城のことを\n報告されたそうです{08}\nたぶん　今回の留学のお話は\nそこからきているのでは\nないかしら……{08}	학원장님이 마법 길드에 갔을\n때 지난달 악마성 일을\n보고하셨대요{08}\n아마 이번 유학 이야기는\n거기서 나온 게\n아닐까요……{08}
S12:7:19	42	そんな話がまえまえから\nあったんですか……{08}	그런 이야기가 전부터\n있었군요……{08}
S12:7:20	23	本人たちが知らぬ間に？{08}	본인들도 모르는 사이에?{08}
S12:7:21	83	今回の連絡船でヴェーンからの\n返事がきたということは\n留学が認められたと思ったのです{08}	이번 연락선으로 베인에서\n답이 왔다는 건\n유학이 인정됐다고 생각했어요{08}
S12:7:22	23	そうだったんですか……{08}	그랬군요……{08}
S12:7:23	51	{0d}{0d}{0d}……とにかく　みなさん\n卒業おめでとうございます{08}	{0d}{0d}{0d}……아무튼 여러분\n졸업 축하해요{08}
S12:7:24	31	本当に卒業おめでとうございます{08}	정말 졸업 축하해요{08}
S12:7:25	54	せっかく練習の成果を見せる\nチャンスだったのに残念だわ{08}	모처럼 연습 성과를 보여 줄\n기회였는데 아쉬워{08}
S12:7:26	65	テレイナ先生　今年はメリエへ\nいくみたい\nわたしもついていきたいな{08}	테레이나 선생님 올해는\n메리에에 가시나 봐\n나도 따라가고 싶어{08}
S12:7:27	38	テレイナ先生は　急に\n出かけちゃったわ{08}	테레이나 선생님은 갑자기\n외출하셨어{08}
S12:7:28	50	テレイナ先生　まだ戻ってこないの\n大丈夫かしら……{08}	테레이나 선생님 아직 안\n돌아오셔 괜찮으실까……{08}
S12:7:29	71	あなたたちが　あのお城を\nやっつけたんですって？\nテレイナ先生に聞いたわ{08}	너희가 그 성을\n물리쳤다면서?\n테레이나 선생님께 들었어{08}
S12:7:30	32	卒業するんですって？\nおめでとう{08}	졸업한다면서?\n축하해{08}
S12:7:31	77	わたし……　お祭りが中止で\nちょっとほっとしてるの\nだって人前で歌うなんて……{08}	나…… 축제가 중지돼서\n좀 안심했어\n사람들 앞에서 노래하다니……{08}
S12:7:32	27	わたしも人魚をみてみたいな{08}	나도 인어를 보고 싶어{08}
S12:7:33	46	先生は　部屋から\n出ないようにっていったの……{08}	선생님이 방에서\n나오지 말라고 하셨어……{08}
S12:7:34	52	わたしがしっかりしなきゃ……\nもう　先輩なんだし……{08}	내가 정신 차려야지……\n이제 선배니까……{08}
S12:7:35	46	わたしもあなたたちに\n負けないようにがんばるわ{08}	나도 너희한테\n지지 않도록 힘낼게{08}
S12:7:36	38	さよーなら……\nまたいつか会いましょう{08}	잘 가……\n언젠가 또 만나자{08}
S12:7:37	42	青竜さまのお祭り\n楽しみにしてたのになぁ～{08}	청룡님 축제\n기대했는데～{08}
S12:7:38	23	人魚って本当にいるの？{08}	인어가 정말 있어?{08}
S12:7:39	29	どうなってるの……　こわいわ{08}	어떻게 된 거야…… 무서워{08}
S12:7:40	64	こんなこわい思いをするなら……\n入学しないほうがよかったかしら…{08}	이리 무서울 줄 알았으면……\n입학하지 말 걸 그랬나…{08}
S12:7:41	65	こわかったけど……\n終わってみると\nスリルがあっておもしろかったわ{08}	무서웠지만……\n끝나고 보니\n스릴 있고 재밌었어{08}
S12:7:42	52	わたしも　先輩たちに\n負けないように　がんばりま～す{08}	나도 선배들한테\n지지 않도록 힘낼게요～{08}
S12:7:43	9	ららら♪{08}	라라라♪{08}
S12:7:44	15	たらりららー♪{08}	따라리라라～♪{08}
S12:7:45	9	…………{08}	…………{08}
S12:7:46	40	せっかくですから\nこの魔法を教えましょう{08}	모처럼이니\n이 마법을 가르쳐 드릴게요{08}
S12:7:47	29	ブレードはシーブレスを覚えた{08}	블레이드는 시브레스를 익혔다{08}
S12:8:0	114	青竜の祭りが中止になったとか\nみんな騒いでいるが……{08}\nはて　青竜の祭りは\nこのあいだやったばかりだと\n思っていたがな{08}	청룡 축제가 중지됐다고\n다들 떠들고 있다만……{08}\n허어 청룡 축제는\n얼마 전에 했던 것\n같은데 말이다{08}
S12:8:1	40	先生のボケもついに\nここまで来ちゃったね{08}	선생님 깜빡증이 드디어\n여기까지 왔네{08}
S12:8:2	9	う　うん{08}	으 응{08}
S12:8:3	65	そういえばもうすぐ\nメリエに着くはずなのだが\n何か聞いてないかね？{08}	그러고 보니 곧\n메리에에 도착할 텐데\n뭔가 들은 거 없느냐?{08}
S12:8:4	59	え？　そんな話\n聞いたことないですよ\n何かのまちがいじゃ……{08}	네? 그런 얘기\n들은 적 없어요\n뭔가 잘못 아신 거……{08}
S12:8:5	24	そうか？\nおかしいな……{08}	그러냐?\n이상하구나……{08}
S12:8:6	36	もうすぐメリエだと\n思っていたんだが{08}	곧 메리에일 거라고\n생각했는데{08}
S12:8:7	44	ごめんなさい先生\nもうすぐメリエに着くみたい{08}	죄송해요 선생님\n곧 메리에에 도착한대요{08}
S12:8:8	22	メリエ？\nなんの話だ？{08}	메리에?\n무슨 얘기냐?{08}
S12:8:9	27	やっぱり偶然だったのね……{08}	역시 우연이었구나……{08}
S12:8:10	42	もうすぐ青竜が１０年ぶりに\nやってくるのだ{08}	곧 청룡이 １０년 만에\n찾아온단다{08}
S12:8:11	42	外がさわがしいようだが\nなにかあったのか？{08}	밖이 소란스러운 것 같은데\n무슨 일 있느냐?{08}
S12:8:12	21	ダディス　セ～ンセ曖{08}	다디스 선～생님♥{08}
S12:8:13	53	おお　セニア\nたしか……\n結婚するんじゃなかったのか？{08}	오오 세니아\n분명……\n결혼하는 거 아니었느냐?{08}
S12:8:14	77	あいかわらずね曖\nだけど……これが聞けなくなるのは\nちょっとさみしい気がするわ{08}	여전하시네♥\n그래도…… 이걸 못 듣게\n된다니 좀 쓸쓸한 것 같아{08}
S12:8:15	9	そうだね{08}	그러게{08}
S12:8:16	56	先生！　わたしたち　今度\nヴェーンへいくことになりました{08}	선생님! 저희 이번에\n베인에 가게 됐어요{08}
S12:8:17	98	おお　そうか\nでは　ヴェーンへいったら\n黒水晶をとってきてくれ{08}\nちょうど\nなくなってきたところなのだ{08}	오오 그러냐\n그럼 베인에 가거든\n흑수정을 가져와 다오{08}\n마침\n다 떨어져 가던 참이다{08}
S12:8:18	44	このパターンは……\nずっと変わらないのね……{08}	이 패턴은……\n끝까지 안 변하는구나……{08}
S12:8:19	42	先生　わたしたち\nもう戻ってこないかも……{08}	선생님 저희\n이제 안 돌아올지도……{08}
S12:8:20	55	おお　そうか\nでは　次にきた時の\nおみやげとしてでよいぞ{08}	오오 그러냐\n그럼 다음에 올 때\n선물로 가져와도 된다{08}
S12:8:21	58	お世話になりました～{08}\nエリー　キリがないから\nいきましょう{08}	신세 많이 졌어요～{08}\n엘리 끝이 없으니까\n가자{08}
S12:8:22	13	う　うん……{08}	으 응……{08}
S12:8:23	42	できる限りはやく黒水晶を\n持ってくるのだぞ{08}	되도록 빨리 흑수정을\n가져오거라{08}
S12:8:24	85	ダディス先生ったら　たま～に\nボケているのか　するどいのか\nわからなくなることがあるよ{08}	다디스 선생님은 가～끔\n깜빡하는 건지 날카로운 건지\n모를 때가 있어{08}
S12:8:25	83	時間がたつのは早いもんだね\nダディス先生が混乱するのも\nちょっとだけ　わかる気がする{08}	시간 가는 건 빠르구나\n다디스 선생님이 헷갈리는 것도\n조금은 알 것 같아{08}
S12:8:26	63	ダディス先生が戻らないんだ\nいったいどこに\nいっちゃったんだろう{08}	다디스 선생님이 안 돌아오셔\n대체 어디\n가신 걸까{08}
S12:8:27	38	よかった……\nやっと先生が見つかったよ{08}	다행이다……\n겨우 선생님을 찾았어{08}
S12:8:28	77	平和が戻っても\nダディス先生のそばにいる限り\nさわぎは　なくならないだろうなぁ{08}	평화가 돌아와도\n다디스 선생님 곁에 있는 한\n소동은 끊이지 않겠지{08}
S12:8:29	52	ダディス先生の面倒は\nぼくらが見るから心配いらないよ{08}	다디스 선생님은\n우리가 돌볼 테니 걱정 마{08}
S12:8:30	101	長い倉庫ぐらしで　外に出るにも\nまだ目がなれていないんだ{08}\n中止じゃなくても青竜さまには\n会えなかったよ{08}	오랜 창고 생활 탓에\n아직 눈이 적응을 못 했어{08}\n중지가 아니었어도 청룡님은\n못 만났을 거야{08}
S12:8:31	58	まだ目がなれていない……\nいつになったら外に出れるのやら…{08}	아직 눈이 익숙하지 않아……\n언제쯤 밖에 나가려나…{08}
S12:8:32	33	もしかして　地下の方が安全かな？{08}	혹시 지하가 더 안전하려나?{08}
S12:8:33	34	いざとなったら\n倉庫に戻ればいいや{08}	여차하면\n창고로 돌아가면 돼{08}
S12:8:34	46	どうやら　倉庫に逃げなくても\nすんだみたいだな{08}	아무래도 창고로 도망 안 가도\n되겠네{08}
S12:8:35	44	まだ　外に出れないんだ\n見送りにはいけないよ{08}	아직 밖에 못 나가\n배웅은 못 가겠어{08}
S12:8:36	77	お祭りが中止になったのは\nまじめに勉強しなさいっていう\n青竜さまのお考えかもよ{08}	축제가 중지된 건\n성실하게 공부하라는\n청룡님의 뜻일지도 몰라{08}
S12:8:37	23	勉強は　はかどってる？{08}	공부는 잘 돼 가?{08}
S12:8:38	29	ダディス先生　大丈夫かしら？{08}	다디스 선생님 괜찮으실까?{08}
S12:8:39	25	あんまり出歩いちゃダメよ{08}	너무 돌아다니면 안 돼{08}
S12:8:40	57	また　平和な……\nそして　さわがしい日々が\n戻ってくるのね{08}	다시 평화롭고……\n그리고 시끌벅적한 날들이\n돌아오는구나{08}
S12:8:41	63	おめでとう\nダディス先生のこと\nヴェーンへいってもわすれないでね{08}	축하해\n다디스 선생님 일\n베인에 가서도 잊지 마{08}
S12:9:0	81	せっかく青竜さまに\nレナが飛ぶところをお見せできると\n思ったのだが……本当に残念だ{08}	모처럼 청룡님께\n레나가 나는 모습을 보여\n드릴 줄 알았는데…… 아쉽다{08}
S12:9:1	67	ケント先生\n何度いえばわかるんですか！？\nわたしは絶対手伝いません！{08}	켄트 선생님\n몇 번을 말해야 알아요!?\n저는 절대 안 도와요!{08}
S12:9:2	69	レナこそ何をいっているんだ\nおまえ以外に誰が\n空を飛べるというのだ！！{08}	레나야말로 무슨 소리냐\n너 말고 누가\n하늘을 날 수 있단 말이냐!!{08}
S12:9:3	11	……エリー{08}	……엘리{08}
S12:9:4	112	そういうつまらん冗談で\nごまかすんじゃない{08}\nとにかく！\n人間が大空を飛ぶという夢は\nレナ　おまえにかかっているのだ{08}	그런 시시한 농담으로\n얼버무리지 마라{08}\n아무튼!\n인간이 하늘을 난다는 꿈은\n레나 너에게 달렸다{08}
S12:9:5	42	だからそれは先生の\n思い込みですってばぁ～{08}	그러니까 그건 선생님\n착각이라니까요～{08}
S12:9:6	73	青竜さまにレナが飛ぶところを\nお見せできると思ったのだが……\n本当に残念だ{08}	청룡님께 레나가 나는 모습을\n보여 드릴 줄 알았는데……\n정말 아쉽다{08}
S12:9:7	50	レナ！　この新たに\n設計しなおした飛行具でだな……{08}	레나! 이 새로 다시\n설계한 비행 도구로 말이다……{08}
S12:9:8	48	聞こえません聞こえません\nなーんにも聞こえません{08}	안 들려요 안 들려요\n아무것도 안 들려요{08}
S12:9:9	32	むむっ\nついにその手できたか……{08}	으음\n드디어 그 수로 나왔나……{08}
S12:9:10	73	なぁ　そろそろレナに\nおまえの反応を面白がってる\nだけだって教えてやるか？{08}	있지 슬슬 레나한테\n네 반응을 재밌어하는\n것뿐이라고 알려 줄까?{08}
S12:9:11	89	いいよ教えなくて\nだって面白いじゃんか{08}\nそれにケント先生は\nただ面白がってるだけじゃないよ{08}	안 알려 줘도 돼\n재밌잖아{08}\n게다가 켄트 선생님은\n그냥 재밌어하는 것만은 아니야{08}
S12:9:12	50	そ　そうなのか！？\nまだまだオレも修行がたりないな{08}	그 그런 거냐!?\n나도 아직 수행이 부족하군{08}
S12:9:13	49	レナ！\nこの新たに設計しなおした\n飛行具でだな……{08}	레나!\n이 새로 다시 설계한\n비행 도구로 말이다……{08}
S12:9:14	129	あの程度のモンスターに\nいたたた……\nおくれをとるとは……{08}\nいたたたたた……\nこうなったら新しい武器を\nいたたたた……発明せねば……{08}	그 정도 몬스터한테\n아야야……\n뒤처지다니……{08}\n아야야야야……\n이렇게 된 이상 새 무기를\n아야야야…… 발명해야……{08}
S12:9:15	36	思ったよりケガは\nかるかったみたいね{08}	생각보다 부상은\n가벼웠나 보네{08}
S12:9:16	62	ずいぶん熱中しているみたいだな\nレナがここにいるというのに……{08}	꽤 열중하고 있구나\n레나가 여기 있는데……{08}
S12:9:17	26	よけいなことは\nいわない！{08}	쓸데없는 소리\n하지 마!{08}
S12:9:18	27	ここをこうして……いたたた{08}	여기를 이렇게…… 아야야{08}
S12:9:19	44	レナ！　このわしから\n逃げるそうじゃないか！{08}	레나! 나한테서\n도망간다며!{08}
S12:9:20	27	逃げるって……　あのぉ……{08}	도망이라니…… 저기……{08}
S12:9:21	55	せめて最後に\nこの新たに設計しなおした\n飛行具でだな……{08}	마지막으로 하다못해\n이 새로 다시 설계한\n비행 도구로 말이다……{08}
S12:9:22	38	レナ　最後ぐらい\nつきあってあげたら？{08}	레나 마지막인데\n어울려 드리지 그래?{08}
S12:9:23	29	エリー！　なにいってんのよ！{08}	엘리! 무슨 소리야!{08}
S12:9:24	55	ゴメンゴメン\nケント先生……\nいろいろお世話になりました{08}	미안미안\n켄트 선생님……\n여러모로 신세 많이 졌어요{08}
S12:9:25	65	エリー　ヴェーンへいったら\nその飛行服のコマーシャルを\nたのんだぞ{08}	엘리 베인에 가거든\n그 비행복 광고를\n부탁한다{08}
S12:9:26	13	は…はい……{08}	네…네……{08}
S12:9:27	58	大事な実験体を手ばなすんだ\nそれぐらいの見返りは当然だろう{08}	소중한 실험체를 떠나보내는\n거다 그 정도 대가는 당연하지{08}
S12:9:28	23	な　なんのことかな～曖{08}	무 무슨 말씀이실까～♥{08}
S12:9:29	55	レナ！\nヴェーンの水が合わなかったら\nすぐ戻ってこいよ！{08}	레나!\n베인 물이 안 맞으면\n바로 돌아오너라!{08}
S12:9:30	51	え～……\nきっと自分をその水に合わせると\n思いま～す{08}	에～……\n분명 제가 그 물에 맞출\n거라고 생각해요～{08}
S12:9:31	61	お祭りが中止になった以上\nケント先生はより研究に\nはげむだろう{08}	축제가 중지된 이상\n켄트 선생님은 더욱 연구에\n힘쓰시겠지{08}
S12:9:32	58	メリエまでいつでもいける道具を\n作ってみたらどうだろう……{08}	메리에까지 언제든 갈 수 있는\n도구를 만들어 보면 어떨까……{08}
S12:9:33	71	悪魔城をやっつける道具なんて\nいくらケント先生でも\nすぐには作れないよ！{08}	악마성을 물리칠 도구 같은 건\n아무리 켄트 선생님이라도\n금방은 못 만들어!{08}
S12:9:34	54	ケント先生は　悪魔城を止めに\n町の外へいってしまったよ{08}	켄트 선생님은 악마성을 막으러\n마을 밖으로 가 버리셨어{08}
S12:9:35	55	ケント先生のケガは軽くて\nすんだみたい……\nよかった……{08}	켄트 선생님 부상은 가볍게\n끝난 것 같아……\n다행이다……{08}
S12:9:36	77	レナがいなくなると……\nこっちが被害を受ける可能性が……\nいかないでほしいな～{08}	레나가 없어지면……\n우리가 피해를 볼 가능성이……\n안 갔으면 좋겠어～{08}
S12:9:37	65	はぁ……\nお祭り　楽しみにしてたのに……\nまた実験だけの日々か……{08}	하아……\n축제 기대했는데……\n또 실험뿐인 나날인가……{08}
S12:9:38	57	実験もいいけど……\nお祭りがなかった分\nメリエで遊びたいな{08}	실험도 좋지만……\n축제가 없어진 만큼\n메리에에서 놀고 싶어{08}
S12:9:39	79	悪魔城って呼ばれている\n大きなお城が町の上を通っていった\nどうなっているんだい？{08}	악마성이라 불리는\n커다란 성이 마을 위를\n지나갔어 어떻게 된 거야?{08}
S12:9:40	28	ケント先生……\n大丈夫かなぁ{08}	켄트 선생님……\n괜찮으실까{08}
S12:9:41	48	ケント先生のケガが\nたいしたことなくてよかったよ{08}	켄트 선생님 부상이\n별거 아니라서 다행이야{08}
S12:9:42	21	さようなら　お元気で{08}	안녕히 건강하세요{08}
S12:9:43	67	お　よく見ればウィンが\nいるじゃないか\nよし　この魔法を教えてやろう{08}	오 잘 보니 윈이\n있잖냐\n좋아 이 마법을 가르쳐 주마{08}
S12:9:44	27	ウィンはグラビティを覚えた{08}	윈은 그래비티를 익혔다{08}
S12:9:45	55	セニアにブレード\nある魔法を考えたのだが\n試してみんかね{08}	세니아와 블레이드\n어떤 마법을 생각했는데\n시험해 보지 않겠느냐{08}
S12:9:46	48	セニアとブレードは\nライトニングブレードを覚えた{08}	세니아와 블레이드는\n라이트닝블레이드를 익혔다{08}
S12:10:0	36	これじゃあ祭りは中止だね\n残念だなあ{08}	이래서야 축제는 중지구나\n아쉽네{08}
S12:10:1	46	何かお祭りに特別な\n思い入れでもあるんですか？{08}	축제에 뭔가 특별한\n애착이라도 있으세요?{08}
S12:10:2	118	ぼくがここにきたのは\nじつは９年とちょっと前でね{08}\n君たちと同じで\n今回が初めてだったんだよ\nだから楽しみにしてたんだけど{08}	내가 여기 온 건\n실은 ９년 조금 전이거든{08}\n너희와 마찬가지로\n이번이 처음이었어\n그래서 기대했는데{08}
S12:10:3	29	こんなことになってしまったと{08}	이렇게 되어 버렸다는 거군요{08}
S12:10:4	85	まあね……{08}\nでもぼくはここを離れるつもりは\n今のところないから\n１０年後を気楽に待つさ{08}	뭐 그렇지……{08}\n그래도 나는 여기를 떠날\n생각은 지금으로선 없으니까\n１０년 후를 느긋하게 기다릴래{08}
S12:10:5	38	仕方がないから\n１０年後を気楽に待つさ{08}	어쩔 수 없으니\n１０년 후를 느긋하게 기다릴래{08}
S12:10:6	46	そういえばもう１年たつんだね\nはやいもんだなあ{08}	그러고 보니 벌써 １년이\n지났네 빠르기도 하지{08}
S12:10:7	13	何がですか？{08}	뭐가요?{08}
S12:10:8	73	メリエでの騒ぎさ\n祭りのことですっかり忘れてたけど\nもうメリエが近いんだよ{08}	메리에에서의 소동 말이야\n축제 일로 까맣게 잊었는데\n벌써 메리에가 가까워{08}
S12:10:9	48	ダディス先生のいっていたことは\n本当だったんだな{08}	다디스 선생님 말씀은\n사실이었구나{08}
S12:10:10	144	たまにはそういうこともあるのね\nあれから１年か……はやいわね{08}\n{0c}{0d}{0d}{0d}ねぇ　エリー\nちょうど　セニアもきてることだし\nシーラのところに遊びにいかない？{08}	가끔은 그런 일도 있구나\n그 뒤로 １년인가…… 빠르네{08}\n{0c}{0d}{0d}{0d}있잖아 엘리\n마침 세니아도 와 있으니까\n실라한테 놀러 가지 않을래?{08}
S12:10:11	42	そうだね……\n気分転換になるかもしれないね{08}	그러게……\n기분 전환이 될지도 몰라{08}
S12:10:12	96	それじゃ　セニアを見つけましょう\n{0d}{0d}{0d}まったく新婚さんは二人っきりで\nどこへいっちゃったのかしら？{08}	그럼 세니아를 찾자\n{0d}{0d}{0d}정말 신혼부부는 단둘이서\n어디로 가 버린 거야?{08}
S12:10:13	40	きみたち……\n去年の二の舞はさけてくれよ{08}	너희……\n작년 같은 실수는 피해 줘{08}
S12:10:14	40	きみたち……\n去年の二の舞はさけてくれよ{08}	너희……\n작년 같은 실수는 피해 줘{08}
S12:10:15	52	君たち知っているかい？\nメリエにいま近づいているんだ{08}	너희 알고 있니?\n지금 메리에에 가까워지고 있어{08}
S12:10:16	15	ええ聞きました{08}	네 들었어요{08}
S12:10:17	75	それで一緒にいこうと思って\nセニアたちをさがしているんだけど\n先生知らない？{08}	그래서 같이 가려고\n세니아네를 찾고 있는데\n선생님 못 봤어요?{08}
S12:10:18	130	そういえばさっき\n見かけたような気がするなぁ{08}\nそんなに時間はたってないから\nまだ町からは出てないと思うよ\n今度見かけたらいっておくよ{08}	그러고 보니 아까\n본 것 같기도 한데{08}\n그렇게 시간이 안 지났으니\n아직 마을에서 안 나갔을 거야\n다음에 보면 말해 둘게{08}
S12:10:19	34	わかったわ\nありがとうブルーン先生{08}	알았어요\n고마워요 브룬 선생님{08}
S12:10:20	54	まだ見つからないみたいだね\n今度見かけたらいっておくよ{08}	아직 못 찾았나 보네\n다음에 보면 말해 둘게{08}
S12:10:21	30	もうメリエには\nいったのかい？{08}	벌써 메리에에는\n갔다 왔니?{08}
S12:10:22	23	いえ　これからですけど{08}	아뇨 지금부터인데요{08}
S12:10:23	9	そう……{08}	그래……{08}
S12:10:24	46	どうしたんですか？\nなんだかはっきりしませんね{08}	왜 그러세요?\n어쩐지 말끝이 흐리네요{08}
S12:10:25	125	うん……なんていうか\nメリエの方……というよりは\n純粋に南の方かな……{08}\nそっちに不吉なものを\n感じるんだよ\nとりあえず気をつけて{08}	응…… 뭐랄까\n메리에 쪽…… 이라기보다는\n그냥 남쪽이려나……{08}\n그쪽에서 불길한 걸\n느끼거든\n아무튼 조심해{08}
S12:10:26	32	わかりました\n頭に入れておきます{08}	알겠어요\n기억해 둘게요{08}
S12:10:27	27	気のせいとは思うんだけどね{08}	기분 탓이겠지만 말이야{08}
S12:10:28	58	悪い予感が当たってしまったよ\nついに悪魔城の全面攻撃か……{08}	나쁜 예감이 맞아 버렸어\n드디어 악마성이 총공격인가……{08}
S12:10:29	19	先生はいかないの？{08}	선생님은 안 가세요?{08}
S12:10:30	109	ぼくには薬の調合と\n負傷者の救護の仕事があるから{08}\nそれに自分でいうのもなんだけど\nあんまり戦うのは向いてないし{08}	나는 약 조합이랑\n부상자 구호 일이 있어서{08}\n그리고 이런 말 하긴 뭣하지만\n싸우는 건 별로 안 맞거든{08}
S12:10:31	13	それもそうね{08}	그것도 그러네{08}
S12:10:32	118	そうあっさり納得されるのも\nちょっと悲しいものがあるなぁ{08}\nまあそれはおいといて\n君たちもここで\nおとなしくしているんだね{08}	그렇게 쉽게 납득하니\n좀 슬퍼지는데{08}\n뭐 그건 그렇고\n너희도 여기서\n얌전히 있으렴{08}
S12:10:33	44	まあ君たちもここで\nおとなしくしているんだね{08}	뭐 너희도 여기서\n얌전히 있으렴{08}
S12:10:34	55	話は聞いたよ\n結局また君たちに\nまかせることになるんだね{08}	얘기는 들었어\n결국 또 너희에게\n맡기게 되는구나{08}
S12:10:35	67	わたしはあの女と\n決着をつけたかっただけだから\nついでよ　つ・い・で{08}	나는 그 여자랑\n결판을 내고 싶었을 뿐이니까\n겸사겸사야 겸・사・겸・사{08}
S12:10:36	49	……君らしいね\nとにかく気をつけて\n無理はダメだよ{08}	……너답구나\n아무튼 조심하고\n무리는 금물이야{08}
S12:10:37	5	はい{08}	네{08}
S12:10:38	34	とにかく気をつけて\n無理はダメだよ{08}	아무튼 조심하고\n무리는 금물이야{08}
S12:10:39	38	ヴェーンからの話……\nどうするんだい？{08}	베인에서 온 얘기……\n어떻게 할 거니?{08}
S12:10:40	44	ウィン以外は……\nみんないくことになりました{08}	윈 말고는……\n다 가게 됐어요{08}
S12:10:41	93	ウィンくん以外……{08}\n……{0d}{0d}そうか　ウィンくんは\nこれから時の守人としての\n修行があるからな……{08}	윈 군 말고……{08}\n……{0d}{0d}그렇구나 윈 군은\n이제부터 시간의 수호자로서\n수행이 있으니까……{08}
S12:10:42	47	ブルーン先生！？\n時の守人って……\n知ってるの？{08}	브룬 선생님!?\n시간의 수호자라니……\n알고 있어요?{08}
S12:10:43	91	ああ　グレン先生が\n時の守人であることと……{08}\n後つぎにウィンくんが\n選ばれたことぐらいは……{08}	아아 글렌 선생님이\n시간의 수호자라는 것과……{08}\n후계자로 윈 군이\n뽑혔다는 것 정도는……{08}
S12:10:44	59	そうなんだ……\nそれでウィンはあんないい方を\nしたんだね……{08}	그렇구나……\n그래서 윈이 그런 식으로\n말했구나……{08}
S12:10:45	57	まあ　とりあえず\n卒業おめでとう\n気がむいたら遊びにおいで{08}	뭐 일단\n졸업 축하해\n마음 내키면 놀러 오렴{08}
S12:10:46	34	ありがとうございます\nブルーン先生{08}	고마워요\n브룬 선생님{08}
S12:10:47	73	みんなよくやったね\n学園長が心配しているから\n早く報告しにいった方がいいよ{08}	모두 잘했어\n학원장님이 걱정하시니까\n빨리 보고하러 가는 게 좋아{08}
S12:10:48	69	青竜さまに会うためには\nあと１０年も\nここで待たなきゃいけないのか……{08}	청룡님을 만나려면\n앞으로 １０년이나\n여기서 기다려야 하나……{08}
S12:10:49	34	ブルーン先生は\nあいかわらずですよ{08}	브룬 선생님은\n여전하세요{08}
S12:10:50	44	悪魔城が……　悪魔城が……\nた…たいへんだ！{08}	악마성이…… 악마성이……\n크… 큰일이다!{08}
S12:10:51	44	ケガ人にそなえて\n薬の調合を手伝わなきゃ……{08}	부상자에 대비해서\n약 조합을 도와야지……{08}
S12:10:52	36	ケガ人が少なかったのが\nなによりです{08}	부상자가 적었던 게\n무엇보다 다행이에요{08}
S12:10:53	15	卒業おめでとう{08}	졸업 축하해{08}
S12:10:54	33	あと１０年もここにいる気はないわ{08}	１０년이나 더 있긴 싫어{08}
S12:10:55	27	もうすぐメリエにいくみたい{08}	곧 메리에에 간대{08}
S12:10:56	27	イェンはどうなっちゃうの？{08}	옌은 어떻게 되는 거야?{08}
S12:10:57	29	薬をたくさん作らなくちゃ……{08}	약을 잔뜩 만들어야지……{08}
S12:10:58	25	平和なイェンだワーイワイ{08}	평화로운 옌이다 와～이와이{08}
S12:10:59	25	また　いつか会いましょう{08}	언젠가 또 만나자{08}
S12:10:60	48	そういえばこの魔法は\nまだ教えていなかったよね？{08}	그러고 보니 이 마법은\n아직 안 가르쳐 줬지?{08}
S12:10:61	27	ウィンはトルネードを覚えた{08}	윈은 토네이도를 익혔다{08}
S12:11:0	25	お祭りが中止でヤケ酒だ！{08}	축제가 중지돼서 홧술이다!{08}
S12:11:1	40	この前　お酒を飲みすぎた～\n二日酔いだよ{08}	요전에 술을 너무 마셨어～\n숙취야{08}
S12:11:2	59	お酒を飲みすぎたのか……\n城が空を飛んでいるように\nみえたよ{08}	술을 너무 마셨나……\n성이 하늘을 나는 것처럼\n보였어{08}
S12:11:3	29	しばらくお酒はやめようと思う{08}	당분간 술은 끊을까 봐{08}
S12:11:4	44	本当にこれで危機は\n去ったんでしょうか……？{08}	정말 이걸로 위기는\n지나간 걸까요……?{08}
S12:11:5	40	青竜さまは　結局\nどこへいかれたのだろう{08}	청룡님은 결국\n어디로 가신 걸까{08}
S12:11:6	73	青竜さまのお祭りが中止になった\n真相が知りたいね\nあなたたち知らないかい？{08}	청룡님 축제가 중지된\n진상이 알고 싶어\n너희 모르니?{08}
S12:11:7	63	去年はメリエと\nケンカしたんだっけ？\nどうしてだったんだろう……{08}	작년엔 메리에랑\n싸웠다던가?\n왜 그랬을까……{08}
S12:11:8	48	城が空を飛んでたよ！\nすごいことがあるもんだねぇ{08}	성이 하늘을 날고 있었어!\n별일이 다 있구먼{08}
S12:11:9	44	空を飛ぶ城がイェンに\n着陸したって本当かい？{08}	하늘을 나는 성이 옌에\n착륙했다는 게 정말이야?{08}
S12:11:10	13	こわかった～{08}	무서웠어～{08}
S12:11:11	17	平和が一番だね～{08}	평화가 제일이야～{08}
S12:11:12	33	青竜さまはどこにいったのかしら？{08}	청룡님은 어디 가셨을까?{08}
S12:11:13	61	メリエのことより\n青竜さまがどうなったのかが\n気にかかるわ……{08}	메리에 일보다\n청룡님이 어떻게 됐는지가\n마음에 걸려……{08}
S12:11:14	75	あのお城が現れたのと\n青竜さまがいなくなったのは\nなにか関係があるのかしら？{08}	그 성이 나타난 것과\n청룡님이 사라진 건\n뭔가 관계가 있을까?{08}
S12:11:15	75	あのお城が現れたのと\n青竜さまがいなくなったのは\nなにか関係があるのかしら？{08}	그 성이 나타난 것과\n청룡님이 사라진 건\n뭔가 관계가 있을까?{08}
S12:11:16	34	お城は消えたけど……\n青竜さまは？{08}	성은 사라졌지만……\n청룡님은?{08}
S12:11:17	59	また　１０年後には\n青竜さまの変わらぬお姿を\n見れるのかしら{08}	또 １０년 뒤에는\n청룡님의 변함없는 모습을\n볼 수 있을까{08}
S12:12:0	58	お祭りで自慢のコレクションを\n見せようと思っていたのに……{08}	축제 때 자랑하는 컬렉션을\n보여 주려고 했는데……{08}
S12:12:1	40	メリエでなにか\nめずらしいものはないかな{08}	메리에에 뭔가\n진귀한 게 없을까{08}
S12:12:2	59	せっかくメリエへいこうと\n思っていたのに……\n外出禁止か……{08}	모처럼 메리에에 가려고\n했는데……\n외출 금지라니……{08}
S12:12:3	30	はぁ……\nメリエにいきたいなぁ{08}	하아……\n메리에에 가고 싶다{08}
S12:12:4	23	これでメリエにいけるよ{08}	이제 메리에에 갈 수 있어{08}
S12:12:5	57	メリエで手に入れた\n新しいコレクションを\n見ていってくれよ{08}	메리에에서 손에 넣은\n새 컬렉션을\n보고 가 줘{08}
S12:12:6	25	せっかく焼いたパンが……{08}	모처럼 구운 빵이……{08}
S12:12:7	52	メリエで材料を仕入れて\nシーフードパンを作ろうと思う{08}	메리에에서 재료를 사다가\n해산물 빵을 만들어 볼래{08}
S12:12:8	40	大変だ！\nパンを作っている場合じゃない！{08}	큰일이다!\n빵 만들 때가 아니야!{08}
S12:12:9	25	出歩かないほうがいいぞ！{08}	돌아다니지 않는 게 좋아!{08}
S12:12:10	48	ああいうことがあると\n平和のありがたみがわかるね{08}	그런 일이 있으면\n평화의 고마움을 알게 돼{08}
S12:12:11	34	魔法学園はいつまでも\nかわらないよ{08}	마법학원은 언제까지나\n변하지 않아{08}
S12:12:12	61	せっかくお祭りのために\n服を仕立てたのに……\nしかたないわ……{08}	모처럼 축제를 위해\n옷을 지었는데……\n어쩔 수 없지……{08}
S12:12:13	29	そういえば　もうすぐメリエね{08}	그러고 보니 곧 메리에네{08}
S12:12:14	31	あまり出歩かないほうがいいわよ{08}	너무 돌아다니지 않는 게 좋아{08}
S12:12:15	31	あまり出歩かないほうがいいわよ{08}	너무 돌아다니지 않는 게 좋아{08}
S12:12:16	31	これで落ち着いて仕事ができるわ{08}	이제 차분하게 일할 수 있겠어{08}
S12:12:17	36	新しいデザインが\nまとまりそうなのよ{08}	새 디자인이\n정리될 것 같아{08}
S12:12:18	69	せっかく　新しいデザインを\n見てもらえるチャンスだったのに\n中止か……{08}	모처럼 새 디자인을\n보여 줄 기회였는데\n중지라니……{08}
S12:12:19	36	人魚ルックを\nデザインしてみようかな{08}	인어 룩을\n디자인해 볼까{08}
S12:12:20	67	こんなことはここにきて以来\nはじめてだ！\nどうなっちゃうんだろう……{08}	이런 일은 여기 온 뒤로\n처음이야!\n어떻게 되는 걸까……{08}
S12:12:21	42	アルテナさま\nどうかわたしをお守りください{08}	알테나 님\n부디 저를 지켜 주세요{08}
S12:12:22	57	アルテナさま……\nお守りくださり\nありがとうございます……{08}	알테나 님……\n지켜 주셔서\n감사합니다……{08}
S12:12:23	83	空飛ぶお城をイメージした\nキャッスルルックっていうのを\n考えたんだけど……どうかな？{08}	하늘을 나는 성을 이미지로 한\n캐슬룩이라는 걸\n생각해 봤는데……어때？{08}
S12:13:0	58	わたし……青竜さまのお祭り\nとっても楽しみにしてたのに……{08}	나…… 청룡님 축제\n정말 기대했는데……{08}
S12:13:1	58	わたしもメリエにいきたいな\nだれか連れてってくれないかしら{08}	나도 메리에에 가고 싶어\n누가 데려가 주지 않으려나{08}
S12:13:2	54	大きな影が空の上を通ったの\nなにが起きているのかしら？{08}	큰 그림자가 하늘을 지나갔어\n무슨 일이 일어나는 걸까?{08}
S12:13:3	58	先生が町から出ないようにって\nいってたわ　どうなってるの？{08}	선생님이 마을 밖에 나가지\n말래 어떻게 된 거야?{08}
S12:13:4	54	急に静かになりましたが……\nもう大丈夫なんでしょうか？{08}	갑자기 조용해졌는데……\n이제 괜찮은 걸까요?{08}
S12:13:5	50	そろそろ　どこかの先生に\n弟子入りしようと思います{08}	슬슬 어느 선생님의\n제자로 들어가려고 해요{08}
S12:13:6	48	青竜さまがいなくても\nお祭りだけはやればいいのに{08}	청룡님이 안 계셔도\n축제만은 하면 좋을 텐데{08}
S12:13:7	25	時間がたつのは早いものね{08}	시간 가는 건 빠르네{08}
S12:13:8	42	た…大変だよ！\n町の北側に大きな物体が……{08}	크… 큰일이야!\n마을 북쪽에 커다란 물체가……{08}
S12:13:9	29	どうしよう……どうしよう……{08}	어쩌지…… 어쩌지……{08}
S12:13:10	31	もう大丈夫なんでしょうか……？{08}	이제 괜찮은 걸까요……?{08}
S12:13:11	67	また　あの空飛ぶお城が\nくるんじゃないかと思うと\n夜も眠れません……{08}	또 그 하늘을 나는 성이\n올 것 같다고 생각하면\n밤에도 잠이 안 와요……{08}
S12:14:0	38	あれは……\nアンチたちと……エリー！？{08}	저건……\n안치네랑…… 엘리!?{08}
S12:14:1	44	遅いぜ　おまえら！\n今まで何やってたんだよ！{08}	늦었다 너희!\n지금까지 뭐 하고 있었냐!{08}
S12:14:2	23	何がどうなってるわけ？{08}	어떻게 된 거야?{08}
S12:14:3	58	メリエにいこうと舟を出したら\nエリーが近くに落ちてきたのさ{08}	메리에에 가려고 배를 띄웠더니\n엘리가 근처에 떨어졌거든{08}
S12:14:4	21	だからひろったっス！{08}	그래서 건졌어요!{08}
S12:14:5	44	やるじゃん！！\nアタシ　あんたたち見直したよ{08}	제법인데!!\n나 너희 다시 봤어{08}
S12:14:6	40	でも　どうして港に\nもどらなかったわけ？{08}	그런데 왜 항구로\n안 돌아온 거야?{08}
S12:14:7	9	…………{08}	…………{08}
S12:14:8	23	あ　もどれなかったんだ{08}	아 못 돌아왔구나{08}
S12:14:9	87	と　とりあえずアンチさんたちが\nエリーさんを助けてくれたことに\nまちがいはないんですから{08}	이 일단 안치 씨네가\n엘리 씨를 구해 준 건\n틀림없으니까요{08}
S12:14:10	30	まぁ　なんだ\nあとはまかせたぜ{08}	뭐 그러니까\n뒷일은 맡긴다{08}
S12:14:11	11	エリー！！{08}	엘리!!{08}
S12:14:12	22	よかった\n息しているよ{08}	다행이다\n숨 쉬고 있어{08}
S12:14:13	54	あ　あたりまえでしょ！\nエリーが死ぬわけないんだから！{08}	다 당연하지!\n엘리가 죽을 리 없잖아!{08}
S12:14:14	41	とにかく\nエマ先生のところへ\n運びましょう{08}	어쨌든\n에마 선생님께\n옮겨요{08}
S12:15:0	23	船は自由に使っていいよ{08}	배는 마음대로 써도 돼{08}
S12:15:1	31	もう海にはいないんじゃないのか{08}	이제 바다엔 없는 거 아닐까{08}
S12:15:2	24	そうね\n他へいきましょう{08}	그러게\n다른 데 가 보자{08}
S12:15:3	34	はっ　はやく\nエリーを助けなきゃ！{08}	빠 빨리\n엘리를 구해야 해!{08}
S12:15:4	21	どこをさがせばいい？{08}	어디를 찾으면 돼?{08}
S12:15:5	26	……とにかく\nさがすのよ！{08}	……아무튼\n찾는 거야!{08}
S12:15:6	15	ほら　急いで！{08}	자 서둘러!{08}
S12:15:7	21	すごい見送りだな……{08}	굉장한 배웅이구나……{08}
S12:15:8	5	うん{08}	응{08}
S12:15:9	59	セニアにアズ……\n帰ったはずだよな\nどうしてここにいるんだ？{08}	세니아랑 아즈……\n돌아간 거 아니었냐\n왜 여기 있는 거지?{08}
S12:15:10	149	そう　かたいこというなよ\n今回は学園長に相談したいことが\nあってきただけ{08}\nそしたらレナたち\nヴェーンにいくっていうから……\n少し早起きして待ってただけさ{08}	그렇게 딱딱하게 굴지 마\n이번엔 학원장님께 상담할 게\n있어서 왔을 뿐이야{08}\n그랬더니 레나네가\n베인에 간다길래…… 좀\n일찍 일어나서 기다렸을 뿐이야{08}
S12:15:11	30	そうなんだ\nわざわざありがとう{08}	그렇구나\n일부러 고마워{08}
S12:15:12	38	ヴェーンからのスカウトなんて\nすごいね{08}	베인에서 스카우트라니\n대단하다{08}
S12:15:13	100	そんなことはない\nそれよりこれからが問題だ{08}\nヴェーンには\nライバルになるヤツが\n山ほどいるはずだからな{08}	그렇지 않다\n그보다 앞으로가 문제다{08}\n베인에는\n라이벌이 될 녀석이\n산더미처럼 있을 테니까{08}
S12:15:14	32	三人とも\nヴェーンでもがんばれよ{08}	셋 다\n베인에서도 힘내{08}
S12:15:15	25	おちついたら手紙を書くよ{08}	자리 잡으면 편지 쓸게{08}
S12:15:16	44	うん　待ってる\nいずれそっちにも遊びにいくよ{08}	응 기다릴게\n언젠가 그쪽에도 놀러 갈게{08}
S12:15:17	9	じゃあな{08}	그럼 잘 가{08}
S12:15:18	59	おじいちゃん……\nお世話になりました\nヴェーンへいってきます{08}	할아버지……\n신세 많이 졌어요\n베인에 다녀올게요{08}
S12:15:19	22	うんうん\n……元気でな{08}	그래그래\n……잘 지내거라{08}
S12:15:20	9	はい……{08}	네……{08}
S12:15:21	46	どうしたんじゃ　レナ？\n元気がないようじゃのう{08}	왜 그러느냐 레나?\n기운이 없어 보이는구먼{08}
S12:15:22	32	べ…別に……\nなんでもないわよ！{08}	벼… 별로……\n아무것도 아니거든!{08}
S12:15:23	49	そういえば……\nウィンの姿が見えないな\nそうか……{08}	그러고 보니……\n윈의 모습이 안 보이는군\n그런가……{08}
S12:15:24	9	…………{08}	…………{08}
S12:15:25	63	レナ……　ウィンはこれから\nまだまだ修行をつまねば\nならんのじゃ{08}	레나…… 윈은 이제부터\n아직 한참 수행을 쌓아야\n한단다{08}
S12:15:26	28	そんなの……\nわかってるわよ{08}	그런 거……\n알고 있어{08}
S12:15:27	135	……おじいちゃん　わたしね……\nバルアにいわれた一言が\n忘れられないの{08}\n好き勝手にやって\n人に迷惑かけるなら……\nバルアと同じなんだなって{08}	……할아버지 나 있잖아……\n바르아한테 들은 한마디가\n잊히지 않아{08}\n제멋대로 굴어서\n남한테 폐를 끼친다면……\n바르아랑 똑같구나 하고{08}
S12:15:28	9	レナ……{08}	레나……{08}
S12:15:29	136	だから……\nもうわがままはいわないの{08}\nもしかしたら知らないうちに\n周りに迷惑かけちゃうかも\nしれないけど……{08}\nそうならないように努力するわ{08}	그러니까……\n이제 억지는 안 부릴 거야{08}\n어쩌면 나도 모르게\n주위에 폐를 끼칠지도\n모르지만……{08}\n그러지 않도록 노력할게{08}
S12:15:30	119	そうじゃな\n結果は大事じゃが\nその過程もまた重要じゃ{08}\nその心がまえを忘れなければ\n人は許してくれるし\nきっと助けてもくれる{08}	그렇지\n결과도 중요하지만\n그 과정 또한 중요하단다{08}\n그 마음가짐을 잊지 않으면\n사람들은 용서해 주고\n분명 도와도 줄 게야{08}
S12:15:31	107	おじいちゃん……\n今まで甘えてばかりで\nゴメンなさい{08}\n今度ここにくる時は\nもっと素敵な女性に\nなってみせるわ！{08}	할아버지……\n지금까지 응석만 부려서\n미안해요{08}\n다음에 여기 올 때는\n더 멋진 여자가\n되어 보일게!{08}
S12:15:32	25	ああ　楽しみにしておるよ{08}	그래 기대하고 있으마{08}
S12:15:33	68	レナ……\nそんなこと考えてたんだ……\nなんかちょっと……{0d}{0d}{0d}おどろいた{08}	레나……\n그런 생각을 하고 있었구나……\n어쩐지 좀……{0d}{0d}{0d}놀랐어{08}
S12:15:34	20	すこしだけ……{0d}{0d}{0d}ね{08}	아주 조금……{0d}{0d}{0d}이야{08}
S12:15:35	9	…………{08}	…………{08}
S12:15:36	134	あらためてこうしてみると\nみんなずいぶんと成長したのぉ{08}\n本音をいわせてもらえば\nまだ多少は不安なんじゃが……\nわしは大丈夫と信じておるよ{08}	새삼 이렇게 보니\n다들 많이 자랐구먼{08}\n솔직히 말하자면\n아직 조금은 불안하다만……\n나는 괜찮을 거라 믿는단다{08}
S12:15:37	143	うん　おじいちゃん\nわたしたちは大丈夫！\n今までずっと一緒だったし……{08}\n……でも{0d}{0d}　もしかしたら\nわたしの方が迷惑かけちゃうかも\nしれないけど……{08}	응 할아버지\n우린 괜찮아!\n지금까지 쭉 함께였고……{08}\n……그래도{0d}{0d} 어쩌면\n내가 폐를 끼칠지도\n모르지만……{08}
S12:15:38	46	大丈夫だ！　エリー！\nオレがおまえたちを守る！{08}	괜찮다! 엘리!\n내가 너희를 지키겠다!{08}
S12:15:39	51	イアソン先生！\n{0d}{0d}グレン先生！\n{0d}{0d}安心してください！{08}	이아손 선생님!\n{0d}{0d}글렌 선생님!\n{0d}{0d}안심하십시오!{08}
S12:15:40	67	よくいった！　ブレード！\nそれでこそ　真の男だ！\nその心を忘れるな！{08}	잘 말했다! 블레이드!\n그래야 진정한 사나이다!\n그 마음을 잊지 마라!{08}
S12:15:41	9	先生……{08}	선생님……{08}
S12:15:42	25	うむ　頼んだぞ　ブレード{08}	음 부탁하네 블레이드{08}
S12:15:43	53	さあ……そろそろ時間だ\n連絡船が待っている\n急ぎなさい{08}	자…… 슬슬 시간이다\n연락선이 기다리고 있다\n서두르거라{08}
S12:15:44	13	そうじゃ……{08}	그렇지……{08}
S12:15:45	107	ヴェーンへいったら\n魔法ギルドの当主をたずねなさい{08}\nきっとよくしてくれるじゃろう\nわしからもお願いしておこう{08}	베인에 가거든\n마법 길드의 수장을 찾아가거라{08}\n분명 잘해 줄 게야\n나도 부탁해 두마{08}
S12:15:46	25	ありがとう　おじいちゃん{08}	고마워요 할아버지{08}
S12:15:47	32	これで\n沖にある船までいくんだな{08}	이걸로\n앞바다에 있는 배까지 가는군{08}
S12:15:48	32	そうみたいね\nさあ　いきましょ！{08}	그런가 봐\n자 가자！{08}
S12:16:0	52	久しぶりに町で騒げると\n思ったのに……　残念だな……{08}	오랜만에 마을에서 놀 수 있을\n줄 알았는데…… 아쉽다……{08}
S12:16:1	38	メリエか……\nうまい魚料理が食べたいね{08}	메리에라……\n맛있는 생선 요리가 먹고 싶네{08}
S12:16:2	40	空飛ぶ城が　町の方に\n向かったみたいだぞ{08}	하늘을 나는 성이 마을 쪽으로\n향한 것 같다{08}
S12:16:3	40	空飛ぶ城が　町の方に\n向かったみたいだぞ{08}	하늘을 나는 성이 마을 쪽으로\n향한 것 같다{08}
S12:16:4	27	なにも手伝えなくてゴメンな{08}	아무것도 못 도와서 미안해{08}
S12:16:5	23	これからもがんばれよ！{08}	앞으로도 힘내라!{08}
S12:16:6	27	またしばらく楽しみがないね{08}	또 한동안 낙이 없겠네{08}
S12:16:7	56	メリエから魚を手に入れたら\nおいしい料理を作ってみせるよ{08}	메리에에서 생선을 구하면\n맛있는 요리를 만들어 보일게{08}
S12:16:8	69	お城がここの上を通っていったよ\nあんな大きなものが\n空を飛べるんだねぇ{08}	성이 이 위를 지나갔어\n저렇게 큰 게\n하늘을 날 수 있구나{08}
S12:16:9	69	お城がここの上を通っていったよ\nあんな大きなものが\n空を飛べるんだねぇ{08}	성이 이 위를 지나갔어\n저렇게 큰 게\n하늘을 날 수 있구나{08}
S12:16:10	44	お祝いをかねて\nおいしい料理を作ってみせるよ{08}	축하도 겸해서\n맛있는 요리를 만들어 보일게{08}
S12:16:11	23	いつでも遊びにおいで！{08}	언제든 놀러 오렴！{08}
S12:17:0	40	どうしたのエリー\n急に立ち止まったりして{08}	왜 그래 엘리\n갑자기 멈춰 서고{08}
S12:17:1	9	…………{08}	…………{08}
S12:17:2	44	なによ　エリー\nそんなむずかしい顔しちゃって{08}	뭐야 엘리\n그렇게 심각한 얼굴을 하고{08}
S12:17:3	79	ホントにどうしたんだ？\nさっきからずっとだまってるしさ\n体のぐあいでも悪いのか？{08}	정말 왜 그래?\n아까부터 계속 말도 없고\n몸이라도 안 좋아?{08}
S12:17:4	50	わたし……ここを出ていくね\nブルグの村にも帰らない{08}	나…… 여기를 떠날게\n부르그 마을에도 안 돌아가{08}
S12:17:5	15	エリーさん！？{08}	엘리 씨!?{08}
S12:17:6	11	エリー！！{08}	엘리!!{08}
S12:17:7	32	ちょっとエリー\nどういうことよ！{08}	잠깐 엘리\n무슨 소리야!{08}
S12:17:8	61	魔族の血が流れている生徒なんて\nイェンにいちゃいけないと思う{08}\n	마족의 피가 흐르는 학생은\n옌에 있으면 안 될 것 같아{08}\n
S12:17:9	117	そんなことないわよエリー\n血なんて\n気にする必要ないんだから！{08}\nだって今のエリーは魔族と\n関係ないじゃない\nそうでしょ？{08}	그렇지 않아 엘리\n피 같은 거\n신경 쓸 필요 없어!{08}\n지금의 엘리는 마족이랑\n관계없잖아\n그렇지?{08}
S12:17:10	23	関係はあるよ　レナ……{08}	관계는 있어 레나……{08}
S12:17:11	7	アズ？{08}	아즈?{08}
S12:17:12	65	でも今までの流れからして\nそれは敵対だと思うが……\n{0d}{0d}{0d}{0d}違うかい？{08}	하지만 지금까지의 흐름으로\n보면 그건 적대 관계\n같은데…… {0d}{0d}{0d}{0d}아닌가?{08}
S12:17:13	49	そうだよ！！\nどうして出ていく必要が\nあるんだよ！{08}	그래!!\n왜 떠날 필요가\n있는 건데!{08}
S12:17:14	172	たしかに今はそうだけど……\nいつ変わるか　わからないよ{08}\nメンフィスだって\n昔はいいヤツだったんだ{08}\nだって……{0d}{0d}{0d}おじいちゃんが\n自分の後つぎにしようと\n思うぐらいなんだから……{08}	분명 지금은 그렇지만……\n언제 변할지 몰라{08}\n멤피스도\n옛날엔 좋은 사람이었어{08}\n왜냐면……{0d}{0d}{0d}할아버지가\n자기 후계자로 삼으려고\n할 정도였으니까……{08}
S12:17:15	11	エリー……{08}	엘리……{08}
S12:17:16	72	だからわたし　遠くにいこうと思う\n{0d}{0d}{0d}{0d}みんなに{0d}{0d}迷惑かけたくないから……{08}	그러니까 나 멀리 가려고 해\n{0d}{0d}{0d}{0d}모두에게{0d}{0d}폐 끼치기 싫으니까……{08}
S12:17:17	75	大丈夫だよ　エリー\nエリーは変わったりしないよ\nアタシたちがついてるんだから{08}	괜찮아 엘리\n엘리는 안 변해\n우리가 곁에 있잖아{08}
S12:17:18	98	そうですよエリーさん\nみんながついてますから{08}\nあ　ぼくなんかじゃ\n頼りないかもしれない\nですけど……{08}	맞아요 엘리 씨\n모두가 곁에 있으니까요{08}\n아 저 같은 건\n미덥지 않을지도\n모르지만요……{08}
S12:17:19	87	みんなのいうとおりだぞ！　エリー\nそれに　そうならないために\nここで心をきたえればいい！{08}	모두 말이 맞다! 엘리\n게다가 그렇게 되지 않도록\n여기서 마음을 단련하면 된다!{08}
S12:17:20	102	……というわけよエリー\n心配いらないって{08}\nもし血迷ったりしても\nわたしが殴って\n目をさまさせてあげるわよ{08}	……그렇다는 거야 엘리\n걱정할 거 없어{08}\n만약 정신이 나가도\n내가 때려서\n정신 차리게 해 줄게{08}
S12:17:21	24	みんな……{0d}{0d}{0d}ありがとう{08}	다들……{0d}{0d}{0d}고마워{08}
S12:17:22	25	さぁ　町にもどりましょ！{08}	자 마을로 돌아가자!{08}
S12:17:23	75	そういえばアタシ\nアズに見せたい場所があったんだ\n二人でいくからまたあとでね{08}	그러고 보니 나\n아즈한테 보여 줄 곳이 있었어\n둘이서 갈 테니 나중에 봐{08}
S12:17:24	49	え　ちょ　ちょっと\nセニア！{08}\n{0c}えーっ　なにそれー{08}	어 자 잠깐\n세니아!{08}\n{0c}에～ 뭐야 그게～{08}
S12:17:25	83	何あれ？\nもう　信じらんない！{08}\nしかたないわね……\nわたしたちだけで　町に帰りましょ{08}	뭐야 저거?\n정말 믿을 수가 없어!{08}\n어쩔 수 없지……\n우리끼리 마을에 돌아가자{08}
S12:17:26	28	あれ？\n話し声が聞こえるよ？{08}	어라?\n말소리가 들려?{08}
S12:17:27	63	ほんと？　じゃあ\nじゃまをしないように\n外から少し様子をみましょ{08}	정말? 그럼\n방해하지 않게\n밖에서 좀 상황을 보자{08}
S12:17:28	31	それってただの盗み聞きじゃ……{08}	그건 그냥 엿듣기잖아……{08}
S12:18:0	99	私は力が回復するまで\nこの小屋を借りることにするが……{08}\n町に戻ったら\n私は帰ったことにしておいてくれ{08}	나는 힘이 회복될 때까지 이\n오두막을 빌리기로 하겠다만……{08}\n마을로 돌아가거든\n나는 돌아갔다고 해 두어라{08}
S12:18:1	57	青竜さま……\nこの度はまことに\n何とおわびしたらよいか……{08}	청룡님……\n이번 일은 참으로\n뭐라 사죄드려야 할지……{08}
S12:18:2	101	その必要はない\n{0d}{0d}{0d}だが……\n二度と同じことがないようにな{08}\n……それよりグレンの容態は\nどうなっている？{08}	그럴 필요 없다\n{0d}{0d}{0d}하지만…… 두 번\n다시 같은 일이 없도록 해라{08}\n……그보다 글렌의 상태는\n어떠냐?{08}
S12:18:3	51	はい\nどうにか命は助かりましたが\nまだ意識の方は……{08}	네\n간신히 목숨은 건졌지만\n아직 의식은……{08}
S12:18:4	9	…………{08}	…………{08}
S12:18:5	31	すぐもとどおりになるわよね！？{08}	금방 원래대로 되겠지!?{08}
S12:18:6	44	今は何ともいえない……\nでも私は信じているよ{08}	지금은 뭐라 말할 수 없다……\n하지만 나는 믿고 있다{08}
S12:18:7	11	学園長……{08}	학원장님……{08}
S12:18:8	42	どうしたレナ！\nいつものおまえらしくないぞ{08}	왜 그래 레나!\n평소의 너답지 않군{08}
S12:18:9	36	もしかして天変地異の\nまえぶれかな？{08}	혹시 천재지변의\n전조인가?{08}
S12:18:10	29	なに勝手なこといってんのよ！{08}	멋대로 무슨 소리야!{08}
S12:18:11	77	こらこら\n騒ぐんじゃない{08}\nグレン先生は私が看ているから\n君たちは町に帰りなさい{08}	이런이런\n떠들지 마라{08}\n글렌 선생님은 내가 돌볼 테니\n너희는 마을로 돌아가거라{08}
S12:18:12	9	でも……{08}	그래도……{08}
S12:18:13	65	大丈夫ですよレナさん\nなぜかわからないけれど\nそんな気がするんです{08}	괜찮아요 레나 씨\n왠지 모르겠지만\n그런 느낌이 들어요{08}
S12:18:14	9	…………{08}	…………{08}
S12:18:15	73	彼のいうとおりだ\nここで暗い空気を産み出していても\nいいことなんか何もない{08}	그의 말대로다\n여기서 어두운 분위기를 만들어\n봤자 좋을 건 하나도 없다{08}
S12:18:16	17	オレもそう思うぞ{08}	나도 그렇게 생각한다{08}
S12:18:17	55	そうだよ\nとりあえず帰ろう\n考えるのはその後でいいじゃん{08}	맞아\n일단 돌아가자\n생각은 그다음에 해도 되잖아{08}
S12:18:18	71	……それもそうね\nそれじゃ学園長に青竜さま\nおじいちゃんのことよろしくね{08}	……그것도 그러네\n그럼 학원장님 청룡님\n할아버지를 잘 부탁해요{08}
S12:18:19	85	先生方の協力でどうにか今は\n悪魔城を押さえていますが\nあとどれだけ支えていられるか……{08}	선생님들 덕에 지금은 간신히\n악마성을 억누르고 있지만\n얼마나 더 버틸 수 있을지……{08}
S12:18:20	126	悪魔城にも意思がある{08}\nバルアめがどの程度\n悪魔城を支配下に\n置いているのか……{08}\nそれによっては戦い方が\nだいぶ変わるのじゃが……{08}	악마성에도 의지가 있다{08}\n바르아 녀석이 어느 정도\n악마성을 지배하에\n두고 있는지……{08}\n그에 따라 싸우는 법이\n꽤 달라지는데……{08}
S12:18:21	71	どうあれ　内部にのりこんでの\n行動ということには\n変わりはないのだろう？{08}	어쨌든 내부로 쳐들어가\n행동해야 한다는 건\n변함없지 않나?{08}
S12:18:22	103	うむ……じゃがわしも\nまだ歩くことすら\nままならない身……{08}\nスティルよ\nおぬしの方で\n戦力をまわせそうか？{08}	음…… 하지만 나도\n아직 걷는 것조차\n여의치 않은 몸……{08}\n스틸이여\n자네 쪽에서\n전력을 돌릴 수 있겠나?{08}
S12:18:23	15	残念ながら……{08}	유감스럽게도……{08}
S12:18:24	114	あの巨大な悪魔城も\n本体はただの仮面にすぎぬ{08}\n厳重に守られた\nその仮面さえ破壊できれば\n悪魔城は消滅するのじゃがのぉ{08}	그 거대한 악마성도\n본체는 그저 가면에 불과하다{08}\n엄중히 지켜진\n그 가면만 부수면\n악마성은 소멸할 텐데 말이야{08}
S12:18:25	43	おじいちゃん！！\nわたしたちにやらせて！！{08}\n	할아버지!!\n우리한테 시켜 줘!!{08}\n
S12:18:26	30	君たち……\nどうしてここに！？{08}	너희……\n어째서 여기에!?{08}
S12:18:27	99	いきさつを話すと長くなるんです{08}\nでも今はそんなことより\n悪魔城をどうにかする方が\n先じゃないですか？{08}	경위를 말하자면 길어요{08}\n하지만 지금은 그보다\n악마성을 어떻게 하는 게\n먼저 아닌가요?{08}
S12:18:28	67	うむぅ……しかし……\n君たちをそんな危険な目に\nあわせるわけには……{08}	으음…… 하지만……\n너희를 그런 위험한 일에\n처하게 할 수는……{08}
S12:18:29	213	じゃあ他に誰がやるんだよ！\n学園長も今いける人がいないって\nいってたじゃないか{08}\nそれにケント先生モンスターに\nやられてケガしちゃったから\n今はイアソン先生だけなんだ{08}\nそれなのに……\n黙って見てるだけなんて\nイヤだよ！！{08}	그럼 달리 누가 하는데!\n학원장님도 지금 갈 사람이\n없다고 했잖아{08}\n게다가 켄트 선생님은\n몬스터한테 당해서 다쳤으니까\n지금은 이아손 선생님뿐이야{08}\n그런데……\n가만히 보고만 있는 건\n싫어!!{08}
S12:18:30	33	オレたちにまかせてくださいっ！！{08}	저희에게 맡겨 주십시오!!{08}
S12:18:31	9	学園長！{08}	학원장님!{08}
S12:18:32	59	気持ちはわかるが\nきみたちは町に戻るんだ\n私たちで何とか……{08}	마음은 알지만\n너희는 마을로 돌아가거라\n우리가 어떻게든……{08}
S12:18:33	50	どうやらエリーたちに\nまかせるしかなさそうじゃのぉ{08}	아무래도 엘리네에게\n맡길 수밖에 없겠구먼{08}
S12:18:34	9	先生！？{08}	선생님!?{08}
S12:18:35	85	今は時間がない\nその上負傷者まで出たとなると……{08}\nこの子たちにかけるしか\nないようじゃ{08}	지금은 시간이 없네\n게다가 부상자까지 나왔다면……{08}\n이 아이들에게 걸 수밖에\n없을 것 같네{08}
S12:18:36	21	……{0d}{0d}{0d}{0d}しかたがない{08}	……{0d}{0d}{0d}{0d}어쩔 수 없군{08}
S12:18:37	29	ありがとうございます学園長！{08}	감사합니다 학원장님!{08}
S12:18:38	158	わかっているとは思うが……\n今から君たちがやることは\n本当に危険なことなのだ{08}\nだから決して\n無理な行動はしないように{08}\nそして必ず！\n生きて帰ってくるんだ\nいいね？{08}	알고 있겠지만……\n지금부터 너희가 할 일은\n정말 위험한 일이다{08}\n그러니 절대\n무리한 행동은 하지 말도록{08}\n그리고 반드시!\n살아서 돌아오너라\n알겠지?{08}
S12:18:39	15	わかってるって{08}	알고 있다니까{08}
S12:18:40	17	まかせといてよ！{08}	맡겨 줘!{08}
S12:18:41	21	さぁ　いきましょう！{08}	자 가자!{08}
S12:18:42	148	こらこら\nたとえ時間がなくても\nあせってはいけない{08}\n悪魔城にいく前に\nこの魔法だけでも\n覚えておきなさい{08}\nこれは全員の力を合わせる\n究極の合体攻撃魔法だ{08}	이런이런\n아무리 시간이 없어도\n서둘러선 안 된다{08}\n악마성에 가기 전에\n이 마법만이라도\n익혀 두거라{08}\n이건 모두의 힘을 합치는\n궁극의 합체 공격 마법이다{08}
S12:18:43	36	エリーたちは\nエナジーボールを覚えた{08}	엘리 일행은\n에너지볼을 익혔다{08}
S12:18:44	213	どんなに高い壁も君たちが\n力を合わせれば乗り越えられる\nはずだと私は信じている{08}{0c}そのかわりに君たちが\n戻ってくるまで必ず\nこのイェンを守り通してみせよう{08}{0c}ひとまず私は星見の塔の結界の方を\n見てこよう  {0d}{0d}{0d}{0d}{0d}たのんだぞ！{08}	아무리 높은 벽도 너희가\n힘을 합치면 넘을 수 있다고\n나는 믿는다{08}{0c}그 대신 너희가\n돌아올 때까지 반드시\n이 옌을 지켜 내겠다{08}{0c}일단 나는 별보기 탑 결계를\n살펴보고 오마  {0d}{0d}{0d}{0d}{0d}부탁한다!{08}
S12:18:45	32	どうした\n帰るのではなかったのか{08}	왜 그러느냐\n돌아가는 게 아니었느냐{08}
S12:18:46	48	その前に聞きたいことが\nあったのを思い出したのよ{08}	그 전에 묻고 싶은 게\n있던 게 생각났어{08}
S12:18:47	16	ほう\nなにかな？{08}	호오\n무엇이냐?{08}
S12:18:48	58	あのメンフィスってやつと\nおじいちゃんはどういう関係なの？{08}	그 멤피스라는 녀석이랑\n할아버지는 어떤 관계야?{08}
S12:18:49	147	メンフィスはグレンが育てていた\n{0d}{0d}出生の秘密などの\n全ての事情を知ったうえでな{08}\n彼に時の守人……自分のあとつぎに\nなってほしかったのだろう\nしかし……{08}	멤피스는 글렌이 키웠다\n{0d}{0d}출생의 비밀 같은\n모든 사정을 알면서 말이다{08}\n그가 시간의 수호자…… 자기\n후계자가 되어 주길 바랐던\n거겠지 하지만……{08}
S12:18:50	52	みずから魔族としての自分を\n解放してしまったのですね{08}	스스로 마족으로서의 자신을\n해방해 버린 거군요{08}
S12:18:51	9	…………{08}	…………{08}
S12:18:52	7	そうだ{08}	그렇다{08}
S12:18:53	28	…………\nなんだか悲しい話ね{08}	…………\n어쩐지 슬픈 이야기네{08}
S12:18:54	23	まだ聞きたりないのか？{08}	아직 더 듣고 싶으냐?{08}
S12:18:55	57	あの……\n時の守人って……\nぼくはいったい　何をすれば……{08}	저기……\n시간의 수호자라는 건……\n저는 대체 뭘 하면……{08}
S12:18:56	227	……本来ならば時間をかけて\nおのれのうちに問いかけ\n学ぶべきことなのだが……{08}\nそうだな……今はとにかく\n自らの心をきたえることだな\nしばらくはそれだけでよい{08}\n私とグレンの力が回復した後\nあらためてその話をしよう\nそれまで待ってほしい{08}	……본래라면 시간을 들여\n자기 안에 물으며\n배워야 할 일이다만……{08}\n그렇지…… 지금은 아무튼\n마음을 단련하는 것이다\n당분간은 그것만으로 된다{08}\n나와 글렌의 힘이 회복되면\n다시 그 이야기를 하자\n그때까지 기다려 다오{08}
S12:18:57	17	わかりました……{08}	알겠습니다……{08}
S12:18:58	77	今イェンは１年ぶりに\nメリエの近くにあるのだが\nおまえたちもメリエにいくのか？{08}	지금 옌은 １년 만에\n메리에 근처에 있는데\n너희도 메리에에 가느냐?{08}
S12:18:59	49	うん！\nシーラっていう人魚の友達に\n会いにいくんだ{08}	응!\n실라라는 인어 친구를\n만나러 가!{08}
S12:18:60	73	メリエと直接関係はないと思うが\n何か悪い予感がする\n十分に気をつけるがいい{08}	메리에와 직접 관계는 없겠지만\n뭔가 나쁜 예감이 든다\n충분히 조심하거라{08}
S12:18:61	45	青竜さまに\n心配してもらえるなんて\n光栄です！{08}	청룡님께서\n걱정해 주시다니\n영광이에요!{08}
S12:18:62	83	いや……私の取り越し苦労なら\nよいのだがあいにくこれが\nよく当たってしまうのでな……{08}	아니…… 내 괜한 걱정이면\n좋겠다만 공교롭게도 이게\n잘 맞아서 말이다……{08}
S12:18:63	42	何か悪い予感がする\n十分に気をつけるがいい{08}	뭔가 나쁜 예감이 든다\n충분히 조심하거라{08}
S12:18:64	38	そうか……\n悪魔城の攻撃がはじまったか{08}	그런가……\n악마성의 공격이 시작됐나{08}
S12:18:65	52	エリーがどこにいるか\n青竜さまの力でわかりませんか？{08}	엘리가 어디 있는지\n청룡님 힘으로 알 수 없나요?{08}
S12:18:66	110	いくら私でも見てないものは\nわからない{08}\nそれにそういったものを\nホイホイさがせるような\n便利な魔法もないしな……{08}	아무리 나라도 보지 않은 건\n알 수 없다{08}\n게다가 그런 걸\n척척 찾을 수 있는\n편리한 마법도 없고……{08}
S12:18:67	15	そうですか……{08}	그래요……{08}
S12:18:68	73	だが君たちの話の内容からすると\n島の南側をさがせばよさそうに\n思えるのだが{08}	하지만 너희 이야기로 보면 섬\n남쪽을 찾으면 될 것 같은데{08}
S12:18:69	28	わかりました！\nいってみます{08}	알겠어요!\n가 볼게요{08}
S12:18:70	33	島の南側をさがしてみてはどうかね{08}	섬 남쪽을 찾아보는 게 어떠냐{08}
S12:18:71	75	グレンがようやく目を覚ました\nこれでこのちらかった部屋を\nかたせるようになる{08}	글렌이 겨우 눈을 떴다\n이제 이 어질러진 방을\n치울 수 있겠군{08}
S12:18:72	77	いわれるまで\n気がつかなかったけど……{08}\nけっこうあちこちに\n物が落ちているのね{08}	말하기 전까진\n몰랐는데……{08}\n꽤 여기저기\n물건이 떨어져 있네{08}
S12:18:73	81	かなりあせっていたようだな\nグレンがこれ程あわてるとは\n余程のことがあったのだろう{08}	꽤 서둘렀던 모양이다\n글렌이 이렇게까지 허둥대다니\n어지간한 일이 있었던 게지{08}
S12:18:74	51	それって青竜さまが\n落ちたからだと\n思うんだけど……{08}	그건 청룡님이\n떨어졌기 때문인 것\n같은데……{08}
S12:18:75	46	私は部屋が散らかっているのは\n落ちつかないのだ{08}	나는 방이 어질러져 있으면\n마음이 안 놓인다{08}
S12:18:76	77	急に眠くなってきた……\nバルアが何か行動を起こそうと\nしているのかもしれぬ……{08}	갑자기 졸음이 온다……\n바르아가 뭔가 행동을 일으키려\n하는지도 모른다……{08}
S12:18:77	17	せ　青竜さま！？{08}	처 청룡님!?{08}
S12:18:78	9	…………{08}	…………{08}
S12:18:79	21	本当に寝ています……{08}	정말 자고 있어요……{08}
S12:18:80	34	なんか緊張感\nうばわれちゃったわね{08}	어쩐지 긴장감이\n싹 사라졌네{08}
S12:18:81	23	今は寝ているみたいです{08}	지금은 자고 있는 것 같아요{08}
S12:18:82	56	わたしたちが苦労していたあいだ\nずっと寝てたっていうの？{08}	우리가 고생하는 동안\n계속 자고 있었다는 거야?{08}
S12:18:83	11	たぶん……{08}	아마……{08}
S12:18:84	44	……なんか青竜さまのイメージが\n崩れていくわ{08}	……어쩐지 청룡님 이미지가\n무너져 가{08}
S12:18:85	9	…………{08}	…………{08}
S12:18:86	24	よかった\n目が覚めたのね{08}	다행이다\n눈을 떴구나{08}
S12:18:87	67	心配かけたのぉ\nまだ歩きまわることはできぬが\nなーに　すぐによくなる{08}	걱정 끼쳤구먼\n아직 돌아다닐 순 없지만\n뭘 금방 좋아질 게야{08}
S12:18:88	71	心配で夜も眠れない……\nってほどじゃなかったけどね\nでもこれで安心したよ{08}	걱정돼서 밤에 잠도 못\n잤다…… 까진 아니지만\n그래도 이제 안심했어{08}
S12:18:89	25	みんなには心配かけたのぉ{08}	모두에게 걱정 끼쳤구먼{08}
S12:18:90	55	口惜しいがこんな体では\n手助けすらしてやれぬ\nすまぬのぉ{08}	분하지만 이런 몸으로는\n도와줄 수조차 없구나\n미안하네{08}
S12:18:91	63	いいって！\n悪魔城はアタシたちにまかせて\n今はゆっくり休んでなよ{08}	괜찮다니까!\n악마성은 우리한테 맡기고\n지금은 푹 쉬고 있어{08}
S12:18:92	43	うむ\n期待しておるぞ\nだが無理はせんようにな{08}	음\n기대하고 있으마\n하지만 무리는 하지 말게{08}
S12:18:93	25	決して無理はせんようにな{08}	절대 무리는 하지 말게{08}
S12:18:94	217	そうか……\nメンフィスはそんなことを\nいっておったか{08}\n……わしは恐かったんじゃ\n怖れていたんじゃよ\n全てを話してしまった後のことをな{08}\nじゃがそれは結局あいつを……\nメンフィスを信じていなかったと\nそういうことになるんじゃな{08}	그런가……\n멤피스가 그런 말을\n했단 말이지{08}\n……나는 무서웠던 게야\n두려웠던 게지\n모든 걸 털어놓은 뒤의 일이{08}\n하지만 그건 결국 그\n녀석을…… 멤피스를 믿지\n않았다는 뜻이 되는 게로구나{08}
S12:18:95	77	おじいちゃんだって人間だもん\nたまにはそういうことだって\nあっていいと思うわよ{08}	할아버지도 사람이잖아\n가끔은 그럴 수도\n있다고 생각해{08}
S12:18:96	112	そういってもらえると\n少しはなぐさめられるわい{08}\nじゃがまさかレナの口から\nそんなセリフを聞くことに\nなるとはな……{08}	그렇게 말해 주니\n조금은 위로가 되는구먼{08}\n하지만 설마 레나의 입에서\n그런 말을 듣게\n될 줄이야……{08}
S12:18:97	29	それってあんまりじゃない！？{08}	그건 너무하잖아!?{08}
S12:18:98	67	すまんすまん……\nあとはバルアと悪魔城本体じゃな\n気をつけるんじゃぞ{08}	미안미안……\n이제 바르아와 악마성\n본체로구나 조심하거라{08}
S12:18:99	50	あとはバルアと悪魔城本体じゃな\n気をつけるんじゃぞ{08}	이제 바르아와 악마성\n본체로구나 조심하거라{08}
S12:18:100	40	みんなよくやった\n本当によくやってくれた{08}	모두 잘했다\n정말 잘해 주었다{08}
S12:18:101	25	あの……おじいちゃん……{08}	저기…… 할아버지……{08}
S12:18:102	17	なんじゃエリー？{08}	뭐냐 엘리?{08}
S12:18:103	217	そうか……\nメンフィスはそんなことを\nいっておったか{08}\n……わしは恐かったんじゃ\n怖れていたんじゃよ\n全てを話してしまった後のことをな{08}\nじゃがそれは結局あいつを……\nメンフィスを信じていなかったと\nそういうことになるんじゃな{08}	그런가……\n멤피스가 그런 말을\n했단 말이지{08}\n……나는 무서웠던 게야\n두려웠던 게지\n모든 걸 털어놓은 뒤의 일이{08}\n하지만 그건 결국 그\n녀석을…… 멤피스를 믿지\n않았다는 뜻이 되는 게로구나{08}
S12:18:104	77	おじーちゃんだって人間だもん\nたまにはそういうことだって\nあっていいと思うわよ{08}	할아버지도 사람이잖아～\n가끔은 그럴 수도\n있다고 생각해{08}
S12:18:105	112	そういってもらえると\n少しはなぐさめられるわい{08}\nじゃがまさかレナの口から\nそんなセリフを聞くことに\nなるとはな……{08}	그렇게 말해 주니\n조금은 위로가 되는구먼{08}\n하지만 설마 레나의 입에서\n그런 말을 듣게\n될 줄이야……{08}
S12:18:106	61	ちょっと気になるけど\n今は気分がいいから\n聞き逃してあげるわ曖{08}	좀 신경 쓰이지만\n지금은 기분이 좋으니까\n그냥 넘어가 줄게♥{08}
S12:18:107	65	そうか……\nヴェーンにいくことにしたか\n向こうでもがんばるんじゃぞ{08}	그런가……\n베인에 가기로 했구나\n거기서도 힘내거라{08}
S12:18:108	40	ウィンに何かあったら\n承知しないからね！{08}	윈한테 무슨 일 있으면\n가만 안 둘 거야!{08}
S12:18:109	36	結局最後まで\nレナはそういうのかのぉ{08}	결국 끝까지\n레나는 그렇게 말하는구먼{08}
S12:18:110	21	おじいちゃん元気でね{08}	할아버지 건강하세요{08}
S12:18:111	11	エリーもな{08}	엘리도{08}
S12:18:112	27	向こうでもがんばるんじゃぞ{08}	거기서도 힘내거라{08}
S12:18:113	38	ここは私にまかせて\n君たちは帰りなさい{08}	여긴 나에게 맡기고\n너희는 돌아가거라{08}
S12:18:114	23	じーさんまだ起きない？{08}	할아범 아직 안 일어났어?{08}
S12:18:115	30	ああ\nもうしばらくかかりそうだ{08}	그래\n좀 더 걸릴 것 같구나{08}
S12:18:116	65	そっか……\nじゃあアタシたちメリエにいくけど\nそのあとでまたくるよ{08}	그렇구나……\n그럼 우리 메리에에 가는데\n그다음에 또 올게{08}
S12:18:117	77	そういえばそんな時期だったな\n先生は私が看ているから\n君たちは楽しんできなさい{08}	그러고 보니 그런 때였지\n선생님은 내가 돌볼 테니\n너희는 즐기고 오너라{08}
S12:18:118	48	先生は私が看ているから\n君たちは楽しんできなさい{08}	선생님은 내가 돌볼 테니\n너희는 즐기고 오너라{08}
S12:18:119	50	ヒントをつかんだようだね\nそう　この魔法になるんだ{08}	힌트를 잡은 것 같구나\n그래 이 마법이 되는 거다{08}
S12:18:120	40	エリーとレナは\nマジカルチャームを覚えた{08}	엘리와 레나는\n매지컬참을 익혔다{08}
S12:18:121	42	エリーとレナは\nラブリーチアガールを覚えた{08}	엘리와 레나는\n러블리치어걸을 익혔다{08}
S12:18:122	34	レナとセニアは\nレンズレイを覚えた{08}	레나와 세니아는\n렌즈레이를 익혔다{08}
S12:18:123	46	エリーとブレードは\nブレードダイビングを覚えた{08}	엘리와 블레이드는\n블레이드다이빙을 익혔다{08}
S12:18:124	44	セニアとブレードは\nマジカルプリズムを覚えた{08}	세니아와 블레이드는\n매지컬프리즘을 익혔다{08}
S12:18:125	42	ブレードとウィンは\nブラックホールを覚えた{08}	블레이드와 윈은\n블랙홀을 익혔다{08}
S12:18:126	46	ブレードとウィンは\nメイルシュトロームを覚えた{08}	블레이드와 윈은\n메일스트롬을 익혔다{08}
S12:18:127	40	エリーとウィンは\nバックドラフトを覚えた{08}	엘리와 윈은\n백드래프트를 익혔다{08}
S12:18:128	44	エリーとウィンは\nフレイズトルネードを覚えた{08}	엘리와 윈은\n프레이즈토네이도를 익혔다{08}
S12:18:129	46	エリーとウィンは\nセブンヘッドドラゴンを覚えた{08}	엘리와 윈은\n세븐헤드드래곤을 익혔다{08}
S12:18:130	40	セニアとウィンは\nバリアアタックを覚えた{08}	세니아와 윈은\n배리어어택을 익혔다{08}
S12:18:131	38	セニアとウィンは\nプリズムレイを覚えた{08}	세니아와 윈은\n프리즘레이를 익혔다{08}
S12:18:132	54	セニアとブレードとウィンは\nジャッジメントデイを覚えた{08}	세니아와 블레이드와 윈은\n저지먼트데이를 익혔다{08}
S12:19:0	42	オレもお祭りを\n楽しみにしていたんだが……{08}	나도 축제를\n기대하고 있었는데……{08}
S12:19:1	53	もうすぐメリエだ\nしかし　メリエとは\n接岸できないんだ{08}	곧 메리에다\n하지만 메리에와는\n접안할 수 없어{08}
S12:19:2	58	大変なことはわかっているが\nオレにはどうすることもできない{08}	큰일인 건 알지만\n나로선 어쩔 도리가 없어{08}
S12:19:3	31	オレにはどうすることもできない{08}	나로선 어쩔 도리가 없어{08}
S12:19:4	33	平和が戻って　よかった　よかった{08}	평화가 돌아와서 다행이야{08}
S12:19:5	54	出会いがあれば別れもある\nヴェーンへいってもがんばれよ{08}	만남이 있으면 이별도 있지\n베인에 가서도 힘내라{08}
S12:24:0	10	台詞なし{08}\n	대사없음{08}\n
S12:26:0	85	おまえたちのおかげで\n星辰機関は無事だった{08}\nしかし……青竜の力は\nもうここにはない……{08}	너희 덕분에\n성진 기관은 무사했다{08}\n하지만…… 청룡의 힘은\n이제 여기 없다……{08}
S12:26:1	55	なにいってるの？\nそんなこといってる場合じゃ\nないでしょ{08}	무슨 소리예요?\n그런 말 할 때가\n아니잖아요{08}
S12:26:2	81	自分のことしか考えないヤツに\nかまっているひまはない！\n{0d}{0d}たとえ　先生といえども！{08}	자기 생각만 하는 녀석에게\n신경 쓸 틈은 없다!\n{0d}{0d}비록 선생님이라 해도!{08}
S12:26:3	32	もう　いいわよ\n町へ戻りましょう{08}	이제 됐어\n마을로 돌아가자{08}
S12:26:4	9	…………{08}	…………{08}
S12:26:5	38	結界はどうにか\n作用しているようだ……{08}	결계는 간신히\n작동하고 있는 것 같다……{08}
S12:26:6	27	いま学園長はここにはいない{08}	학원장님은 여기 안 계신다{08}
S12:26:7	46	こんな所で何をしているんだ\n早く町に帰りなさい{08}	이런 데서 뭘 하는 거냐\n빨리 마을로 돌아가거라{08}
S12:26:8	15	後はたのんだよ{08}	뒷일은 부탁해{08}
S12:26:9	77	わがはいの力をもってしても\nあの悪魔城が相手では\n押さえるのがせいいっぱいじゃ{08}	내 힘으로도\n저 악마성이 상대라면\n억누르는 게 고작이다{08}
S12:26:10	45	話は聞いた\nここはわがはいたちに\nまかせておけ{08}	얘기는 들었다\n여기는 우리에게\n맡겨 둬라{08}
S12:26:11	53	…………\nすまないが集中したいんだ\n話しかけないでくれ{08}	…………\n미안하지만 집중하고 싶다\n말 걸지 말아 다오{08}
S12:26:12	26	ここは崩れてる\n通れないぞ{08}	여긴 무너졌어\n못 지나가{08}
S12:27:0	10	台詞なし{08}\n	대사없음{08}\n
S12:28:0	87	おまえたち！\nここで何をしているんだ{08}\n町の中で待機するように\nという話は聞いてないのか？{08}	너희!\n여기서 뭘 하고 있는 거냐{08}\n마을 안에서 대기하라는\n얘기 못 들었느냐?{08}
S12:28:1	29	エリーをさがしているんです！{08}	엘리를 찾고 있어요!{08}
S12:28:2	119	何？\nいわれてみればたしかに\nエリーの姿が見えんな{08}\nオレはここを離れるわけには\nいかんのだ\nはやく見つけて町に帰るんだぞ！{08}	뭐?\n듣고 보니 확실히\n엘리의 모습이 안 보이는군{08}\n나는 여기를 떠날 수\n없다 빨리\n찾아서 마을로 돌아가거라!{08}
S12:28:3	56	エリーはまだ見つからんのか？\nはやく見つけて帰るんだぞ！{08}	엘리는 아직 못 찾았느냐?\n빨리 찾아서 돌아가거라!{08}
S12:28:4	42	あなたたち\nどうしてこんな所にいるのです？{08}	너희\n왜 이런 곳에 있는 거죠?{08}
S12:28:5	15	いえ　その……{08}	아뇨 그게……{08}
S12:28:6	95	さては町を抜け出してきましたね{08}\nまったくあなたたちは\nどうしておとなしくして\nいられないんです？{08}	보아하니 마을을 빠져나왔군요{08}\n정말 너희는\n왜 얌전히\n있지를 못하는 거예요?{08}
S12:28:7	9	うぉっ！{08}	우왓!{08}
S12:28:8	13	ケント先生！{08}	켄트 선생님!{08}
S12:28:9	28	イアソン先生\nどうしました？{08}	이아손 선생님\n무슨 일이에요?{08}
S12:28:10	108	ケント先生が負傷しました\nここはオレが１人で\n何とかしますから{08}\nテレイナ先生は\nケント先生をエマ先生の所へ……{08}	켄트 선생님이 다쳤습니다\n여기는 제가 혼자\n어떻게든 할 테니{08}\n테레이나 선생님은 켄트\n선생님을 에마 선생님께……{08}
S12:28:11	139	聞きましたね？{08}\nそういうわけですから\nこのことをグレン島にいる\n学園長に知らせてください{08}\nここにいたことは\n見逃してあげますから\n頼みましたよ{08}	들었죠?{08}\n그러니까\n이 일을 글렌섬에 계신\n학원장님께 알려 주세요{08}\n여기 있었던 건\n눈감아 줄 테니\n부탁해요{08}
S12:28:12	13	は　はいっ！{08}	네 넷!{08}
S12:28:13	48	おまえら何をしている！\n学園長には知らせたのか？{08}	너희 뭐 하고 있냐!\n학원장님께는 알렸느냐?{08}
S12:28:14	34	町にいくより\nエリーを見つけなきゃ{08}	마을에 가기보다\n엘리를 찾아야 해{08}
S12:28:15	38	も　もしかしたら\nもう帰ってるかも……{08}	호 혹시\n벌써 돌아갔을지도……{08}
S12:28:16	15	あの状況でか？{08}	그 상황에서?{08}
S12:28:17	40	そ　そうよね\nもう少し外をさがしましょう{08}	그 그렇지\n밖을 좀 더 찾아보자{08}
S12:28:18	44	学園長はグレン先生のところ\nじゃなかったか？{08}	학원장님은 글렌 선생님한테\n계신 거 아니었냐?{08}
S12:28:19	36	そうね\n町に戻ってもしかたないわよね{08}	그러네\n마을에 돌아가 봤자 소용없지{08}
S12:28:20	11	終わったね{08}	끝났네{08}
S12:28:21	51	そうね……\nバルアにいわれた一言……\n痛かったわ……{08}	그러게……\n바르아한테 들은 한마디……\n아팠어……{08}
S12:28:22	65	落ち込むなよ　レナ～\nそれがレナのいいところでも\nあるんだからさ～{08}	기죽지 마 레나～\n그게 레나의 좋은 점이기도\n하니까～{08}
S12:28:23	100	レナさん……\nぼ…ぼくは　今のレナさんが……\nだ…だ　だい……{08}\nだ…大丈夫ですよ\nぼくもついてます……{08}	레나 씨……\n저… 저는 지금의 레나\n씨가…… 조… 조 좋……{08}\n괘… 괜찮아요\n저도 곁에 있어요……{08}
S12:28:24	107	カンペキな人間なんていない……{08}\nだからオレは　真の男をめざす！\nレナも努力するならそれで\nいいんじゃないか？{08}	완벽한 인간은 없다……{08}\n그래서 나는 진정한 사나이를\n목표로 한다! 레나도 노력하면\n그걸로 된 거 아니냐?{08}
S12:28:25	61	あんたに教えられることに\nなるなんて……\n人生ってわからないわ{08}	너한테 배우게\n될 줄이야……\n인생은 모르는 거네{08}
S12:28:26	71	そうだねワタシもこんなに早く\n結婚することになるとは\n思っていなかったよ{08}	그러게 나도 이렇게 빨리\n결혼하게 될 줄은\n생각도 못 했어{08}
S12:28:27	15	まったくだ……{08}	정말이다……{08}
S12:28:28	53	あの……アズさん\nもしかして……\n後悔してるんですか？{08}	저기…… 아즈 씨\n혹시……\n후회하세요?{08}
S12:28:29	30	なにいってるんだよ！\nウィン！{08}	무슨 소리야!\n윈!{08}
S12:28:30	30	い…いえ　ぼ…ぼくは\nただ……{08}	아… 아뇨 저… 저는\n그냥……{08}
S12:28:31	85	後悔はしていない！{08}\nだが……\n{0d}{0d}ちょっとだけ後悔している……\nというのが　本音だな……{08}	후회는 안 한다!{08}\n하지만……\n{0d}{0d}아주 조금 후회하고 있다……\n는 게 속마음이군……{08}
S12:28:32	9	アズ……{08}	아즈……{08}
S12:28:33	13	い…いや……{08}	아… 아니……{08}
S12:28:34	25	その話は後でゆっくりね曖{08}	그 얘기는 나중에 천천히♥{08}
S12:28:35	227	みんな……\n{0d}{0d}ほんとはただ遊びに\n来ただけだったんだけど……{08}\nバルアやメンフィスと\n決着つけられて……\nここに来てよかったよ{08}\nでも　予定をずいぶん過ぎたから\nアタシたちは　このまま帰るよ{08}\n先生や学園のみんなには\nよろしくいっておいて{08}	다들……\n{0d}{0d}사실 그냥 놀러\n온 거였는데……{08}\n바르아랑 멤피스와\n결판을 낼 수 있어서……\n여기 오길 잘했어{08}\n그래도 예정이 한참 지났으니까\n우린 이대로 돌아갈게{08}\n선생님이랑 학원 모두에게\n안부 전해 줘{08}
S12:28:36	13	うん　またね{08}	응 또 봐{08}
S12:28:37	51	少しだけさびしくなるわね\nほ～{0d}{0d}{0d}{0d}{0d}{0d}んの\nすこしだけ{08}	조금은 쓸쓸해지겠네\n아～{0d}{0d}{0d}{0d}{0d}{0d}주\n조금만{08}
S12:28:38	20	ははは\nレナらしいや{08}	하하하\n레나답다{08}
S12:28:39	9	じゃあな{08}	그럼 잘 가{08}
S12:28:40	31	またいつでも遊びに来てください{08}	또 언제든 놀러 오세요{08}
S12:28:41	21	アズッ！　いくよっ！{08}	아즈! 가자!{08}
S12:28:42	108	君たちと出会えてよかったよ\n短いあいだだったが\nいっしょにいられて楽しかった{08}\nまた会える日を\n楽しみにしている{08}	너희를 만나서 다행이었다\n짧은 동안이었지만\n함께 있어서 즐거웠다{08}\n또 만날 날을\n기대하고 있겠다{08}
S12:28:43	23	アズッ！　ほらはやく！{08}	아즈! 자 빨리!{08}
S12:28:44	127	レナさん……\nセニアさんって　むかしから\nあんな感じの方なんですか？{08}\nなんか……\n最初にお会いしたときと\nイメージが違うような……{08}	레나 씨……\n세니아 씨는 옛날부터\n저런 분이었어요?{08}\n어쩐지……\n처음 만났을 때랑\n이미지가 다른 것 같아서……{08}
S12:28:45	49	さあ……ね\nわたしにもわからなく\nなっちゃったわ～{08}	글쎄……\n나도 모르게\n돼 버렸어～{08}
S12:28:46	38	……女は　こわいというか\n……わからん{08}	……여자는 무섭다고 할까\n……모르겠다{08}
S12:28:47	34	さあ　わたしたちも\nもどりましょ！{08}	자 우리도\n돌아가자!{08}
S12:28:48	34	そうね！\nみんなの待ってる学園に！{08}	그래!\n모두가 기다리는 학원으로!{08}
S12:28:49	11	先生！！！{08}	선생님!!!{08}
S12:28:50	15	イアソン先生！{08}	이아손 선생님!{08}
S12:28:51	101	ブレード！\nエリーたちと　一緒か？{08}\n学園長から聞いている{08}\nここは　オレにまかせて\n早く悪魔城にいけ！！{08}	블레이드!\n엘리네와 함께냐?{08}\n학원장님께 들었다{08}\n여기는 내게 맡기고\n빨리 악마성으로 가라!!{08}
S12:28:52	15	しかし　先生！{08}	하지만 선생님!{08}
S12:28:53	69	{0c}ブレード！{0d}{0d}{0d}\nおまえは　真の男として\nエリーたちを守ってやるのだ！！{08}	{0c}블레이드!{0d}{0d}{0d}\n너는 진정한 사나이로서\n엘리네를 지켜 주는 거다!!{08}
S12:28:54	13	先生…………{08}	선생님…………{08}
S12:28:55	21	みんな　いくわよ！！{08}	다들 가자!!{08}
S12:28:56	36	貴様！　先生を見捨てる\nつもりか！！{08}	네 이놈! 선생님을 버리고\n갈 셈이냐!!{08}
S12:28:57	69	あんたねぇ！　自分の師匠を\n信じられないの！！{0d}{0d}{0d}{0d}\n真の男なんでしょ！{08}	너 말이야! 자기 스승을\n못 믿는 거야!!{0d}{0d}{0d}{0d}\n진정한 사나이라며!{08}
S12:28:58	17	……………………{08}	……………………{08}
S12:28:59	94	ブレード　レナのいう通りだよ{08}{0c}わたしたちが　今やるべきことは\n一刻も早く　悪魔城を倒すことだよ{08}	블레이드 레나 말이 맞아{08}{0c}우리가 지금 해야 할 일은\n빨리 악마성을 무찌르는 거야{08}
S12:28:60	55	そうよ！\nイアソン先生の死を無駄にしては\nいけないのよ！{08}	그래!\n이아손 선생님의 죽음을\n헛되게 해선 안 돼!{08}
S12:28:61	23	レナ！　勝手に殺すな！{08}	레나! 멋대로 죽이지 마라!{08}
S12:28:62	31	あれ？　聞こえちゃいましたぁ？{08}	어라? 들려 버렸어요?{08}
S12:28:63	113	よし！　わかった　いくぞ！\n悪魔城へ！！！！{08}{0c}イアソン先生　待っていてください{0d}{0d}{0d}{0d}\n必ず悪魔城を倒してみせます！！{08}	좋아! 알았다 가자!\n악마성으로!!!!{08}{0c}이아손 선생님 기다려 주십시오{0d}{0d}{0d}{0d}\n꼭 악마성을 무찌르겠습니다!!{08}
S12:28:64	22	さぁ　みんな　いこう！	자 다들 가자!
S12:28:65	63	星見の塔にいくなら\nあの穴からだろ？\n橋は壊れたままなんだからな{08}	별보기 탑에 갈 거면\n저 구멍으로 가야지？\n다리는 부서진 그대로니까{08}
S12:34:0	21	あれは……悪魔城！！{08}	저건…… 악마성!!{08}
S12:34:1	9	…………{08}	…………{08}
S12:34:2	38	まずいっ！\nイェンに向かっているぞ！！{08}	큰일이다!\n옌으로 향하고 있다!!{08}
S12:34:3	15	ど　どうする？{08}	어 어떡해?{08}
S12:34:4	21	どうするったって……{08}	어떡하냐니……{08}
S12:34:5	9	…………{08}	…………{08}
S12:34:6	25	エリーが落ちちゃったわ！{08}	엘리가 떨어졌어!{08}
S12:34:7	33	どのあたりに落ちたか　わかるか？{08}	어디쯤 떨어졌는지 알겠냐?{08}
S12:34:8	53	いや……\n海に落ちたように見えたが……\n確信は持てない{08}	아니……\n바다에 떨어진 것 같았지만……\n확신은 못 하겠다{08}
S12:34:9	11	エリー……{08}	엘리……{08}
S12:34:10	67	ここで　いい争いをしても\n何にもならないわ\nとりあえず戻りましょう！{08}	여기서 말다툼해 봤자\n아무 소용 없어\n일단 돌아가자!{08}
S12:34:11	30	だめだよ\nどこにも見あたらない{08}	안 돼\n어디에도 안 보여{08}
S12:34:12	31	海岸に流れついたんじゃないか？{08}	해안으로 떠내려간 거 아닐까?{08}
S12:34:13	21	そうかもしれないわね{08}	그럴지도 모르겠네{08}
S12:35:0	50	な　なによ　これ！！\nいったい　どうなってるの！？{08}	뭐 뭐야 이거!!\n대체 어떻게 된 거야!?{08}
S12:35:1	45	だっ　誰が　こんなことしたんだ{0d}\nシーラっ！！{08}	누 누가 이런 짓을 한 거야{0d}\n실라!!{08}
S12:35:2	31	とにかく　町へいってみましょう{08}	아무튼 마을로 가 보자{08}
S12:35:3	13	シーラっ！！{08}	실라!!{08}
S12:35:4	56	どっ　どうしたんだよ！！\nメリエになにが起こったんだ！？{08}	어 어떻게 된 거야!!\n메리에에 무슨 일이야!?{08}
S12:35:5	71	セニア？　セニアなんだ……\nうれしい……\nまた　みんなに会えるなんて……{08}	세니아? 세니아구나……\n기뻐……\n또 모두를 만날 수 있다니……{08}
S12:35:6	44	セニア　どいて！\nシーラを回復してあげないと{08}	세니아 비켜!\n실라를 회복시켜야 해{08}
S12:35:7	31	まだ　横になってないとダメだ！{08}	아직 누워 있어야 해!{08}
S12:35:8	75	大丈夫　心配しないでセニア\nわたしは人魚だもん\nあとは　海がいやしてくれるわ{08}	괜찮아 걱정 마 세니아\n나는 인어잖아\n나머진 바다가 치유해 줄 거야{08}
S12:35:9	56	シーラ　なにがあったの？\nこれって　普通じゃないわよ！？{08}	실라 무슨 일이 있었어?\n이건 보통 일이 아니잖아!?{08}
S12:35:10	131	空を飛ぶお城がメリエをおそったの\nわたしたちは逃げ遅れてしまって{0d}\n……みんな　イェンに戻って！{08}\nお城はイェンの方へ\n飛んでいったわ！{08}	하늘의 성이 메리에를 덮쳤어\n우리는 미처 도망치지 못해서{0d}\n……다들 옌으로 돌아가!{08}\n성은 옌 쪽으로\n날아갔어!{08}
S12:35:11	44	悪魔城ね……\nこんどこそ決着をつけてやる！！{08}	악마성이구나…… 이번에야말로\n결판을 내 주겠어!!{08}
S12:35:12	60	……わたしも連れてってくれない？\nみんなの手伝いがしたいもの{08}	……나도 데려가 주지 않을래?\n모두를 돕고 싶어{08}
S12:35:13	46	シーラは　ダメだよ\nみんなのところへ戻らなきゃ{08}	실라는 안 돼\n모두한테 돌아가야지{08}
S12:35:14	57	……人魚のみなさんに\nごめいわくかけるわけには\nいきません{08}	……인어 여러분께\n폐를 끼칠 수는\n없어요{08}
S12:35:15	75	……足手まといだよね\nそれでセニアが助かるなら\nわたし　みんなのところへ帰る{08}	……짐만 되겠지\n그걸로 세니아가 살 수 있다면\n나 모두한테 돌아갈게{08}
S12:35:16	59	ごめん……シーラ\nでも　ぜったい　シーラだけは\nまきこまない{08}	미안…… 실라\n그래도 절대 실라만은\n휘말리게 하지 않을게{08}
S12:35:17	31	みんな　急いでイェンに帰ろう！{08}	다들 서둘러 옌으로 돌아가자!{08}
S12:35:18	60	魔族がおそってきて・・・{08}\n人魚の守りが\nきかないなんて・・・{08}	마족이 덮쳐 와서・・・{08}\n인어의 수호가\n안 통하다니・・・{08}
S12:35:19	30	城が・・・\n空から、城が・・・{08}	성이…\n하늘에서 성이…{08}
S12:43:0	61	ひさびさの悪魔城ね\nこういうのもなつかしいって\nいうのかしら？{08}	오랜만의 악마성이네\n이런 것도 그립다고\n하는 걸까?{08}
S12:43:1	19	うーん　どうだろう{08}	으음 글쎄{08}
S12:43:2	40	たしか……\n仮面を壊せば　いいんだったな{08}	분명……\n가면을 부수면 되는 거였지{08}
S12:43:3	11	そのはずだ{08}	그럴 거다{08}
S12:43:4	23	バルアはどうするんだ？{08}	바르아는 어떡할 거야?{08}
S12:43:5	106	そりゃ痛い目　見せたいけど\n仮面が優先ね{08}\nでも　仮面を壊すのを\nジャマするようなら\n遠慮なくやらせてもらうわ{08}	그야 혼내 주고 싶지만\n가면이 우선이야{08}\n그래도 가면 부수는 걸\n방해한다면\n사양 않고 해치울 거야{08}
S12:43:6	34	これ……もしかして\nメンフィス！？{08}	이건…… 혹시\n멤피스!?{08}
S12:43:7	43	そのようです……{0d}{0d}{0d}\n悪魔城と同化しています{08}	그런 것 같아요……{0d}{0d}{0d}\n악마성과 동화되어 있어요{08}
S12:43:8	78	{0c}いえ……{0d}{0d}{0d}{0d}　すでに悪魔城に\n吸収されているといった方が\n正しいかもしれません{08}	{0c}아뇨……{0d}{0d}{0d}{0d} 이미 악마성에\n흡수되었다고 하는 게\n맞을지도 몰라요{08}
S12:43:9	31	やっぱりここを通るしかないよね{08}	역시 여길 지나야 하겠지{08}
S12:43:10	13	そうだろうな{08}	그렇겠지{08}
S12:43:11	17	やはりきたか……\n	역시 왔느냐……\n
S12:43:12	72	……まず　最初に聞こう\n{0d}{0d}{0d}おまえたちはここに\n自分の意思できているのか？{08}	……먼저 묻겠다\n{0d}{0d}{0d}너희는 여기에\n자기 의지로 온 것이냐?{08}
S12:43:13	50	あんた何いってるの？\nそんなのあたりまえじゃない！{08}	너 무슨 소리야?\n그런 건 당연하잖아!{08}
S12:43:14	29	……なぜだ？\n怖くはないのか？	……어째서냐?\n무섭지 않으냐?
S12:43:15	1	{08}	{08}
S12:43:16	17	こ……怖いわよ！\n	무… 무섭거든!\n
S12:43:17	52	今だって　ここにきたのを\n後悔してるのよ！{08}\nでもね！\n	지금도 여기 온 걸\n후회하고 있어!{08}\n하지만!\n
S12:43:18	122	わたしは　おじいちゃんや\n青竜さまをあんな風にした\nあんたたちを許せないのよ！{08}{0c}見て見ぬフリなんてできないわっ！\n絶対に！！{08}	나는 할아버지와\n청룡님을 그렇게 만든\n너희를 용서할 수 없어!{08}{0c}못 본 척 따위 할 수 없어!\n절대로!!{08}
S12:43:19	132	そうだよ！　レナのいう通りだ！\nアタシたちは　あんたたちのように\nひとりぼっちじゃない{08}\n仲間のためなら　こんなこと\nなんでもないさ！！{08}	맞아! 레나 말대로야!\n우리는 너희처럼\n외톨이가 아니야{08}\n동료를 위해서라면 이런 건\n아무것도 아니라고!!{08}
S12:43:20	65	セニアのため……\nそして　以前の洞窟の礼……\n助太刀させてもらう！{08}	세니아를 위해……\n그리고 예전 동굴의 보답……\n힘을 보태겠다!{08}
S12:43:21	131	真の男になるんだ！{08}\n{0d}真の男は　困難から逃げん！\n{0d}{0d}真の男は　悪には負けん！{08}{0c}{0d}{0d}{0d}真の男は……{08}\n仲間を愛し　平和のために\n戦うんだ！！{08}	진정한 사나이가 되는 거다!{08}\n{0d}사나이는 고난을 피하지 않아!\n{0d}{0d}사나이는 악에 지지 않는다!{08}{0c}{0d}{0d}{0d}진정한 사나이는……{08}\n동료를 사랑하고 평화를 위해\n싸우는 거다!!{08}
S12:43:22	294	……メンフィスさん\nわたしにとって　あなたのこと……\n他人事じゃないんだ……{08}\nあなたのいうように……\nわたしに本当に魔族の血が\n流れているとするなら{0d}…{0d}…{0d}{0d}{0d}{08}{0c}でも！{0d}{0d}{0d}　わたしは\nあなたとは違う！！\n信じてくれる仲間がいるんだ！！{08}\nわたしは　みんなのため\nそして……{0d}{0d}{0d}\n自分自身を信じるために戦う！！{08}	……멤피스 씨\n나한테 당신 일은……\n남의 일이 아니야……{08}\n당신 말처럼……\n나한테 정말 마족의 피가\n흐르고 있다면{0d}…{0d}…{0d}{0d}{0d}{08}{0c}그래도!{0d}{0d}{0d} 나는\n당신과는 달라!!\n믿어 주는 동료가 있어!!{08}\n나는 모두를 위해\n그리고……{0d}{0d}{0d} 나 자신을\n믿기 위해 싸울 거야!!{08}
S12:43:23	331	…………{08}\nメンフィスさん……{0d}{0d}{0d}\nぼくにとって　あなたは先輩です{08}\nなぜ　時の守人になることを避け\n魔族として力を開放したのか……\n{0d}{0d}ぼくはそれが知りたい……{08}{0c}……たしかに　みんなのいうように\nぼくも悪魔城は倒したい{08}\nそして……仲間を守りたいという\n気持ちは同じです{08}{0c}でも……{0d}{0d}{0d}{0d}\nぼくは　それと同じぐらい\nあなたの気持ちを知りたいのです！{08}	…………{08}\n멤피스 씨……{0d}{0d}{0d}\n저에게 당신은 선배예요{08}\n왜 시간의 수호자를 마다하고\n마족으로서 힘을 해방했는지……\n{0d}{0d}저는 그걸 알고 싶어요……{08}{0c}……분명 모두 말처럼 저도\n악마성은 쓰러뜨리고 싶어요{08}\n그리고…… 동료를 지키고 싶은\n마음은 같아요{08}{0c}하지만……{0d}{0d}{0d}{0d}\n저는 그만큼\n당신의 마음을 알고 싶어요!{08}
S12:43:24	52	……まっすぐな心が伝わってくる\n肉体をなくした今……\n	……곧은 마음이 전해져 온다\n육체를 잃은 지금……\n
S12:43:25	412	{0d}{0d}今まで以上に……{08}\nしかし……　今のワタシは\nすでに悪魔城の一部にすぎない……{08}\n最後に　残っている\n人間としての良心で\nおまえたちの質問に答えよう……{08}{0c}……{0d}{0d}幼かったころのワタシは……\n何の疑問もいだかずに\nグレンのいうとおりに行動していた{08}\nいつだったか　グレンに敵対する\nある魔族の男と真実を知らないまま\nワタシは戦っていたことがあった{08}{0c}その戦いの最中　男はこう告げた{0d}{0d}{0d}{0d}\nワタシの父は魔族で\nグレンに殺されたのだと！{08}	{0d}{0d}지금까지보다 더……{08}\n하지만…… 지금의 나는 이미\n악마성의 일부에 불과하다……{08}\n마지막으로 남아 있는\n인간으로서의 양심으로\n너희 질문에 답하마……{08}{0c}……{0d}{0d}어렸을 적 나는……\n아무 의문도 품지 않고\n글렌이 시키는 대로 행동했다{08}\n언젠가 글렌과 적대하는\n어느 마족 남자와 진실을 모른\n채 내가 싸운 적이 있었다{08}{0c}그 싸움 도중 남자는 이렇게\n말했다{0d}{0d}{0d}{0d} 내 아버지는 마족이며\n글렌에게 죽임을 당했다고!{08}
S12:43:26	5	！！{08}	!!{08}
S12:43:27	11	そんな……{08}	그럴 수가……{08}
S12:43:28	58	当然そんなことは信じなかったし\n事実　グレンがワタシの父を\n	당연히 그런 건 믿지 않았고\n사실 글렌이 내 아버지를\n
S12:43:29	176	殺したわけではなかった{08}\n調べてみると父が魔族というのは\n本当だったがな……{08}\nしかし！　このことをきっかけに\nワタシは気がついたのだ{08}\n自分がグレンの操り人形に\nすぎなかったことにな{08}	죽인 것은 아니었다{08}\n알아보니 아버지가 마족이라는\n건 사실이었지만……{08}\n하지만! 이 일을 계기로\n나는 깨달은 것이다{08}\n내가 글렌의 꼭두각시에\n불과했다는 것을{08}
S12:43:30	34	おじいちゃんに\nそんなつもりは……{08}	할아버지는\n그럴 생각이……{08}
S12:43:31	125	グレンの意図は問題ではないのだ{08}\nこの場合は　事実が重要なのだ{0d}{0d}\nワタシが自分の考えというものを\n持っていなかったという事実がな{08}	글렌의 의도는 문제가 아니다{08}\n이 경우에는 사실이 중요하다{0d}{0d}\n내가 내 생각이라는 것을\n갖고 있지 않았다는 사실이{08}
S12:43:32	40	だからって……\n魔族になる必要なんて……{08}	그렇다고……\n마족이 될 필요까지는……{08}
S12:43:33	141	グレンを超えるためには\n力が必要だった……\n力を手にするためには……{08}\n自分の中に眠る血の力を\n開放する必要があったのだ！\n自らの意志によって！！{08}	글렌을 넘어서려면\n힘이 필요했다……\n힘을 손에 넣으려면……{08}\n내 안에 잠든 피의 힘을\n해방할 필요가 있었다!\n나 자신의 의지로!!{08}
S12:43:34	36	その結果がこれ？\nあんたバカだよ……{08}	그 결과가 이거야?\n너 바보야……{08}
S12:43:35	112	……計画が初期の段階で\n失敗に終わったことは\n残念に思うが……{08}\n全ては自分が招いた結果だ\n後悔はしていない……{0d}{0d}{0d}{08}\n	……계획이 초기 단계에서\n실패로 끝난 건\n유감이지만……{08}\n모든 건 내가 부른 결과다\n후회는 없다……{0d}{0d}{0d}{08}\n
S12:43:36	63	…{0d}…{0d}ぐ{0d}…{0d}…{0d}？{0d}{0d}{0d}　う{0d}ぐ{0d}…{0d}…{0d}{0d}\nあ{0d}…{0d}…{0d}ぐ{0d}ぁ{0d}ぁ{0d}…{0d}…{0d}{0d}{0d}{08}	…{0d}…{0d}크{0d}…{0d}…{0d}?{0d}{0d}{0d} 으{0d}윽{0d}…{0d}…{0d}{0d}\n아{0d}…{0d}…{0d}크{0d}아{0d}아{0d}…{0d}…{0d}{0d}{0d}{08}
S12:43:37	13	メンフィス？{08}	멤피스?{08}
S12:43:38	85	メンフィス！\nいったい　なにを話しているんだ！{08}\nさっさとそいつらを\nかたづけるんだよ！{08}	멤피스!\n대체 뭘 떠들고 있는 거야!{08}\n얼른 그 녀석들을\n처리하란 말이야!{08}
S12:43:39	13	バルアか！？{08}	바르아냐!?{08}
S12:43:40	57	ちょっと　オバサン！\nどこにいるのよ！\n出てきなさいよ！！{08}	잠깐 아줌마!\n어디 있는 거야!\n나와!!{08}
S12:43:41	190	ふふふ……{0d}{0d}　おまえたちの相手は\nそこにいるメンフィスが\nしてくれるさ{08}{0c}長い間楽しませてくれたねぇ\nお礼をいわせてもらうよ{08}\nさぁ　メンフィス！\n遊びの時間はおしまいだよ！\nやってしまいなさい！！{08}	후후후……{0d}{0d} 너희 상대는\n거기 있는 멤피스가\n해 줄 거야{08}{0c}오랫동안 즐겁게 해 줬구나\n고맙다는 말을 해야겠네{08}\n자 멤피스!\n놀이 시간은 끝이야!\n해치워 버려!!{08}
S12:43:42	18	あ……あう………{08}\n	아…… 아으………{08}\n
S12:43:43	48	{0d}…コ　…{0d}{0d}コロス！\n{0d}{0d}{0d}オマ…エラ…ヲ　コロス！{08}	{0d}…주 …{0d}{0d}죽인다!\n{0d}{0d}{0d}너…희…를 죽인다!{08}
S12:43:44	134	ありがとうというべきなのか……\nこれで……すべてのものから\n開放される……{08}\n……最後にひとつだけ教えてくれ\nグレンは……生きているのか？{08}	고맙다고 해야 할까……\n이걸로…… 모든 것에서\n해방된다……{08}\n……마지막으로 하나만 알려\n다오 글렌은…… 살아 있느냐?{08}
S12:43:45	5	はい{08}	네{08}
S12:43:46	88	ならば……こう伝えてくれ……\n{0d}{0d}全てを……{0d}{0d}話して……\n{0d}{0d}{0d}欲しかった……{0d}と{0d}…{0d}…{0d}…{0d}…{0d}{08}	그렇다면…… 이렇게 전해\n다오…… {0d}{0d}모든 걸……{0d}{0d}말해……\n{0d}{0d}{0d}주길 바랐다……{0d}고{0d}…{0d}…{0d}…{0d}…{0d}{08}
S12:43:47	13	メンフィス！{08}	멤피스!{08}
S12:43:48	57	やつに剣を浴びせた\n今ならわかる\nこうするしかなかったのだ{08}	녀석에게 검을 휘두른\n지금이라면 안다\n이럴 수밖에 없었다{08}
S12:43:49	13	そうだな……\n	그렇구나……\n
S12:43:50	21	そうかもしれない……{08}	그럴지도 몰라……{08}
S12:43:51	47	メンフィス……\nちょっと……\nかわいそうだね……{08}	멤피스……\n조금……\n불쌍하다……{08}
S12:43:52	9	エリー！\n	엘리!\n
S12:43:53	62	悲しんでいる　ひまはないぞ！\nこの悪魔城とバルアを倒すまでは！{08}	슬퍼할 틈은 없다! 악마성과\n바르아를 쓰러뜨릴 때까진!{08}
S12:43:54	143	ふふふ……おまえたちを\n生かしておいたのは\nまちがいだったかも知れないわね{08}\nそれなりに楽しかったけど\n面倒も増えたからね\nでもそれもここで終わりよ{08}	후후후…… 너희를\n살려 둔 건\n실수였을지도 모르겠구나{08}\n나름대로 즐거웠지만\n귀찮은 일도 늘었으니까\n하지만 그것도 여기서 끝이야{08}
S12:43:55	77	仮面はどこ！？\nそれとも……　あんたが先なの？\nメンフィスの分も許さないから！{08}	가면은 어디야!?\n아니면…… 네가 먼저야?\n멤피스 몫까지 용서 안 해!{08}
S12:43:56	23	今日こそ逃がさないぞ！{08}	오늘이야말로 놓치지 않겠다!{08}
S12:43:57	61	なんで……\nなんでこんなに……\nたくさんの人を困らせるんだ！！{08}	왜……\n왜 이렇게……\n많은 사람을 괴롭히는 거야!!{08}
S12:43:58	44	ふふふ……\n楽しいから{0d}じゃ\nいけないかしら？{08}	후후후……\n즐거우니까{0d}라면\n안 되는 걸까?{08}
S12:43:59	40	ふざけないでよ！\nじょうだんじゃないわ！{08}	장난치지 마!\n말도 안 돼!{08}
S12:43:60	167	うふふふ……別に……\nふざけてなんかいないわ{08}\n{0c}……それじゃ　聞くけど\nおまえたちは　楽しいから……\nという理由で行動し……{08}\n{0c}他人に迷惑をかけたことは\nないというのかい？{08}	우후후후…… 딱히……\n장난치는 거 아니야{08}\n{0c}……그럼 묻겠는데\n너희는 즐거우니까……\n라는 이유로 행동해서……{08}\n{0c}남에게 폐를 끼친 적이\n없다는 거니?{08}
S12:43:61	7	！！！{08}	!!!{08}
S12:43:62	32	うふふふ……\n図星だったかしら？{08}	우후후후……\n정곡을 찔렀나?{08}
S12:43:63	210	うるさいわね！{0d}\nうるさいわね！！{0d}\nうるさいわね～！！！{0d}{0d}{0d}{0d}{0d}{0d}\n{0c}あんたと一緒にしないでよ！{08}\n{0c}わ…{0d}{0d}わたしたちは……\nたしかに　大人に甘えて\nしまうかもしれないけど……{08}\n{0c}他人を傷つけるために\nやってるんじゃないわ！{08}	시끄러워!{0d}\n시끄러워!!{0d}\n시끄럽다고～!!!{0d}{0d}{0d}{0d}{0d}{0d}\n{0c}너랑 똑같이 취급하지 마!{08}\n{0c}우…{0d}{0d}우리는……\n분명 어른한테 응석을\n부릴지도 모르지만……{08}\n{0c}남을 상처 주려고\n하는 게 아니야!{08}
S12:43:64	63	ふふふ……口先だけなら\n何とでも　いえるわね{08}\n{0d}もういいのよ……{08}	후후후…… 말로는\n뭐든 할 수 있지{08}\n{0d}이제 됐어……{08}
S12:43:65	23	さあ！　死になさい！！{08}	자! 죽어라!!{08}
S12:43:66	34	口先だけなのは\nおまえの方だったな{08}	말뿐인 건\n너였구나{08}
S12:43:67	9	くっ……{08}	큭……{08}
S12:43:68	65	他人を甘く見過ぎなのよ\nこれにこりておとなしく\nおうちへ帰ることね{08}	남을 너무 얕본 거야\n이걸로 정신 차리고 얌전히\n집에나 돌아가{08}
S12:43:69	129	ふふふ……\n{0d}{0d}ふふふふふふ……\n{0d}{0d}ふふっ……{0d}ふふっ……{08}{0c}{0d}{0d}ははっ……\n{0d}ふははっ……\n{0d}ふははははっ……{08}{0c}ハーッハッハッハッ{0d}…{0d}…{0d}{0d}{0d}{08}	후후후……\n{0d}{0d}후후후후후후……\n{0d}{0d}후훗……{0d}후훗……{08}{0c}{0d}{0d}하핫……\n{0d}후하핫……\n{0d}후하하하핫……{08}{0c}하～핫핫핫{0d}…{0d}…{0d}{0d}{0d}{08}
S12:43:70	31	ショックで壊れちゃったのかしら{08}	충격으로 망가져 버렸나{08}
S12:43:71	50	こんなのにかまってないで\nはやく仮面をさがそうよ！{08}	이런 거 상대하지 말고\n빨리 가면을 찾자!{08}
S12:43:72	13	それもそうね{08}	그것도 그러네{08}
S12:43:73	31	確かに甘く見ていたのは認めるわ\n	확실히 얕본 건 인정하지\n
S12:43:74	90	でもね……おまえたち\n忘れてないかしら？{08}\n{0c}ワタシが新たに力を\n手に入れているということを！{08}	하지만 말이야…… 너희\n잊은 거 아니니?{08}\n{0c}내가 새로운 힘을\n손에 넣었다는 걸!{08}
S12:43:75	21	ハハハハハハッ！！！{08}	하하하하하핫!!!{08}
S12:43:76	10	{0c}なにぃ？{08}	{0c}뭣?{08}
S12:43:77	31	{0c}そんな……\nこんなのって{0d}…{0d}…{08}	{0c}그럴 수가……\n이런 게{0d}…{0d}…{08}
S12:43:78	76	{0c}まだだ！！！{08}\n{0c}わたしたちは{0d}…{0d}…{0d}魔法学園を{0d}{0d}{0d}{0d}{0d}{0d}{0d}\nみんなを守るんだ！！！{08}	{0c}아직이야!!!{08}\n{0c}우리는{0d}…{0d}…{0d}마법학원을{0d}{0d}{0d}{0d}{0d}{0d}{0d}\n모두를 지킬 거야!!!{08}
S12:43:79	10	{0c}エリー！\n	{0c}엘리!\n
S12:43:80	17	よぉし　みんな！{08}	좋았어 다들!{08}
S12:43:81	22	{0c}いくぞー！　バルア！{08}	{0c}간다～! 바르아!{08}
S12:43:82	30	{0c}さぁ　いますぐ殺してあげるわ{08}	{0c}자 당장 죽여 주마{08}
S12:43:83	88	どうしてワタシが\nおまえたちなどに……{08}\nなぜなのだ！\n青竜の力を手に入れた\nこのワタシが！{08}	어째서 내가\n너희 따위에게……{08}\n어째서냐!\n청룡의 힘을 손에 넣은\n이 내가!{08}
S12:43:84	21	仲間がいないからだよ{08}	동료가 없으니까{08}
S12:43:85	11	エリー！？{08}	엘리!?{08}
S12:43:86	238	あなたには一緒にいてくれる\n自分を支えてくれる\n仲間がいないから……{08}{0c}人はそういう仲間がいると\n１人のときよりずっとずっと\n強くなるんだ{08}{0c}人だけじゃない\n魔族だってそうだよ{08}{0c}だってわたし１人だったら\nどんなにがんばっても\n絶対かなわなかった……{08}	당신에겐 함께 있어 주고\n자신을 받쳐 주는\n동료가 없으니까……{08}{0c}사람은 그런 동료가 있으면\n혼자일 때보다 훨씬 훨씬\n강해지는 거야{08}{0c}사람만이 아니야\n마족도 마찬가지야{08}{0c}왜냐면 나 혼자였다면\n아무리 애써도\n절대 못 이겼을 거야……{08}
S12:43:87	71	認めない！\nそんなものは認めない！\n{0d}{0d}{0d}み・と・め……{0d}{0d}ない{0d}…{0d}…{0d}…{0d}…{0d}{08}	인정 못 한다!\n그런 건 인정 못 한다!\n{0d}{0d}{0d}인・정・못……{0d}{0d}한다{0d}…{0d}…{0d}…{0d}…{0d}{08}
S12:43:88	29	もう復活したりしないわよね？{08}	이제 부활하거나 안 하겠지?{08}
S12:43:89	44	ヤツもそこまで\n恥さらしなことはしないだろう{08}	녀석도 그렇게까지\n망신스러운 짓은 안 하겠지{08}
S12:43:90	19	あとは仮面だけだね{08}	이제 가면만 남았네{08}
S12:43:91	38	あれが……\nそうじゃないでしょうか……{08}	저게……\n그거 아닐까요……{08}
S12:43:92	23	メ・ン・フ・ィ・ス……{08}	멤・피・스……{08}
S12:43:93	21	これが悪魔城の本体？{08}	이게 악마성의 본체?{08}
S12:43:94	25	多分そうじゃないかと……{08}	아마 그럴 거예요……{08}
S12:43:95	23	メ・ン・フ・ィ・ス……{08}	멤・피・스……{08}
S12:43:96	25	こいつを壊せばいいんだな{08}	이걸 부수면 되는 거지{08}
S12:43:97	46	ああ……{0d}{0d}{0d}\nいや少し待ってくれ\n何かいっている{08}	그래……{0d}{0d}{0d}\n아니 잠깐 기다려 줘\n뭔가 말하고 있다{08}
S12:43:98	57	メンフィス……イナイ\nチカラ……キエタ\nモウカエリタイ……{08}	멤피스…… 없어\n힘…… 사라졌어\n이제 돌아가고 싶어……{08}
S12:43:99	67	……悪魔城はメンフィスだけが\nこの世界でのパートナー\nだったようです{08}	……악마성에겐 멤피스만이\n이 세계에서의 파트너\n였던 것 같아요{08}
S12:43:100	15	どういうこと？{08}	무슨 뜻이야?{08}
S12:43:101	131	くわしいことはわかりません\nですが結論だけ\n簡単にいってしまえば……{08}\nメンフィスが命令しないかぎり\n悪魔城は何もしない\nということです{08}	자세한 건 모르겠어요\n하지만 결론만\n간단히 말하자면……{08}\n멤피스가 명령하지 않는 한\n악마성은 아무것도 안 한다\n는 거예요{08}
S12:43:102	48	じゃあこのまま放っておいても\n大丈夫ということ？{08}	그럼 이대로 내버려 둬도\n괜찮다는 거야?{08}
S12:43:103	73	何いってるのよエリー！？\nこんな危ないもの\n壊した方がいいに決まっているわ{08}	무슨 소리야 엘리!?\n이런 위험한 건\n부수는 게 당연히 낫지{08}
S12:43:104	52	だってもう悪いことしないなら\n壊すのはかわいそうだよ{08}	그치만 이제 나쁜 짓 안\n한다면 부수는 건 불쌍해{08}
S12:43:105	9	でも……{08}	그래도……{08}
S12:43:106	38	帰りたがってるんだから\n帰してやれば？{08}	돌아가고 싶어 하니까\n돌려보내 주면?{08}
S12:43:107	54	こんな巨大なものを\nそんなこと\n誰ができるっていう……{08}{0c}	이렇게 거대한 걸\n그런 걸\n누가 할 수 있다는……{08}{0c}
S12:43:108	21	……{0d}{0d}ウィンやれる？{08}	……{0d}{0d}윈 할 수 있어?{08}
S12:43:109	34	わかりませんけど……\nやってみます{08}	모르겠지만……\n해 볼게요{08}
S12:43:110	181	全ての因果の理を司る時の精霊よ\n我が声に応え　かのものを\nあるべき世界の輪の中に帰されたし{08}\n我が名はウィン　我が肉体に宿りし\n力を糧として　かのものを\n正しき因果の輪の中に帰されたし！{08}	인과를 다스리는 시간 정령이여\n내 목소리에 응해 저것을\n본래 세계의 고리로 돌려보내라{08}\n내 이름은 윈 내 몸에 깃든\n힘을 양식 삼아 저것을 올바른\n인과의 고리로 돌려보내라!{08}
S12:43:111	40	いま戻ってどうするんだ！\n先へ急ぐぞ！！{08}	지금 돌아가서 뭐 하게！\n앞으로 서둘러！！{08}
